CustomerID,first_purchase,last_purchase,frequency,total_quantity,avg_quantity,avg_unit_price,total_spent,avg_transaction,std_transaction,recency,lifespan_days,avg_days_between_purchases,purchases_per_month,avg_order_value,predicted_clv,value_category
12347.0,2010-12-07 14:57:00,2011-12-07 15:52:00,7,2458,13.505494505494505,2.644010989010989,4310.0,23.681318681318682,23.289902310501176,1,365,52.142857142857146,0.5753424657534247,615.7142857142857,4219.5435080952375,VIP
12348.0,2010-12-16 19:09:00,2011-09-25 13:13:00,4,2341,75.51612903225806,5.764838709677419,1797.24,57.97548387096774,48.51485730087981,74,282,70.5,0.425531914893617,449.31,4029.5796913095237,VIP
12349.0,2011-11-21 09:51:00,2011-11-21 09:51:00,1,631,8.643835616438356,8.289041095890411,1757.55,24.076027397260273,34.6559127045895,18,0,0.0,0.0,1757.55,1785.8111317279943,VIP
12350.0,2011-02-02 16:01:00,2011-02-02 16:01:00,1,197,11.588235294117647,3.841176470588235,334.40000000000003,19.67058823529412,7.275538185065965,309,0,0.0,0.0,334.40000000000003,365.3618597724425,Medium Value
12352.0,2011-02-16 12:33:00,2011-11-03 14:37:00,8,536,6.305882352941176,15.93070588235294,2506.04,29.482823529411764,51.68790029756352,35,260,32.5,0.9230769230769231,313.255,2393.436111746033,VIP
12353.0,2011-05-19 17:47:00,2011-05-19 17:47:00,1,20,5.0,6.074999999999999,89.0,22.25,12.215427404174878,203,0,0.0,0.0,89.0,106.07918033779023,Low Value
12354.0,2011-04-21 13:11:00,2011-04-21 13:11:00,1,530,9.137931034482758,4.5037931034482765,1079.4,18.610344827586207,8.679742086377074,231,0,0.0,0.0,1079.4,1122.0613512475973,High Value
12355.0,2011-05-09 13:49:00,2011-05-09 13:49:00,1,240,18.46153846153846,4.203846153846154,459.40000000000003,35.338461538461544,29.70352219466962,213,0,0.0,0.0,459.40000000000003,502.91150401154425,Medium Value
12356.0,2011-01-18 09:50:00,2011-11-17 08:40:00,3,1591,26.966101694915253,3.201186440677966,2811.43,47.65135593220339,48.5722968956169,22,302,100.66666666666667,0.2980132450331126,937.1433333333333,3079.402142582417,VIP
12357.0,2011-11-06 16:07:00,2011-11-06 16:07:00,1,2708,20.671755725190838,3.3486259541984733,6207.67,47.38679389312977,39.56476161876249,32,0,0.0,0.0,1786.2049999999992,5701.595434761905,VIP
12358.0,2011-07-12 10:04:00,2011-12-08 10:26:00,2,248,13.052631578947368,8.27421052631579,1168.06,61.47684210526315,52.27752321904825,1,149,74.5,0.40268456375838924,584.03,1166.4661716666665,High Value
12359.0,2011-01-12 12:43:00,2011-10-13 12:47:00,4,1622,6.540322580645161,8.620403225806452,6372.58,25.695887096774193,31.33620817089572,57,274,68.5,0.43795620437956206,1593.145,4897.651746147188,VIP
12360.0,2011-05-23 09:43:00,2011-10-18 15:22:00,3,1165,9.031007751937985,3.5496899224806198,2662.06,20.63612403100775,21.39461772670865,51,148,49.333333333333336,0.6081081081081081,887.3533333333334,2511.49615756505,VIP
12361.0,2011-02-25 13:51:00,2011-02-25 13:51:00,1,91,9.1,3.335,189.9,18.990000000000002,3.280396317520186,286,0,0.0,0.0,189.9,196.82324788240084,Low Value
12362.0,2011-02-17 10:30:00,2011-12-06 15:40:00,10,2229,8.3796992481203,3.94093984962406,5226.2300000000005,19.64748120300752,9.664671282056695,2,292,29.2,1.0273972602739727,522.623,4501.469556388889,VIP
12363.0,2011-04-11 13:29:00,2011-08-22 10:18:00,2,408,17.73913043478261,2.3117391304347827,552.0,24.0,15.751238912311859,109,132,66.0,0.45454545454545453,276.0,593.5071388308717,Medium Value
12364.0,2011-08-19 15:24:00,2011-12-02 10:22:00,4,1506,17.71764705882353,1.910235294117647,1313.1,15.448235294117646,8.910810071730502,7,104,26.0,1.1538461538461537,328.275,1458.77090193057,High Value
12365.0,2011-02-21 13:51:00,2011-02-21 14:04:00,2,174,7.909090909090909,17.150454545454547,641.38,29.153636363636362,65.1966351414414,290,0,0.0,0.0,320.69,528.2360746428571,Medium Value
12367.0,2011-12-05 16:48:00,2011-12-05 16:48:00,1,173,15.727272727272727,3.2,168.9,15.354545454545455,5.648958069655612,3,0,0.0,0.0,168.9,188.68818607142856,Low Value
12370.0,2010-12-14 12:58:00,2011-10-19 14:51:00,4,2353,14.089820359281438,2.800299401197605,3545.69,21.231676646706585,21.116236420001904,50,309,77.25,0.3883495145631068,886.4225,3723.6512116071417,VIP
12371.0,2011-10-11 10:43:00,2011-10-26 10:16:00,2,591,9.380952380952381,3.8742857142857146,1887.96,29.96761904761905,44.277857887191665,44,14,7.0,4.285714285714286,943.98,1611.8145900216448,High Value
12372.0,2011-02-16 12:46:00,2011-09-29 12:12:00,3,794,15.26923076923077,3.001346153846154,1298.04,24.962307692307693,16.38258168926466,71,224,74.66666666666667,0.4017857142857143,432.68,1363.5058922985354,High Value
12373.0,2011-02-01 13:10:00,2011-02-01 13:10:00,1,197,14.071428571428571,4.582142857142857,364.6,26.042857142857144,10.260282968486132,310,0,0.0,0.0,364.6,406.82420269591535,Medium Value
12374.0,2011-11-14 15:37:00,2011-11-14 15:37:00,1,342,10.363636363636363,4.21969696969697,742.9300000000001,22.513030303030305,19.774010639733735,24,0,0.0,0.0,742.9300000000001,679.9800564131546,High Value
12375.0,2011-09-02 14:23:00,2011-11-29 10:36:00,2,178,10.470588235294118,6.912941176470589,457.5,26.91176470588235,14.672205115154863,10,87,43.5,0.6896551724137931,228.75,449.52316003357765,Medium Value
12377.0,2010-12-20 09:37:00,2011-01-28 15:45:00,2,944,12.25974025974026,2.718831168831169,1628.1200000000001,21.144415584415587,15.531661592534688,314,39,19.5,1.5384615384615383,814.0600000000001,1581.9546766064495,High Value
12378.0,2011-08-02 10:34:00,2011-08-02 10:34:00,1,2529,11.547945205479452,2.9974429223744297,4008.62,18.30420091324201,8.958342412809236,129,0,0.0,0.0,1786.2049999999992,4182.5231936219325,VIP
12379.0,2011-06-22 16:32:00,2011-09-19 10:09:00,2,407,10.175,2.86625,852.24,21.306,12.201029969133439,81,88,44.0,0.6818181818181819,426.12,803.2395684073277,High Value
12380.0,2011-06-07 09:49:00,2011-11-18 11:27:00,4,1127,10.836538461538462,3.378653846153846,2724.81,26.200096153846154,27.08885288224848,21,164,41.0,0.7317073170731707,681.2025,2561.5959802404286,VIP
12381.0,2011-08-12 09:57:00,2011-12-05 12:44:00,5,808,9.28735632183908,4.683218390804598,1845.31,21.21045977011494,25.892950235134975,4,115,23.0,1.3043478260869565,369.062,1841.3041787605046,VIP
12383.0,2010-12-22 14:28:00,2011-06-08 08:02:00,5,1532,15.474747474747474,3.086969696969697,1850.56,18.69252525252525,12.680055152091024,184,167,33.4,0.8982035928143713,370.11199999999997,2113.09993699384,VIP
12384.0,2011-08-10 11:23:00,2011-11-11 08:39:00,2,126,4.666666666666667,7.87925925925926,585.27,21.676666666666666,17.295302608156128,28,92,46.0,0.6521739130434783,292.635,570.6640711269843,Medium Value
12386.0,2010-12-08 09:53:00,2011-01-06 12:37:00,2,354,35.4,2.391,401.9,40.19,22.821064830546362,337,29,14.5,2.0689655172413794,200.95,609.0899152380953,Medium Value
12388.0,2011-01-17 11:12:00,2011-11-24 12:30:00,6,1462,14.62,2.7777,2780.6600000000003,27.806600000000003,16.84279813241532,15,311,51.833333333333336,0.5787781350482315,463.4433333333334,2509.6606821500727,VIP
12390.0,2011-09-21 09:33:00,2011-09-21 09:33:00,1,353,11.03125,3.996875,549.84,17.1825,7.172142344268664,79,0,0.0,0.0,549.84,597.4886573561163,Medium Value
12391.0,2011-11-18 12:07:00,2011-11-18 12:07:00,1,300,3.0,2.4599,460.89,4.6089,5.523439108549907,21,0,0.0,0.0,460.89,491.78513289173793,Medium Value
12393.0,2011-01-11 09:47:00,2011-09-28 15:41:00,4,816,12.75,2.2796875,1582.6000000000001,24.728125000000002,18.045403220237354,71,260,65.0,0.46153846153846156,395.65000000000003,1360.850883961039,High Value
12394.0,2011-05-06 14:01:00,2011-10-07 08:08:00,2,819,30.333333333333332,3.3707407407407404,1272.48,47.12888888888889,64.92458923381407,63,153,76.5,0.3921568627450981,636.24,1393.6567261345137,High Value
12395.0,2010-12-03 16:35:00,2011-11-20 15:21:00,12,2118,13.576923076923077,3.9688461538461537,3018.63,19.350192307692307,12.640153861413182,18,351,29.25,1.0256410256410258,251.5525,3670.08677607143,VIP
12397.0,2011-07-27 14:21:00,2011-11-04 09:52:00,2,1263,10.023809523809524,3.4682539682539684,2409.9,19.126190476190477,15.703009487720134,35,99,49.5,0.6060606060606061,1204.95,2444.389838305861,VIP
12398.0,2011-10-25 10:27:00,2011-10-25 10:27:00,1,1394,16.4,1.992705882352941,1635.6599999999999,19.24305882352941,22.43008874276701,45,0,0.0,0.0,1635.6599999999999,1716.5794734090914,VIP
12399.0,2011-03-23 09:42:00,2011-08-12 13:15:00,4,1178,19.966101694915253,2.1145762711864404,1108.65,18.790677966101697,10.49116802024393,118,142,35.5,0.8450704225352113,277.1625,1255.8763205766454,High Value
12401.0,2011-02-09 13:50:00,2011-02-09 13:50:00,1,11,2.2,9.68,84.3,16.86,5.419340365764086,302,0,0.0,0.0,84.3,71.49827333333333,Low Value
12402.0,2011-01-20 13:49:00,2011-01-20 13:49:00,1,94,8.545454545454545,3.290909090909091,225.60000000000002,20.50909090909091,7.2340105813379285,322,0,0.0,0.0,225.60000000000002,214.66630160315322,Low Value
12403.0,2011-10-21 10:51:00,2011-10-21 10:51:00,1,96,19.2,7.080000000000001,427.7,85.53999999999999,64.97959679776415,49,0,0.0,0.0,427.7,372.7504438431014,Medium Value
12405.0,2011-07-14 08:52:00,2011-07-14 08:52:00,1,857,15.87037037037037,3.5442592592592597,1710.39,31.67388888888889,42.769103308331616,148,0,0.0,0.0,1710.39,1643.3401531980055,VIP
12406.0,2011-06-09 10:23:00,2011-11-17 19:22:00,2,1818,17.314285714285713,2.487047619047619,3415.3,32.52666666666667,23.678103145939364,21,161,80.5,0.3726708074534162,1707.65,3063.28545595238,VIP
12407.0,2011-03-20 13:21:00,2011-10-21 10:11:00,5,1416,18.38961038961039,3.2674025974025973,1708.12,22.18337662337662,16.695276404955607,49,214,42.8,0.7009345794392523,341.62399999999997,1926.2399663131323,VIP
12408.0,2011-03-24 14:46:00,2011-11-07 12:27:00,5,1409,13.41904761904762,3.0228571428571427,2888.55,27.51,24.172746971617563,32,227,45.4,0.6607929515418502,577.71,2649.30347349928,VIP
12409.0,2011-06-10 12:19:00,2011-09-22 10:38:00,3,5551,50.92660550458716,3.574495412844037,11072.67,101.58412844036697,61.50616794139595,78,103,34.333333333333336,0.8737864077669903,1786.2049999999992,10955.970413202742,VIP
12410.0,2011-02-04 10:38:00,2011-02-04 10:39:00,2,211,8.115384615384615,6.335384615384616,693.33,26.66653846153846,28.210280245656218,308,0,0.0,0.0,346.665,650.2122802439228,Medium Value
12412.0,2011-06-23 13:51:00,2011-09-26 10:16:00,3,829,13.59016393442623,2.7137704918032783,1226.88,20.112786885245903,12.510621638051878,74,94,31.333333333333332,0.9574468085106383,408.96000000000004,1267.2965491425248,High Value
12413.0,2011-01-06 16:12:00,2011-10-04 09:00:00,3,286,7.526315789473684,4.798421052631579,758.1,19.95,10.267213627643855,66,270,90.0,0.3333333333333333,252.70000000000002,776.696893293096,High Value
12414.0,2011-02-02 14:51:00,2011-05-06 14:51:00,3,300,16.666666666666668,8.57,562.4100000000001,31.245000000000005,18.572886072412754,216,93,31.0,0.9677419354838709,187.47000000000003,590.4397257756133,Medium Value
12415.0,2011-01-06 11:12:00,2011-11-15 14:22:00,21,74418,105.85775248933143,2.8993598862019914,16525.23879999992,160.68155049786628,139.09052857930342,23,313,14.904761904761905,2.012779552715655,1786.2049999999992,16095.238160166606,VIP
12417.0,2010-12-17 11:51:00,2011-12-06 14:52:00,9,1552,8.083333333333334,5.337916666666666,3649.1,19.005729166666665,11.076127647062123,2,354,39.333333333333336,0.7627118644067796,405.4555555555555,3632.154472380952,VIP
12418.0,2011-08-19 11:08:00,2011-08-19 11:08:00,1,407,11.970588235294118,3.5644117647058824,668.58,19.664117647058823,16.13403350302239,112,0,0.0,0.0,668.58,710.5932864271839,High Value
12420.0,2011-10-07 08:55:00,2011-10-07 08:55:00,1,345,11.89655172413793,4.707241379310345,600.39,20.70310344827586,9.201862041164851,63,0,0.0,0.0,600.39,617.2791174919876,Medium Value
12421.0,2011-01-24 15:09:00,2011-11-24 09:07:00,4,484,10.755555555555556,4.520222222222222,807.04,17.93422222222222,11.561200883065126,15,303,75.75,0.39603960396039606,201.76,877.5760617279941,High Value
12422.0,2011-01-19 09:13:00,2011-09-05 09:48:00,3,370,9.487179487179487,3.26025641025641,803.5600000000001,20.604102564102565,17.520070403299535,95,229,76.33333333333333,0.3930131004366812,267.85333333333335,788.8501846031747,High Value
12423.0,2010-12-21 10:54:00,2011-12-09 10:10:00,8,1339,10.712,2.9135999999999997,1859.31,14.87448,7.838852929581782,0,352,44.0,0.6818181818181819,232.41375,2084.131430992064,VIP
12424.0,2011-06-30 12:06:00,2011-06-30 12:06:00,2,740,24.666666666666668,2.780666666666667,1760.96,58.69866666666667,62.474226064024606,162,0,0.0,0.0,880.48,1513.2400481493503,High Value
12425.0,2011-09-22 17:31:00,2011-09-22 17:31:00,1,496,13.777777777777779,2.5644444444444443,777.2,21.58888888888889,14.685976941632408,77,0,0.0,0.0,777.2,763.8295474884326,High Value
12426.0,2011-05-29 12:26:00,2011-05-29 12:26:00,1,258,8.6,3.9363333333333332,582.73,19.424333333333333,11.490219434096032,194,0,0.0,0.0,582.73,575.4294494480367,Medium Value
12427.0,2010-12-03 10:44:00,2011-11-18 08:56:00,3,533,17.193548387096776,4.589032258064516,825.8000000000001,26.638709677419357,17.504324559364463,21,349,116.33333333333333,0.25787965616045844,275.2666666666667,988.7625224603179,High Value
12428.0,2011-03-01 09:33:00,2011-11-14 08:22:00,9,3536,12.02721088435374,4.627414965986395,7956.46,27.062789115646257,43.42766763742172,25,257,28.555555555555557,1.0505836575875487,884.0511111111111,8215.583978293645,VIP
12429.0,2010-12-09 12:05:00,2011-11-30 17:22:00,4,1557,16.051546391752577,3.6307216494845362,3750.4,38.66391752577319,35.84802256740429,8,356,89.0,0.33707865168539325,937.6,3443.384821534437,VIP
12430.0,2011-10-27 15:09:00,2011-10-27 15:09:00,1,117,10.636363636363637,6.225454545454546,256.4,23.30909090909091,14.033241574593843,42,0,0.0,0.0,256.4,295.79631613275615,Low Value
12431.0,2010-12-01 10:03:00,2011-11-04 11:55:00,15,2906,12.36595744680851,3.785063829787234,6487.45,27.606170212765957,50.33543798253851,35,338,22.533333333333335,1.331360946745562,432.49666666666667,6397.57829031746,VIP
12432.0,2011-06-20 13:27:00,2011-10-28 11:43:00,5,1801,16.675925925925927,10.550833333333333,5059.32,46.845555555555556,75.6796474737069,42,129,25.8,1.1627906976744187,1011.8639999999999,4584.557398293651,VIP
12433.0,2010-12-01 13:24:00,2011-12-09 10:02:00,7,11071,26.35952380952381,2.1927380952380955,13375.87,31.847309523809525,27.0369316523465,0,372,53.142857142857146,0.564516129032258,1786.2049999999992,15100.612573552342,VIP
12434.0,2011-03-24 13:05:00,2011-09-16 12:38:00,2,394,7.88,3.6726,806.14,16.122799999999998,8.336415331029793,84,175,87.5,0.34285714285714286,403.07,817.7177434650564,High Value
12435.0,2011-03-17 07:40:00,2011-09-21 09:06:00,2,2055,57.083333333333336,5.479166666666667,7829.89,217.49694444444447,118.22086735838245,79,188,94.0,0.3191489361702128,1786.2049999999992,5650.189796547618,VIP
12436.0,2011-09-01 12:09:00,2011-09-01 12:09:00,1,211,13.1875,5.2675,509.01,31.813125,18.84557161731459,99,0,0.0,0.0,509.01,535.3385607545235,Medium Value
12437.0,2011-01-12 14:13:00,2011-12-08 11:35:00,18,2922,14.683417085427136,4.0125628140703515,4951.41,24.88145728643216,18.247716430729014,1,329,18.27777777777778,1.641337386018237,275.0783333333333,5836.902035119052,VIP
12438.0,2011-07-22 13:29:00,2011-11-25 13:28:00,2,1180,12.040816326530612,3.894897959183673,2906.85,29.66173469387755,40.54791789245686,13,125,62.5,0.48,1453.425,2866.5351942712837,VIP
12441.0,2010-12-08 10:45:00,2010-12-08 10:45:00,1,121,11.0,3.700909090909091,173.55,15.77727272727273,4.004083143265363,366,0,0.0,0.0,173.55,187.4294052658943,Low Value
12442.0,2011-12-06 14:22:00,2011-12-06 14:22:00,1,182,15.166666666666666,3.34,172.06,14.338333333333333,8.012192791822558,2,0,0.0,0.0,172.06,187.25101644300148,Low Value
12444.0,2011-06-21 14:00:00,2011-11-18 13:23:00,5,1153,6.551136363636363,6.3586931818181816,5005.46,28.440113636363638,36.38456452930298,20,149,29.8,1.006711409395973,1001.092,4108.274104469698,VIP
12445.0,2011-11-17 18:43:00,2011-11-17 18:43:00,1,62,15.5,7.9875,133.4,33.35,16.22621335986927,21,0,0.0,0.0,133.4,170.2436495007369,Low Value
12446.0,2011-10-13 12:50:00,2011-10-13 12:50:00,1,351,6.157894736842105,4.352631578947368,1002.3100000000001,17.584385964912283,6.119333243775087,57,0,0.0,0.0,1002.3100000000001,834.6976423695751,High Value
12447.0,2011-04-10 13:25:00,2011-04-10 13:25:00,1,190,7.3076923076923075,3.5742307692307693,476.49,18.326538461538462,7.176101973805942,242,0,0.0,0.0,476.49,453.2479675959541,Medium Value
12448.0,2011-10-26 13:46:00,2011-10-26 13:46:00,1,243,11.045454545454545,5.951818181818182,449.45,20.429545454545455,19.12305152907218,43,0,0.0,0.0,449.45,483.01524149231483,Medium Value
12449.0,2011-06-05 15:37:00,2011-11-17 13:46:00,4,1553,8.13089005235602,3.694712041884817,4067.29,21.294712041884818,17.994325824835112,21,164,41.0,0.7317073170731707,1016.8225,3645.0068889404765,VIP
12450.0,2011-06-19 14:36:00,2011-07-06 14:41:00,2,128,16.0,1.6175,197.88,24.735,18.193495698031363,155,17,8.5,3.5294117647058822,98.94,177.50024007936514,Low Value
12451.0,2011-01-19 09:05:00,2011-11-29 08:40:00,5,6575,18.573446327683616,2.450084745762712,9035.52,25.524067796610172,21.135579050968854,10,313,62.6,0.4792332268370607,1786.2049999999992,8581.697556904763,VIP
12452.0,2011-11-23 08:05:00,2011-11-23 10:28:00,2,185,8.409090909090908,4.485,430.57000000000005,19.57136363636364,16.023037669155816,16,0,0.0,0.0,215.28500000000003,423.9108010359929,Medium Value
12453.0,2011-07-28 14:08:00,2011-07-28 14:08:00,1,473,11.0,2.393255813953488,707.09,16.443953488372095,5.037722056802528,133,0,0.0,0.0,707.09,676.683949313097,Medium Value
12454.0,2011-10-14 17:13:00,2011-10-14 17:13:00,1,1006,67.06666666666666,7.282,3528.34,235.22266666666667,104.4952025875328,55,0,0.0,0.0,1786.2049999999992,3284.2411980555544,VIP
12455.0,2011-02-16 09:56:00,2011-09-27 15:31:00,6,2089,23.211111111111112,3.173333333333334,2466.86,27.409555555555556,23.523037711380642,72,223,37.166666666666664,0.8071748878923767,411.1433333333334,2976.145258571429,VIP
12456.0,2011-03-30 09:12:00,2011-10-26 14:41:00,3,1633,13.064,3.62456,3181.04,25.44832,34.238720340309676,43,210,70.0,0.42857142857142855,1060.3466666666666,3235.0592313888897,VIP
12457.0,2011-04-14 18:57:00,2011-10-04 13:13:00,7,843,13.596774193548388,5.357096774193548,2363.23,38.11661290322581,46.29048069629005,65,172,24.571428571428573,1.2209302325581395,337.6042857142857,2437.5461389285715,VIP
12458.0,2011-02-28 10:55:00,2011-09-29 15:25:00,2,506,13.31578947368421,4.326315789473685,947.4,24.931578947368422,18.02832329094384,70,213,106.5,0.28169014084507044,473.7,952.6052334213251,High Value
12461.0,2011-07-08 10:23:00,2011-09-06 16:57:00,2,287,8.2,4.258857142857143,826.88,23.62514285714286,32.83688746905623,93,60,30.0,1.0,413.44,759.8897519154539,High Value
12462.0,2011-02-09 14:44:00,2011-11-21 09:11:00,2,536,8.64516129032258,4.689516129032258,1189.59,19.186935483870965,21.327398878292733,18,284,142.0,0.2112676056338028,594.795,1282.6216894054721,High Value
12463.0,2011-04-12 12:47:00,2011-10-17 13:44:00,4,776,9.349397590361447,3.0434939759036146,1344.78,16.202168674698793,7.328468719731287,52,188,47.0,0.6382978723404256,336.195,1466.1065144579854,High Value
12464.0,2011-02-03 13:30:00,2011-11-29 13:33:00,8,112,3.8620689655172415,11.832758620689654,1212.05,41.79482758620689,26.566101335118464,9,299,37.375,0.802675585284281,151.50625,700.3885733333335,High Value
12465.0,2011-06-23 13:37:00,2011-11-22 16:34:00,2,479,10.191489361702128,2.76,742.19,15.791276595744682,6.353031668294546,16,152,76.0,0.39473684210526316,371.095,740.7212968794579,High Value
12468.0,2011-01-27 13:29:00,2011-06-05 11:36:00,2,366,9.631578947368421,3.5149999999999997,729.54,19.198421052631577,11.894366717135764,187,128,64.0,0.46875,364.77,727.6994604681579,High Value
12471.0,2010-12-10 09:35:00,2011-12-07 15:43:00,30,8132,17.71677559912854,4.285882352941177,16525.23879999992,41.28115468409586,65.57329191718173,1,362,12.066666666666666,2.4861878453038675,631.6016666666667,15546.785769600678,VIP
12472.0,2010-12-05 14:19:00,2011-11-07 14:01:00,7,4148,12.23598820058997,2.397669616519174,6572.11,19.386755162241887,15.530018825041692,31,336,48.0,0.625,938.8728571428571,6238.279978095237,VIP
12473.0,2011-06-01 10:15:00,2011-11-10 13:46:00,5,2439,14.517857142857142,8.323928571428572,3938.55,23.44375,53.242991326316854,28,162,32.4,0.9259259259259258,787.71,4299.391598997116,VIP
12474.0,2011-01-14 10:06:00,2011-11-22 14:39:00,18,4847,11.431603773584905,2.8656603773584903,7375.79,17.395731132075472,10.212934432582509,16,312,17.333333333333332,1.7307692307692306,409.7661111111111,7974.901411230157,VIP
12475.0,2011-10-17 10:10:00,2011-10-17 10:10:00,1,535,14.86111111111111,2.941111111111111,723.38,20.093888888888888,10.97910594272536,53,0,0.0,0.0,723.38,739.6599228869229,High Value
12476.0,2010-12-13 14:39:00,2011-11-24 12:40:00,11,2408,10.334763948497853,4.831030042918456,6816.42,29.255021459227468,26.005650763997817,15,345,31.363636363636363,0.9565217391304348,619.6745454545454,5842.089972738095,VIP
12477.0,2011-02-11 12:45:00,2011-11-17 09:51:00,6,3653,12.176666666666666,4.3832,13219.74,44.065799999999996,48.76364839072834,22,278,46.333333333333336,0.6474820143884892,1786.2049999999992,10028.104670992061,VIP
12478.0,2011-12-06 09:56:00,2011-12-06 09:56:00,1,236,6.555555555555555,4.537777777777778,680.99,18.91638888888889,20.812875568850277,3,0,0.0,0.0,680.99,646.7482333730159,Medium Value
12479.0,2011-11-28 13:26:00,2011-11-28 13:26:00,1,385,12.419354838709678,2.6687096774193546,527.2,17.006451612903227,9.067401152254927,10,0,0.0,0.0,527.2,569.2042398949338,Medium Value
12480.0,2011-01-07 15:27:00,2011-11-11 14:52:00,4,1707,11.084415584415584,3.1344155844155845,3281.63,21.309285714285714,28.908123428200177,27,307,76.75,0.39087947882736157,820.4075,3339.49562071734,VIP
12481.0,2010-12-09 10:13:00,2011-11-17 08:29:00,10,3304,15.225806451612904,3.4149769585253456,5596.32,25.789493087557602,20.611551737305664,22,342,34.2,0.8771929824561403,559.632,6635.529557777773,VIP
12483.0,2011-01-04 14:20:00,2011-11-22 17:02:00,8,1110,14.8,5.198133333333334,2484.98,33.133066666666664,31.40725948847776,16,322,40.25,0.7453416149068324,310.6225,2546.581643531746,VIP
12484.0,2011-01-07 14:04:00,2011-11-07 11:37:00,6,2191,6.332369942196531,3.126098265895954,4541.72,13.126358381502891,17.15008436296153,32,303,50.5,0.594059405940594,756.9533333333334,4219.38580395743,VIP
12488.0,2011-09-25 10:34:00,2011-11-30 08:50:00,3,529,9.618181818181819,3.7347272727272727,1298.66,23.612000000000002,16.826931830099472,9,65,21.666666666666668,1.3846153846153848,432.8866666666667,1264.1984535896615,High Value
12489.0,2011-01-07 13:13:00,2011-01-07 13:13:00,1,105,7.0,5.908,334.93,22.328666666666667,8.673208227200645,335,0,0.0,0.0,334.93,344.6163562569873,Medium Value
12490.0,2011-01-14 09:13:00,2011-12-04 16:07:00,10,3064,12.506122448979593,2.692857142857143,5417.93,22.114,17.133910877765565,4,324,32.4,0.9259259259259258,541.793,5345.53070383117,VIP
12491.0,2011-11-01 12:18:00,2011-11-01 12:18:00,1,260,10.0,3.376923076923077,460.40000000000003,17.70769230769231,9.367493712916941,38,0,0.0,0.0,460.40000000000003,484.4553997161337,Medium Value
12492.0,2011-08-26 14:51:00,2011-10-07 15:15:00,2,192,9.6,3.3475,263.21000000000004,13.160500000000003,5.372805280200221,62,42,21.0,1.4285714285714286,131.60500000000002,320.0558836695467,Medium Value
12493.0,2011-05-26 14:53:00,2011-06-27 10:17:00,2,207,9.409090909090908,4.309090909090909,433.74,19.715454545454545,5.7762227955256185,165,31,15.5,1.9354838709677418,216.87,471.87526774808373,Medium Value
12494.0,2010-12-09 11:31:00,2011-11-24 09:34:00,7,707,9.181818181818182,3.862207792207792,1246.1,16.18311688311688,7.523139437715911,15,349,49.857142857142854,0.6017191977077364,178.0142857142857,1457.0981130375178,High Value
12497.0,2011-09-19 12:29:00,2011-09-19 12:29:00,1,1236,88.28571428571429,2.06,1043.1,74.50714285714285,44.84968852109857,81,0,0.0,0.0,1043.1,1250.172687103175,High Value
12498.0,2011-10-13 09:30:00,2011-11-18 12:53:00,3,159,6.913043478260869,4.197826086956522,403.70000000000005,17.55217391304348,6.960856110175046,20,36,12.0,2.5,134.5666666666667,425.0033323506068,Medium Value
12500.0,2011-01-10 09:48:00,2011-11-16 16:20:00,11,2678,43.90163934426229,5.63688524590164,4257.82,69.80032786885245,96.51899053152205,22,310,28.181818181818183,1.064516129032258,387.07454545454544,5044.180529444446,VIP
12501.0,2011-01-07 12:28:00,2011-01-07 12:28:00,1,1783,11.966442953020135,2.4126845637583894,2169.39,14.559664429530201,11.642558487285982,336,0,0.0,0.0,1786.2049999999992,2434.740575588023,VIP
12502.0,2011-02-03 10:41:00,2011-09-05 11:52:00,5,820,5.578231292517007,6.425238095238095,3723.87,25.332448979591835,29.728509806771058,95,214,42.8,0.7009345794392523,744.774,3022.823694866521,VIP
12504.0,2011-11-09 14:56:00,2011-11-21 16:02:00,2,90,10.0,9.011111111111111,482.04999999999995,53.5611111111111,46.544862617813266,17,12,6.0,5.0,241.02499999999998,472.1964161446887,Medium Value
12506.0,2011-04-21 08:54:00,2011-04-21 08:54:00,1,23,1.0,3.1956521739130435,73.5,3.1956521739130435,2.086586656124731,232,0,0.0,0.0,73.5,81.89216788778333,Low Value
12507.0,2011-02-14 09:24:00,2011-07-28 17:09:00,3,894,42.57142857142857,4.862857142857143,1304.81,62.13380952380952,54.5300895356124,133,164,54.666666666666664,0.5487804878048781,434.93666666666667,1522.034137619047,High Value
12508.0,2011-11-10 16:27:00,2011-11-13 15:37:00,2,272,3.9420289855072466,1.7204347826086959,398.27,5.772028985507246,4.446343368666961,25,2,1.0,30.0,199.135,376.7395726626765,Medium Value
12509.0,2011-02-28 14:45:00,2011-02-28 14:45:00,1,55,7.857142857142857,5.564285714285715,176.5,25.214285714285715,18.9161684431977,283,0,0.0,0.0,176.5,171.85422071377639,Low Value
12510.0,2011-01-18 14:04:00,2011-07-20 10:15:00,2,353,10.696969696969697,4.263333333333334,982.5699999999999,29.774848484848484,32.124828805109225,142,182,91.0,0.32967032967032966,491.28499999999997,928.1285755663781,High Value
12512.0,2011-10-04 14:53:00,2011-10-04 14:55:00,2,99,2.911764705882353,2.5794117647058825,138.03,4.059705882352941,2.8716329271773575,65,0,0.0,0.0,69.015,176.5209970846392,Low Value
12513.0,2011-08-19 10:51:00,2011-08-19 10:51:00,1,462,13.2,2.180571428571428,612.29,17.494,9.986948600695868,112,0,0.0,0.0,612.29,623.3219977884058,Medium Value
12514.0,2011-03-17 16:38:00,2011-03-17 16:38:00,1,440,8.627450980392156,3.296862745098039,1017.6800000000001,19.95450980392157,10.635650297696987,266,0,0.0,0.0,1017.6800000000001,900.5220345899927,High Value
12515.0,2010-12-21 15:43:00,2010-12-21 15:43:00,1,131,8.1875,6.78125,383.7,23.98125,22.111873695671594,352,0,0.0,0.0,383.7,390.4067512518038,Medium Value
12516.0,2011-06-12 11:37:00,2011-09-23 09:13:00,2,875,33.65384615384615,2.725769230769231,1312.06,50.46384615384615,32.54597290933833,77,102,51.0,0.5882352941176471,656.03,1505.1862724801595,High Value
12517.0,2011-06-02 15:13:00,2011-11-11 14:04:00,5,1371,4.827464788732394,2.3527464788732395,2502.84,8.812816901408452,8.341167975955502,27,161,32.2,0.9316770186335405,500.56800000000004,2311.1885416937234,VIP
12518.0,2011-08-21 13:18:00,2011-12-09 10:13:00,5,1318,10.629032258064516,2.837177419354839,2056.89,16.58782258064516,8.975297314683546,0,109,21.8,1.3761467889908257,411.378,2073.43503208486,VIP
12519.0,2011-10-07 09:26:00,2011-10-07 09:26:00,1,183,10.166666666666666,2.9911111111111115,340.84000000000003,18.935555555555556,10.909873683542338,63,0,0.0,0.0,340.84000000000003,342.1226494327525,Medium Value
12520.0,2011-03-11 11:35:00,2011-09-21 15:23:00,5,1439,9.467105263157896,3.288421052631579,2634.26,17.330657894736845,11.726679982218656,78,194,38.8,0.7731958762886598,526.8520000000001,2597.7203446031754,VIP
12521.0,2011-07-20 10:51:00,2011-07-20 10:51:00,1,309,8.131578947368421,2.995789473684211,599.68,15.781052631578946,8.921051867890215,142,0,0.0,0.0,599.68,582.3771915274357,Medium Value
12522.0,2011-10-19 14:41:00,2011-10-31 15:30:00,2,194,16.166666666666668,5.0008333333333335,192.72,16.06,4.292248827829067,38,12,6.0,5.0,96.36,290.7201726587301,Low Value
12523.0,2011-01-12 09:43:00,2011-11-20 12:55:00,11,865,8.160377358490566,4.935471698113207,1789.77,16.884622641509434,5.421290511365846,18,312,28.363636363636363,1.0576923076923077,162.70636363636365,2041.3166433730157,VIP
12524.0,2011-01-10 10:35:00,2011-11-30 15:31:00,8,3699,25.6875,2.9170833333333333,4485.72,31.150833333333335,33.07600885140862,8,324,40.5,0.7407407407407407,560.715,5134.811785833335,VIP
12526.0,2011-09-06 14:19:00,2011-12-09 12:09:00,3,632,8.901408450704226,3.3538028169014087,1316.66,18.54450704225352,8.519842518452757,0,93,31.0,0.9677419354838709,438.8866666666667,1256.9332761292803,High Value
12527.0,2011-01-18 12:05:00,2011-09-19 11:55:00,3,234,13.0,2.9294444444444445,348.71000000000004,19.37277777777778,13.665484131048844,81,243,81.0,0.3703703703703704,116.23666666666668,412.84867136321185,Medium Value
12528.0,2011-01-31 09:05:00,2011-11-30 14:40:00,6,756,8.217391304347826,5.487934782608695,1933.48,21.01608695652174,12.022408286335333,8,303,50.5,0.594059405940594,322.24666666666667,1995.4283071681098,VIP
12530.0,2011-01-07 10:04:00,2011-10-11 12:34:00,4,913,13.833333333333334,3.8854545454545453,1662.28,25.186060606060607,19.07785642520893,59,277,69.25,0.43321299638989175,415.57,1671.08878982499,VIP
12531.0,2011-11-25 11:12:00,2011-11-25 11:12:00,1,45,2.6470588235294117,3.8094117647058825,125.22,7.365882352941177,6.801954736345584,14,0,0.0,0.0,125.22,130.55053832538556,Low Value
12532.0,2011-11-09 13:47:00,2011-11-09 13:47:00,1,153,9.5625,3.698125,349.83000000000004,21.864375000000003,9.539831562978458,29,0,0.0,0.0,349.83000000000004,363.6156901685247,Medium Value
12534.0,2011-08-01 10:26:00,2011-08-01 10:26:00,1,651,10.333333333333334,3.035396825396825,1089.18,17.28857142857143,13.107948691309758,130,0,0.0,0.0,1089.18,1089.3207114097015,High Value
12535.0,2011-06-06 12:47:00,2011-09-09 08:48:00,2,219,6.4411764705882355,4.451470588235294,716.35,21.069117647058825,8.924090775398799,91,94,47.0,0.6382978723404256,358.175,660.9206083910533,Medium Value
12536.0,2011-10-11 14:52:00,2011-10-11 14:52:00,1,2801,10.814671814671815,2.891158301158301,4279.71,16.523976833976835,7.592178656956854,58,0,0.0,0.0,1786.2049999999992,5131.111169285716,VIP
12538.0,2011-11-10 17:16:00,2011-11-10 17:16:00,1,191,9.095238095238095,3.6433333333333335,363.95,17.33095238095238,7.189807997966221,28,0,0.0,0.0,363.95,400.88401689555644,Medium Value
12539.0,2011-01-10 09:11:00,2011-11-17 13:30:00,4,2067,7.571428571428571,4.176520146520147,5568.35,20.396886446886448,17.993077023812585,21,311,77.75,0.3858520900321543,1392.0875,5461.410388571427,VIP
12540.0,2010-12-13 09:39:00,2011-11-20 11:31:00,17,6685,13.985355648535565,3.847050209205021,13400.24,28.03397489539749,29.064644578260108,19,342,20.11764705882353,1.4912280701754386,788.2494117647059,13160.289773228573,VIP
12541.0,2011-03-04 09:32:00,2011-11-10 10:40:00,3,680,13.076923076923077,3.615769230769231,981.18,18.868846153846153,12.460669363861442,29,251,83.66666666666667,0.3585657370517928,327.06,1044.3284473712692,High Value
12544.0,2011-11-03 16:15:00,2011-11-03 16:15:00,1,136,7.157894736842105,4.106315789473685,372.7,19.61578947368421,10.293882927787461,35,0,0.0,0.0,372.7,349.2068246229031,Medium Value
12545.0,2011-03-25 12:04:00,2011-09-25 13:39:00,2,523,10.46,4.0238,1000.39,20.0078,14.49607340078051,74,184,92.0,0.32608695652173914,500.195,1087.760906586955,High Value
12546.0,2011-09-23 09:44:00,2011-10-24 12:09:00,2,633,9.173913043478262,3.199275362318841,1161.5,16.833333333333332,10.423762822155396,46,31,15.5,1.9354838709677418,580.75,1145.3050149253822,High Value
12547.0,2011-03-04 12:46:00,2011-05-26 12:38:00,2,134,16.75,7.95,207.8,25.975,4.709185552877331,197,82,41.0,0.7317073170731707,103.9,291.02191654761907,Low Value
12548.0,2011-06-26 15:35:00,2011-06-26 15:35:00,1,49,9.8,6.720000000000001,95.19999999999999,19.04,5.1154667431232514,165,0,0.0,0.0,95.19999999999999,132.78641019790592,Low Value
12550.0,2011-09-21 14:35:00,2011-09-21 14:35:00,1,569,9.982456140350877,3.0903508771929826,964.83,16.92684210526316,17.690194838414094,78,0,0.0,0.0,964.83,945.0937504356755,High Value
12551.0,2010-12-17 11:23:00,2010-12-17 11:23:00,1,100,10.0,1.6800000000000002,168.0,16.8,3.1989581637360205,357,0,0.0,0.0,168.0,158.873094205752,Low Value
12552.0,2011-10-31 12:11:00,2011-11-01 10:02:00,2,88,4.4,9.1155,437.82,21.891,23.762512249782276,38,0,0.0,0.0,218.91,408.64733238721783,Medium Value
12553.0,2011-01-14 10:42:00,2011-12-01 16:38:00,10,1965,10.287958115183246,3.1996335078534033,3692.28,19.33130890052356,11.880807825798376,7,321,32.1,0.9345794392523366,369.228,3741.9280340079376,VIP
12556.0,2011-07-11 13:35:00,2011-10-20 13:06:00,2,358,2.958677685950413,2.6623140495867768,603.71,4.989338842975207,3.8508279922498896,49,100,50.0,0.6,301.855,615.2195333795255,Medium Value
12557.0,2010-12-03 12:20:00,2011-11-23 16:59:00,5,2296,85.03703703703704,1.8537037037037036,4420.16,163.70962962962963,122.74740697500832,15,355,71.0,0.4225352112676056,884.0319999999999,3434.746124126983,VIP
12558.0,2011-12-02 10:41:00,2011-12-02 10:41:00,1,196,17.818181818181817,1.25,269.96,24.54181818181818,22.013082391242627,7,0,0.0,0.0,269.96,231.965791147186,Low Value
12559.0,2011-01-24 10:12:00,2011-02-02 09:49:00,2,283,13.476190476190476,3.5490476190476192,561.71,26.74809523809524,24.540081014342157,310,8,4.0,7.5,280.855,556.1915170238098,Medium Value
12560.0,2011-07-19 15:55:00,2011-12-04 13:54:00,3,1110,10.571428571428571,2.8562857142857143,2134.01,20.323904761904764,17.180256921113195,4,137,45.666666666666664,0.6569343065693432,711.3366666666667,2022.3327420970695,VIP
12561.0,2011-02-10 11:39:00,2011-02-10 11:39:00,1,177,11.0625,2.964375,238.85,14.928125,4.683017857108812,302,0,0.0,0.0,238.85,226.68953179455988,Low Value
12562.0,2011-05-25 12:44:00,2011-12-01 17:20:00,7,1779,10.589285714285714,3.188214285714286,3781.7400000000002,22.510357142857146,19.084931131101076,7,190,27.142857142857142,1.105263157894737,540.2485714285715,3649.296199007937,VIP
12564.0,2011-03-23 14:55:00,2011-03-23 14:55:00,1,133,6.333333333333333,5.576190476190476,456.90000000000003,21.75714285714286,8.372563611497462,260,0,0.0,0.0,456.90000000000003,465.588708591464,Medium Value
12565.0,2011-02-24 10:34:00,2011-02-24 10:34:00,1,80,8.88888888888889,2.351111111111111,145.92000000000002,16.213333333333335,4.985759721446673,288,0,0.0,0.0,145.92000000000002,137.66878489033093,Low Value
12566.0,2011-09-14 14:30:00,2011-09-14 14:30:00,1,265,13.947368421052632,3.903684210526316,351.65,18.507894736842104,9.859135965605915,85,0,0.0,0.0,351.65,443.09250575887125,Medium Value
12567.0,2010-12-05 11:57:00,2011-11-17 11:02:00,10,4305,9.652466367713005,3.40847533632287,9401.28,21.079103139013455,17.3024339679799,22,346,34.6,0.8670520231213873,940.128,8314.138699603174,VIP
12569.0,2011-04-01 13:47:00,2011-12-07 16:24:00,30,1801,9.579787234042554,5.434574468085106,4124.6900000000005,21.93984042553192,14.513757164608462,1,250,7.8125,3.84,128.89656250000002,4693.910721601733,VIP
12571.0,2011-08-10 12:35:00,2011-10-31 10:19:00,2,523,15.382352941176471,1.3205882352941176,519.61,15.28264705882353,6.172507623041566,39,81,40.5,0.7407407407407407,259.805,511.14067666666654,Medium Value
12572.0,2011-10-19 08:20:00,2011-12-01 09:20:00,2,452,7.533333333333333,4.227833333333334,1020.4200000000001,17.007,11.707049057175709,8,43,21.5,1.3953488372093024,510.21000000000004,1006.318519122603,High Value
12573.0,2011-04-26 15:52:00,2011-04-26 15:52:00,1,84,3.0,2.0964285714285715,160.54000000000002,5.733571428571429,7.948758213888326,226,0,0.0,0.0,160.54000000000002,148.98416239314744,Low Value
12574.0,2011-01-28 09:20:00,2011-01-28 09:20:00,1,61,5.545454545454546,5.2,218.45000000000002,19.85909090909091,6.252552206172219,315,0,0.0,0.0,218.45000000000002,204.14316760843028,Low Value
12576.0,2011-02-08 11:31:00,2011-11-04 10:11:00,5,967,10.988636363636363,2.4045454545454543,1315.83,14.952613636363635,4.856508961927609,35,268,53.6,0.5597014925373134,263.166,1372.1402353334736,High Value
12577.0,2010-12-15 16:21:00,2011-11-04 13:24:00,3,472,3.2108843537414966,1.7950340136054421,657.8,4.474829931972788,5.486704022682708,34,323,107.66666666666667,0.2786377708978328,219.26666666666665,634.3987344794094,Medium Value
12578.0,2011-01-13 15:34:00,2011-11-18 13:30:00,2,1196,10.491228070175438,3.157017543859649,2794.51,24.51324561403509,25.465203831639116,20,308,154.0,0.1948051948051948,1397.255,2546.273906553185,VIP
12579.0,2011-09-22 17:15:00,2011-09-22 17:15:00,1,285,9.827586206896552,3.3386206896551722,440.42,15.18689655172414,8.532003659938383,77,0,0.0,0.0,440.42,490.6185254942908,Medium Value
12580.0,2011-04-07 10:24:00,2011-04-07 10:24:00,1,238,9.916666666666666,2.6075,415.7,17.320833333333333,6.165258848310155,246,0,0.0,0.0,415.7,400.04648805129654,Medium Value
12581.0,2011-10-31 08:56:00,2011-10-31 08:56:00,1,161,10.733333333333333,2.8926666666666665,197.71,13.180666666666667,3.775621929216557,39,0,0.0,0.0,197.71,223.37786463157897,Low Value
12582.0,2011-02-24 11:42:00,2011-04-15 08:45:00,2,300,13.636363636363637,5.2318181818181815,511.36,23.243636363636366,22.969411242211955,238,49,24.5,1.2244897959183674,255.68,535.684149689565,Medium Value
12583.0,2010-12-01 08:45:00,2011-12-07 08:07:00,15,5060,20.48582995951417,3.103603238866397,7281.38,29.47927125506073,22.17591686712561,2,370,24.666666666666668,1.2162162162162162,485.42533333333336,10030.435644704183,VIP
12584.0,2011-03-04 15:15:00,2011-12-06 09:35:00,9,416,4.333333333333333,7.484375,2338.15,24.355729166666666,16.30945833072536,3,276,30.666666666666668,0.9782608695652175,259.7944444444445,2050.4813506349205,VIP
12585.0,2010-12-23 12:58:00,2011-04-19 13:39:00,2,1279,14.701149425287356,3.4639080459770115,2040.1,23.44942528735632,22.168976141315973,233,117,58.5,0.5128205128205129,1020.05,2037.466121233766,VIP
12586.0,2011-11-22 16:24:00,2011-11-22 16:24:00,1,79,7.181818181818182,4.190909090909091,196.94000000000003,17.903636363636366,8.664634178922125,16,0,0.0,0.0,196.94000000000003,201.56378893008954,Low Value
12587.0,2011-12-02 12:47:00,2011-12-02 12:47:00,1,51,12.75,11.56,144.0,36.0,10.161364737737413,7,0,0.0,0.0,144.0,205.83726223970476,Low Value
12588.0,2011-10-31 15:01:00,2011-10-31 15:01:00,1,53,5.3,9.58,214.89999999999998,21.49,9.00508498325005,38,0,0.0,0.0,214.89999999999998,225.00984400793655,Low Value
12589.0,2011-07-18 12:05:00,2011-11-11 10:19:00,2,306,8.742857142857142,4.502857142857143,646.68,18.47657142857143,10.452372920244741,28,115,57.5,0.5217391304347826,323.34,658.2937143254927,Medium Value
12590.0,2011-05-12 14:46:00,2011-05-12 14:52:00,2,4283,62.98529411764706,10.54735294117647,9864.26,145.06264705882353,92.92868335397537,210,0,0.0,0.0,1786.2049999999992,9609.909556666666,VIP
12591.0,2011-01-26 14:35:00,2011-01-26 14:35:00,1,228,8.76923076923077,3.7807692307692307,452.84999999999997,17.41730769230769,14.520936211606278,316,0,0.0,0.0,452.84999999999997,460.3515031106381,Medium Value
12592.0,2011-05-10 13:44:00,2011-09-08 15:04:00,2,290,16.11111111111111,3.311111111111111,437.6,24.311111111111114,7.501755785766493,91,121,60.5,0.49586776859504134,218.8,502.5268149516906,Medium Value
12593.0,2011-05-05 09:29:00,2011-08-23 12:43:00,3,206,9.80952380952381,2.6523809523809527,418.1,19.90952380952381,7.060304863241017,108,110,36.666666666666664,0.8181818181818182,139.36666666666667,405.6604840196193,Medium Value
12594.0,2011-01-21 09:52:00,2011-11-02 12:20:00,10,1777,15.059322033898304,3.023135593220339,3338.2200000000003,28.290000000000003,15.063362015621719,37,285,28.5,1.0526315789473684,333.822,3352.081749325398,VIP
12596.0,2011-04-11 13:22:00,2011-10-19 13:02:00,2,474,17.555555555555557,4.405555555555556,618.27,22.898888888888887,22.139078629520753,50,190,95.0,0.31578947368421056,309.135,721.5161120634916,High Value
12597.0,2011-03-16 14:00:00,2011-11-20 13:33:00,4,2236,10.854368932038835,3.9420873786407764,3811.22,18.50106796116505,24.5527987143534,18,248,62.0,0.48387096774193544,952.805,3985.4946545954035,VIP
12598.0,2011-02-28 11:58:00,2011-11-30 12:18:00,8,1964,14.878787878787879,2.8425757575757578,3023.08,22.902121212121212,14.759405335168182,9,275,34.375,0.8727272727272728,377.885,3123.79757388889,VIP
12599.0,2011-02-08 13:28:00,2011-11-10 13:34:00,7,956,15.419354838709678,2.9962903225806454,1032.58,16.654516129032256,9.571122666975539,28,275,39.285714285714285,0.7636363636363637,147.51142857142855,1115.0142576984128,High Value
12600.0,2010-12-03 12:57:00,2011-11-11 10:29:00,10,774,12.09375,5.47375,2599.04,40.61,40.75933722999641,28,342,34.2,0.8771929824561403,259.904,2550.5910532720054,VIP
12601.0,2011-01-11 10:38:00,2011-06-03 10:17:00,5,245,8.75,6.511071428571428,577.0600000000001,20.609285714285715,13.235267960620142,189,142,28.4,1.056338028169014,115.412,657.1605402036854,Medium Value
12602.0,2011-10-12 11:22:00,2011-10-12 11:22:00,1,162,13.5,1.9708333333333332,153.12,12.76,4.742312439383055,58,0,0.0,0.0,153.12,165.33882869812362,Low Value
12603.0,2011-11-18 10:42:00,2011-11-18 10:42:00,1,63,31.5,14.475,739.1999999999999,369.59999999999997,344.5024237940859,21,0,0.0,0.0,739.1999999999999,571.5864185966811,Medium Value
12604.0,2011-03-23 12:06:00,2011-09-21 14:08:00,2,201,12.5625,2.59125,254.18,15.88625,6.328255025413142,78,182,91.0,0.32967032967032966,127.09,287.66854156204903,Low Value
12607.0,2011-10-10 16:06:00,2011-10-10 16:06:00,1,1228,12.158415841584159,2.1577227722772276,1579.51,15.63871287128713,5.979403091173288,59,0,0.0,0.0,1579.51,1552.1609896428572,High Value
12609.0,2011-01-25 15:13:00,2011-09-22 16:34:00,3,648,10.8,3.5178333333333334,1126.85,18.78083333333333,11.517063728264421,77,240,80.0,0.375,375.6166666666666,1165.5199327879527,High Value
12610.0,2011-08-05 13:52:00,2011-11-17 09:34:00,5,1049,9.89622641509434,5.024716981132076,2099.54,19.80698113207547,18.07965561038475,22,103,20.6,1.4563106796116505,419.908,2607.255327103175,VIP
12611.0,2011-10-18 13:12:00,2011-10-18 13:12:00,1,846,13.015384615384615,2.675076923076923,1193.32,18.35876923076923,16.95708263784011,51,0,0.0,0.0,1193.32,1204.2792091562608,High Value
12612.0,2011-09-26 15:35:00,2011-09-26 15:35:00,1,262,13.789473684210526,4.4389473684210525,704.04,37.054736842105264,16.82652448712418,73,0,0.0,0.0,704.04,643.7104076283845,Medium Value
12613.0,2011-03-22 15:42:00,2011-10-13 14:59:00,5,1644,10.745098039215685,2.8726143790849674,3344.38,21.858692810457516,14.444812522366968,56,204,40.8,0.7352941176470589,668.876,2787.9055911172145,VIP
12614.0,2011-03-07 10:22:00,2011-03-07 10:22:00,1,76,3.8,5.61,315.6,15.780000000000001,2.840700432528643,277,0,0.0,0.0,315.6,295.7735466729322,Low Value
12615.0,2011-06-24 13:35:00,2011-12-07 15:02:00,4,1376,13.104761904761904,3.0896190476190477,2291.19,21.820857142857143,18.75354551679627,1,166,41.5,0.7228915662650602,572.7975,2280.6685079084978,VIP
12616.0,2011-02-15 14:17:00,2011-09-05 15:17:00,2,284,8.875,3.8203125,713.3,22.290625,14.658441570446485,94,202,101.0,0.297029702970297,356.65,699.0154011195831,High Value
12617.0,2011-11-10 14:39:00,2011-11-10 14:39:00,1,213,5.071428571428571,1.903095238095238,355.53000000000003,8.465,7.629709980742645,28,0,0.0,0.0,355.53000000000003,323.40549488910204,Medium Value
12618.0,2011-11-18 11:10:00,2011-11-18 11:10:00,1,96,8.727272727272727,6.6381818181818195,177.31,16.11909090909091,8.464237064904852,21,0,0.0,0.0,177.31,200.7893351007325,Low Value
12619.0,2011-03-31 13:10:00,2011-11-23 14:52:00,9,3378,37.53333333333333,7.056555555555556,3641.24,40.45822222222222,52.293229019619524,15,237,26.333333333333332,1.1392405063291138,404.5822222222222,7421.581613849205,VIP
12620.0,2011-05-19 12:10:00,2011-11-25 10:20:00,3,1181,12.83695652173913,2.1478260869565218,1339.41,14.558804347826088,7.175569027080602,14,189,63.0,0.4761904761904762,446.47,1403.6603500910205,High Value
12621.0,2010-12-09 10:16:00,2011-12-08 11:25:00,20,7440,15.931477516059957,2.8922912205567455,13689.67,29.31406852248394,38.81796118358395,1,364,18.2,1.6483516483516485,684.4835,13181.658295560312,VIP
12622.0,2011-04-21 16:39:00,2011-04-21 16:39:00,1,69,6.2727272727272725,5.739090909090909,180.1,16.37272727272727,4.623276091494193,231,0,0.0,0.0,180.1,184.51350752613607,Low Value
12623.0,2011-03-08 13:50:00,2011-03-08 13:50:00,1,191,10.61111111111111,2.628888888888889,305.1,16.950000000000003,8.66373442100155,275,0,0.0,0.0,305.1,308.4116188717615,Low Value
12624.0,2011-06-15 12:34:00,2011-08-25 15:04:00,2,355,9.342105263157896,3.8721052631578945,641.13,16.87184210526316,7.714713164962045,105,71,35.5,0.8450704225352113,320.565,679.9432724895851,High Value
12625.0,2011-01-24 13:27:00,2011-05-12 09:54:00,2,1612,18.74418604651163,2.1713953488372093,2683.82,31.207209302325584,33.26730738060531,211,107,53.5,0.5607476635514018,1341.91,2515.776854285714,VIP
12626.0,2011-01-17 11:01:00,2011-11-16 16:06:00,9,3453,11.744897959183673,2.8210544217687072,6620.4800000000005,22.518639455782314,20.06456022399176,22,303,33.666666666666664,0.8910891089108911,735.6088888888889,5892.447897023809,VIP
12627.0,2011-07-22 13:59:00,2011-11-29 12:07:00,7,2752,11.965217391304348,2.937913043478261,4478.53,19.47186956521739,11.934482442148543,10,129,18.428571428571427,1.627906976744186,639.79,4484.398115238097,VIP
12628.0,2011-10-06 09:28:00,2011-12-05 13:15:00,3,448,10.926829268292684,3.591219512195122,786.46,19.181951219512197,7.599360900599534,3,60,20.0,1.5,262.15333333333336,794.1262567216118,High Value
12630.0,2011-10-27 10:41:00,2011-11-30 10:48:00,2,548,8.5625,4.48640625,1270.88,19.8575,18.883951614305428,9,34,17.0,1.7647058823529411,635.44,1268.3677126688997,High Value
12631.0,2011-10-13 13:53:00,2011-10-13 13:53:00,1,236,7.612903225806452,4.537096774193548,640.5,20.661290322580644,26.501484202705264,56,0,0.0,0.0,640.5,625.7412388616935,Medium Value
12633.0,2011-02-25 08:44:00,2011-10-12 11:40:00,4,1162,11.504950495049505,3.211386138613862,2163.98,21.425544554455445,30.181442757934793,58,229,57.25,0.5240174672489083,540.995,2207.238855341342,VIP
12635.0,2011-07-08 08:43:00,2011-09-11 11:04:00,2,1172,11.603960396039604,2.522079207920792,1689.18,16.724554455445546,13.112677188488433,89,65,32.5,0.9230769230769231,844.59,1657.1604322799424,VIP
12637.0,2011-01-20 10:47:00,2011-10-03 13:46:00,8,3002,7.697435897435898,2.6583076923076923,6021.9,15.440769230769229,13.096385023818971,66,256,32.0,0.9375,752.7375,5647.638428373018,VIP
12638.0,2011-11-06 13:11:00,2011-11-06 13:11:00,1,577,14.794871794871796,2.56,671.69,17.222820512820515,23.999062256758673,32,0,0.0,0.0,671.69,699.6192884618162,High Value
12639.0,2011-04-15 12:48:00,2011-04-15 12:48:00,1,201,9.136363636363637,4.918181818181818,486.1,22.095454545454547,22.57095114295885,238,0,0.0,0.0,486.1,481.5116216605618,Medium Value
12640.0,2011-09-19 12:01:00,2011-11-16 11:52:00,3,311,5.867924528301887,5.716981132075472,1174.58,22.16188679245283,15.644463146454843,23,57,19.0,1.5789473684210527,391.52666666666664,1074.6827364285716,High Value
12641.0,2011-08-16 13:26:00,2011-08-16 13:26:00,1,72,7.2,6.964999999999999,185.9,18.59,8.260037664697554,114,0,0.0,0.0,185.9,207.42143769803465,Low Value
12642.0,2011-08-24 09:23:00,2011-11-14 15:03:00,3,552,11.74468085106383,3.5906382978723403,1013.26,21.558723404255318,17.588552924759018,24,82,27.333333333333332,1.0975609756097562,337.75333333333333,1072.8702064422146,High Value
12643.0,2011-01-11 11:48:00,2011-08-03 12:56:00,6,1808,75.33333333333333,5.187916666666666,3344.64,139.35999999999999,178.85244586335503,127,204,34.0,0.8823529411764706,557.4399999999999,4570.837936785715,VIP
12644.0,2011-08-02 10:33:00,2011-08-02 10:33:00,1,325,10.483870967741936,2.8045161290322578,477.90999999999997,15.416451612903225,5.560847386497312,129,0,0.0,0.0,477.90999999999997,490.5341389422429,Medium Value
12645.0,2011-01-27 13:08:00,2011-11-06 12:38:00,4,1084,14.849315068493151,2.611095890410959,1775.18,24.31753424657534,14.852057824200466,33,282,70.5,0.425531914893617,443.795,1707.025065396826,VIP
12646.0,2011-10-21 12:52:00,2011-12-05 10:14:00,2,897,19.933333333333334,2.387111111111111,1346.97,29.932666666666666,17.70379111941846,4,44,22.0,1.3636363636363638,673.485,1405.3827821699133,High Value
12647.0,2010-12-05 14:02:00,2011-11-17 12:56:00,12,1431,11.826446280991735,5.498842975206611,3722.82,30.76710743801653,29.12468444573024,21,346,28.833333333333332,1.0404624277456647,310.235,3696.128284460318,VIP
12648.0,2011-07-08 11:55:00,2011-07-08 11:55:00,1,160,7.619047619047619,3.1723809523809527,318.05,15.145238095238096,8.957338119691373,154,0,0.0,0.0,318.05,327.23591485127065,Medium Value
12649.0,2011-05-11 14:37:00,2011-08-24 14:41:00,3,586,18.903225806451612,2.6970967741935485,623.51,20.113225806451613,14.348826522773397,106,105,35.0,0.8571428571428571,207.83666666666667,721.014771904762,High Value
12650.0,2011-12-06 16:34:00,2011-12-06 16:34:00,1,254,12.7,1.9344999999999999,314.44,15.722,23.94229545342191,2,0,0.0,0.0,314.44,324.789369553456,Medium Value
12651.0,2011-01-09 12:46:00,2011-01-09 12:46:00,1,78,8.666666666666666,2.244444444444445,114.0,12.666666666666666,3.904404564078882,334,0,0.0,0.0,114.0,118.26575204509327,Low Value
12652.0,2011-01-12 15:00:00,2011-01-12 15:00:00,1,505,10.520833333333334,2.8972916666666664,919.98,19.16625,17.011660034448713,330,0,0.0,0.0,919.98,881.3629075661182,High Value
12653.0,2011-02-16 10:53:00,2011-07-14 10:41:00,2,919,21.372093023255815,2.5909302325581396,2209.85,51.391860465116274,62.69382183641587,148,147,73.5,0.4081632653061224,1104.925,1892.1428701587297,VIP
12654.0,2011-02-17 13:16:00,2011-11-29 10:10:00,5,264,6.947368421052632,4.420526315789473,601.98,15.841578947368422,4.3682877629667844,10,284,56.8,0.528169014084507,120.396,700.766410094296,High Value
12656.0,2011-04-20 09:20:00,2011-11-22 13:42:00,5,1723,13.674603174603174,4.4494444444444445,4051.17,32.152142857142856,32.48421949457042,16,216,43.2,0.6944444444444444,810.234,4391.492231507938,VIP
12657.0,2011-09-22 11:40:00,2011-11-28 15:47:00,4,1044,22.21276595744681,5.044893617021277,1643.18,34.961276595744685,30.52879756792872,10,67,16.75,1.791044776119403,410.795,2069.721256901154,VIP
12658.0,2011-11-21 10:22:00,2011-11-21 10:22:00,1,320,8.88888888888889,4.114444444444445,686.05,19.056944444444444,8.707792838091127,18,0,0.0,0.0,686.05,661.829347104731,Medium Value
12659.0,2011-11-10 11:53:00,2011-11-10 11:53:00,1,105,21.0,5.308,91.68,18.336000000000002,5.585738984234762,29,0,0.0,0.0,91.68,159.0277525757576,Low Value
12660.0,2011-11-28 13:26:00,2011-11-28 13:26:00,1,127,9.76923076923077,3.8653846153846154,245.10000000000002,18.853846153846156,2.855510866323627,10,0,0.0,0.0,245.10000000000002,275.3792601353678,Low Value
12662.0,2010-12-01 13:04:00,2011-12-09 11:59:00,11,2058,8.947826086956521,3.2064782608695652,3849.78,16.73817391304348,7.065240961115043,0,372,33.81818181818182,0.8870967741935484,349.98,4100.878936984128,VIP
12664.0,2011-01-21 11:42:00,2011-12-01 17:07:00,9,1203,32.513513513513516,11.084864864864864,4881.88,131.94270270270272,98.81014131062572,7,314,34.888888888888886,0.8598726114649682,542.4311111111111,4529.873930277776,VIP
12665.0,2011-01-19 08:34:00,2011-01-19 08:34:00,1,37,12.333333333333334,6.833333333333333,63.0,21.0,7.937253933193772,324,0,0.0,0.0,63.0,93.49280300736763,Low Value
12667.0,2011-10-12 17:00:00,2011-10-12 17:00:00,1,395,11.969696969696969,3.624242424242424,620.13,18.791818181818183,26.117632029740165,57,0,0.0,0.0,620.13,659.8858274829482,Medium Value
12668.0,2010-12-19 12:46:00,2011-11-28 10:56:00,4,1634,10.149068322981366,3.458509316770187,3807.15,23.64689440993789,28.116420496660513,11,343,85.75,0.3498542274052478,951.7875,3655.415880082417,VIP
12669.0,2011-03-28 10:15:00,2011-07-12 09:54:00,2,1114,11.14,2.5158,1607.73,16.0773,11.815875799922402,150,105,52.5,0.5714285714285714,803.865,1557.2210353571427,High Value
12670.0,2011-04-21 10:16:00,2011-11-29 15:23:00,5,1397,15.184782608695652,3.235869565217391,2996.05,32.56576086956522,19.389599298417107,9,222,44.4,0.6756756756756757,599.21,2474.2888569119773,VIP
12672.0,2011-01-14 09:20:00,2011-01-14 09:20:00,1,78,7.8,3.79,225.9,22.59,12.750529400773914,329,0,0.0,0.0,225.9,213.87920483556388,Low Value
12673.0,2011-01-17 11:46:00,2011-12-04 13:55:00,2,351,8.357142857142858,2.9283333333333337,610.52,14.536190476190475,10.091602631403546,4,321,160.5,0.1869158878504673,305.26,625.0890941590354,Medium Value
12674.0,2011-05-16 09:10:00,2011-11-01 12:12:00,4,1133,13.650602409638553,3.230602409638554,1970.6,23.742168674698792,19.10951263869058,38,169,42.25,0.7100591715976331,492.65,2032.1844960750368,VIP
12676.0,2011-02-01 15:41:00,2011-11-15 12:25:00,6,670,14.88888888888889,7.0282222222222215,1331.39,29.586444444444446,22.285103682990048,24,286,47.666666666666664,0.6293706293706294,221.89833333333334,1705.9061273015877,VIP
12678.0,2010-12-21 11:00:00,2011-10-28 13:04:00,12,10011,61.042682926829265,6.583719512195122,15995.98,97.53646341463414,100.14260439198544,41,311,25.916666666666668,1.157556270096463,1332.9983333333332,13908.95923117617,VIP
12679.0,2011-03-01 12:26:00,2011-10-12 12:30:00,4,554,11.541666666666666,4.004166666666666,1113.02,23.187916666666666,17.121998660219766,58,225,56.25,0.5333333333333333,278.255,1121.2154231383201,High Value
12680.0,2011-08-18 15:44:00,2011-12-09 12:50:00,4,443,8.51923076923077,3.637884615384615,862.81,16.592499999999998,5.7386538952451005,0,112,28.0,1.0714285714285714,215.7025,923.587953770703,High Value
12681.0,2010-12-07 10:08:00,2011-11-25 11:33:00,22,7536,11.81191222570533,3.1529153605015674,13787.54,21.610564263322885,18.867566274905087,14,353,16.045454545454547,1.8696883852691217,626.7063636363637,13907.79705534444,VIP
12682.0,2010-12-03 13:59:00,2011-12-06 10:00:00,30,5575,10.619047619047619,3.7501523809523807,12288.22,23.406133333333333,24.98317287324109,3,367,11.838709677419354,2.5340599455040875,396.3941935483871,12236.400836383114,VIP
12683.0,2010-12-09 10:37:00,2011-12-05 16:31:00,15,4987,14.497093023255815,2.719156976744186,8476.57,24.641191860465117,25.063034923300503,3,361,24.066666666666666,1.2465373961218837,565.1046666666666,8243.723016150789,VIP
12684.0,2011-05-10 12:55:00,2011-12-02 09:53:00,7,1985,18.904761904761905,2.5359999999999996,2283.63,21.748857142857144,14.463138910445998,7,205,29.285714285714285,1.024390243902439,326.23285714285714,3008.501961587302,VIP
12685.0,2011-09-07 10:28:00,2011-11-11 13:46:00,6,1523,9.700636942675159,3.0710191082802547,2863.08,18.236178343949042,11.391930034752999,27,65,10.833333333333334,2.7692307692307696,477.18,2703.9080850793653,VIP
12686.0,2010-12-03 09:51:00,2010-12-03 09:51:00,1,107,15.285714285714286,3.2585714285714285,89.14,12.734285714285715,3.9516868007761663,368,0,0.0,0.0,89.14,118.38141784271285,Low Value
12688.0,2011-08-18 08:49:00,2011-08-18 08:49:00,1,3028,17.707602339181285,4.124736842105263,4873.81,28.50181286549708,25.909800727775,113,0,0.0,0.0,1786.2049999999992,5254.13959690476,VIP
12689.0,2011-08-04 10:04:00,2011-11-14 08:31:00,2,628,8.722222222222221,2.8519444444444444,1247.6100000000001,17.327916666666667,10.35102443559077,25,101,50.5,0.594059405940594,623.8050000000001,1223.9163730988457,High Value
12690.0,2011-05-18 09:09:00,2011-05-18 09:09:00,1,106,6.625,5.5268749999999995,389.01,24.313125,13.081858542144028,205,0,0.0,0.0,389.01,372.6171064023696,Medium Value
12691.0,2010-12-17 14:46:00,2011-11-11 16:49:00,6,394,12.3125,5.0359375,1035.8,32.36875,33.14135354079747,27,329,54.833333333333336,0.547112462006079,172.63333333333333,1153.5258356892234,High Value
12693.0,2011-01-24 12:58:00,2011-08-04 17:51:00,4,255,6.538461538461538,5.44025641025641,855.91,21.946410256410257,14.246854036331095,126,192,48.0,0.625,213.9775,889.2848491666664,High Value
12694.0,2011-06-09 17:48:00,2011-09-30 13:06:00,2,509,13.756756756756756,3.901621621621622,869.67,23.504594594594593,15.910949513288465,69,112,56.0,0.5357142857142857,434.835,895.3935348015872,High Value
12695.0,2011-05-13 13:15:00,2011-12-02 13:22:00,4,220,8.148148148148149,4.785555555555556,582.1,21.55925925925926,14.370884541569543,6,203,50.75,0.5911330049261084,145.525,620.9967180483405,Medium Value
12697.0,2011-06-23 15:44:00,2011-11-11 08:47:00,3,508,12.390243902439025,5.027560975609756,957.59,23.355853658536585,17.548235947754087,28,140,46.666666666666664,0.6428571428571428,319.19666666666666,1052.0857234731059,High Value
12700.0,2011-05-08 16:10:00,2011-12-02 10:47:00,4,2967,11.07089552238806,2.6198880597014926,4939.99,18.432798507462685,14.368521722278645,7,207,51.75,0.5797101449275363,1234.9975,4942.526743149352,VIP
12701.0,2011-04-11 13:02:00,2011-09-21 10:47:00,2,678,12.79245283018868,3.0907547169811322,797.71,15.051132075471699,6.863147029992694,79,162,81.0,0.37037037037037035,398.855,907.9809154015427,High Value
12702.0,2011-11-20 10:36:00,2011-11-20 10:36:00,1,53,4.416666666666667,5.441666666666666,219.0,18.25,2.744333003912543,19,0,0.0,0.0,219.0,196.44218162131565,Low Value
12703.0,2011-09-29 17:52:00,2011-09-29 17:52:00,1,164,7.809523809523809,2.638095238095238,283.55,13.502380952380953,5.230737906607351,70,0,0.0,0.0,283.55,276.8387320034989,Low Value
12704.0,2011-06-23 10:20:00,2011-12-02 13:15:00,8,1006,11.431818181818182,6.428409090909091,2340.84,26.600454545454546,27.9173469702975,6,162,20.25,1.4814814814814814,292.605,3080.297004585136,VIP
12705.0,2010-12-17 15:58:00,2011-11-24 13:17:00,9,3997,11.967065868263473,2.8610179640718565,6868.29,20.56374251497006,16.373694993901722,14,341,37.888888888888886,0.7917888563049853,763.1433333333333,5937.757420873016,VIP
12707.0,2011-02-21 08:38:00,2011-02-21 08:38:00,1,256,7.757575757575758,3.236666666666667,603.42,18.285454545454545,14.285712725243423,291,0,0.0,0.0,603.42,549.5996015229331,Medium Value
12708.0,2010-12-06 10:43:00,2011-11-10 09:52:00,10,1307,8.32484076433121,4.316433121019108,2712.91,17.27968152866242,7.207940993062049,29,338,33.8,0.8875739644970414,271.291,2793.2401830317463,VIP
12709.0,2010-12-08 09:49:00,2011-11-24 15:38:00,15,3936,18.923076923076923,3.3240865384615383,9736.52,46.81019230769231,53.53957413008129,14,351,23.4,1.2820512820512822,649.1013333333334,8310.528013531744,VIP
12710.0,2011-05-22 14:05:00,2011-09-04 12:00:00,3,851,11.051948051948052,2.718441558441558,1149.02,14.922337662337663,8.775641211555861,96,104,34.666666666666664,0.8653846153846153,383.00666666666666,1189.1305960119832,High Value
12712.0,2010-12-03 14:30:00,2011-11-11 08:19:00,13,1062,7.984962406015038,6.379924812030075,4396.13,33.053609022556394,24.125906902041603,28,342,26.307692307692307,1.1403508771929824,338.1638461538462,3993.3020940079364,VIP
12713.0,2011-12-09 12:16:00,2011-12-09 12:16:00,1,508,13.368421052631579,2.503421052631579,848.55,22.330263157894734,14.375259619153505,0,0,0.0,0.0,848.55,806.889649319657,High Value
12714.0,2011-02-18 10:53:00,2011-11-30 15:43:00,5,3069,11.849420849420849,2.391891891891892,4708.86,18.18092664092664,14.33692751641287,8,285,57.0,0.5263157894736842,941.7719999999999,4781.880282301586,VIP
12715.0,2011-08-25 15:22:00,2011-08-25 15:22:00,1,197,9.380952380952381,3.401904761904762,353.86,16.85047619047619,15.35663064483563,105,0,0.0,0.0,353.86,376.46311067836325,Medium Value
12716.0,2011-07-29 13:28:00,2011-12-06 08:55:00,2,708,10.26086956521739,2.665797101449275,1053.49,15.267971014492753,7.152467813466684,3,129,64.5,0.46511627906976744,526.745,1096.7907834054831,High Value
12717.0,2011-04-08 10:32:00,2011-07-11 14:47:00,2,506,9.2,4.670000000000001,1030.98,18.74509090909091,17.077638169681002,150,94,47.0,0.6382978723404256,515.49,1023.7434350255448,High Value
12718.0,2011-09-29 16:38:00,2011-09-29 16:38:00,1,203,10.68421052631579,2.7221052631578946,238.25,12.539473684210526,8.023529615161902,70,0,0.0,0.0,238.25,252.7418364902642,Low Value
12719.0,2011-10-05 14:50:00,2011-12-04 13:45:00,2,374,9.58974358974359,3.644871794871795,644.95,16.53717948717949,6.611012721495753,4,59,29.5,1.0169491525423728,322.475,698.5218540327928,High Value
12720.0,2010-12-05 15:21:00,2011-12-07 08:03:00,25,4672,13.19774011299435,2.701581920903955,5781.7300000000005,16.33257062146893,10.947516846355194,2,366,14.64,2.0491803278688527,231.2692,6725.020761150796,VIP
12721.0,2010-12-20 11:38:00,2011-11-08 12:13:00,6,1959,12.167701863354038,3.069751552795031,2656.13,16.497701863354038,9.238305665031818,31,323,53.833333333333336,0.5572755417956656,442.68833333333333,2991.1427475000028,VIP
12722.0,2011-07-12 11:55:00,2011-09-15 14:50:00,4,566,10.679245283018869,3.6201886792452833,997.63,18.82320754716981,12.79252317289958,84,65,16.25,1.8461538461538463,249.4075,1091.1033974180073,High Value
12723.0,2011-10-05 15:52:00,2011-12-06 10:19:00,5,434,6.2898550724637685,3.2023188405797103,725.07,10.508260869565218,10.702049000696045,3,61,12.2,2.459016393442623,145.014,814.1158982048232,High Value
12724.0,2011-01-11 15:00:00,2011-12-04 16:02:00,4,445,8.39622641509434,3.721132075471698,1031.41,19.460566037735852,8.808055843962547,4,327,81.75,0.36697247706422015,257.8525,1021.9381656161235,High Value
12725.0,2010-12-03 15:45:00,2010-12-03 15:45:00,1,164,6.833333333333333,4.104166666666667,427.8,17.825,8.889099333257656,368,0,0.0,0.0,427.8,414.46139869502383,Medium Value
12726.0,2010-12-17 12:56:00,2011-11-11 13:35:00,7,3143,25.346774193548388,2.106693548387097,2609.1,21.041129032258063,11.24606736753999,27,329,47.0,0.6382978723404256,372.7285714285714,4669.830197813852,VIP
12727.0,2011-01-23 15:17:00,2011-11-29 11:46:00,7,2098,15.093525179856115,3.2171223021582733,3980.7000000000003,28.63812949640288,28.310906987358727,10,309,44.142857142857146,0.6796116504854368,568.6714285714286,3877.778524682539,VIP
12728.0,2011-01-11 13:31:00,2011-09-29 15:31:00,4,419,9.108695652173912,4.669347826086956,836.33,18.18108695652174,7.958721066508912,70,261,65.25,0.4597701149425288,209.0825,957.6716830084828,High Value
12729.0,2011-08-18 11:40:00,2011-08-18 11:40:00,1,233,8.961538461538462,3.701538461538462,453.01,17.423461538461538,6.143852174203213,113,0,0.0,0.0,453.01,473.89203099776483,Medium Value
12731.0,2010-12-10 10:56:00,2011-11-16 11:59:00,12,8437,30.791970802919707,3.346167883211679,16525.23879999992,68.96317518248175,71.08949033719003,23,341,28.416666666666668,1.0557184750733137,1574.6591666666666,15076.016329945125,VIP
12732.0,2011-06-13 11:33:00,2011-06-13 11:33:00,1,111,9.25,3.5225000000000004,236.26000000000002,19.688333333333336,11.983077335319273,179,0,0.0,0.0,236.26000000000002,273.3726814004828,Low Value
12733.0,2011-04-19 16:19:00,2011-04-19 16:19:00,1,137,6.2272727272727275,3.372727272727273,383.95,17.452272727272728,16.137965273236063,233,0,0.0,0.0,383.95,291.2015577575199,Low Value
12734.0,2010-12-22 12:47:00,2010-12-22 12:47:00,1,88,22.0,1.185,110.39999999999999,27.599999999999998,22.170250336881626,352,0,0.0,0.0,110.39999999999999,108.50190154761906,Low Value
12735.0,2011-01-06 14:26:00,2011-01-28 13:37:00,2,368,8.55813953488372,5.416279069767441,779.5699999999999,18.12953488372093,11.09023099795671,314,21,10.5,2.857142857142857,389.78499999999997,819.4547056199356,High Value
12736.0,2011-01-11 07:57:00,2011-01-11 07:57:00,1,173,43.25,5.58,234.0,58.5,21.068459839295333,332,0,0.0,0.0,234.0,644.4684549278498,Medium Value
12738.0,2010-12-02 18:27:00,2010-12-02 18:27:00,1,148,13.454545454545455,3.95,155.35,14.122727272727273,3.433319358606452,368,0,0.0,0.0,155.35,195.02153549253032,Low Value
12739.0,2011-09-01 17:45:00,2011-09-22 13:00:00,2,486,12.789473684210526,4.008421052631578,1013.04,26.658947368421053,30.687671244810794,77,20,10.0,3.0,506.52,972.2219224070374,High Value
12740.0,2011-10-07 10:44:00,2011-10-07 10:44:00,1,342,12.666666666666666,2.074074074074074,427.6,15.837037037037037,6.322009670018408,63,0,0.0,0.0,427.6,442.6060467114472,Medium Value
12743.0,2011-07-28 16:06:00,2011-07-28 16:21:00,2,319,2.3805970149253732,3.038582089552239,546.43,4.077835820895522,3.5502384462841547,133,0,0.0,0.0,273.215,638.6461161703946,Medium Value
12744.0,2011-01-25 13:26:00,2011-10-14 14:54:00,5,5236,24.129032258064516,5.497649769585253,9522.29,43.88152073732719,37.49949708293364,55,262,52.4,0.5725190839694657,1786.2049999999992,10636.077511619047,VIP
12747.0,2010-12-05 15:38:00,2011-12-07 14:34:00,11,1275,12.37864077669903,4.3678640776699025,4196.01,40.737961165048546,46.59594803470983,1,366,33.27272727272727,0.9016393442622951,381.4554545454546,3610.286017429791,VIP
12748.0,2010-12-01 12:48:00,2011-12-09 12:20:00,30,25747,5.603264417845484,2.656278563656148,16525.23879999992,7.338352557127313,21.78654059343414,0,372,1.7799043062200957,16.85483870967742,161.3384210526316,16389.924812838028,VIP
12749.0,2011-05-10 15:25:00,2011-12-06 09:56:00,5,1471,7.391959798994975,4.999949748743719,4090.88,20.55718592964824,11.160059878220078,3,209,41.8,0.7177033492822966,818.176,3531.624175697331,VIP
12750.0,2011-08-03 09:13:00,2011-08-03 09:13:00,1,137,9.133333333333333,4.62,275.88,18.392,7.752775724124322,128,0,0.0,0.0,275.88,276.87887525046676,Low Value
12752.0,2011-09-19 13:32:00,2011-09-19 13:32:00,1,2262,42.679245283018865,2.2941509433962266,4366.78,82.3920754716981,73.19723033217778,80,0,0.0,0.0,1786.2049999999992,4124.207048506493,VIP
12753.0,2010-12-12 11:44:00,2011-11-17 10:52:00,6,11421,57.974619289340104,2.3373604060913706,16525.23879999992,108.77862944162436,72.44463078264968,22,339,56.5,0.5309734513274336,1786.2049999999992,15408.547809825346,VIP
12754.0,2011-02-04 10:31:00,2011-04-18 09:00:00,3,6481,102.87301587301587,1.125079365079365,3010.74,47.78952380952381,95.04691831946813,235,72,24.0,1.25,1003.5799999999999,4783.472099989177,VIP
12755.0,2011-03-04 12:42:00,2011-03-04 12:42:00,1,3,1.0,5.849999999999999,17.549999999999997,5.849999999999999,4.150903516103451,280,0,0.0,0.0,17.549999999999997,21.13628757936508,Low Value
12756.0,2011-09-14 09:31:00,2011-09-14 09:31:00,1,144,36.0,0.7424999999999999,112.08,28.02,22.64865558923973,86,0,0.0,0.0,112.08,129.12146936147184,Low Value
12757.0,2011-05-12 19:01:00,2011-11-24 12:30:00,11,2400,6.504065040650406,5.245609756097561,5373.14,14.561355013550136,42.497702716763726,15,195,17.727272727272727,1.6923076923076923,488.46727272727276,5246.125903214287,VIP
12758.0,2011-03-08 12:05:00,2011-08-15 10:22:00,2,2135,22.010309278350515,1.700618556701031,2791.59,28.779278350515465,17.02908848653182,116,159,79.5,0.37735849056603776,1395.795,2696.422860357143,VIP
12759.0,2011-03-09 08:09:00,2011-10-18 14:49:00,3,902,9.494736842105263,3.2154736842105267,1531.44,16.12042105263158,7.374191757484192,51,223,74.33333333333333,0.40358744394618834,510.48,1587.4840257097233,High Value
12762.0,2011-11-14 14:23:00,2011-12-02 10:23:00,2,1227,17.782608695652176,2.736086956521739,1898.52,27.51478260869565,27.009146141995917,7,17,8.5,3.5294117647058822,949.26,1858.1231470310252,VIP
12763.0,2010-12-05 15:46:00,2011-07-24 14:12:00,2,316,17.555555555555557,1.7716666666666667,494.08,27.448888888888888,26.31112421612463,137,230,115.0,0.2608695652173913,247.04,452.764416915114,Medium Value
12764.0,2011-01-27 10:19:00,2011-01-27 10:19:00,1,386,8.577777777777778,5.387555555555555,1693.88,37.64177777777778,29.117840071063654,316,0,0.0,0.0,1693.88,1500.3605616666675,High Value
12766.0,2010-12-08 13:53:00,2011-12-06 08:46:00,7,3646,11.761290322580646,3.070806451612903,6989.63,22.547193548387096,17.53714680295252,3,362,51.714285714285715,0.580110497237569,998.5185714285715,6773.726489801589,VIP
12769.0,2011-04-15 10:25:00,2011-04-15 10:25:00,1,356,11.125,4.45625,1143.6,35.7375,32.8962824647406,238,0,0.0,0.0,1143.6,1021.6635495634921,High Value
12770.0,2011-05-13 09:33:00,2011-05-13 09:33:00,1,743,61.916666666666664,2.625,1351.45,112.62083333333334,71.95736243313351,210,0,0.0,0.0,1351.45,1519.3696046969696,High Value
12772.0,2011-10-11 09:19:00,2011-10-11 09:19:00,1,556,10.10909090909091,3.7007272727272724,892.47,16.226727272727274,18.005438895835052,59,0,0.0,0.0,892.47,947.6544508377245,High Value
12775.0,2011-02-01 13:45:00,2011-11-22 16:33:00,5,877,13.287878787878787,3.880606060606061,1386.04,21.00060606060606,10.730962087312923,16,294,58.8,0.5102040816326531,277.20799999999997,1539.0533929202275,High Value
12778.0,2011-01-31 14:35:00,2011-11-20 11:30:00,6,825,16.5,3.5094,822.23,16.4446,9.273260706054208,19,292,48.666666666666664,0.6164383561643836,137.03833333333333,1104.3271136507933,High Value
12779.0,2010-12-03 13:40:00,2011-11-02 11:43:00,8,2024,13.583892617449665,3.6543624161073827,3981.36,26.72053691275168,16.394010021182787,37,333,41.625,0.7207207207207208,497.67,3807.918079365078,VIP
12781.0,2011-02-28 08:43:00,2011-10-07 10:37:00,2,671,26.84,3.1308,826.74,33.0696,15.677647697704316,63,221,110.5,0.2714932126696833,413.37,1002.7516416810971,High Value
12782.0,2010-12-17 11:30:00,2011-12-05 09:16:00,5,1086,10.54368932038835,3.805436893203883,2330.92,22.630291262135923,17.958129376375716,4,352,70.4,0.42613636363636365,466.184,2322.9653374206355,VIP
12783.0,2011-09-25 15:35:00,2011-12-07 15:56:00,6,624,7.428571428571429,12.22857142857143,2225.91,26.49892857142857,47.779489752475214,1,73,12.166666666666666,2.4657534246575343,370.98499999999996,2405.860178950217,VIP
12784.0,2011-11-24 12:53:00,2011-11-30 15:38:00,2,300,5.084745762711864,2.8015254237288136,574.42,9.73593220338983,10.079444107318901,8,6,3.0,10.0,287.21,555.7057964850089,Medium Value
12785.0,2010-12-10 13:48:00,2010-12-10 13:48:00,1,131,9.357142857142858,4.828571428571428,311.95,22.282142857142855,11.81904602330911,363,0,0.0,0.0,311.95,323.6830161949113,Medium Value
12787.0,2011-05-31 09:36:00,2011-11-30 08:44:00,3,261,13.05,3.998,463.66,23.183,13.110849304056709,9,182,60.666666666666664,0.4945054945054945,154.55333333333334,548.6525873079759,Medium Value
12789.0,2011-10-05 13:34:00,2011-10-05 13:34:00,1,4,1.0,22.9625,91.85,22.9625,11.506547049397577,64,0,0.0,0.0,91.85,100.18219503968254,Low Value
12790.0,2011-05-31 14:14:00,2011-05-31 14:14:00,1,166,7.904761904761905,3.948571428571429,324.92,15.472380952380954,8.612819459829577,191,0,0.0,0.0,324.92,326.3647571188958,Medium Value
12791.0,2010-12-01 11:27:00,2010-12-01 11:27:00,1,97,48.5,8.425,192.60000000000002,96.30000000000001,114.97556262093264,368,0,0.0,0.0,192.60000000000002,369.01016372405377,Medium Value
12792.0,2011-03-28 11:36:00,2011-03-28 11:36:00,1,217,8.68,3.5096,400.54,16.0216,9.03351384198493,256,0,0.0,0.0,400.54,415.94155229645395,Medium Value
12793.0,2010-12-03 15:14:00,2011-01-09 12:12:00,2,295,12.291666666666666,3.91,545.48,22.728333333333335,14.02010688623483,334,36,18.0,1.6666666666666667,272.74,566.182459505334,Medium Value
12794.0,2011-09-02 12:01:00,2011-10-17 14:54:00,2,592,13.155555555555555,2.077111111111111,860.41,19.12022222222222,10.090821997531155,52,45,22.5,1.3333333333333333,430.205,831.5262375980396,High Value
12795.0,2011-11-21 10:27:00,2011-11-21 10:27:00,1,68,4.857142857142857,7.695,430.48,30.74857142857143,26.537868982077104,18,0,0.0,0.0,430.48,375.6633851923076,Medium Value
12797.0,2010-12-09 10:55:00,2010-12-09 10:55:00,1,118,9.076923076923077,5.143846153846154,254.03,19.540769230769232,8.312727652560323,365,0,0.0,0.0,254.03,285.407915781746,Low Value
12798.0,2011-06-22 10:11:00,2011-06-22 10:11:00,1,2256,376.0,0.7999999999999999,1607.04,267.84,166.86114562713516,170,0,0.0,0.0,1607.04,1159.03649515873,High Value
12802.0,2011-06-06 09:36:00,2011-06-06 09:36:00,1,314,12.56,2.52,427.58,17.1032,8.190750230188522,186,0,0.0,0.0,427.58,436.15982240686606,Medium Value
12808.0,2010-12-06 10:27:00,2011-11-03 10:05:00,3,188,6.714285714285714,4.0460714285714285,483.65000000000003,17.273214285714285,3.5487995399294077,36,331,110.33333333333333,0.2719033232628399,161.21666666666667,480.93509272749316,Medium Value
12809.0,2011-06-15 10:51:00,2011-06-15 10:51:00,1,220,8.8,4.4092,489.31,19.572400000000002,14.570298349725032,177,0,0.0,0.0,489.31,502.0599931274269,Medium Value
12811.0,2011-02-28 15:39:00,2011-03-24 09:42:00,3,230,7.419354838709677,4.12258064516129,514.85,16.608064516129033,5.687414420956057,260,23,7.666666666666667,3.913043478260869,171.61666666666667,546.5411139113181,Medium Value
12812.0,2011-10-26 09:54:00,2011-10-26 09:54:00,1,164,10.933333333333334,2.0686666666666667,229.64000000000001,15.309333333333335,5.879105212125234,44,0,0.0,0.0,229.64000000000001,217.4595420790673,Low Value
12814.0,2011-08-30 12:11:00,2011-08-30 12:11:00,1,49,24.5,20.895,125.92,62.96,32.470343392086264,101,0,0.0,0.0,125.92,301.50377234126995,Low Value
12815.0,2011-05-25 13:34:00,2011-07-15 10:21:00,2,379,8.063829787234043,5.401489361702128,1063.46,22.6268085106383,18.546249955693373,147,50,25.0,1.2,531.73,1094.5255690656566,High Value
12816.0,2011-06-16 13:24:00,2011-09-05 12:41:00,2,128,4.413793103448276,8.832758620689654,572.2,19.731034482758623,13.632566141629802,95,80,40.0,0.75,286.1,548.4114171880342,Medium Value
12817.0,2011-03-03 16:28:00,2011-03-03 16:28:00,1,53,13.25,12.0725,166.04000000000002,41.510000000000005,13.358657617190936,280,0,0.0,0.0,166.04000000000002,201.69638696192695,Low Value
12818.0,2011-03-23 12:06:00,2011-03-23 12:06:00,1,929,66.35714285714286,6.755,1542.08,110.14857142857143,118.99735400142585,261,0,0.0,0.0,1542.08,2201.9764010317463,VIP
12820.0,2011-01-17 12:34:00,2011-12-06 15:12:00,4,722,12.23728813559322,1.9047457627118642,942.34,15.97186440677966,5.279517831490071,2,323,80.75,0.37151702786377705,235.585,989.5176625974024,High Value
12821.0,2011-05-09 15:51:00,2011-05-09 15:51:00,1,70,11.666666666666666,2.4983333333333335,92.72,15.453333333333333,4.392114145450534,213,0,0.0,0.0,92.72,102.9091431790982,Low Value
12822.0,2011-09-13 13:46:00,2011-09-30 10:04:00,2,550,11.956521739130435,2.692608695652174,948.88,20.62782608695652,14.571163594662423,70,16,8.0,3.75,474.44,912.4000502489174,High Value
12823.0,2011-02-16 12:15:00,2011-09-26 07:35:00,5,230,46.0,7.65,1759.5,351.9,138.96915125307487,74,221,44.2,0.6787330316742082,351.9,1326.9318387698413,High Value
12824.0,2011-10-11 12:49:00,2011-10-11 12:49:00,1,232,9.28,2.5356,397.12,15.8848,8.947605415230752,59,0,0.0,0.0,397.12,386.62726125834325,Medium Value
12826.0,2010-12-09 15:21:00,2011-12-07 10:25:00,7,1058,11.626373626373626,1.9276923076923078,1474.72,16.205714285714286,5.609080761062992,2,362,51.714285714285715,0.580110497237569,210.67428571428573,1410.052348333333,High Value
12827.0,2011-10-26 15:44:00,2011-12-04 12:17:00,3,197,7.88,2.8680000000000003,430.15,17.206,8.320543852417341,5,38,12.666666666666666,2.368421052631579,143.38333333333333,416.6584051033127,Medium Value
12828.0,2011-08-01 16:16:00,2011-12-07 08:45:00,6,494,8.821428571428571,3.09,1018.71,18.19125,9.187188522858637,2,127,21.166666666666668,1.4173228346456692,169.785,966.8758772488342,High Value
12829.0,2010-12-14 14:54:00,2011-01-07 11:13:00,2,376,34.18181818181818,10.368181818181817,293.0,26.636363636363637,21.020824090756896,336,23,11.5,2.608695652173913,146.5,750.4752519444443,High Value
12830.0,2011-06-21 10:53:00,2011-11-02 11:54:00,6,9848,259.1578947368421,1.0863157894736843,6814.64,179.33263157894737,134.07934370776076,37,134,22.333333333333332,1.3432835820895521,1135.7733333333333,7300.438102976187,VIP
12831.0,2011-03-22 13:02:00,2011-03-22 13:02:00,1,135,15.0,3.066666666666667,215.05,23.894444444444446,9.833629939029525,261,0,0.0,0.0,215.05,238.0771963676401,Low Value
12832.0,2011-09-02 13:48:00,2011-11-07 13:30:00,2,195,7.222222222222222,2.928888888888889,383.03000000000003,14.186296296296298,3.5025311157110672,31,65,32.5,0.9230769230769231,191.51500000000001,393.5997767384587,Medium Value
12833.0,2011-07-17 13:46:00,2011-07-17 13:46:00,1,156,6.5,5.44125,417.38,17.390833333333333,5.030143845005755,144,0,0.0,0.0,417.38,425.8032241435738,Medium Value
12834.0,2011-03-02 09:49:00,2011-03-02 09:49:00,1,110,6.111111111111111,4.893888888888889,312.38,17.354444444444443,4.183209044321924,282,0,0.0,0.0,312.38,332.45632395604406,Medium Value
12836.0,2011-02-01 11:19:00,2011-10-11 15:10:00,4,1064,6.08,4.287828571428571,2612.86,14.930628571428572,12.9772913133871,58,252,63.0,0.47619047619047616,653.215,2591.1665788528144,VIP
12837.0,2011-06-19 16:07:00,2011-06-19 16:07:00,1,24,2.0,6.745833333333334,134.1,11.174999999999999,6.875995795651578,172,0,0.0,0.0,134.1,127.71381496900648,Low Value
12838.0,2010-12-01 11:57:00,2011-11-06 12:20:00,2,359,2.9186991869918697,2.3197560975609757,683.13,5.55390243902439,5.61818412326108,33,340,170.0,0.1764705882352941,341.565,617.9747401258275,Medium Value
12839.0,2010-12-07 15:48:00,2011-12-07 12:33:00,14,3807,12.124203821656051,1.9202229299363058,5591.42,17.80707006369427,8.728569905895478,2,364,26.0,1.153846153846154,399.38714285714286,5179.159550039684,VIP
12840.0,2011-04-27 12:21:00,2011-07-19 09:29:00,4,1511,13.371681415929203,2.035486725663717,2726.77,24.13070796460177,10.537611270113604,143,82,20.5,1.4634146341463414,681.6925,2367.8702144139206,VIP
12841.0,2010-12-03 10:43:00,2011-12-05 11:13:00,25,2757,6.564285714285714,2.395166666666667,4022.35,9.577023809523808,10.220292671474786,4,367,14.68,2.043596730245232,160.894,4498.805678571427,VIP
12842.0,2011-02-04 12:36:00,2011-09-30 15:33:00,2,547,16.08823529411765,4.3302941176470595,1118.99,32.9114705882353,30.522410657044944,69,238,119.0,0.25210084033613445,559.495,1159.4455530245,High Value
12843.0,2011-03-20 14:38:00,2011-10-05 12:09:00,8,781,7.58252427184466,3.513203883495146,1702.26,16.526796116504855,12.3585156172554,65,198,24.75,1.2121212121212122,212.7825,1688.5900519718023,VIP
12844.0,2011-08-01 13:11:00,2011-11-10 13:31:00,2,125,2.4038461538461537,2.631153846153846,325.96000000000004,6.268461538461539,5.307772098117113,28,101,50.5,0.594059405940594,162.98000000000002,250.91419430346843,Low Value
12845.0,2011-02-22 14:10:00,2011-03-17 13:34:00,4,204,7.555555555555555,2.7903703703703706,354.09000000000003,13.114444444444446,41.46181119029278,266,22,5.5,5.454545454545455,88.52250000000001,384.55989174190637,Medium Value
12847.0,2011-11-17 13:16:00,2011-11-17 13:16:00,1,909,9.989010989010989,1.3392307692307692,871.54,9.577362637362636,11.96214258355313,21,0,0.0,0.0,871.54,835.3927630952386,High Value
12849.0,2011-03-16 12:26:00,2011-11-08 13:41:00,2,623,12.215686274509803,2.8945098039215686,1050.89,20.605686274509807,20.350341643805585,30,237,118.5,0.2531645569620253,525.445,1055.911542738149,High Value
12851.0,2011-09-04 12:41:00,2011-09-04 12:41:00,1,109,2.18,1.9465999999999999,135.18,2.7036000000000002,2.812619347127644,96,0,0.0,0.0,135.18,160.6885563139689,Low Value
12852.0,2011-02-18 08:47:00,2011-02-18 08:47:00,1,149,8.764705882352942,3.65,311.55,18.326470588235296,5.111357379865536,294,0,0.0,0.0,311.55,323.8869108524227,Medium Value
12853.0,2011-01-28 10:28:00,2011-07-28 11:29:00,6,800,10.256410256410257,4.250512820512821,1957.1000000000001,25.09102564102564,16.09245839255821,134,181,30.166666666666668,0.994475138121547,326.18333333333334,1962.40584718254,VIP
12854.0,2011-01-25 13:35:00,2011-09-22 12:15:00,3,627,5.7,2.7746363636363633,1324.5,12.040909090909091,15.03975011659573,78,239,79.66666666666667,0.37656903765690375,441.5,1273.8992913636366,High Value
12855.0,2010-12-02 09:37:00,2010-12-02 09:37:00,1,30,10.0,1.55,38.1,12.700000000000001,4.330127018922195,368,0,0.0,0.0,38.1,44.64296206349206,Low Value
12856.0,2011-10-07 12:38:00,2011-12-02 10:52:00,6,1079,3.4363057324840764,2.543407643312102,2179.93,6.942452229299363,6.418552286627969,7,55,9.166666666666666,3.272727272727273,363.32166666666666,1695.8732048773452,VIP
12857.0,2011-02-10 12:32:00,2011-05-13 10:20:00,2,343,7.456521739130435,4.142391304347826,1106.4,24.05217391304348,11.809233470851616,210,91,45.5,0.6593406593406593,553.2,1007.3991132712465,High Value
12863.0,2011-10-18 14:15:00,2011-10-18 14:15:00,1,188,37.6,3.374,521.2,104.24000000000001,133.6212108910857,51,0,0.0,0.0,521.2,454.67231281746024,Medium Value
12864.0,2011-07-24 13:03:00,2011-07-24 13:03:00,1,216,72.0,0.6566666666666666,147.12,49.04,61.143542586278066,137,0,0.0,0.0,147.12,164.06613709956713,Low Value
12865.0,2011-08-08 10:11:00,2011-11-13 14:31:00,2,925,9.736842105263158,3.119157894736842,1568.23,16.507684210526318,7.028926169103319,25,97,48.5,0.6185567010309279,784.115,1585.9632755609668,High Value
12866.0,2011-03-01 14:11:00,2011-03-01 14:11:00,1,171,6.576923076923077,4.4157692307692304,559.12,21.504615384615384,12.81863463268042,282,0,0.0,0.0,559.12,522.2157177301588,Medium Value
12867.0,2010-12-14 16:39:00,2011-11-13 15:30:00,7,4298,7.988847583643123,1.3313382899628252,4036.82,7.503382899628253,7.130345966350858,25,333,47.57142857142857,0.6306306306306306,576.6885714285714,3126.481547795814,VIP
12868.0,2010-12-01 12:50:00,2011-06-07 10:42:00,6,928,8.672897196261681,2.611682242990654,1607.0600000000002,15.0192523364486,5.904255373135322,185,187,31.166666666666668,0.9625668449197861,267.84333333333336,1619.5571491350313,High Value
12871.0,2011-05-16 13:32:00,2011-09-16 15:07:00,2,200,18.181818181818183,2.110909090909091,380.64,34.60363636363636,47.24727870951453,83,123,61.5,0.48780487804878053,190.32,358.8973933184001,Medium Value
12872.0,2010-12-09 14:44:00,2011-01-17 10:52:00,2,319,4.833333333333333,2.4956060606060606,599.97,9.090454545454547,8.675186973257638,326,38,19.0,1.5789473684210527,299.985,566.4582284114022,Medium Value
12873.0,2011-03-02 14:58:00,2011-03-02 14:58:00,1,128,32.0,4.0375,374.0,93.5,17.0,281,0,0.0,0.0,374.0,409.36091914285697,Medium Value
12875.0,2010-12-12 12:03:00,2011-07-19 15:30:00,2,2019,1009.5,0.17,343.2300000000001,171.61500000000004,172.73911557606172,142,219,109.5,0.273972602739726,171.61500000000004,811.210220595238,High Value
12876.0,2011-05-27 13:34:00,2011-10-13 12:26:00,2,1941,22.83529411764706,2.2544705882352942,2218.02,26.09435294117647,20.992060032254077,57,138,69.0,0.4347826086956522,1109.01,2591.8343157142863,VIP
12877.0,2010-12-16 12:23:00,2011-12-06 10:30:00,12,1178,7.64935064935065,1.8988961038961039,1535.77,9.972532467532467,12.410395419152579,3,354,29.5,1.0169491525423728,127.98083333333334,1591.0103969047614,High Value
12878.0,2011-03-18 14:02:00,2011-04-17 13:07:00,2,547,11.638297872340425,2.0325531914893618,854.99,18.191276595744682,6.617481662404998,235,29,14.5,2.0689655172413794,427.495,766.6095474780124,High Value
12879.0,2011-09-09 12:11:00,2011-10-26 12:24:00,3,370,37.0,1.832,573.22,57.322,56.14766519336905,44,47,15.666666666666666,1.9148936170212767,191.07333333333335,591.1841173552755,Medium Value
12881.0,2011-03-09 11:44:00,2011-03-09 11:44:00,1,21,3.0,32.971428571428575,298.0,42.57142857142857,67.25485643643673,275,0,0.0,0.0,298.0,246.31888690476185,Low Value
12882.0,2011-11-06 11:22:00,2011-11-30 16:18:00,2,246,18.923076923076923,6.437692307692307,1463.04,112.54153846153847,61.75429078832685,8,24,12.0,2.5,731.52,1281.9559217857138,High Value
12883.0,2011-09-11 15:18:00,2011-11-15 09:32:00,4,196,4.666666666666667,5.926904761904762,703.47,16.749285714285715,4.118723098868968,24,64,16.0,1.875,175.8675,693.3087676785715,High Value
12884.0,2011-09-12 13:10:00,2011-09-12 13:10:00,1,43,6.142857142857143,15.984285714285715,309.05,44.15,55.695937912921444,87,0,0.0,0.0,309.05,292.62879165945174,Low Value
12885.0,2011-08-08 11:45:00,2011-10-07 13:40:00,3,655,9.225352112676056,3.5930985915492957,1175.22,16.552394366197184,6.173301609069432,62,60,20.0,1.5,391.74,1166.975753632182,High Value
12886.0,2011-05-04 11:21:00,2011-10-03 10:09:00,2,770,9.390243902439025,3.7206097560975615,1378.4,16.809756097560978,5.871800778655694,67,151,75.5,0.3973509933774835,689.2,1501.4657597168352,High Value
12888.0,2011-03-29 14:31:00,2011-05-09 16:02:00,2,76,15.2,5.896,354.12,70.824,30.414159202581946,213,41,20.5,1.4634146341463414,177.06,359.18014596681087,Medium Value
12890.0,2011-11-15 17:26:00,2011-11-15 17:26:00,1,259,3.158536585365854,1.8129268292682927,380.46999999999997,4.639878048780488,6.679220678629595,23,0,0.0,0.0,380.46999999999997,379.6152789608706,Medium Value
12891.0,2011-02-20 11:28:00,2011-06-07 12:31:00,3,950,316.6666666666667,0.3666666666666667,331.0,110.33333333333333,83.91861136442462,185,107,35.666666666666664,0.8411214953271028,110.33333333333333,480.1284880158731,Medium Value
12893.0,2011-11-09 12:34:00,2011-11-09 12:34:00,1,96,2.823529411764706,2.2108823529411765,188.14,5.533529411764706,6.547896207296888,30,0,0.0,0.0,188.14,178.33621388151175,Low Value
12895.0,2011-09-14 08:35:00,2011-10-28 13:51:00,2,210,9.545454545454545,3.222727272727273,372.8,16.945454545454545,3.0378528245373877,41,44,22.0,1.3636363636363638,186.4,383.28784646232106,Medium Value
12897.0,2011-02-11 11:40:00,2011-05-19 12:13:00,2,110,27.5,2.7,216.5,54.125,17.365363034884513,204,97,48.5,0.6185567010309279,108.25,231.171114488304,Low Value
12901.0,2011-03-14 10:41:00,2011-12-01 10:07:00,25,11951,108.64545454545454,1.4813636363636362,10663.04,96.93672727272728,152.1137223306993,8,261,10.44,2.873563218390805,426.52160000000003,13107.460355000694,VIP
12902.0,2011-03-20 12:06:00,2011-03-20 12:06:00,1,66,6.6,5.619,138.68,13.868,4.766596269876441,264,0,0.0,0.0,138.68,162.2318473583894,Low Value
12904.0,2011-06-20 13:18:00,2011-11-21 14:34:00,2,302,4.194444444444445,3.085,509.58,7.0775,7.408149442945524,17,154,77.0,0.3896103896103896,254.79,640.7792078585567,Medium Value
12906.0,2011-09-22 15:03:00,2011-11-28 09:55:00,5,1749,27.761904761904763,2.551904761904762,2919.81,46.34619047619047,55.308113924618844,11,66,13.2,2.2727272727272725,583.962,2924.065995992065,VIP
12908.0,2011-01-31 12:37:00,2011-06-16 15:39:00,2,1200,600.0,0.625,750.0,375.0,80.61017305526642,175,136,68.0,0.4411764705882353,375.0,709.8710686652239,High Value
12909.0,2011-03-31 12:51:00,2011-10-31 12:43:00,5,1280,14.065934065934066,6.7639560439560436,2178.67,23.941428571428574,34.821976508183845,39,213,42.6,0.7042253521126761,435.73400000000004,2432.2882764682545,VIP
12910.0,2011-04-12 10:01:00,2011-11-16 14:28:00,8,1692,22.56,2.0928,3075.04,41.00053333333333,26.802477088696296,22,218,27.25,1.1009174311926606,384.38,2818.6961262698414,VIP
12912.0,2011-10-30 11:35:00,2011-12-07 08:55:00,5,670,27.916666666666668,2.7191666666666667,1662.3,69.2625,33.47994769748136,2,37,7.4,4.0540540540540535,332.46,1542.3890250396828,High Value
12913.0,2010-12-06 16:36:00,2011-12-05 12:11:00,5,1419,28.38,2.9248000000000003,2483.63,49.6726,46.67830089811212,4,363,72.6,0.4132231404958678,496.726,2616.0353599603177,VIP
12915.0,2010-12-02 12:33:00,2011-07-14 11:34:00,2,93,4.2272727272727275,6.788636363636363,363.65,16.529545454545453,5.461284932768397,148,223,111.5,0.26905829596412556,181.825,369.6446624747474,Medium Value
12916.0,2011-01-23 10:43:00,2011-07-24 10:35:00,4,1119,10.457943925233645,4.126635514018692,3006.15,28.094859813084113,25.54756486436682,138,181,45.25,0.6629834254143646,751.5375,2770.3785299682017,VIP
12917.0,2011-08-03 16:42:00,2011-08-03 16:42:00,1,120,60.0,4.95,594.0,297.0,0.0,127,0,0.0,0.0,594.0,572.2330041125541,Medium Value
12919.0,2011-06-23 09:22:00,2011-12-01 13:47:00,6,673,13.46,2.6044,1335.19,26.7038,19.89414444565259,7,161,26.833333333333332,1.1180124223602486,222.53166666666667,1300.943103769841,High Value
12920.0,2011-11-22 15:05:00,2011-11-22 15:05:00,1,129,4.607142857142857,3.8410714285714285,164.23,5.8653571428571425,4.574013135532206,16,0,0.0,0.0,164.23,282.2330229177095,Low Value
12921.0,2010-12-01 15:06:00,2011-11-30 16:22:00,30,9526,13.230555555555556,2.3401944444444447,16525.23879999992,23.037625,15.952469249561519,8,364,9.837837837837839,3.0494505494505497,448.29972972972973,15505.232326494328,VIP
12922.0,2011-07-01 15:35:00,2011-07-01 15:35:00,1,370,13.214285714285714,1.627857142857143,405.38,14.477857142857143,5.352446555266492,160,0,0.0,0.0,405.38,435.7957656132756,Medium Value
12923.0,2011-10-06 16:20:00,2011-10-06 16:20:00,1,69,2.3793103448275863,2.936551724137931,176.97,6.102413793103448,5.2370095441499105,63,0,0.0,0.0,176.97,167.6180593781116,Low Value
12924.0,2011-01-16 11:49:00,2011-09-12 13:55:00,4,481,16.033333333333335,3.1883333333333335,933.7,31.123333333333335,34.26401372842372,87,239,59.75,0.502092050209205,233.425,928.3321233730162,High Value
12925.0,2011-09-26 11:05:00,2011-12-05 11:11:00,2,541,12.022222222222222,2.310222222222222,694.05,15.423333333333332,6.168163864112679,4,70,35.0,0.8571428571428571,347.025,748.3683841433627,High Value
12928.0,2010-12-15 15:45:00,2011-11-04 14:24:00,5,1472,17.523809523809526,1.9426190476190477,2062.7,24.55595238095238,18.71997831832796,34,323,64.6,0.46439628482972134,412.53999999999996,1919.3963790945165,VIP
12929.0,2011-02-01 12:08:00,2011-02-01 12:08:00,1,37,4.625,7.11875,117.85,14.73125,3.065352170399257,311,0,0.0,0.0,117.85,157.3728694503538,Low Value
12930.0,2011-06-21 13:25:00,2011-09-22 15:18:00,2,252,10.08,2.9948,415.8,16.632,5.447373220186038,77,93,46.5,0.6451612903225806,207.9,433.1915612240703,Medium Value
12931.0,2010-12-17 09:45:00,2011-11-18 12:39:00,15,19472,263.13513513513516,1.5931081081081082,16525.23879999992,369.32054054054055,211.0353970951344,21,336,22.4,1.3392857142857144,1786.2049999999992,15484.364267123754,VIP
12933.0,2011-03-01 11:30:00,2011-11-15 16:38:00,3,499,4.7075471698113205,2.6469811320754717,607.53,5.7314150943396225,6.427519174638179,23,259,86.33333333333333,0.3474903474903475,202.51,708.1619953711732,High Value
12935.0,2011-01-24 13:58:00,2011-12-07 17:25:00,7,1853,14.364341085271318,2.032325581395349,2160.7,16.749612403100773,6.150210413461067,1,317,45.285714285714285,0.6624605678233438,308.6714285714285,2191.079786554835,VIP
12936.0,2011-09-22 13:51:00,2011-11-22 17:32:00,4,559,9.016129032258064,2.033225806451613,1063.9,17.15967741935484,20.085317365297662,16,61,15.25,1.9672131147540985,265.975,997.5659817490849,High Value
12937.0,2011-03-17 14:19:00,2011-11-24 15:05:00,4,1007,8.391666666666667,2.371666666666667,1504.27,12.535583333333333,12.058335782426063,14,252,63.0,0.47619047619047616,376.0675,1502.9132027446415,High Value
12938.0,2011-11-14 11:21:00,2011-11-14 11:21:00,1,140,15.555555555555555,1.271111111111111,114.14,12.682222222222222,4.102614342641099,25,0,0.0,0.0,114.14,132.4754138455988,Low Value
12939.0,2011-01-09 11:20:00,2011-10-06 14:33:00,8,4876,103.74468085106383,2.403404255319149,11581.8,246.42127659574467,172.7906293455731,63,270,33.75,0.8888888888888888,1447.725,9318.004811896823,VIP
12940.0,2011-09-13 10:16:00,2011-10-16 12:09:00,2,411,4.151515151515151,3.8207070707070705,913.54,9.227676767676767,7.765379319523769,54,33,16.5,1.8181818181818181,456.77,956.0551492612752,High Value
12942.0,2010-12-09 09:34:00,2011-07-31 14:39:00,3,203,2.7066666666666666,4.1378666666666675,683.9,9.118666666666666,7.29574335973869,130,234,78.0,0.38461538461538464,227.96666666666667,626.4451956349207,Medium Value
12944.0,2010-12-20 10:41:00,2011-11-04 11:04:00,2,289,9.633333333333333,3.1886666666666668,604.51,20.150333333333332,7.678847113239445,35,319,159.5,0.18808777429467086,302.255,615.9065063313407,Medium Value
12945.0,2011-02-24 14:15:00,2011-02-24 14:15:00,1,165,7.173913043478261,4.95,462.95,20.128260869565217,8.695647109682318,287,0,0.0,0.0,462.95,457.97569951597904,Medium Value
12947.0,2010-12-01 16:21:00,2011-07-19 10:06:00,6,1165,12.010309278350515,3.270309278350515,1603.99,16.535979381443298,14.68011230229196,143,229,38.166666666666664,0.7860262008733624,267.33166666666665,2090.1931775910366,VIP
12948.0,2011-03-20 10:17:00,2011-11-23 17:10:00,7,1080,9.310344827586206,2.932758620689655,2064.95,17.801293103448273,7.229478967355137,15,248,35.42857142857143,0.846774193548387,294.99285714285713,2005.6185846103895,VIP
12949.0,2011-04-01 13:20:00,2011-11-09 11:25:00,8,2381,11.074418604651163,2.8786511627906974,4167.22,19.382418604651164,8.404646395828001,30,221,27.625,1.0859728506787332,520.9025,3836.166262936508,VIP
12950.0,2011-11-15 13:48:00,2011-12-07 13:17:00,3,1380,60.0,1.3891304347826086,1843.0,80.1304347826087,66.61718611714254,1,21,7.0,4.285714285714286,614.3333333333334,1659.8803128571421,VIP
12951.0,2011-01-13 10:33:00,2011-12-01 12:14:00,6,503,7.984126984126984,3.006031746031746,1064.07,16.89,6.441978257567138,8,322,53.666666666666664,0.5590062111801243,177.345,1053.2259850521705,High Value
12952.0,2011-09-22 16:37:00,2011-12-04 10:35:00,4,653,8.265822784810126,4.062658227848101,1387.79,17.566962025316457,5.732306412451427,5,72,18.0,1.6666666666666667,346.9475,1403.8867834574094,High Value
12953.0,2011-11-30 09:24:00,2011-11-30 09:24:00,1,84,4.9411764705882355,6.647058823529412,329.85,19.40294117647059,5.789766580685576,9,0,0.0,0.0,329.85,332.9790880221387,Medium Value
12955.0,2011-03-17 09:03:00,2011-12-08 16:29:00,11,3664,20.355555555555554,1.6899444444444445,4757.16,26.428666666666665,21.355406689181432,0,266,24.181818181818183,1.2406015037593985,432.4690909090909,4441.323010854979,VIP
12956.0,2011-02-06 16:08:00,2011-02-06 16:08:00,1,34,1.7894736842105263,4.365263157894737,108.07,5.687894736842105,3.7924421609115733,305,0,0.0,0.0,108.07,135.2904183547729,Low Value
12957.0,2011-01-04 12:18:00,2011-11-30 09:53:00,8,2549,10.710084033613445,2.817563025210084,4017.54,16.880420168067225,7.420974880508916,9,329,41.125,0.729483282674772,502.1925,4016.719827559523,VIP
12962.0,2011-08-18 13:38:00,2011-12-02 15:55:00,2,129,8.0625,2.985625,266.39,16.649375,7.712389572413123,6,106,53.0,0.5660377358490566,133.195,270.55217706087797,Low Value
12963.0,2010-12-09 09:14:00,2011-12-01 12:55:00,8,881,9.273684210526316,3.294842105263158,1856.63,19.54347368421053,8.558684002094267,7,357,44.625,0.6722689075630252,232.07875,1853.7870202777779,VIP
12965.0,2011-09-11 15:31:00,2011-09-11 15:31:00,1,283,2.596330275229358,3.6638532110091746,771.91,7.081743119266055,5.503246658587378,88,0,0.0,0.0,771.91,711.7881012227278,High Value
12966.0,2011-11-30 12:38:00,2011-11-30 12:38:00,1,75,7.5,3.4230000000000005,160.18,16.018,3.963964906224295,9,0,0.0,0.0,160.18,168.1046949467437,Low Value
12967.0,2010-12-03 09:49:00,2010-12-16 19:10:00,2,438,23.05263157894737,6.476315789473684,1660.9,87.41578947368421,58.14987592570974,357,13,6.5,4.615384615384615,830.45,1547.7314473412705,High Value
12968.0,2011-08-19 15:44:00,2011-08-19 15:44:00,1,73,14.6,3.29,135.95,27.189999999999998,21.266182073893752,111,0,0.0,0.0,135.95,151.97735912727165,Low Value
12970.0,2011-01-21 14:04:00,2011-12-02 14:30:00,4,310,2.052980132450331,2.0307947019867547,452.24,2.9949668874172186,3.353294872046932,6,315,78.75,0.38095238095238093,113.06,476.088991927736,Medium Value
12971.0,2010-12-02 16:42:00,2011-12-06 12:20:00,30,9289,30.455737704918032,2.310327868852459,11189.91,36.68822950819672,36.56015994058782,3,368,4.27906976744186,7.010869565217391,130.11523255813952,13385.729156868954,VIP
12974.0,2011-05-26 09:33:00,2011-05-26 09:33:00,1,24,3.0,7.7,144.8,18.1,7.626504535406206,197,0,0.0,0.0,144.8,134.55216955772684,Low Value
12976.0,2011-05-12 09:55:00,2011-05-12 09:55:00,1,561,25.5,1.5345454545454544,738.6,33.57272727272727,46.288799239826204,211,0,0.0,0.0,738.6,684.3452408447256,High Value
12977.0,2011-07-06 16:40:00,2011-07-06 16:40:00,1,12,1.3333333333333333,4.23,39.239999999999995,4.359999999999999,6.578022119147973,155,0,0.0,0.0,39.239999999999995,44.0824674025974,Low Value
12980.0,2010-12-16 11:36:00,2011-07-05 09:34:00,9,886,44.3,15.904500000000002,7374.900000000001,368.745,265.2201760900991,157,200,22.22222222222222,1.3499999999999999,819.4333333333334,4677.722523055552,VIP
12981.0,2011-07-29 14:14:00,2011-11-10 12:00:00,2,242,12.1,1.6235,372.21999999999997,18.610999999999997,7.948374146889876,29,103,51.5,0.5825242718446603,186.10999999999999,359.2144457502363,Medium Value
12982.0,2011-04-11 11:51:00,2011-04-11 11:51:00,1,288,10.285714285714286,1.8478571428571429,390.54,13.947857142857144,5.381140149835285,242,0,0.0,0.0,390.54,359.25983922378583,Medium Value
12984.0,2011-11-21 12:37:00,2011-11-21 12:37:00,1,26,6.5,3.85,97.5,24.375,6.551526539669972,18,0,0.0,0.0,97.5,95.70797155086194,Low Value
12985.0,2011-11-11 12:44:00,2011-12-09 10:46:00,2,1533,20.17105263157895,1.914342105263158,1239.38,16.30763157894737,7.834755876804509,0,27,13.5,2.2222222222222223,619.69,1541.447490339105,High Value
12987.0,2011-05-26 12:00:00,2011-09-27 12:03:00,2,219,7.821428571428571,6.110714285714286,558.7,19.95357142857143,9.110788563783503,73,124,62.0,0.48387096774193544,279.35,582.540198489011,Medium Value
12988.0,2011-02-20 14:31:00,2011-02-20 14:31:00,1,136,1.4782608695652173,4.110217391304348,535.32,5.818695652173914,5.5297757873175,291,0,0.0,0.0,535.32,374.4033375624593,Medium Value
12989.0,2010-12-10 13:24:00,2011-12-06 15:28:00,15,2943,45.984375,3.1915625,6924.11,108.18921875,151.26036573483847,2,361,24.066666666666666,1.2465373961218837,461.6073333333333,6727.922880039682,VIP
12990.0,2011-02-02 15:39:00,2011-11-08 13:01:00,3,200,15.384615384615385,2.05,409.5,31.5,13.227181609599732,30,278,92.66666666666667,0.3237410071942446,136.5,368.7903450487678,Medium Value
12991.0,2011-08-19 14:39:00,2011-11-16 15:34:00,2,405,13.064516129032258,2.3067741935483874,503.76,16.25032258064516,7.491363687104849,22,89,44.5,0.6741573033707865,251.88,551.0118288276171,Medium Value
12993.0,2011-02-14 14:29:00,2011-11-16 15:49:00,4,240,8.88888888888889,2.1377777777777776,414.76,15.361481481481482,3.732490098604729,22,275,68.75,0.4363636363636364,103.69,381.33354068401854,Medium Value
12994.0,2011-03-16 08:31:00,2011-12-05 15:43:00,3,459,7.524590163934426,4.212459016393442,974.42,15.974098360655738,4.064516526004531,3,264,88.0,0.3409090909090909,324.8066666666667,975.1576674534823,High Value
12995.0,2011-09-15 15:44:00,2011-09-15 15:44:00,1,108,36.0,1.9566666666666668,211.32,70.44,55.91060006832336,84,0,0.0,0.0,211.32,201.33931466716933,Low Value
12997.0,2011-01-26 15:49:00,2011-11-17 15:47:00,4,664,11.254237288135593,3.2942372881355935,1226.89,20.794745762711866,15.831898001528455,21,294,73.5,0.4081632653061224,306.7225,1282.5121012189902,High Value
12999.0,2011-04-08 10:26:00,2011-05-27 13:24:00,3,342,12.214285714285714,2.549285714285714,455.88,16.28142857142857,13.59014558946508,195,49,16.333333333333332,1.836734693877551,151.96,501.2364935173162,Medium Value
13000.0,2010-12-10 10:26:00,2011-08-25 10:43:00,3,379,12.225806451612904,3.0125806451612904,534.85,17.253225806451614,12.551081331130206,106,258,86.0,0.3488372093023256,178.28333333333333,589.0650123654245,Medium Value
13001.0,2011-01-17 12:45:00,2011-12-05 14:51:00,13,5505,16.238938053097346,2.419882005899705,9818.82,28.964070796460177,45.211773005389105,3,322,24.76923076923077,1.2111801242236027,755.2938461538462,9886.825011825396,VIP
13002.0,2011-01-25 15:18:00,2011-01-25 15:18:00,1,73,10.428571428571429,2.8214285714285716,120.95,17.27857142857143,5.140351572189814,317,0,0.0,0.0,120.95,150.6903956396177,Low Value
13003.0,2011-05-09 08:23:00,2011-08-26 10:50:00,3,103,17.166666666666668,2.25,149.05,24.84166666666667,18.582314620807242,105,109,36.333333333333336,0.8256880733944955,49.68333333333334,172.30780764627627,Low Value
13004.0,2010-12-17 08:20:00,2011-11-28 11:27:00,18,4822,11.935643564356436,2.0111633663366337,5655.91,13.999777227722772,5.668397369130755,11,346,19.22222222222222,1.560693641618497,314.21722222222223,6012.327075317462,VIP
13005.0,2011-04-07 13:32:00,2011-06-19 10:53:00,2,172,6.615384615384615,5.117307692307692,513.7,19.75769230769231,12.149935738988024,173,72,36.0,0.8333333333333334,256.85,518.2578311605615,Medium Value
13006.0,2011-10-14 13:49:00,2011-10-14 13:49:00,1,55,13.75,5.295,81.57,20.3925,17.128158832752572,55,0,0.0,0.0,81.57,140.3315049276711,Low Value
13008.0,2011-01-20 14:24:00,2011-01-20 14:24:00,1,175,12.5,1.7342857142857144,229.47,16.390714285714285,6.893913105928149,322,0,0.0,0.0,229.47,242.18240303589388,Low Value
13011.0,2010-12-02 17:22:00,2010-12-02 17:22:00,1,13,4.333333333333333,4.216666666666667,50.550000000000004,16.85,1.6039014932345452,368,0,0.0,0.0,50.550000000000004,52.117152009379524,Low Value
13012.0,2011-02-18 09:43:00,2011-11-30 13:05:00,8,824,9.258426966292134,3.2319101123595506,1661.8400000000001,18.6723595505618,7.85072840026382,8,285,35.625,0.8421052631578947,207.73000000000002,1669.9164201763435,VIP
13013.0,2010-12-03 12:28:00,2011-12-08 15:01:00,13,2224,10.155251141552512,3.163470319634703,4810.9400000000005,21.967762557077627,13.661634085581285,0,370,28.46153846153846,1.054054054054054,370.07230769230773,4645.915390555555,VIP
13014.0,2011-03-03 18:28:00,2011-11-29 12:27:00,10,905,8.302752293577981,5.255229357798165,3466.28,31.800733944954132,29.48633571505251,10,270,27.0,1.1111111111111112,346.62800000000004,2951.1783703968263,VIP
13015.0,2011-04-04 14:28:00,2011-10-17 13:19:00,5,1617,9.1875,5.035568181818181,3346.28,19.012954545454548,21.777181145624674,52,195,39.0,0.7692307692307693,669.2560000000001,3720.68942470635,VIP
13016.0,2011-08-08 15:00:00,2011-09-27 14:08:00,3,527,11.212765957446809,3.173191489361702,789.89,16.806170212765956,5.488934541892478,72,49,16.333333333333332,1.836734693877551,263.2966666666667,813.6226859601801,High Value
13017.0,2011-12-02 15:53:00,2011-12-02 15:53:00,1,48,48.0,4.25,204.0,204.0,0.0,6,0,0.0,0.0,204.0,213.46597145940174,Low Value
13018.0,2011-02-17 11:05:00,2011-11-23 13:28:00,28,5435,11.866812227074236,2.1802183406113538,7277.7,15.890174672489083,7.516190225475124,15,279,9.964285714285714,3.010752688172043,259.91785714285714,7734.70150846032,VIP
13021.0,2010-12-16 10:12:00,2011-12-05 16:37:00,9,1352,10.320610687022901,3.812290076335878,2616.38,19.97236641221374,11.858549128537613,3,354,39.333333333333336,0.7627118644067796,290.7088888888889,2784.4656366105587,VIP
13023.0,2011-08-02 09:34:00,2011-10-06 16:27:00,2,286,7.15,4.5525,689.9,17.2475,7.781974816926746,63,65,32.5,0.9230769230769231,344.95,716.7708070915032,High Value
13026.0,2011-03-09 11:35:00,2011-12-08 16:58:00,5,1620,40.5,0.6757500000000001,975.36,24.384,27.82828931418254,0,274,54.8,0.5474452554744526,195.072,1018.9439303968259,High Value
13027.0,2010-12-20 12:45:00,2011-08-18 09:39:00,6,17280,664.6153846153846,0.4,6912.0,265.84615384615387,119.31125422446695,113,240,40.0,0.75,1152.0,7426.303875627703,VIP
13028.0,2011-10-25 14:09:00,2011-11-17 11:10:00,2,798,17.733333333333334,1.014,661.3199999999999,14.695999999999998,7.145371801510276,22,22,11.0,2.7272727272727275,330.65999999999997,638.3829667857145,Medium Value
13029.0,2010-12-21 13:53:00,2011-11-09 09:13:00,3,134,13.4,7.388,1247.5,124.75,177.64859976931987,30,322,107.33333333333333,0.27950310559006214,415.8333333333333,988.2321869119775,High Value
13030.0,2010-12-06 14:31:00,2011-11-28 14:30:00,2,394,3.9797979797979797,3.17989898989899,799.48,8.075555555555555,8.622600491094607,10,356,178.0,0.16853932584269662,399.74,782.910841190476,High Value
13032.0,2011-09-13 16:40:00,2011-10-18 15:54:00,2,375,5.28169014084507,3.81943661971831,1010.1800000000001,14.227887323943662,8.868401195173307,51,34,17.0,1.7647058823529411,505.09000000000003,948.143888092634,High Value
13033.0,2010-12-17 14:23:00,2010-12-17 14:23:00,1,83,7.545454545454546,2.640909090909091,190.55,17.322727272727274,3.493806207874418,356,0,0.0,0.0,190.55,181.61388031755578,Low Value
13034.0,2010-12-05 14:52:00,2011-10-16 12:21:00,2,369,9.972972972972974,2.3721621621621622,642.77,17.372162162162162,4.891347880092365,54,314,157.0,0.19108280254777069,321.385,628.5230543871975,Medium Value
13035.0,2011-03-24 09:21:00,2011-09-27 08:57:00,2,644,23.85185185185185,1.8218518518518518,921.88,34.1437037037037,25.226183611500563,73,186,93.0,0.3225806451612903,460.94,931.4339067797725,High Value
13037.0,2011-03-28 15:42:00,2011-07-24 15:46:00,3,431,8.979166666666666,3.8214583333333336,881.07,18.355625,8.47357266113987,137,118,39.333333333333336,0.7627118644067797,293.69,916.1713043622602,High Value
13038.0,2011-02-22 11:43:00,2011-09-20 14:37:00,3,360,12.857142857142858,2.7582142857142857,908.46,32.445,30.38389369873941,79,210,70.0,0.42857142857142855,302.82,669.075539491472,Medium Value
13040.0,2011-11-06 13:53:00,2011-12-01 10:38:00,2,355,8.255813953488373,2.8039534883720934,676.99,15.743953488372092,4.582475490041686,8,24,12.0,2.5,338.495,643.9032287715908,Medium Value
13043.0,2011-03-11 14:52:00,2011-03-11 14:52:00,1,254,19.53846153846154,5.680000000000001,516.42,39.72461538461538,28.31508920916685,272,0,0.0,0.0,516.42,604.9150685714286,Medium Value
13044.0,2011-02-21 15:20:00,2011-02-21 15:20:00,1,429,13.0,3.258787878787879,560.47,16.983939393939394,10.485896462449556,290,0,0.0,0.0,560.47,652.7801450076312,Medium Value
13045.0,2011-09-01 15:04:00,2011-09-01 15:04:00,1,221,12.277777777777779,1.5705555555555555,305.28000000000003,16.96,9.790266474772729,98,0,0.0,0.0,305.28000000000003,295.2174316928025,Low Value
13046.0,2011-03-18 15:43:00,2011-11-09 08:36:00,2,264,7.542857142857143,6.142857142857143,629.31,17.980285714285714,12.478408289737041,30,235,117.5,0.25531914893617025,314.655,657.2835191544566,Medium Value
13047.0,2010-12-01 08:34:00,2011-11-08 12:06:00,10,1391,8.087209302325581,3.9320348837209305,3237.54,18.822906976744186,8.573930276655911,31,342,34.2,0.8771929824561403,323.754,3111.583148722223,VIP
13048.0,2011-01-16 14:36:00,2011-11-25 13:23:00,4,1238,9.102941176470589,1.8322058823529412,1835.91,13.499338235294118,7.578183619194704,13,312,78.0,0.3846153846153846,458.9775,1395.690743751804,High Value
13049.0,2011-01-25 16:33:00,2011-10-06 15:31:00,2,268,19.142857142857142,3.9335714285714287,656.6800000000001,46.90571428571429,45.15949678030691,63,253,126.5,0.23715415019762845,328.34000000000003,763.6916441269842,High Value
13050.0,2010-12-08 09:30:00,2011-11-25 09:18:00,17,3748,9.300248138957816,2.9888833746898262,5836.86,14.483523573200992,8.536053650935946,14,351,20.647058823529413,1.4529914529914532,343.3447058823529,6064.8067332539695,VIP
13052.0,2011-05-11 14:12:00,2011-05-11 14:12:00,1,222,12.333333333333334,3.2938888888888886,348.15000000000003,19.34166666666667,15.400303759418287,211,0,0.0,0.0,348.15000000000003,353.5693825457638,Medium Value
13055.0,2011-05-10 08:58:00,2011-09-22 14:26:00,3,894,11.763157894736842,2.4710526315789476,1214.41,15.979078947368421,5.734498217544194,77,135,45.0,0.6666666666666666,404.80333333333334,1236.092426187758,High Value
13058.0,2011-07-11 12:01:00,2011-11-15 12:43:00,3,52,6.5,5.825,271.40000000000003,33.925000000000004,37.248451549791206,24,127,42.333333333333336,0.7086614173228346,90.46666666666668,250.0235279112555,Low Value
13059.0,2011-04-04 10:40:00,2011-04-04 10:40:00,1,35,4.375,5.21875,183.4,22.925,27.509076424232887,249,0,0.0,0.0,183.4,164.0394188915185,Low Value
13060.0,2011-03-31 11:37:00,2011-03-31 11:37:00,1,123,8.2,3.982666666666667,307.53000000000003,20.502000000000002,12.509541615445848,253,0,0.0,0.0,307.53000000000003,314.0315215666233,Medium Value
13061.0,2011-09-28 16:04:00,2011-09-28 16:04:00,1,107,10.7,3.403,248.61,24.861,15.128490010572769,71,0,0.0,0.0,248.61,263.9345141498998,Low Value
13062.0,2011-06-01 15:12:00,2011-06-01 15:12:00,1,343,31.181818181818183,6.819090909090908,346.98,31.543636363636367,28.294397775081645,190,0,0.0,0.0,346.98,545.3781489177492,Medium Value
13064.0,2011-01-16 13:41:00,2011-11-27 12:31:00,4,516,7.478260869565218,3.555217391304348,1119.49,16.22449275362319,10.497964723786154,12,314,78.5,0.38216560509554137,279.8725,1132.3950381654943,High Value
13065.0,2010-12-01 16:52:00,2010-12-01 16:52:00,1,74,5.285714285714286,5.222142857142857,205.86,14.704285714285716,4.704480212088693,368,0,0.0,0.0,205.86,220.34533065796953,Low Value
13066.0,2011-11-07 17:06:00,2011-11-15 12:57:00,2,322,6.708333333333333,3.1733333333333333,470.8,9.808333333333334,7.57980697372072,23,7,3.5,8.571428571428571,235.4,541.4266194619047,Medium Value
13067.0,2011-09-18 13:38:00,2011-09-18 13:38:00,1,32,2.1333333333333333,3.86,115.46000000000001,7.697333333333334,4.930962622141075,81,0,0.0,0.0,115.46000000000001,111.94920062518966,Low Value
13068.0,2011-01-24 08:20:00,2011-11-29 15:00:00,2,200,100.0,1.72,344.0,172.0,9.899494936611665,9,309,154.5,0.1941747572815534,172.0,331.1486249206349,Medium Value
13069.0,2010-12-05 11:02:00,2011-12-09 08:39:00,24,5885,13.847058823529412,1.705764705882353,4436.12,10.437929411764706,16.115198408929267,0,368,15.333333333333334,1.9565217391304346,184.83833333333334,5642.220270912698,VIP
13070.0,2011-05-31 13:45:00,2011-05-31 13:45:00,1,110,12.222222222222221,2.08,228.8,25.422222222222224,9.171937878357248,191,0,0.0,0.0,228.8,223.2883573425163,Low Value
13072.0,2011-03-18 08:12:00,2011-03-18 08:12:00,1,69,9.857142857142858,3.3500000000000005,177.15,25.307142857142857,9.165443641355129,266,0,0.0,0.0,177.15,159.77112513995257,Low Value
13075.0,2011-08-02 10:19:00,2011-08-02 10:19:00,1,485,22.045454545454547,2.0395454545454546,919.61,41.80045454545455,24.03382863447205,129,0,0.0,0.0,919.61,790.1759044011545,High Value
13077.0,2010-12-08 14:59:00,2011-12-08 19:24:00,4,863,7.705357142857143,1.7558035714285716,729.27,6.5113392857142856,9.48134370067527,0,365,91.25,0.32876712328767127,182.3175,879.6067217676771,High Value
13078.0,2010-12-08 09:07:00,2011-12-06 15:36:00,26,5630,15.726256983240223,3.9574301675977654,12627.94,35.27357541899441,39.6615496696054,2,363,13.961538461538462,2.1487603305785123,485.69,12508.653497243864,VIP
13079.0,2011-07-22 14:41:00,2011-12-05 16:53:00,5,62,10.333333333333334,4.166666666666667,220.10000000000002,36.68333333333334,29.517954987882653,3,136,27.2,1.1029411764705883,44.02,230.9190775251139,Low Value
13080.0,2011-06-13 14:59:00,2011-06-13 14:59:00,1,120,20.0,0.5783333333333333,58.08,9.68,4.959161219399909,178,0,0.0,0.0,58.08,67.6836140873016,Low Value
13081.0,2010-12-03 17:20:00,2011-11-28 10:54:00,11,19068,18.62109375,2.3001953125,16525.23879999992,27.67322265625,28.966126780263146,11,359,32.63636363636363,0.9192200557103064,1786.2049999999992,16116.77515997137,VIP
13082.0,2011-01-05 15:42:00,2011-08-05 16:16:00,9,4324,59.23287671232877,2.9687671232876713,3613.63,49.50178082191781,114.07162335010874,125,212,23.555555555555557,1.2735849056603774,401.51444444444445,5222.070763481241,VIP
13083.0,2011-09-25 10:46:00,2011-12-05 15:01:00,2,187,10.38888888888889,3.4066666666666667,303.75,16.875,9.5240465016035,3,71,35.5,0.8450704225352113,151.875,291.1566877069711,Low Value
13085.0,2011-02-17 13:57:00,2011-07-05 12:11:00,2,216,9.818181818181818,4.003636363636364,416.08,18.91272727272727,11.616394072835654,157,137,68.5,0.43795620437956206,208.04,435.070241388604,Medium Value
13089.0,2010-12-05 10:27:00,2011-12-07 09:02:00,30,31070,17.09020902090209,2.737816281628163,16525.23879999992,32.35744224422442,40.43712422692511,2,366,3.7731958762886597,7.950819672131148,606.4518556701031,16427.54864163803,VIP
13090.0,2010-12-02 07:48:00,2011-12-01 12:39:00,14,2263,14.6,4.534516129032259,8910.82,57.48916129032258,90.50230828623191,8,364,26.0,1.153846153846154,636.4871428571429,7185.226041078641,VIP
13091.0,2011-11-11 15:54:00,2011-11-11 15:54:00,1,466,22.19047619047619,0.9933333333333333,345.82,16.467619047619046,8.254456920210986,27,0,0.0,0.0,345.82,341.69971785714273,Medium Value
13092.0,2010-12-15 12:27:00,2011-09-30 11:18:00,5,279,11.16,5.018,477.83,19.1132,7.727154888228051,70,288,57.6,0.5208333333333334,95.566,605.9351685105013,Medium Value
13093.0,2010-12-01 15:00:00,2011-03-09 12:14:00,8,3961,24.91194968553459,3.273647798742138,7832.47,49.260817610062894,48.52181164201813,275,97,12.125,2.4742268041237114,979.05875,8201.051442182537,VIP
13094.0,2010-12-06 10:34:00,2011-11-18 14:07:00,12,1716,71.5,1.2525000000000002,1927.3200000000002,80.305,23.221479000195522,20,347,28.916666666666668,1.037463976945245,160.61,1949.1588746855925,VIP
13095.0,2011-09-30 12:03:00,2011-09-30 12:03:00,1,144,24.0,0.6933333333333334,74.39999999999999,12.399999999999999,3.5155426323684367,70,0,0.0,0.0,74.39999999999999,111.86740019841272,Low Value
13097.0,2010-12-14 15:13:00,2011-11-07 10:43:00,10,2363,5.58628841607565,4.244113475177305,6010.42,14.209030732860521,12.287146995368092,32,327,32.7,0.9174311926605504,601.042,5085.744878282828,VIP
13098.0,2011-01-26 13:46:00,2011-12-08 14:14:00,28,15968,27.916083916083917,2.7601223776223778,16525.23879999992,50.49377622377622,57.636907533787905,0,316,11.285714285714286,2.6582278481012658,1031.5157142857142,16434.702711904694,VIP
13099.0,2011-09-01 17:40:00,2011-09-01 17:40:00,1,288,288.0,0.72,207.36,207.36,0.0,98,0,0.0,0.0,207.36,218.41027761904775,Low Value
13101.0,2011-04-19 14:37:00,2011-04-19 14:37:00,1,113,14.125,2.9675,101.19,12.64875,6.812992708263904,233,0,0.0,0.0,101.19,125.83224861111108,Low Value
13102.0,2010-12-09 13:38:00,2011-12-08 12:52:00,24,4204,13.828947368421053,2.5820394736842105,6424.09,21.131875,18.067166802649286,0,363,15.125,1.9834710743801653,267.67041666666665,6193.188886031746,VIP
13103.0,2011-10-31 09:38:00,2011-10-31 09:38:00,1,82,10.25,3.9675,243.94,30.4925,15.509403368832176,39,0,0.0,0.0,243.94,236.94722392202232,Low Value
13104.0,2010-12-20 11:58:00,2011-12-06 13:10:00,6,504,25.2,2.1715,1098.48,54.924,49.456278873364504,2,351,58.5,0.5128205128205129,183.08,1086.5551408658011,High Value
13106.0,2011-07-29 15:12:00,2011-07-29 15:12:00,1,18,18.0,4.25,76.5,76.5,0.0,132,0,0.0,0.0,76.5,91.75806231721057,Low Value
13107.0,2011-01-10 12:28:00,2011-10-26 14:52:00,4,1293,22.29310344827586,1.7613793103448274,1531.6200000000001,26.407241379310346,20.567550220701172,43,289,72.25,0.4152249134948097,382.90500000000003,1468.661654108946,High Value
13108.0,2010-12-02 10:35:00,2010-12-02 10:35:00,1,298,29.8,1.752,350.06,35.006,27.228325202504344,368,0,0.0,0.0,350.06,353.8403757799309,Medium Value
13109.0,2011-07-05 14:56:00,2011-10-11 10:16:00,2,520,11.063829787234043,2.6465957446808512,786.54,16.734893617021275,7.096108202308601,59,97,48.5,0.6185567010309279,393.27,800.1805870542147,High Value
13110.0,2011-02-01 15:24:00,2011-11-08 14:30:00,7,388,2.6758620689655173,4.7364137931034485,1488.67,10.266689655172414,9.160880829736207,30,279,39.857142857142854,0.7526881720430108,212.66714285714286,1419.3701002407531,High Value
13113.0,2010-12-08 13:21:00,2011-12-09 12:49:00,24,2845,14.296482412060302,3.426683417085427,10545.960000000001,52.99477386934674,67.065471507395,0,365,15.208333333333334,1.9726027397260275,439.415,8619.85834294012,VIP
13115.0,2011-06-08 16:15:00,2011-11-28 12:38:00,4,1567,13.058333333333334,2.5444999999999998,2294.78,19.12316666666667,10.34848472513936,11,172,43.0,0.6976744186046512,573.695,2293.093764345239,VIP
13116.0,2011-07-24 14:33:00,2011-07-24 14:33:00,1,291,9.7,4.5216666666666665,501.14,16.704666666666665,8.02050937127516,137,0,0.0,0.0,501.14,485.9446365180736,Medium Value
13117.0,2010-12-02 13:11:00,2011-11-18 12:02:00,8,945,12.43421052631579,2.4343421052631578,984.91,12.959342105263158,6.254219340685414,21,350,43.75,0.6857142857142857,123.11375,1100.1222859951165,High Value
13118.0,2011-02-24 12:32:00,2011-11-20 12:46:00,5,410,5.189873417721519,3.588354430379747,1197.81,15.162151898734177,14.898066702220476,19,269,53.8,0.5576208178438662,239.56199999999998,930.1403644002056,High Value
13120.0,2011-04-15 10:19:00,2011-04-15 10:19:00,1,12,12.0,2.55,30.6,30.6,0.0,238,0,0.0,0.0,30.6,31.95258536796538,Low Value
13121.0,2011-03-15 16:47:00,2011-03-15 16:47:00,1,252,5.04,1.6887999999999999,283.73,5.674600000000001,3.7968145671263507,268,0,0.0,0.0,283.73,296.74874502321427,Low Value
13122.0,2011-04-13 14:12:00,2011-09-06 15:53:00,2,585,10.636363636363637,2.6365454545454545,922.39,16.77072727272727,4.76560549747624,93,146,73.0,0.4109589041095891,461.195,929.4683700351609,High Value
13124.0,2010-12-15 15:00:00,2011-09-11 12:45:00,3,2147,9.136170212765958,3.3234893617021277,3866.33,16.452468085106382,13.849812360805922,89,269,89.66666666666667,0.3345724907063197,1288.7766666666666,3898.6400180586083,VIP
13126.0,2010-12-08 11:42:00,2011-12-05 10:00:00,8,2143,15.307142857142857,2.100142857142857,2099.64,14.997428571428571,8.181387401596695,4,361,45.125,0.6648199445983379,262.455,3556.441015021644,VIP
13127.0,2011-09-23 10:26:00,2011-09-23 10:26:00,1,127,8.466666666666667,2.8853333333333335,259.17,17.278000000000002,6.868984329162917,77,0,0.0,0.0,259.17,257.2119094447677,Low Value
13130.0,2011-09-06 15:30:00,2011-09-06 15:30:00,1,32,16.0,2.25,64.0,32.0,9.899494936611665,93,0,0.0,0.0,64.0,63.37083508910443,Low Value
13131.0,2011-06-05 10:54:00,2011-11-16 13:21:00,3,447,10.159090909090908,3.1161363636363633,1073.3,24.393181818181816,24.597725341302873,22,164,54.666666666666664,0.5487804878048781,357.76666666666665,983.89885451443,High Value
13132.0,2011-03-23 12:44:00,2011-03-23 12:44:00,1,20,6.666666666666667,4.933333333333334,77.3,25.766666666666666,16.678229322483045,261,0,0.0,0.0,77.3,95.0805427726042,Low Value
13133.0,2011-02-08 15:48:00,2011-03-11 10:31:00,2,32,4.571428571428571,5.3428571428571425,109.8,15.685714285714285,4.145752272478652,273,30,15.0,2.0,54.9,135.36121816942298,Low Value
13134.0,2011-04-13 12:57:00,2011-09-15 10:35:00,4,1059,10.806122448979592,3.113163265306122,1793.58,18.301836734693875,8.53061803237648,85,154,38.5,0.7792207792207791,448.395,1910.9748849783543,VIP
13136.0,2011-05-11 12:47:00,2011-10-14 13:41:00,5,1328,10.456692913385826,2.8439370078740156,2607.61,20.53236220472441,8.588852821442538,55,156,31.2,0.9615384615384615,521.522,2237.646770376984,VIP
13137.0,2011-02-04 11:54:00,2011-11-29 12:09:00,8,2226,3.1619318181818183,1.915241477272727,3650.41,5.185241477272727,4.948075470949751,10,298,37.25,0.8053691275167785,456.30125,3555.172983603895,VIP
13138.0,2010-12-02 15:03:00,2011-11-17 16:51:00,6,473,7.507936507936508,2.8215873015873014,962.39,15.276031746031746,3.9158336728996344,21,350,58.333333333333336,0.5142857142857143,160.39833333333334,946.3104440396828,High Value
13139.0,2011-03-25 11:57:00,2011-11-23 13:54:00,7,2425,14.264705882352942,3.541235294117647,5064.9400000000005,29.793764705882356,18.783841726427546,15,243,34.714285714285715,0.8641975308641976,723.5628571428572,4746.297160674604,VIP
13140.0,2010-12-08 15:12:00,2011-08-23 15:33:00,3,186,4.043478260869565,2.9486956521739134,423.72,9.211304347826088,6.994096751688574,107,258,86.0,0.3488372093023256,141.24,414.7476356606683,Medium Value
13141.0,2011-01-28 13:04:00,2011-09-16 09:54:00,5,1548,11.466666666666667,2.202444444444444,2388.75,17.694444444444443,10.04593343631965,84,230,46.0,0.6521739130434783,477.75,2352.456566598125,VIP
13142.0,2011-11-20 16:07:00,2011-11-20 16:07:00,1,258,11.217391304347826,2.9969565217391305,307.09000000000003,13.351739130434783,7.405796656043964,18,0,0.0,0.0,307.09000000000003,394.72783151630597,Medium Value
13144.0,2011-01-11 11:15:00,2011-01-11 11:15:00,1,21,7.0,6.216666666666666,110.95,36.983333333333334,23.180613307963473,332,0,0.0,0.0,110.95,107.58914321698123,Low Value
13145.0,2010-12-02 18:06:00,2011-10-31 12:45:00,4,145,24.166666666666668,51.71,618.52,103.08666666666666,104.31928041674112,39,332,83.0,0.3614457831325301,154.63,797.606895721501,High Value
13146.0,2011-11-13 15:29:00,2011-11-13 15:29:00,1,154,9.058823529411764,2.027058823529412,228.91,13.465294117647058,14.158323134135209,25,0,0.0,0.0,228.91,203.69463305438927,Low Value
13147.0,2011-09-01 12:28:00,2011-11-29 13:59:00,4,144,36.0,4.95,712.8,178.2,68.58921197972754,9,89,22.25,1.348314606741573,178.2,717.8891321103896,High Value
13148.0,2010-12-10 13:06:00,2011-11-10 15:23:00,12,1975,6.191222570532916,3.467742946708464,3707.12,11.621065830721003,9.09854415709852,28,335,27.916666666666668,1.0746268656716418,308.9266666666667,3775.1348549603176,VIP
13149.0,2011-02-23 13:57:00,2011-11-25 13:09:00,4,1280,14.883720930232558,2.881860465116279,1676.06,19.48906976744186,12.539046086985476,13,274,68.5,0.43795620437956206,419.015,1776.7546931385284,VIP
13151.0,2011-02-17 12:29:00,2011-02-17 12:29:00,1,363,4.905405405405405,5.689324324324324,1257.8700000000001,16.998243243243245,9.517896244776134,295,0,0.0,0.0,1257.8700000000001,1113.8335834920636,High Value
13153.0,2011-12-04 12:14:00,2011-12-04 12:14:00,1,418,27.866666666666667,1.278,486.22,32.41466666666667,40.68028688385052,5,0,0.0,0.0,486.22,498.98436420634886,Medium Value
13155.0,2010-12-06 12:44:00,2011-11-06 15:41:00,4,497,5.847058823529411,2.912,971.76,11.432470588235294,8.932254675356841,32,335,83.75,0.35820895522388063,242.94,934.4137070296244,High Value
13157.0,2011-02-14 14:03:00,2011-10-21 13:50:00,4,1439,16.54022988505747,1.8683908045977013,1741.22,20.014022988505747,9.976240665371847,48,248,62.0,0.48387096774193544,435.305,1715.3761432539684,VIP
13158.0,2011-01-25 09:58:00,2011-09-06 11:58:00,4,784,9.924050632911392,2.0106329113924053,1201.06,15.203291139240505,6.350932643304625,94,224,56.0,0.5357142857142857,300.265,1133.8015403282825,High Value
13159.0,2011-08-16 11:44:00,2011-12-01 11:20:00,4,1059,8.75206611570248,2.7321487603305785,1437.85,11.883057851239668,7.729622979483455,8,106,26.5,1.1320754716981132,359.4625,1547.1376545109058,High Value
13160.0,2011-11-17 13:07:00,2011-11-17 13:07:00,1,56,14.0,3.025,91.8,22.95,9.367496997597597,21,0,0.0,0.0,91.8,108.02858638222887,Low Value
13161.0,2011-01-30 14:03:00,2011-01-30 14:03:00,1,29,3.625,4.8625,112.75,14.09375,8.528458138156376,312,0,0.0,0.0,112.75,116.8231540313476,Low Value
13162.0,2011-01-09 10:43:00,2011-08-09 15:59:00,4,1713,21.68354430379747,1.4626582278481013,1688.29,21.370759493670885,14.115659768421217,121,212,53.0,0.5660377358490566,422.0725,1624.997168968254,High Value
13165.0,2010-12-23 14:06:00,2011-10-24 15:05:00,2,1376,32.76190476190476,0.800952380952381,1021.48,24.32095238095238,23.382023093584024,45,305,152.5,0.19672131147540986,510.74,869.0800662842718,High Value
13166.0,2011-03-01 15:16:00,2011-03-01 15:16:00,1,216,5.2682926829268295,2.3914634146341465,417.2,10.175609756097561,7.054184236600461,282,0,0.0,0.0,417.2,405.77736818824525,Medium Value
13167.0,2011-07-19 12:13:00,2011-11-21 12:24:00,4,785,12.076923076923077,2.9483076923076923,791.33,12.174307692307693,8.613748815344346,18,125,31.25,0.96,197.8325,1128.855939730547,High Value
13168.0,2011-01-25 13:55:00,2011-11-03 12:56:00,4,682,5.206106870229007,3.165267175572519,1319.19,10.070152671755725,8.392117820608432,35,281,70.25,0.4270462633451957,329.7975,1362.9577912445886,High Value
13169.0,2011-04-01 14:24:00,2011-10-07 12:11:00,2,272,20.923076923076923,3.7823076923076924,712.88,54.83692307692308,54.94673229359131,63,188,94.0,0.3191489361702128,356.44,777.0128501984126,High Value
13170.0,2011-11-13 12:19:00,2011-11-13 12:19:00,1,147,4.59375,1.54625,116.00999999999999,3.6253124999999997,2.497960438198822,26,0,0.0,0.0,116.00999999999999,150.06752471172624,Low Value
13171.0,2011-02-13 14:16:00,2011-11-18 10:27:00,3,229,4.978260869565218,4.0445652173913045,468.41,10.182826086956522,13.736679796652057,21,277,92.33333333333333,0.3249097472924188,156.13666666666668,528.2375056445214,Medium Value
13173.0,2010-12-07 14:30:00,2011-12-05 15:51:00,2,277,6.441860465116279,2.6467441860465115,353.65000000000003,8.224418604651163,6.17069159600275,3,363,181.5,0.1652892561983471,176.82500000000002,389.230510620683,Medium Value
13174.0,2010-12-05 16:24:00,2011-11-23 14:35:00,3,1395,4.442675159235669,3.3874840764331213,2817.03,8.971433121019109,7.891525615104567,15,352,117.33333333333333,0.2556818181818182,939.0100000000001,2697.7566581495416,VIP
13176.0,2011-10-24 15:43:00,2011-10-24 15:43:00,1,453,6.291666666666667,2.7775,492.84,6.845,6.499168527534563,45,0,0.0,0.0,492.84,542.1282246984129,Medium Value
13177.0,2011-10-06 09:56:00,2011-10-06 09:56:00,1,91,5.352941176470588,3.514705882352941,282.45,16.61470588235294,2.4020671244967815,64,0,0.0,0.0,282.45,240.17067465031346,Low Value
13178.0,2010-12-14 12:22:00,2011-11-13 16:14:00,11,3570,13.471698113207546,2.046566037735849,5725.47,21.60554716981132,12.183851294641027,25,334,30.363636363636363,0.9880239520958084,520.4972727272727,5285.335751587303,VIP
13182.0,2011-10-25 13:46:00,2011-10-25 13:46:00,1,201,18.272727272727273,0.6854545454545454,121.18,11.016363636363637,3.564410954778567,44,0,0.0,0.0,121.18,127.62039476190472,Low Value
13183.0,2011-01-09 10:50:00,2011-12-02 10:30:00,9,2208,23.48936170212766,2.032659574468085,3957.78,42.10404255319149,41.05960779262501,7,326,36.22222222222222,0.8282208588957055,439.75333333333333,3889.722882916665,VIP
13184.0,2011-02-22 17:25:00,2011-11-25 12:02:00,10,1692,9.348066298342541,1.8393922651933703,1701.29,9.39939226519337,9.70112812258599,14,275,27.5,1.090909090909091,170.129,2021.2086350721502,VIP
13185.0,2011-03-17 11:56:00,2011-03-17 11:56:00,1,12,12.0,5.95,71.4,71.4,0.0,267,0,0.0,0.0,71.4,74.94425439033186,Low Value
13186.0,2011-08-03 09:09:00,2011-10-31 11:40:00,3,820,10.379746835443038,3.2486075949367086,1575.89,19.947974683544306,9.2478545508795,39,89,29.666666666666668,1.0112359550561798,525.2966666666667,1535.7630026738732,High Value
13187.0,2011-01-06 18:57:00,2011-01-06 18:57:00,1,95,2.5675675675675675,3.765405405405405,236.02,6.378918918918919,5.134776195373717,336,0,0.0,0.0,236.02,237.7248461484622,Low Value
13188.0,2011-11-28 15:28:00,2011-11-28 15:28:00,1,25,12.5,9.575,114.6,57.3,59.821233688381916,10,0,0.0,0.0,114.6,109.73216207037933,Low Value
13189.0,2011-08-16 13:12:00,2011-11-21 10:39:00,2,842,29.03448275862069,0.39172413793103444,260.68,8.988965517241379,4.765313919225937,18,96,48.0,0.625,130.34,353.17547825396827,Medium Value
13192.0,2011-05-18 14:57:00,2011-09-05 14:13:00,2,595,9.444444444444445,2.6287301587301584,911.94,14.475238095238096,4.8288841485187515,94,109,54.5,0.5504587155963303,455.97,936.0668363374697,High Value
13193.0,2011-10-09 14:30:00,2011-10-09 14:30:00,1,50,1.7241379310344827,2.870344827586207,117.88,4.0648275862068965,4.053620622083824,60,0,0.0,0.0,117.88,124.16788510359304,Low Value
13194.0,2011-07-27 09:01:00,2011-07-27 09:01:00,1,26,8.666666666666666,2.65,60.7,20.233333333333334,12.691072978016214,135,0,0.0,0.0,60.7,63.85721740734179,Low Value
13196.0,2011-03-22 14:24:00,2011-11-28 13:54:00,4,1224,11.127272727272727,2.5078181818181817,1797.78,16.343454545454545,8.565039183419493,10,250,62.5,0.48,449.445,1785.33526,VIP
13198.0,2010-12-13 09:29:00,2011-11-29 15:17:00,6,2648,11.716814159292035,2.379336283185841,3401.2400000000002,15.049734513274338,6.137832402067542,9,351,58.5,0.5128205128205129,566.8733333333333,4002.062336289682,VIP
13199.0,2010-12-08 10:51:00,2011-12-06 12:30:00,30,6176,51.89915966386555,2.6299159663865543,9817.12,82.49680672268909,72.05896798929794,3,363,9.552631578947368,3.1404958677685952,258.34526315789475,10706.018259714283,VIP
13200.0,2011-08-05 14:50:00,2011-11-20 15:35:00,4,516,11.217391304347826,3.3756521739130436,870.09,18.915,13.46187369326177,18,107,26.75,1.1214953271028036,217.5225,953.9977274288666,High Value
13203.0,2011-04-11 14:40:00,2011-11-30 10:45:00,4,800,14.035087719298245,2.3040350877192983,869.46,15.253684210526316,8.033449630757936,9,232,58.0,0.5172413793103449,217.365,960.8426935364639,High Value
13207.0,2011-07-12 11:35:00,2011-11-24 14:52:00,2,130,16.25,2.2912500000000002,250.26000000000002,31.282500000000002,19.08126511978251,14,135,67.5,0.4444444444444444,125.13000000000001,240.69891519989812,Low Value
13208.0,2011-02-03 19:32:00,2011-10-12 09:54:00,6,804,5.395973154362416,2.338456375838926,1223.9,8.214093959731544,6.75690587807511,58,250,41.666666666666664,0.72,203.98333333333335,1234.5211135220336,High Value
13209.0,2010-12-13 10:31:00,2011-11-09 13:54:00,8,4253,13.249221183800623,2.2679127725856696,5891.61,18.35392523364486,11.500654173541285,29,331,41.375,0.7250755287009063,736.45125,5933.181984365079,VIP
13210.0,2011-09-07 08:18:00,2011-09-07 08:18:00,1,316,14.363636363636363,1.5118181818181817,353.48,16.067272727272726,6.0310925977038305,93,0,0.0,0.0,353.48,343.9187314983603,Medium Value
13211.0,2010-12-13 16:17:00,2011-11-29 14:43:00,3,874,15.607142857142858,1.4396428571428572,1197.42,21.3825,41.597863155346204,9,350,116.66666666666667,0.2571428571428572,399.14000000000004,823.7934581349208,High Value
13212.0,2011-10-09 14:48:00,2011-11-20 12:40:00,3,310,2.183098591549296,3.745211267605634,788.08,5.549859154929578,5.51301708929244,19,41,13.666666666666666,2.1951219512195124,262.6933333333333,775.1249863513681,High Value
13213.0,2011-05-24 12:22:00,2011-10-14 11:42:00,5,1360,15.11111111111111,2.7209999999999996,1520.58,16.895333333333333,9.658203499174197,56,142,28.4,1.056338028169014,304.116,1735.793742265512,VIP
13216.0,2011-03-17 12:18:00,2011-03-17 12:18:00,1,297,59.4,1.448,333.74,66.748,33.546316042152824,267,0,0.0,0.0,333.74,379.65574855602694,Medium Value
13217.0,2011-07-06 12:08:00,2011-08-09 15:32:00,3,262,65.5,2.38,533.98,133.495,83.11892744736302,121,34,11.333333333333334,2.6470588235294117,177.99333333333334,535.2108830555554,Medium Value
13218.0,2011-08-04 16:59:00,2011-08-04 16:59:00,1,88,17.6,0.9299999999999999,62.64,12.528,5.922458948781326,126,0,0.0,0.0,62.64,74.6253457142857,Low Value
13220.0,2011-04-17 10:59:00,2011-09-22 13:38:00,4,196,9.333333333333334,4.531904761904762,819.2900000000001,39.01380952380953,45.97204644957525,77,158,39.5,0.759493670886076,204.82250000000002,757.5846048809524,High Value
13221.0,2010-12-15 13:24:00,2011-04-13 16:58:00,2,244,3.696969696969697,5.01439393939394,847.41,12.839545454545455,9.85428113630247,239,119,59.5,0.5042016806722689,423.705,728.5541970238102,High Value
13223.0,2011-04-21 15:16:00,2011-05-23 13:03:00,2,88,17.6,1.9600000000000002,163.2,32.64,38.11676796371906,199,31,15.5,1.9354838709677418,81.6,164.2141219994901,Low Value
13224.0,2011-07-11 14:10:00,2011-10-10 14:55:00,2,1518,14.055555555555555,2.3142592592592592,2155.95,19.9625,21.87519890964305,59,91,45.5,0.6593406593406593,1077.975,2175.7324216305915,VIP
13225.0,2010-12-13 09:49:00,2011-12-06 13:29:00,7,3416,106.75,2.3603125,6463.84,201.995,112.59705445067266,2,358,51.142857142857146,0.5865921787709497,923.4057142857143,5826.412316428573,VIP
13226.0,2011-03-11 14:35:00,2011-03-11 14:35:00,1,80,5.0,2.711875,108.21000000000001,6.7631250000000005,4.14974974145028,272,0,0.0,0.0,108.21000000000001,148.69714811382198,Low Value
13227.0,2011-05-22 11:47:00,2011-05-22 11:47:00,1,99,11.0,2.5999999999999996,257.7,28.633333333333333,22.122895380125993,201,0,0.0,0.0,257.7,221.61364634415895,Low Value
13228.0,2011-09-19 14:28:00,2011-09-19 14:28:00,1,200,100.0,1.79,358.0,179.0,0.0,80,0,0.0,0.0,358.0,353.0077511549709,Medium Value
13229.0,2011-04-28 12:07:00,2011-04-28 12:07:00,1,63,6.3,4.0600000000000005,160.95,16.095,2.809848750377856,225,0,0.0,0.0,160.95,161.85325646330028,Low Value
13230.0,2010-12-09 19:28:00,2011-12-05 16:03:00,14,1665,2.7250409165302782,2.399050736497545,2806.97,4.5940589198036,6.168081474164608,3,360,25.714285714285715,1.1666666666666667,200.49785714285713,2778.6637417696184,VIP
13232.0,2011-04-10 13:48:00,2011-11-27 10:39:00,7,778,3.758454106280193,3.2770531400966183,1357.6,6.558454106280193,5.938537668268733,12,230,32.857142857142854,0.9130434782608695,193.94285714285712,1498.903655173993,High Value
13233.0,2011-01-07 14:49:00,2011-09-26 13:25:00,2,1004,23.348837209302324,0.737906976744186,605.12,14.072558139534884,8.051814374951906,73,261,130.5,0.2298850574712644,302.56,594.2440357936506,Medium Value
13235.0,2011-05-11 17:13:00,2011-05-11 17:13:00,1,441,7.603448275862069,2.7143103448275863,1031.07,17.77706896551724,14.194793214986015,211,0,0.0,0.0,1031.07,711.3837088000932,High Value
13236.0,2011-08-25 08:58:00,2011-11-15 12:50:00,2,416,11.555555555555555,4.0344444444444445,744.85,20.69027777777778,7.24642985441249,24,82,41.0,0.7317073170731707,372.425,798.5633828391052,High Value
13238.0,2010-12-14 14:37:00,2011-11-22 15:37:00,4,298,9.612903225806452,4.110645161290323,700.73,22.604193548387098,15.388639050544949,16,343,85.75,0.3498542274052478,175.1825,697.1849177182381,High Value
13239.0,2011-03-23 10:25:00,2011-03-23 10:25:00,1,327,15.571428571428571,1.590952380952381,329.56,15.693333333333333,8.929287952201639,261,0,0.0,0.0,329.56,340.9465078288689,Medium Value
13240.0,2010-12-09 12:49:00,2011-09-04 14:08:00,4,298,4.447761194029851,3.3132835820895523,663.65,9.905223880597015,6.147789787175539,95,269,67.25,0.44609665427509293,165.9125,686.9572758321576,High Value
13242.0,2011-05-10 12:26:00,2011-08-19 12:53:00,3,130,10.0,2.08,270.40000000000003,20.800000000000004,0.0,111,101,33.666666666666664,0.8910891089108911,90.13333333333334,246.37386041813036,Low Value
13243.0,2011-05-20 13:14:00,2011-05-20 13:14:00,1,233,4.017241379310345,3.6174137931034482,600.07,10.346034482758622,6.34719911696246,202,0,0.0,0.0,600.07,528.8891424085233,Medium Value
13244.0,2011-09-08 11:46:00,2011-09-08 11:46:00,1,38,1.4074074074074074,3.747777777777778,121.74000000000001,4.508888888888889,2.2246474799968667,92,0,0.0,0.0,121.74000000000001,118.31893331868505,Low Value
13245.0,2011-10-20 11:40:00,2011-10-20 11:40:00,1,125,7.8125,6.23125,430.5,26.90625,8.408425833650432,50,0,0.0,0.0,430.5,430.2941356406924,Medium Value
13246.0,2011-01-13 13:36:00,2011-11-21 16:50:00,6,1602,11.361702127659575,1.851418439716312,1987.3,14.094326241134752,27.514398965553724,17,312,52.0,0.5769230769230769,331.21666666666664,1955.8336244552672,VIP
13247.0,2011-09-18 11:31:00,2011-11-22 10:59:00,4,328,13.12,2.1075999999999997,501.12,20.0448,11.810156688206977,17,64,16.0,1.875,125.28,502.4235245454545,Medium Value
13248.0,2011-06-03 13:05:00,2011-08-07 12:40:00,2,305,11.73076923076923,2.6873076923076926,465.68,17.91076923076923,5.22270345555014,124,64,32.0,0.9375,232.84,468.5111350585286,Medium Value
13249.0,2011-03-23 15:26:00,2011-09-08 13:26:00,3,546,23.73913043478261,3.430869565217391,711.41,30.93086956521739,54.12499531077396,91,168,56.0,0.5357142857142857,237.13666666666666,1031.8952994444446,High Value
13253.0,2011-01-04 15:43:00,2011-07-06 10:09:00,2,1572,43.666666666666664,1.1419444444444444,1030.4,28.622222222222224,32.22321781494217,156,182,91.0,0.32967032967032966,515.2,1079.8553841666667,High Value
13255.0,2010-12-01 11:58:00,2011-11-30 13:14:00,2,177,13.615384615384615,4.96,399.51,30.73153846153846,21.30580353102328,8,364,182.0,0.16483516483516483,199.755,495.42837527167285,Medium Value
13258.0,2011-05-18 13:11:00,2011-11-28 09:31:00,3,287,7.552631578947368,3.663684210526316,698.5799999999999,18.383684210526315,16.652268641978146,11,193,64.33333333333333,0.46632124352331605,232.85999999999999,672.6835122608302,Medium Value
13259.0,2011-10-09 10:48:00,2011-10-09 10:48:00,1,132,1.5172413793103448,2.308390804597701,292.32,3.36,3.397778343921011,61,0,0.0,0.0,292.32,251.32448060162054,Low Value
13260.0,2011-10-09 13:21:00,2011-10-09 13:21:00,1,142,17.75,4.9675,557.62,69.7025,69.16298385490815,60,0,0.0,0.0,557.62,564.300588380231,Medium Value
13261.0,2011-02-27 10:41:00,2011-03-16 12:22:00,2,210,23.333333333333332,5.488888888888889,944.1,104.9,26.09913791679718,268,17,8.5,3.5294117647058822,472.05,936.435145357143,High Value
13262.0,2011-03-21 15:06:00,2011-03-21 15:06:00,1,125,11.363636363636363,3.092727272727273,200.29,18.208181818181817,12.608407368245855,262,0,0.0,0.0,200.29,198.3944868817877,Low Value
13263.0,2011-01-18 16:31:00,2011-12-08 13:59:00,30,4780,2.8503279666070362,2.2423792486583185,7454.07,4.444883720930233,4.819827554026414,0,323,9.228571428571428,3.2507739938080493,212.97342857142857,7156.6491301240985,VIP
13265.0,2011-03-11 09:54:00,2011-10-17 15:02:00,5,1752,19.252747252747252,2.3726373626373625,2107.66,23.1610989010989,28.16994286471347,52,220,44.0,0.6818181818181819,421.532,2209.4479440223668,VIP
13266.0,2011-03-28 10:14:00,2011-11-28 14:39:00,12,4428,23.67914438502674,1.9028877005347595,3834.2599999999998,20.504064171122995,16.433490017229982,10,245,20.416666666666668,1.469387755102041,319.52166666666665,5104.647649632034,VIP
13267.0,2010-12-08 09:20:00,2011-12-07 11:12:00,19,1969,9.33175355450237,3.5107582938388626,4521.49,21.428862559241704,10.660588013580949,2,364,19.157894736842106,1.565934065934066,237.97315789473683,4426.034884325397,VIP
13268.0,2011-03-17 13:20:00,2011-11-22 11:51:00,11,3658,8.313636363636364,1.5559545454545454,3214.69,7.306113636363636,6.282224598787329,17,249,22.636363636363637,1.325301204819277,292.24454545454546,3648.620508683261,VIP
13269.0,2010-12-05 11:51:00,2011-12-08 14:53:00,15,3514,11.120253164556962,2.545474683544304,5346.2300000000005,16.91844936708861,16.37024481691346,0,368,24.533333333333335,1.2228260869565217,356.41533333333336,5411.454050119048,VIP
13270.0,2010-12-08 14:53:00,2010-12-08 14:53:00,1,200,200.0,2.95,590.0,590.0,0.0,365,0,0.0,0.0,590.0,552.9903653968253,Medium Value
13271.0,2011-11-02 14:31:00,2011-11-02 14:31:00,1,253,2.6354166666666665,1.1966666666666665,217.38,2.264375,2.428154513638962,36,0,0.0,0.0,217.38,221.25093472222215,Low Value
13272.0,2011-09-11 12:06:00,2011-11-08 14:00:00,2,96,6.4,5.339333333333333,276.56,18.437333333333335,4.787839457068989,30,58,29.0,1.0344827586206897,138.28,273.79256571503066,Low Value
13273.0,2011-08-18 14:02:00,2011-08-18 14:02:00,1,153,9.5625,1.298125,138.98,8.68625,6.223321594347079,112,0,0.0,0.0,138.98,138.6813283830811,Low Value
13276.0,2011-09-01 10:03:00,2011-10-07 12:44:00,2,161,5.366666666666666,5.097666666666667,590.9300000000001,19.69766666666667,8.797130677722116,63,36,18.0,1.6666666666666667,295.46500000000003,553.434405625541,Medium Value
13277.0,2011-07-29 10:06:00,2011-11-24 09:21:00,4,176,22.0,1.45,258.4,32.3,10.955363982999378,15,117,29.25,1.0256410256410258,64.6,237.60752436147183,Low Value
13278.0,2011-10-30 11:49:00,2011-10-30 11:49:00,1,537,11.673913043478262,1.9269565217391305,542.73,11.798478260869565,8.50980792769047,40,0,0.0,0.0,542.73,625.1312412654013,Medium Value
13279.0,2011-09-22 17:24:00,2011-09-22 17:24:00,1,73,8.11111111111111,2.6033333333333335,137.75,15.305555555555555,6.880111029465861,77,0,0.0,0.0,137.75,141.6225457040499,Low Value
13280.0,2011-01-06 17:10:00,2011-08-09 13:14:00,3,522,6.141176470588236,2.6203529411764706,814.86,9.586588235294117,5.562869153709128,121,214,71.33333333333333,0.4205607476635514,271.62,896.129160804321,High Value
13282.0,2011-05-03 12:03:00,2011-11-21 15:33:00,3,307,8.297297297297296,4.676216216216217,1132.14,30.59837837837838,21.560551620637774,17,202,67.33333333333333,0.44554455445544555,377.38000000000005,952.7358601226553,High Value
13283.0,2011-06-07 12:39:00,2011-10-11 09:50:00,2,90,12.857142857142858,1.3071428571428572,93.66,13.379999999999999,6.437556472244212,59,125,62.5,0.48,46.83,110.20942000360753,Low Value
13284.0,2011-01-13 09:23:00,2011-01-13 09:23:00,1,91,7.0,4.397692307692308,201.19,15.476153846153846,5.157613366764286,330,0,0.0,0.0,201.19,211.65250988121392,Low Value
13285.0,2011-02-22 17:13:00,2011-11-16 13:19:00,4,2051,10.967914438502675,2.1348663101604277,2709.12,14.487272727272726,5.071008419728948,22,266,66.5,0.45112781954887216,677.28,2867.343482323232,VIP
13291.0,2011-07-07 10:36:00,2011-07-07 10:36:00,1,233,5.5476190476190474,2.6642857142857146,361.11,8.597857142857142,8.506086066706358,155,0,0.0,0.0,361.11,382.4821454032299,Medium Value
13292.0,2011-02-28 15:00:00,2011-11-01 10:04:00,2,347,11.193548387096774,3.7332258064516126,578.94,18.675483870967742,6.875368517982474,38,245,122.5,0.2448979591836735,289.47,593.5612566343733,Medium Value
13294.0,2011-04-04 12:37:00,2011-06-03 08:54:00,2,453,8.38888888888889,3.6888888888888887,873.74,16.18037037037037,4.697208710666192,189,59,29.5,1.0169491525423728,436.87,906.0934573890294,High Value
13295.0,2010-12-15 11:21:00,2010-12-15 11:21:00,1,82,8.2,3.4899999999999998,201.20000000000002,20.12,3.6928760246362637,359,0,0.0,0.0,201.20000000000002,203.214566618018,Low Value
13296.0,2011-07-25 13:46:00,2011-07-25 13:46:00,1,78,15.6,2.408,87.4,17.48,9.701907029033002,136,0,0.0,0.0,87.4,101.4813026635402,Low Value
13297.0,2011-10-03 15:08:00,2011-12-02 09:32:00,4,963,16.322033898305083,2.977966101694915,2089.85,35.421186440677964,21.172995983396316,7,59,14.75,2.0338983050847457,522.4625,1898.8167256385284,VIP
13298.0,2011-12-08 13:11:00,2011-12-08 13:11:00,1,96,48.0,3.75,360.0,180.0,127.27922061357856,0,0,0.0,0.0,360.0,307.8454291548692,Low Value
13299.0,2011-03-16 12:55:00,2011-03-16 12:55:00,1,30,6.0,4.75,142.5,28.5,18.19890106572372,267,0,0.0,0.0,142.5,121.8170768459513,Low Value
13300.0,2011-06-23 13:09:00,2011-06-23 13:09:00,1,203,10.15,2.3865,371.89,18.5945,5.371834416658801,168,0,0.0,0.0,371.89,357.033039020272,Medium Value
13301.0,2011-02-20 13:13:00,2011-08-28 11:25:00,4,345,4.2592592592592595,2.637654320987654,618.09,7.630740740740741,6.385995180427593,103,188,47.0,0.6382978723404256,154.5225,625.830829731084,Medium Value
13302.0,2011-07-07 17:56:00,2011-07-07 17:56:00,1,5,5.0,12.75,63.75,63.75,0.0,154,0,0.0,0.0,63.75,72.37451858225107,Low Value
13304.0,2010-12-23 14:35:00,2010-12-23 14:35:00,1,238,11.333333333333334,3.161904761904762,300.42,14.305714285714286,3.7796951880126146,350,0,0.0,0.0,300.42,327.0358535597571,Medium Value
13305.0,2010-12-02 12:10:00,2011-12-05 15:15:00,10,1232,15.209876543209877,3.3620987654320986,2000.86,24.701975308641973,12.442561976915476,3,368,36.8,0.8152173913043478,200.08599999999998,2113.4561644047626,VIP
13307.0,2011-08-11 17:14:00,2011-08-11 17:14:00,1,4,4.0,3.75,15.0,15.0,0.0,119,0,0.0,0.0,15.0,34.43555793290043,Low Value
13308.0,2011-05-20 13:13:00,2011-11-17 09:31:00,3,843,15.61111111111111,3.0190740740740742,1385.51,25.657592592592593,24.120707062384767,22,180,60.0,0.5,461.83666666666664,1485.3060639195066,High Value
13309.0,2011-02-04 12:29:00,2011-12-02 16:34:00,5,1544,14.429906542056075,1.6181308411214952,1456.79,13.614859813084111,5.487427373394151,6,301,60.2,0.4983388704318937,291.358,1468.8404711838164,High Value
13310.0,2011-01-19 14:50:00,2011-11-11 17:23:00,3,587,8.152777777777779,3.2480555555555557,1132.03,15.722638888888888,3.552700220068902,27,296,98.66666666666667,0.30405405405405406,377.3433333333333,1131.5343007841334,High Value
13311.0,2011-07-12 14:26:00,2011-12-05 12:55:00,2,305,11.73076923076923,4.1207692307692305,598.57,23.02192307692308,21.079296196833663,3,145,72.5,0.4137931034482759,299.285,618.9798685682216,Medium Value
13313.0,2011-01-04 10:00:00,2011-11-17 16:48:00,5,851,10.91025641025641,2.132307692307692,1555.3200000000002,19.94,9.524327838709711,21,317,63.4,0.47318611987381703,311.064,1462.1655171440248,High Value
13314.0,2011-09-27 10:20:00,2011-12-08 12:29:00,3,560,9.03225806451613,3.1879032258064517,775.94,12.515161290322581,5.698362934869398,1,72,24.0,1.25,258.6466666666667,884.4318135033337,High Value
13316.0,2011-03-30 13:01:00,2011-11-02 13:40:00,4,6948,79.86206896551724,2.504022988505747,5977.73,68.70954022988505,77.35748456607678,36,217,54.25,0.5529953917050692,1494.4325,7854.094990477778,VIP
13317.0,2010-12-16 09:22:00,2011-10-04 13:35:00,6,1035,8.346774193548388,4.001209677419355,2273.68,18.336129032258064,6.07957298319644,65,292,48.666666666666664,0.6164383561643836,378.94666666666666,2300.225360436509,VIP
13318.0,2011-11-02 13:26:00,2011-12-08 18:51:00,3,304,15.2,2.857,640.76,32.038,26.469095305956138,0,36,12.0,2.5,213.58666666666667,596.2533563744586,Medium Value
13319.0,2010-12-09 10:04:00,2011-12-04 13:34:00,26,4724,9.92436974789916,3.273970588235294,10845.550000000001,22.784768907563027,14.408397250038078,4,360,13.846153846153847,2.1666666666666665,417.1365384615385,10168.413562514434,VIP
13320.0,2011-05-10 10:29:00,2011-09-22 18:07:00,4,1096,10.339622641509434,1.8131132075471699,1548.7,14.610377358490567,4.681138226365423,77,135,33.75,0.8888888888888888,387.175,1296.3020638095243,High Value
13321.0,2011-09-14 15:18:00,2011-09-28 15:24:00,2,372,33.81818181818182,2.1245454545454545,567.36,51.57818181818182,64.266079671656,71,14,7.0,4.285714285714286,283.68,606.2033253711481,Medium Value
13322.0,2011-11-22 14:21:00,2011-11-22 14:21:00,1,117,4.68,2.7704000000000004,199.48000000000002,7.9792000000000005,8.641981312176044,16,0,0.0,0.0,199.48000000000002,242.10027389304278,Low Value
13323.0,2011-09-16 13:23:00,2011-12-06 17:12:00,5,175,8.333333333333334,4.55,787.85,37.516666666666666,42.10373894719248,2,81,16.2,1.8518518518518516,157.57,577.8071516666668,Medium Value
13324.0,2010-12-14 09:50:00,2011-11-03 16:28:00,10,5205,69.4,2.7862666666666667,7121.95,94.95933333333333,63.94867748634253,35,324,32.4,0.9259259259259258,712.1949999999999,8571.026263214284,VIP
13325.0,2011-09-19 10:36:00,2011-09-19 10:36:00,1,240,20.0,3.0283333333333338,675.3,56.275,45.28724735206671,81,0,0.0,0.0,675.3,502.0466308928571,Medium Value
13327.0,2010-12-09 15:32:00,2011-11-01 10:21:00,8,1600,14.814814814814815,2.772222222222222,3627.77,33.59046296296296,22.011521468398215,38,326,40.75,0.7361963190184049,453.47125,3160.164062857143,VIP
13328.0,2011-01-27 15:22:00,2011-01-27 15:22:00,1,680,40.0,1.8776470588235292,1308.48,76.96941176470588,63.11562331057465,315,0,0.0,0.0,1308.48,1083.3344302200576,High Value
13329.0,2010-12-08 10:11:00,2011-11-08 10:29:00,2,463,27.235294117647058,2.2535294117647062,789.0,46.411764705882355,36.814236416652406,31,335,167.5,0.17910447761194032,394.5,714.0396127741703,High Value
13330.0,2011-01-28 10:08:00,2011-09-08 12:27:00,3,751,14.169811320754716,2.020377358490566,1140.93,21.526981132075473,12.377610305104206,92,223,74.33333333333333,0.40358744394618834,380.31,1134.8520393867243,High Value
13332.0,2011-11-25 13:30:00,2011-11-25 13:30:00,1,179,8.523809523809524,3.0352380952380953,350.90000000000003,16.709523809523812,3.4650389264631305,13,0,0.0,0.0,350.90000000000003,332.5152892036819,Medium Value
13334.0,2011-02-07 11:42:00,2011-09-18 15:21:00,3,1774,6.619402985074627,2.926119402985075,3536.82,13.197089552238806,9.200495209325384,81,223,74.33333333333333,0.40358744394618834,1178.94,3305.2149117063504,VIP
13336.0,2011-09-23 14:05:00,2011-09-23 14:05:00,1,559,10.96078431372549,2.5023529411764707,795.12,15.590588235294117,3.9830809239907268,76,0,0.0,0.0,795.12,791.0049815497248,High Value
13338.0,2011-07-05 09:06:00,2011-07-05 09:06:00,1,256,13.473684210526315,6.575263157894737,487.02,25.632631578947368,28.472719856441394,157,0,0.0,0.0,487.02,540.0966255697958,Medium Value
13339.0,2011-05-23 08:31:00,2011-05-23 08:31:00,1,326,6.037037037037037,5.235555555555556,860.12,15.928148148148148,4.7164293633958065,200,0,0.0,0.0,860.12,874.0735911904761,High Value
13340.0,2011-03-08 11:39:00,2011-10-25 13:15:00,7,5770,43.059701492537314,2.760223880597015,10736.48,80.12298507462687,62.82835606921988,44,231,33.0,0.9090909090909091,1533.782857142857,8997.603747809522,VIP
13341.0,2011-03-24 09:50:00,2011-03-24 09:50:00,1,301,7.166666666666667,4.182142857142857,775.85,18.472619047619048,11.596510210871537,260,0,0.0,0.0,775.85,755.78786190739,High Value
13343.0,2011-06-15 12:24:00,2011-06-15 12:24:00,1,135,7.105263157894737,6.25421052631579,353.43,18.60157894736842,8.686013190537924,177,0,0.0,0.0,353.43,363.51653725060567,Medium Value
13344.0,2011-03-07 10:28:00,2011-10-03 09:45:00,3,971,8.159663865546218,5.008487394957983,2543.7200000000003,21.375798319327732,27.83635077680172,67,209,69.66666666666667,0.43062200956937796,847.9066666666668,2305.3174732142857,VIP
13345.0,2011-02-25 09:01:00,2011-02-25 09:01:00,1,141,7.05,5.6450000000000005,389.5,19.475,7.68283287938971,287,0,0.0,0.0,389.5,388.4259312921197,Medium Value
13347.0,2011-09-30 13:28:00,2011-09-30 13:28:00,1,205,25.625,7.52,341.36,42.67,8.849490703666833,69,0,0.0,0.0,341.36,735.4066021031747,High Value
13348.0,2011-10-06 17:28:00,2011-10-06 17:28:00,1,136,9.714285714285714,2.2057142857142855,233.76000000000002,16.697142857142858,7.690140969570593,63,0,0.0,0.0,233.76000000000002,219.046377745616,Low Value
13349.0,2011-11-29 08:07:00,2011-11-29 08:07:00,1,225,14.0625,4.02625,247.32,15.4575,10.357111244615139,10,0,0.0,0.0,247.32,283.19972538239557,Low Value
13350.0,2011-09-21 13:33:00,2011-11-23 16:33:00,2,287,7.175,8.31575,979.12,24.478,14.937171530558704,15,63,31.5,0.9523809523809523,489.56,988.5247083333331,High Value
13351.0,2011-10-04 12:55:00,2011-10-04 12:55:00,1,117,7.3125,6.498125,373.94,23.37125,8.333968142487706,65,0,0.0,0.0,373.94,406.5008798113273,Medium Value
13352.0,2011-10-10 13:55:00,2011-10-10 13:55:00,1,321,13.375,3.779583333333333,397.98,16.5825,8.598097489257878,59,0,0.0,0.0,397.98,424.9206531024531,Medium Value
13354.0,2011-09-29 13:17:00,2011-09-29 13:17:00,1,604,11.843137254901961,1.8486274509803922,743.53,14.579019607843136,6.413009045651491,70,0,0.0,0.0,743.53,722.3660996186148,High Value
13355.0,2011-08-09 14:48:00,2011-08-09 14:48:00,1,314,9.8125,2.7259375,674.7,21.084375,15.690450339452934,121,0,0.0,0.0,674.7,599.7863798927922,Medium Value
13356.0,2011-09-20 14:33:00,2011-09-20 14:33:00,1,325,7.738095238095238,4.316190476190476,768.24,18.291428571428572,8.719023096830643,79,0,0.0,0.0,768.24,701.5059333313908,High Value
13357.0,2011-03-27 13:56:00,2011-03-27 13:56:00,1,322,3.577777777777778,2.9174444444444445,609.95,6.777222222222223,5.827570470660295,256,0,0.0,0.0,609.95,584.1123552673992,Medium Value
13358.0,2011-03-16 11:52:00,2011-03-16 11:52:00,1,285,9.827586206896552,5.006551724137931,439.03000000000003,15.138965517241381,7.954944259851222,268,0,0.0,0.0,439.03000000000003,450.422808531746,Medium Value
13359.0,2011-10-07 09:30:00,2011-10-07 09:30:00,1,161,7.0,5.8,439.56,19.11130434782609,9.69404423735983,63,0,0.0,0.0,439.56,433.96306661610134,Medium Value
13362.0,2011-02-25 11:33:00,2011-11-30 14:41:00,4,1382,8.325301204819278,3.499277108433735,3090.7400000000002,18.618915662650604,8.247273564113716,8,278,69.5,0.4316546762589928,772.6850000000001,2916.5739804761897,VIP
13363.0,2011-10-27 10:46:00,2011-11-22 12:40:00,2,710,11.833333333333334,3.8373333333333335,992.5,16.541666666666668,8.483892847809157,17,26,13.0,2.3076923076923075,496.25,1208.4017888744588,High Value
13364.0,2011-09-29 18:13:00,2011-09-29 18:13:00,1,71,7.1,2.598,134.96,13.496,5.183965020458118,70,0,0.0,0.0,134.96,137.7863407874307,Low Value
13365.0,2011-05-06 12:00:00,2011-11-06 12:36:00,2,1247,9.7421875,3.115703125,2225.37,17.385703125,9.124294616989742,33,184,92.0,0.32608695652173914,1112.685,2219.2730548926243,VIP
13366.0,2011-10-20 13:37:00,2011-10-20 13:37:00,1,144,144.0,0.39,56.16,56.16,0.0,49,0,0.0,0.0,56.16,105.29116150432903,Low Value
13368.0,2011-01-06 12:32:00,2011-03-28 09:59:00,2,327,11.275862068965518,4.917586206896552,623.4,21.49655172413793,11.349759996160419,256,80,40.0,0.75,311.7,630.7109513335934,Medium Value
13369.0,2010-12-09 11:30:00,2010-12-09 11:30:00,1,149,10.642857142857142,6.5442857142857145,308.28000000000003,22.020000000000003,12.559338542112187,365,0,0.0,0.0,308.28000000000003,311.0491138276675,Low Value
13370.0,2010-12-03 10:26:00,2010-12-03 10:26:00,1,343,8.794871794871796,3.7279487179487183,754.87,19.355641025641027,6.99184893658014,368,0,0.0,0.0,754.87,706.0070706534559,High Value
13372.0,2011-09-11 12:46:00,2011-09-11 12:46:00,1,159,6.913043478260869,6.020434782608696,378.64,16.46260869565217,8.9308898148715,89,0,0.0,0.0,378.64,387.0019722769683,Medium Value
13373.0,2011-03-08 14:35:00,2011-10-10 10:51:00,3,1651,10.449367088607595,3.27006329113924,3312.25,20.963607594936708,14.542914190230254,60,215,71.66666666666667,0.41860465116279066,1104.0833333333333,3235.8807915079374,VIP
13375.0,2011-09-12 10:19:00,2011-09-12 10:19:00,1,442,11.945945945945946,3.137567567567568,778.65,21.044594594594592,15.965687616920263,88,0,0.0,0.0,778.65,750.7567573333608,High Value
13376.0,2011-04-19 13:03:00,2011-09-01 16:16:00,3,493,9.30188679245283,5.379811320754717,1019.76,19.240754716981133,10.131652202011548,98,135,45.0,0.6666666666666666,339.92,1052.5599191775912,High Value
13379.0,2011-07-26 12:26:00,2011-11-13 13:45:00,3,601,6.195876288659794,1.7503092783505154,572.56,5.902680412371134,5.42538814192587,25,110,36.666666666666664,0.8181818181818182,190.85333333333332,634.9491434565575,Medium Value
13381.0,2011-02-14 10:10:00,2011-11-08 11:58:00,6,2029,11.796511627906977,3.0504069767441857,3639.31,21.15877906976744,11.383709362571112,31,267,44.5,0.6741573033707865,606.5516666666666,3312.123107023811,VIP
13382.0,2011-03-04 10:03:00,2011-03-04 10:03:00,1,131,8.733333333333333,2.7520000000000002,222.99,14.866000000000001,2.179678220026329,280,0,0.0,0.0,222.99,225.38368732176497,Low Value
13384.0,2011-06-14 12:47:00,2011-11-09 11:04:00,7,2422,15.93421052631579,3.173223684210526,4151.93,27.315328947368425,26.15121809472929,30,147,21.0,1.4285714285714284,593.1328571428572,4134.905374473305,VIP
13385.0,2011-01-14 09:52:00,2011-01-14 09:52:00,1,281,8.028571428571428,4.533142857142857,534.57,15.273428571428573,7.62667028682016,329,0,0.0,0.0,534.57,557.2026976262623,Medium Value
13388.0,2011-07-31 12:52:00,2011-07-31 12:52:00,2,282,8.057142857142857,4.5608571428571425,677.1,19.345714285714287,10.324687514346746,130,0,0.0,0.0,338.55,659.9709405795676,Medium Value
13389.0,2011-04-21 12:12:00,2011-11-28 14:01:00,3,429,8.411764705882353,3.844901960784314,797.96,15.646274509803922,4.753600723991999,10,221,73.66666666666667,0.4072398190045249,265.9866666666667,866.2230685281389,High Value
13390.0,2011-09-26 08:38:00,2011-09-26 08:38:00,1,224,17.23076923076923,3.060769230769231,544.08,41.8523076923077,37.67481345980056,74,0,0.0,0.0,544.08,493.87635339285714,Medium Value
13391.0,2011-05-20 10:50:00,2011-05-20 10:50:00,1,4,4.0,14.95,59.8,59.8,0.0,203,0,0.0,0.0,59.8,72.31088878066379,Low Value
13394.0,2011-02-03 10:39:00,2011-12-08 11:36:00,8,2392,15.432258064516128,1.6380000000000001,2520.02,16.258193548387098,13.213158851895056,1,308,38.5,0.7792207792207791,315.0025,2671.8308066666664,VIP
13395.0,2011-06-07 15:04:00,2011-06-07 15:04:00,1,336,16.0,2.7238095238095235,307.72,14.653333333333334,7.947898674073126,184,0,0.0,0.0,307.72,349.3979105033417,Medium Value
13396.0,2011-01-24 13:37:00,2011-11-10 16:59:00,2,600,13.953488372093023,3.8948837209302325,1360.99,31.65093023255814,21.841598015620765,28,290,145.0,0.20689655172413796,680.495,1323.4147115165629,High Value
13397.0,2011-01-04 13:50:00,2011-09-28 10:56:00,5,430,11.31578947368421,4.0,1544.13,40.635000000000005,33.35034468398402,72,266,53.2,0.5639097744360902,308.826,1214.4314344444444,High Value
13398.0,2011-05-31 13:17:00,2011-05-31 13:17:00,1,281,10.807692307692308,3.4296153846153845,457.34000000000003,17.59,7.074953003377479,191,0,0.0,0.0,457.34000000000003,477.12624490255126,Medium Value
13402.0,2010-12-02 17:12:00,2011-08-04 15:51:00,2,479,12.282051282051283,1.97974358974359,621.23,15.92897435897436,11.68546505951817,126,244,122.0,0.24590163934426232,310.615,630.4511290203639,Medium Value
13403.0,2011-11-22 08:28:00,2011-11-22 08:28:00,1,44,14.666666666666666,2.9166666666666665,75.0,25.0,17.320508075688775,17,0,0.0,0.0,75.0,102.95125643185884,Low Value
13404.0,2011-05-11 11:57:00,2011-12-08 15:37:00,2,111,10.090909090909092,2.900909090909091,252.49,22.953636363636363,14.536098701320977,0,211,105.5,0.2843601895734597,126.245,272.9394477404572,Low Value
13405.0,2011-01-26 09:27:00,2011-09-26 17:01:00,3,165,6.111111111111111,5.427814814814814,572.451,21.201888888888888,8.427226034765273,73,243,81.0,0.3703703703703704,190.817,539.166150079365,Medium Value
13408.0,2010-12-01 10:39:00,2011-12-08 09:05:00,30,16232,33.9581589958159,2.439100418410042,16525.23879999992,58.82225941422595,47.9487119022129,1,371,5.983870967741935,5.013477088948787,453.5006451612903,16525.23879999993,VIP
13410.0,2011-02-21 14:38:00,2011-11-15 15:33:00,5,518,18.5,2.440714285714286,1003.06,35.82357142857143,21.802917272404205,23,267,53.4,0.5617977528089887,200.612,1082.4818821825406,High Value
13411.0,2011-08-24 13:57:00,2011-08-24 13:57:00,1,72,4.0,3.263888888888889,213.55,11.863888888888889,9.207474673833268,106,0,0.0,0.0,213.55,186.94594701694132,Low Value
13414.0,2011-02-16 12:13:00,2011-07-29 11:45:00,3,1574,65.58333333333333,1.8404166666666668,1390.5,57.9375,109.42187287303888,133,162,54.0,0.5555555555555555,463.5,1695.5645105952387,VIP
13416.0,2011-09-19 14:43:00,2011-10-27 08:56:00,2,142,7.473684210526316,5.455263157894737,712.5,37.5,19.996944210998286,43,37,18.5,1.6216216216216215,356.25,642.1206023369408,Medium Value
13417.0,2011-05-18 16:26:00,2011-12-05 08:49:00,2,162,5.785714285714286,6.356428571428571,640.83,22.886785714285715,7.803308915226606,4,200,100.0,0.3,320.415,543.1498111547619,Medium Value
13418.0,2010-12-02 10:45:00,2011-11-28 10:23:00,18,3918,12.888157894736842,2.9381578947368423,6127.43,20.156019736842108,24.15879371591615,11,360,20.0,1.5,340.4127777777778,6138.788119047617,VIP
13419.0,2011-10-07 12:49:00,2011-10-07 12:49:00,1,275,17.1875,1.011875,221.06,13.81625,7.5965473517030535,63,0,0.0,0.0,221.06,210.23057738095247,Low Value
13420.0,2011-06-22 11:35:00,2011-07-13 08:48:00,2,101,12.625,3.5425,159.85,19.98125,10.408236350533718,149,20,10.0,3.0,79.925,188.95509246008783,Low Value
13421.0,2011-02-22 15:46:00,2011-10-30 14:21:00,2,1181,11.35576923076923,2.088461538461538,1851.08,17.798846153846153,15.354683186021514,39,249,124.5,0.24096385542168672,925.54,1646.7430990981243,VIP
13422.0,2011-10-06 13:42:00,2011-10-06 13:42:00,1,1326,10.440944881889763,3.0306299212598424,2626.3,20.67952755905512,10.219026283737927,63,0,0.0,0.0,1786.2049999999992,2333.4802141981786,VIP
13425.0,2011-02-18 08:34:00,2011-08-23 17:13:00,3,1123,14.397435897435898,2.634102564102564,1624.21,20.823205128205128,16.471293130350983,107,186,62.0,0.48387096774193544,541.4033333333333,1640.1357691741605,High Value
13426.0,2010-12-15 12:43:00,2011-12-09 08:59:00,10,2245,14.299363057324841,1.8858598726114648,3641.32,23.193121019108283,26.29119129206155,0,358,35.8,0.8379888268156425,364.132,3679.0704836868667,VIP
13427.0,2011-05-08 15:58:00,2011-11-20 13:02:00,3,545,18.79310344827586,1.6500000000000001,582.6,20.089655172413792,14.694614777130969,18,195,65.0,0.46153846153846156,194.20000000000002,617.1869902958152,Medium Value
13428.0,2011-11-29 14:20:00,2011-11-29 14:20:00,1,156,2.108108108108108,1.9724324324324325,218.47,2.952297297297297,2.218670802435917,9,0,0.0,0.0,218.47,210.3599268953258,Low Value
13429.0,2011-09-25 15:59:00,2011-11-29 09:10:00,4,1390,20.746268656716417,1.2207462686567165,1006.8,15.02686567164179,8.762166469501606,10,64,16.0,1.875,251.7,1093.4948816666665,High Value
13430.0,2011-09-14 14:26:00,2011-11-21 08:19:00,2,751,15.326530612244898,1.6575510204081632,679.45,13.866326530612247,8.935283220160947,18,67,33.5,0.8955223880597015,339.725,730.1523775396827,High Value
13431.0,2011-09-12 11:25:00,2011-10-03 13:49:00,2,672,14.608695652173912,3.2167391304347825,1269.1,27.589130434782607,29.02192082057875,66,21,10.5,2.857142857142857,634.55,1321.4244107936506,High Value
13434.0,2011-09-04 10:35:00,2011-09-26 14:30:00,2,300,30.0,1.652,534.24,53.424,66.7406874402714,73,22,11.0,2.7272727272727275,267.12,433.3273724458875,Medium Value
13435.0,2011-06-03 17:07:00,2011-12-04 14:45:00,7,2129,21.07920792079208,2.935247524752475,3809.89,37.72168316831683,42.77515274243464,4,183,26.142857142857142,1.1475409836065575,544.27,3647.140752063492,VIP
13436.0,2011-12-08 10:33:00,2011-12-08 10:33:00,1,76,6.333333333333333,5.829999999999999,196.89,16.4075,4.698021101775434,1,0,0.0,0.0,196.89,200.15349875322931,Low Value
13437.0,2011-06-02 14:30:00,2011-11-25 14:00:00,7,1283,7.682634730538922,4.8889820359281435,3408.06,20.40754491017964,12.886832986352841,13,175,25.0,1.2,486.86571428571426,3261.513766119049,VIP
13439.0,2011-03-29 14:20:00,2011-03-29 14:20:00,1,242,4.481481481481482,1.7253703703703704,283.71,5.253888888888889,3.6631399134017846,254,0,0.0,0.0,283.71,302.4760157163257,Low Value
13441.0,2011-09-09 09:38:00,2011-09-09 09:38:00,1,204,15.692307692307692,1.926153846153846,296.64,22.818461538461538,19.99561028749137,91,0,0.0,0.0,296.64,303.1755234690401,Low Value
13447.0,2011-11-04 10:10:00,2011-11-16 13:38:00,3,584,9.898305084745763,3.139830508474576,1129.14,19.137966101694918,10.47089476459605,22,12,4.0,7.5,376.38000000000005,1063.7554675050242,High Value
13448.0,2010-12-01 10:52:00,2011-11-23 12:33:00,6,1660,8.512820512820513,3.182205128205128,3539.3700000000003,18.150615384615385,12.969772972552601,16,357,59.5,0.5042016806722689,589.8950000000001,3523.449121431625,VIP
13449.0,2011-11-16 08:28:00,2011-11-16 08:28:00,1,222,11.68421052631579,1.924736842105263,291.88,15.362105263157895,7.659206935263793,23,0,0.0,0.0,291.88,303.9178439452173,Low Value
13450.0,2011-05-05 19:48:00,2011-11-13 11:54:00,6,1982,27.91549295774648,1.5401408450704224,2043.72,28.784788732394368,19.922715094595983,26,191,31.833333333333332,0.9424083769633509,340.62,2112.061224844322,VIP
13451.0,2011-01-09 15:35:00,2011-11-13 15:58:00,5,2149,4.851015801354402,2.1018284424379234,2976.15,6.718171557562077,4.94770480610247,25,308,61.6,0.48701298701298695,595.23,3217.221277738092,VIP
13452.0,2011-03-14 11:38:00,2011-03-25 14:19:00,2,2,1.0,295.0,590.0,295.0,0.0,258,11,5.5,5.454545454545455,295.0,641.2882462698412,Medium Value
13453.0,2011-02-23 09:44:00,2011-06-27 09:34:00,2,134,7.882352941176471,4.546470588235294,356.98,20.998823529411766,8.167421473721786,165,123,61.5,0.48780487804878053,178.49,367.0891659697755,Medium Value
13455.0,2010-12-08 13:11:00,2011-11-15 11:21:00,2,354,7.695652173913044,4.624347826086956,1058.34,23.007391304347824,11.839684386706072,24,341,170.5,0.1759530791788856,529.17,1010.5964136732714,High Value
13456.0,2011-05-16 15:34:00,2011-11-22 09:18:00,6,765,12.142857142857142,3.458730158730159,1766.72,28.043174603174602,35.714791723092276,17,189,31.5,0.9523809523809524,294.4533333333333,1680.2000277056275,VIP
13458.0,2010-12-15 12:05:00,2011-12-02 15:29:00,14,5508,14.418848167539267,2.4352356020942407,9646.57,25.252801047120418,18.45953479754951,6,352,25.142857142857142,1.1931818181818183,689.0407142857142,9447.409039285718,VIP
13460.0,2011-10-21 09:50:00,2011-11-10 17:17:00,2,286,16.823529411764707,1.06,183.44,10.790588235294118,3.426091925554967,28,20,10.0,3.0,91.72,204.17947577561324,Low Value
13461.0,2011-06-29 10:23:00,2011-11-01 09:01:00,3,1170,43.333333333333336,1.5685185185185186,1445.0,53.51851851851852,27.603762801431994,38,124,41.333333333333336,0.7258064516129031,481.6666666666667,1345.3656330158735,High Value
13462.0,2011-04-01 11:20:00,2011-04-01 11:20:00,1,62,6.888888888888889,3.388888888888889,151.5,16.833333333333332,2.9141894241795603,252,0,0.0,0.0,151.5,162.6930348990247,Low Value
13464.0,2011-10-12 15:01:00,2011-10-12 15:01:00,1,403,9.829268292682928,3.205609756097561,674.68,16.45560975609756,5.792594862745232,57,0,0.0,0.0,674.68,700.0736276638639,High Value
13466.0,2011-06-08 16:39:00,2011-06-08 16:39:00,1,259,15.235294117647058,2.841764705882353,307.90000000000003,18.111764705882354,6.626737729922355,183,0,0.0,0.0,307.90000000000003,379.6161016327876,Medium Value
13467.0,2011-11-03 16:56:00,2011-11-29 10:01:00,2,584,5.898989898989899,2.731818181818182,1083.71,10.946565656565657,9.402501096008507,10,25,12.5,2.4,541.855,996.7427446502678,High Value
13468.0,2010-12-01 15:08:00,2011-12-08 10:39:00,30,2589,8.572847682119205,4.103245033112583,5704.97,18.89062913907285,13.474436184860537,1,371,10.027027027027026,2.9919137466307277,154.1883783783784,6436.822510198412,VIP
13470.0,2011-08-16 17:06:00,2011-09-01 14:57:00,2,100,10.0,1.65,165.0,16.5,0.0,98,15,7.5,4.0,82.5,163.41727038698266,Low Value
13471.0,2011-10-23 13:10:00,2011-12-08 15:44:00,4,1590,6.115384615384615,2.5075384615384615,2531.58,9.736846153846153,7.944928693534759,0,46,11.5,2.608695652173913,632.895,2471.608012519841,VIP
13473.0,2011-01-11 08:45:00,2011-10-10 11:20:00,2,266,12.666666666666666,3.728095238095238,422.64,20.125714285714285,11.31836895114688,60,272,136.0,0.22058823529411764,211.32,475.6316554575162,Medium Value
13474.0,2011-04-17 13:53:00,2011-04-17 13:53:00,1,132,2.0625,2.32265625,229.59,3.58734375,2.7458472206816964,235,0,0.0,0.0,229.59,235.3517815891806,Low Value
13475.0,2011-02-14 12:36:00,2011-06-01 13:52:00,4,1012,11.767441860465116,2.8886046511627907,1431.78,16.648604651162792,8.627178417180236,190,107,26.75,1.1214953271028036,357.945,1393.4162646825396,High Value
13476.0,2011-03-03 14:43:00,2011-06-14 12:00:00,2,417,7.189655172413793,8.79551724137931,1238.47,21.352931034482758,20.351765905415796,178,102,51.0,0.5882352941176471,619.235,1263.481699830827,High Value
13477.0,2011-02-21 12:29:00,2011-11-02 12:04:00,6,1021,12.924050632911392,2.530886075949367,1454.58,18.41240506329114,10.516214612803324,37,253,42.166666666666664,0.7114624505928854,242.42999999999998,1478.2247569549902,High Value
13479.0,2011-04-19 11:27:00,2011-05-23 10:45:00,2,134,8.933333333333334,4.6466666666666665,300.95,20.063333333333333,8.646912468511244,200,33,16.5,1.8181818181818181,150.475,315.5033743293651,Medium Value
13481.0,2011-03-28 09:07:00,2011-10-25 09:07:00,5,1142,10.477064220183486,2.2855963302752293,1804.56,16.55559633027523,6.326044260332845,45,211,42.2,0.7109004739336493,360.912,1641.5831344197475,VIP
13482.0,2011-04-21 17:03:00,2011-04-21 17:03:00,1,116,10.545454545454545,2.439090909090909,184.64000000000001,16.785454545454545,3.869478940726681,231,0,0.0,0.0,184.64000000000001,213.78511439328483,Low Value
13483.0,2011-10-05 11:53:00,2011-10-05 11:53:00,1,160,16.0,1.0559999999999998,140.34,14.034,6.5758619206914615,65,0,0.0,0.0,140.34,149.9274484798535,Low Value
13484.0,2011-04-12 16:30:00,2011-04-12 16:30:00,1,44,5.5,7.5,313.8,39.225,24.321815604220717,240,0,0.0,0.0,313.8,263.89782615227216,Low Value
13485.0,2011-04-20 13:58:00,2011-04-20 13:58:00,1,277,12.043478260869565,2.425217391304348,454.24,19.749565217391304,12.885425338963707,232,0,0.0,0.0,454.24,428.0933779040526,Medium Value
13486.0,2011-07-07 17:19:00,2011-09-22 13:13:00,3,669,9.695652173913043,2.9099999999999997,1122.41,16.2668115942029,5.601415391706979,77,76,25.333333333333332,1.1842105263157896,374.1366666666667,1127.587189411729,High Value
13487.0,2010-12-21 14:54:00,2011-10-13 12:07:00,3,265,7.794117647058823,4.451176470588235,575.4,16.923529411764704,4.476728298287098,57,295,98.33333333333333,0.30508474576271183,191.79999999999998,592.5552902941861,Medium Value
13488.0,2010-12-07 13:01:00,2011-11-22 14:41:00,13,4518,10.706161137440759,3.4669194312796208,8968.31,21.25191943127962,17.212658639709748,16,350,26.923076923076923,1.1142857142857143,689.87,8854.143397896823,VIP
13489.0,2011-02-18 10:42:00,2011-08-26 13:16:00,4,560,40.0,1.417142857142857,449.52,32.10857142857143,41.072152433181614,104,189,47.25,0.6349206349206349,112.38,551.8321839285716,Medium Value
13491.0,2010-12-02 14:30:00,2011-10-19 08:32:00,10,903,10.5,3.372093023255814,1215.82,14.137441860465115,5.496601770729965,51,320,32.0,0.9375,121.582,1528.242201071429,High Value
13492.0,2011-05-09 10:06:00,2011-07-26 14:25:00,3,408,8.16,4.5016,1269.84,25.3968,14.51249784264077,135,78,26.0,1.1538461538461537,423.28,1178.4539254040403,High Value
13493.0,2011-02-25 16:42:00,2011-03-09 15:35:00,2,380,47.5,12.89625,618.63,77.32875,47.671480374238726,274,11,5.5,5.454545454545455,309.315,911.8224846031744,High Value
13494.0,2011-02-01 11:58:00,2011-02-01 11:58:00,1,162,9.0,3.665,316.26000000000005,17.570000000000004,5.548250386648136,311,0,0.0,0.0,316.26000000000005,323.1245458399197,Medium Value
13495.0,2010-12-06 15:14:00,2011-12-02 11:21:00,5,829,17.270833333333332,2.5783333333333336,2044.8700000000001,42.60145833333333,33.95494210822182,7,360,72.0,0.4166666666666667,408.97400000000005,1872.0574976190483,VIP
13496.0,2010-12-15 10:17:00,2011-11-29 10:58:00,2,341,9.742857142857142,3.108285714285714,653.33,18.66657142857143,12.164894511971529,10,349,174.5,0.17191977077363899,326.665,607.8113281664085,Medium Value
13497.0,2010-12-06 11:37:00,2011-03-02 09:04:00,2,163,8.578947368421053,2.973684210526316,348.05,18.318421052631578,6.0771934889185815,282,85,42.5,0.7058823529411764,174.025,331.277365535644,Medium Value
13499.0,2011-03-15 08:52:00,2011-11-22 11:21:00,5,1365,32.5,2.131666666666667,1159.1100000000001,27.597857142857144,17.988382366800415,17,252,50.4,0.5952380952380952,231.82200000000003,1575.0738799999997,High Value
13500.0,2011-08-09 12:20:00,2011-11-16 15:35:00,3,609,9.36923076923077,3.627076923076923,1166.77,17.950307692307693,5.651786213565245,22,99,33.0,0.9090909090909092,388.92333333333335,1160.8416033021526,High Value
13501.0,2011-02-24 18:59:00,2011-02-24 18:59:00,1,560,10.76923076923077,3.7321153846153843,1340.32,25.775384615384613,23.717021227962036,287,0,0.0,0.0,1340.32,1273.9199331595198,High Value
13502.0,2011-01-20 09:03:00,2011-11-23 10:39:00,3,264,14.666666666666666,1.7977777777777777,292.0,16.22222222222222,12.011159299269092,16,307,102.33333333333333,0.2931596091205212,97.33333333333333,299.5819612479126,Low Value
13503.0,2011-09-29 13:23:00,2011-09-29 13:23:00,1,248,14.588235294117647,2.1811764705882353,216.85,12.755882352941176,4.023286993901146,70,0,0.0,0.0,216.85,261.8152615250075,Low Value
13504.0,2011-10-06 13:20:00,2011-10-06 13:20:00,1,178,8.090909090909092,3.7018181818181817,295.93,13.451363636363636,5.436369845730431,63,0,0.0,0.0,295.93,315.0710315889559,Medium Value
13505.0,2011-04-21 12:07:00,2011-09-28 11:56:00,4,2486,11.56279069767442,3.2970232558139534,4393.63,20.435488372093022,27.056715244657322,72,159,39.75,0.7547169811320755,1098.4075,4280.943039603175,VIP
13506.0,2010-12-05 12:15:00,2011-01-27 13:53:00,2,324,12.461538461538462,2.8611538461538464,458.52,17.635384615384616,4.771560944403189,315,53,26.5,1.1320754716981132,229.26,468.135026468254,Medium Value
13507.0,2011-07-17 11:50:00,2011-12-06 13:13:00,4,1597,9.858024691358025,3.3541975308641976,2479.16,15.303456790123455,5.936384214452394,2,142,35.5,0.8450704225352113,619.79,2700.3907700543023,VIP
13508.0,2011-04-10 11:58:00,2011-04-10 11:58:00,1,24,2.0,5.1925,110.97,9.2475,5.735378445149973,243,0,0.0,0.0,110.97,114.19507591272291,Low Value
13509.0,2011-02-28 13:27:00,2011-12-01 10:10:00,7,1106,25.136363636363637,1.3643181818181818,979.72,22.266363636363636,19.246494950112172,8,275,39.285714285714285,0.7636363636363637,139.96,1058.907770238095,High Value
13510.0,2011-06-09 09:32:00,2011-12-08 13:46:00,4,1386,12.052173913043479,2.385913043478261,1791.56,15.578782608695652,5.817023889069968,0,182,45.5,0.6593406593406593,447.89,1974.4711718452388,VIP
13512.0,2011-03-24 10:03:00,2011-03-24 10:03:00,1,143,9.533333333333333,4.1353333333333335,251.21,16.747333333333334,5.433243528325898,260,0,0.0,0.0,251.21,271.1045196736897,Low Value
13513.0,2011-08-05 11:50:00,2011-08-05 11:50:00,1,109,10.9,3.685,205.1,20.509999999999998,14.423453123298872,126,0,0.0,0.0,205.1,226.52678805406586,Low Value
13514.0,2011-09-27 09:39:00,2011-09-27 09:39:00,1,40,10.0,4.175000000000001,152.20000000000002,38.050000000000004,3.128897569432401,73,0,0.0,0.0,152.20000000000002,133.69058104760515,Low Value
13515.0,2011-04-06 10:33:00,2011-09-28 11:26:00,4,681,11.542372881355933,2.1654237288135594,891.12,15.103728813559322,5.261744137970395,72,175,43.75,0.6857142857142857,222.78,915.8271991329749,High Value
13516.0,2011-04-15 11:06:00,2011-11-18 13:15:00,3,985,22.386363636363637,2.9477272727272723,1389.41,31.5775,43.73448265012881,20,217,72.33333333333333,0.4147465437788018,463.1366666666667,1490.4232228679653,High Value
13517.0,2011-06-13 08:44:00,2011-10-11 11:43:00,3,1369,9.709219858156029,2.921631205673759,2128.42,15.09517730496454,4.869670655164164,59,120,40.0,0.75,709.4733333333334,2190.266943928572,VIP
13518.0,2011-09-15 10:29:00,2011-09-15 10:29:00,1,392,10.31578947368421,2.7518421052631576,659.44,17.353684210526318,5.351401140622151,85,0,0.0,0.0,659.44,646.9132149212863,Medium Value
13519.0,2011-09-22 18:24:00,2011-09-22 18:24:00,1,23,2.875,6.34375,122.75,15.34375,4.432464446719067,77,0,0.0,0.0,122.75,119.41641463100035,Low Value
13520.0,2010-12-03 10:36:00,2011-10-12 10:20:00,6,1649,17.731182795698924,4.549462365591398,3624.35,38.97150537634408,39.452617837488916,58,312,52.0,0.5769230769230769,604.0583333333333,3959.7394049206355,VIP
13521.0,2011-11-29 15:09:00,2011-12-08 13:50:00,3,736,1.688073394495413,1.8141743119266056,1093.65,2.508371559633028,2.392881658052097,0,8,2.6666666666666665,11.25,364.55,955.821818452381,High Value
13522.0,2011-11-09 15:11:00,2011-11-09 15:11:00,1,44,8.8,3.2700000000000005,125.80000000000001,25.160000000000004,9.370325501283295,29,0,0.0,0.0,125.80000000000001,122.93336942242148,Low Value
13523.0,2010-12-08 14:22:00,2011-11-06 15:11:00,5,1752,10.186046511627907,6.2013372093023245,3964.88,23.051627906976744,22.132346065513733,32,333,66.6,0.45045045045045046,792.976,4483.037868134922,VIP
13524.0,2011-05-04 12:26:00,2011-10-30 12:34:00,5,324,12.0,3.4651851851851854,680.1800000000001,25.191851851851855,12.082589201961715,40,179,35.8,0.8379888268156425,136.036,686.5062710091079,High Value
13525.0,2011-04-05 15:36:00,2011-11-25 12:01:00,2,394,65.66666666666667,3.901666666666667,628.78,104.79666666666667,98.95851285597752,14,233,116.5,0.2575107296137339,314.39,874.9976697222223,High Value
13527.0,2011-01-17 11:17:00,2011-11-06 12:04:00,7,1692,7.5874439461883405,2.858340807174888,2287.51,10.257892376681616,6.7777333203172025,33,293,41.857142857142854,0.7167235494880545,326.7871428571429,2620.387913849206,VIP
13529.0,2011-05-19 11:50:00,2011-09-22 09:15:00,2,74,4.933333333333334,5.598666666666667,307.76,20.517333333333333,12.543615602407161,78,125,62.5,0.48,153.88,315.3119527723664,Medium Value
13531.0,2010-12-08 15:03:00,2011-05-18 16:56:00,2,174,7.909090909090909,4.539545454545455,483.8,21.990909090909092,9.640744838390912,204,161,80.5,0.3726708074534162,241.9,480.3619737637361,Medium Value
13532.0,2011-11-06 12:25:00,2011-11-06 12:25:00,1,129,1.9545454545454546,2.223181818181818,210.31,3.1865151515151515,3.843936080643719,33,0,0.0,0.0,210.31,213.54440445443728,Low Value
13533.0,2011-03-17 12:47:00,2011-06-10 11:54:00,3,204,2.6842105263157894,1.9332894736842106,270.79,3.563026315789474,2.1821353576939826,182,84,28.0,1.0714285714285714,90.26333333333334,311.3920476785715,Low Value
13534.0,2010-12-16 15:23:00,2011-12-07 14:52:00,25,2961,10.003378378378379,2.811013513513514,5870.08,19.83135135135135,8.677351673521384,1,355,14.2,2.112676056338028,234.8032,6040.144329325396,VIP
13536.0,2011-09-25 13:30:00,2011-12-08 16:38:00,7,2136,11.932960893854748,3.2182681564245814,3448.29,19.264189944134078,16.02661156992197,0,74,10.571428571428571,2.8378378378378377,492.61285714285714,3500.07621901876,VIP
13538.0,2011-01-28 10:40:00,2011-10-27 16:34:00,7,175,7.0,7.4764,1280.85,51.233999999999995,16.221633703175524,42,272,38.857142857142854,0.7720588235294118,182.97857142857143,1017.1419607142863,High Value
13539.0,2011-02-03 15:23:00,2011-09-15 10:18:00,3,320,8.64864864864865,4.195135135135135,631.34,17.063243243243242,5.5050567935581105,85,223,74.33333333333333,0.40358744394618834,210.4466666666667,619.1864746426505,Medium Value
13544.0,2011-04-13 12:09:00,2011-10-31 11:57:00,2,127,1.4597701149425288,2.943448275862069,291.41,3.349540229885058,2.602321373377908,39,200,100.0,0.3,145.705,299.9088086897546,Low Value
13546.0,2011-05-23 12:14:00,2011-11-27 14:50:00,3,359,3.663265306122449,2.204285714285714,626.99,6.397857142857143,5.483524761905703,11,188,62.666666666666664,0.4787234042553192,208.99666666666667,611.4533032192621,Medium Value
13548.0,2011-04-10 11:35:00,2011-09-04 14:50:00,2,441,3.556451612903226,2.8149193548387097,682.41,5.503306451612903,6.958051746031058,95,147,73.5,0.4081632653061224,341.205,676.8407412141155,Medium Value
13549.0,2011-04-11 13:42:00,2011-11-14 09:20:00,7,458,8.980392156862745,3.5321568627450985,918.2,18.00392156862745,6.730377724446489,25,216,30.857142857142858,0.9722222222222222,131.17142857142858,924.8243367878899,High Value
13551.0,2011-01-24 14:46:00,2011-01-24 14:46:00,1,12,3.0,7.65,91.80000000000001,22.950000000000003,10.2,318,0,0.0,0.0,91.80000000000001,62.22893384920634,Low Value
13552.0,2011-01-28 10:10:00,2011-10-04 15:19:00,12,1417,13.0,3.9112844036697245,3740.07,34.31256880733945,21.411851659496364,65,249,20.75,1.4457831325301203,311.6725,3453.2788960241705,VIP
13555.0,2011-05-22 11:06:00,2011-09-27 12:36:00,4,2660,19.558823529411764,2.388235294117647,4149.28,30.50941176470588,22.99758891596492,73,128,32.0,0.9375,1037.32,3931.7815296825406,VIP
13557.0,2011-03-04 12:14:00,2011-11-11 15:24:00,2,546,16.058823529411764,1.4773529411764705,584.0600000000001,17.17823529411765,10.118071882015155,27,252,126.0,0.23809523809523808,292.03000000000003,602.0784829797977,Medium Value
13558.0,2011-10-02 13:01:00,2011-12-04 11:24:00,4,344,1.9657142857142857,2.2094857142857145,605.06,3.457485714285714,2.871058811572377,5,62,15.5,1.9354838709677418,151.265,605.6784578130204,Medium Value
13560.0,2011-12-02 13:11:00,2011-12-02 13:11:00,1,64,1.9393939393939394,2.9854545454545454,174.37,5.283939393939394,2.835004342362128,6,0,0.0,0.0,174.37,168.67494555354398,Low Value
13561.0,2011-05-08 12:39:00,2011-05-08 12:39:00,1,83,5.928571428571429,3.5464285714285713,141.85999999999999,10.132857142857143,20.793141409376545,215,0,0.0,0.0,141.85999999999999,191.33194354050946,Low Value
13562.0,2011-04-08 12:42:00,2011-09-19 10:51:00,3,757,9.231707317073171,3.83719512195122,1799.3300000000002,21.943048780487807,9.020184182651102,81,163,54.333333333333336,0.5521472392638036,599.7766666666668,1701.9218957049484,VIP
13563.0,2011-07-22 17:21:00,2011-09-16 14:45:00,2,209,4.26530612244898,8.512857142857143,777.53,15.867959183673468,28.898367959943677,83,55,27.5,1.090909090909091,388.765,725.1257408333335,High Value
13564.0,2010-12-06 17:26:00,2011-07-18 14:33:00,3,661,7.963855421686747,10.248795180722892,1749.02,21.07253012048193,59.748055399387084,143,223,74.33333333333333,0.40358744394618834,583.0066666666667,1913.87644702381,VIP
13565.0,2011-01-09 14:28:00,2011-11-20 14:33:00,2,172,4.526315789473684,1.7186842105263158,240.22,6.321578947368421,5.714163307467654,18,315,157.5,0.19047619047619047,120.11,230.90961526513968,Low Value
13566.0,2011-09-18 12:40:00,2011-10-30 11:59:00,2,575,3.2670454545454546,1.8909090909090909,874.71,4.969943181818182,5.221501863548356,40,41,20.5,1.4634146341463414,437.355,819.2149798443227,High Value
13568.0,2011-06-19 14:42:00,2011-06-19 14:42:00,1,70,1.5909090909090908,3.001136363636364,192.85,4.382954545454545,2.7759964308212552,172,0,0.0,0.0,192.85,175.4045533119502,Low Value
13569.0,2010-12-07 12:29:00,2011-11-22 13:07:00,2,164,1.9294117647058824,3.1531764705882352,373.75,4.397058823529412,3.232635598573595,16,350,175.0,0.17142857142857143,186.875,378.8799240243093,Medium Value
13570.0,2011-04-10 13:36:00,2011-04-10 13:36:00,1,161,5.962962962962963,2.102592592592593,239.49,8.870000000000001,10.635411821616717,242,0,0.0,0.0,239.49,189.7730530143594,Low Value
13571.0,2011-03-31 12:43:00,2011-11-27 10:47:00,12,1759,5.158357771260997,1.7267741935483871,2092.32,6.1358357771261005,3.9081890220119933,12,240,20.0,1.5,174.36,2214.293478174603,VIP
13572.0,2011-05-18 11:59:00,2011-05-18 11:59:00,1,534,16.181818181818183,4.502424242424243,1384.25,41.946969696969695,31.11773534546342,205,0,0.0,0.0,1384.25,1355.277301840659,High Value
13573.0,2011-03-31 14:47:00,2011-10-20 14:33:00,2,303,11.653846153846153,3.5473076923076925,294.40000000000003,11.323076923076924,9.347157330110912,49,202,101.0,0.297029702970297,147.20000000000002,378.6183343560606,Medium Value
13575.0,2011-06-16 14:24:00,2011-11-16 13:14:00,5,449,9.76086956521739,2.1478260869565218,732.07,15.914565217391305,5.52703444957269,22,152,30.4,0.986842105263158,146.41400000000002,741.9708200527531,High Value
13576.0,2010-12-01 17:24:00,2011-11-29 15:34:00,18,2646,21.0,3.223492063492064,6717.34,53.312222222222225,73.67862357985673,9,362,20.11111111111111,1.4917127071823204,373.18555555555554,6421.8663641269795,VIP
13577.0,2011-04-12 10:33:00,2011-11-14 15:19:00,4,791,9.53012048192771,3.086987951807229,1687.6000000000001,20.33253012048193,12.641355461763865,24,216,54.0,0.5555555555555556,421.90000000000003,1585.1292180612031,High Value
13579.0,2010-12-05 16:10:00,2011-11-25 08:41:00,2,176,7.6521739130434785,4.260434782608695,467.04,20.30608695652174,10.410900641823119,14,354,177.0,0.1694915254237288,233.52,472.3966776099438,Medium Value
13581.0,2011-02-03 14:41:00,2011-02-03 14:41:00,1,30,3.0,4.48,118.0,11.8,9.47874815925957,308,0,0.0,0.0,118.0,119.187865690938,Low Value
13583.0,2011-07-07 10:40:00,2011-07-07 10:40:00,1,725,13.679245283018869,2.0120754716981133,781.03,14.736415094339621,6.454497267659916,155,0,0.0,0.0,781.03,812.672738603896,High Value
13584.0,2011-02-06 12:49:00,2011-02-06 12:49:00,1,37,1.5416666666666667,4.164583333333333,142.4,5.933333333333334,6.216102278456484,306,0,0.0,0.0,142.4,132.59098784904734,Low Value
13587.0,2011-10-07 12:31:00,2011-10-07 12:31:00,1,180,22.5,6.63625,712.4,89.05,101.35858551273719,63,0,0.0,0.0,712.4,706.479660595238,High Value
13588.0,2011-03-29 15:53:00,2011-11-24 10:42:00,9,2606,14.977011494252874,1.376494252873563,2478.95,14.246839080459768,8.10188416018481,15,239,26.555555555555557,1.1297071129707112,275.43888888888887,2287.3702571031745,VIP
13589.0,2011-06-13 12:44:00,2011-11-25 12:10:00,2,114,5.428571428571429,6.701428571428571,379.65,18.07857142857143,6.954307503780867,14,164,82.0,0.36585365853658536,189.825,418.32041241707805,Medium Value
13590.0,2011-02-09 13:25:00,2011-11-28 12:54:00,6,1848,21.24137931034483,1.8458620689655172,1981.92,22.780689655172413,18.43622456640815,10,291,48.5,0.6185567010309279,330.32,2128.506364617605,VIP
13591.0,2011-03-18 12:18:00,2011-10-06 12:26:00,3,485,8.362068965517242,3.979310344827586,1117.13,19.26086206896552,9.384474914412516,64,202,67.33333333333333,0.44554455445544555,372.3766666666667,1056.3675168446464,High Value
13592.0,2011-03-20 14:01:00,2011-11-04 09:49:00,4,84,5.25,6.26,247.95999999999998,15.497499999999999,5.559059272934586,35,228,57.0,0.5263157894736842,61.989999999999995,287.6006620670997,Low Value
13593.0,2011-01-07 16:32:00,2011-08-23 13:35:00,5,731,5.7109375,4.3735156250000005,2037.0800000000002,15.914687500000001,9.603729749343493,107,227,45.4,0.6607929515418502,407.41600000000005,1991.7848651443003,VIP
13594.0,2011-10-18 10:19:00,2011-10-18 10:19:00,1,359,13.807692307692308,1.5953846153846152,396.97,15.268076923076924,7.991678681844394,52,0,0.0,0.0,396.97,395.15673667388177,Medium Value
13596.0,2011-11-27 11:57:00,2011-12-04 12:01:00,2,406,2.4457831325301207,2.282951807228916,697.04,4.199036144578313,4.863464811679346,5,7,3.5,8.571428571428571,348.52,622.2528813310747,Medium Value
13598.0,2011-10-23 14:28:00,2011-10-23 14:28:00,1,58,1.45,3.3560000000000003,180.17000000000002,4.504250000000001,4.315096271618203,46,0,0.0,0.0,180.17000000000002,169.01329241691283,Low Value
13599.0,2010-12-08 10:11:00,2011-12-08 16:10:00,21,3294,13.336032388663968,2.7971659919028338,5153.67,20.86506072874494,20.80677891157492,0,365,17.38095238095238,1.726027397260274,245.41285714285715,5533.424095747864,VIP
13600.0,2011-01-31 15:27:00,2011-01-31 15:27:00,1,324,17.05263157894737,3.0642105263157893,219.52,11.553684210526317,9.92530615846087,311,0,0.0,0.0,219.52,291.65806781746033,Low Value
13601.0,2011-05-12 16:52:00,2011-10-25 17:31:00,2,548,5.5353535353535355,1.8624242424242423,693.32,7.003232323232324,6.472048193023759,44,166,83.0,0.3614457831325301,346.66,712.5259274739742,High Value
13602.0,2011-10-06 11:47:00,2011-10-06 11:47:00,1,267,11.608695652173912,2.0608695652173914,428.89,18.647391304347824,6.708717678168869,64,0,0.0,0.0,428.89,384.6983725971957,Medium Value
13603.0,2011-11-13 15:57:00,2011-11-13 15:57:00,1,164,6.074074074074074,2.111851851851852,164.34,6.086666666666667,5.017181249696654,25,0,0.0,0.0,164.34,181.49659402407335,Low Value
13606.0,2011-02-01 11:42:00,2011-11-10 17:46:00,3,279,6.488372093023256,2.2688372093023257,280.54,6.524186046511629,7.525876703417269,28,282,94.0,0.3191489361702127,93.51333333333334,346.4168746097883,Medium Value
13607.0,2011-10-30 16:17:00,2011-10-30 16:17:00,1,290,2.9591836734693877,3.150612244897959,678.01,6.918469387755102,5.473723049700855,39,0,0.0,0.0,678.01,644.3657838568232,Medium Value
13610.0,2011-02-27 14:44:00,2011-11-27 15:38:00,7,516,2.2831858407079646,2.8789823008849558,1131.88,5.008318584070797,4.518543207255066,11,273,39.0,0.7692307692307693,161.69714285714286,1149.067165277778,High Value
13611.0,2010-12-15 10:31:00,2011-09-11 14:51:00,3,766,10.35135135135135,2.35472972972973,1171.8,15.835135135135134,10.69422059296877,88,270,90.0,0.3333333333333333,390.59999999999997,1148.447216410534,High Value
13614.0,2011-01-13 12:37:00,2011-11-15 14:47:00,4,570,2.8358208955223883,3.7748756218905473,1610.46,8.01223880597015,7.416536352144887,23,306,76.5,0.3921568627450981,402.615,1483.157353253969,High Value
13615.0,2011-01-25 08:21:00,2011-01-25 08:21:00,1,189,8.217391304347826,3.387391304347826,417.69,18.160434782608696,6.564035952384,318,0,0.0,0.0,417.69,410.0788999348422,Medium Value
13617.0,2011-06-12 12:55:00,2011-10-30 13:50:00,3,300,6.818181818181818,2.789772727272727,544.18,12.367727272727272,10.271177071568669,39,140,46.666666666666664,0.6428571428571428,181.39333333333332,566.6180490833365,Medium Value
13618.0,2011-06-19 11:09:00,2011-06-19 11:09:00,1,246,18.923076923076923,1.0353846153846153,177.34,13.641538461538461,8.221295362404724,173,0,0.0,0.0,177.34,193.18718067460313,Low Value
13621.0,2011-08-15 08:26:00,2011-08-15 08:26:00,1,343,18.05263157894737,1.1289473684210527,213.85,11.255263157894737,4.990491367948376,116,0,0.0,0.0,213.85,251.84266349927861,Low Value
13623.0,2011-02-15 13:08:00,2011-11-09 12:00:00,5,294,3.6296296296296298,3.594444444444444,747.78,9.231851851851852,15.36066731225495,30,266,53.2,0.5639097744360902,149.55599999999998,756.6956446724029,High Value
13626.0,2011-04-01 10:05:00,2011-04-01 10:05:00,1,209,11.0,2.1405263157894736,257.23,13.53842105263158,4.1218203410600776,252,0,0.0,0.0,257.23,267.65399417609706,Low Value
13627.0,2010-12-17 09:52:00,2011-10-11 14:20:00,5,1269,13.793478260869565,2.9745652173913046,1638.47,17.80945652173913,20.73014364989644,58,298,59.6,0.5033557046979865,327.694,1759.4323690476199,VIP
13629.0,2011-01-05 12:09:00,2011-11-16 13:21:00,11,4372,74.10169491525424,2.3242372881355933,7792.36,132.07389830508475,101.78790950180723,22,315,28.636363636363637,1.0476190476190477,708.3963636363636,5929.791856774893,VIP
13630.0,2011-02-27 12:49:00,2011-12-04 15:16:00,7,1391,19.591549295774648,2.003098591549296,2031.78,28.61661971830986,35.62749167000361,4,280,40.0,0.75,290.2542857142857,1983.119103300866,VIP
13631.0,2011-03-17 17:13:00,2011-09-01 09:57:00,11,467,42.45454545454545,6.16090909090909,3070.42,279.1290909090909,278.19120494561093,99,167,15.181818181818182,1.9760479041916168,279.1290909090909,2333.5167278896106,VIP
13632.0,2011-04-10 15:07:00,2011-11-15 10:51:00,5,1037,7.102739726027397,3.1735616438356162,2121.27,14.529246575342466,10.414370514896229,24,218,43.6,0.6880733944954128,424.254,2008.3404061378906,VIP
13634.0,2011-01-16 15:30:00,2011-11-06 13:40:00,5,704,3.74468085106383,3.3305851063829786,1575.16,8.378510638297874,7.668906029876322,32,293,58.6,0.5119453924914675,315.03200000000004,1570.9801535425684,High Value
13635.0,2011-10-03 10:55:00,2011-10-03 10:55:00,1,677,10.919354838709678,2.405806451612903,1071.03,17.274677419354838,7.497878108087917,67,0,0.0,0.0,1071.03,1021.0730287170019,High Value
13636.0,2011-02-27 14:29:00,2011-11-03 10:30:00,5,592,9.396825396825397,3.785396825396825,949.12,15.065396825396826,5.519100799071561,36,248,49.6,0.6048387096774193,189.824,1085.6012738031575,High Value
13637.0,2011-04-27 13:06:00,2011-10-18 13:32:00,3,409,4.0495049504950495,2.365841584158416,810.5,8.024752475247524,6.227736923483427,51,174,58.0,0.5172413793103449,270.1666666666667,735.4743096752521,High Value
13638.0,2011-11-24 10:38:00,2011-11-24 10:38:00,1,93,11.625,2.9925,122.64,15.33,5.0447936387074215,15,0,0.0,0.0,122.64,150.1335075449824,Low Value
13639.0,2011-09-26 13:36:00,2011-09-26 13:36:00,1,800,20.0,1.443,1033.34,25.833499999999997,38.97632217128754,73,0,0.0,0.0,1033.34,901.7847026190477,High Value
13642.0,2011-05-08 12:34:00,2011-05-08 12:34:00,1,173,2.621212121212121,3.251212121212121,354.8,5.375757575757576,5.458320130591339,215,0,0.0,0.0,354.8,345.8745754473067,Medium Value
13643.0,2011-06-07 11:40:00,2011-11-08 15:37:00,3,273,9.75,2.394642857142857,519.44,18.551428571428573,7.326884899330844,30,154,51.333333333333336,0.5844155844155844,173.14666666666668,475.6204930158731,Medium Value
13644.0,2011-08-26 11:53:00,2011-11-23 14:07:00,4,2067,14.157534246575343,3.043013698630137,2624.26,17.974383561643837,7.968597416722522,15,89,22.25,1.348314606741573,656.065,2966.9825198412723,VIP
13645.0,2011-08-11 16:11:00,2011-08-11 16:11:00,1,158,31.6,3.3699999999999997,252.1,50.42,27.270350199438216,119,0,0.0,0.0,252.1,296.4154997619048,Low Value
13647.0,2011-04-19 09:49:00,2011-11-30 12:00:00,4,895,11.329113924050633,3.3203797468354432,1678.1200000000001,21.2420253164557,21.867062596854094,9,225,56.25,0.5333333333333333,419.53000000000003,1730.8662687544916,VIP
13649.0,2010-12-08 14:46:00,2011-03-28 11:51:00,2,139,6.043478260869565,3.191304347826087,346.6,15.069565217391306,16.55594331028228,256,109,54.5,0.5504587155963303,173.3,294.84473818069733,Low Value
13650.0,2011-03-17 12:37:00,2011-11-23 12:22:00,6,922,9.604166666666666,3.1525,1836.3400000000001,19.128541666666667,9.810299741025853,16,250,41.666666666666664,0.72,306.0566666666667,1822.1878670642704,VIP
13651.0,2011-10-31 12:11:00,2011-11-04 14:59:00,2,33,5.5,6.058333333333334,94.2,15.700000000000001,1.5257784898208515,34,4,2.0,15.0,47.1,117.91675708339093,Low Value
13652.0,2010-12-06 09:21:00,2011-10-25 08:51:00,3,578,9.174603174603174,3.1233333333333335,1095.08,17.38222222222222,4.368632857839509,45,322,107.33333333333333,0.27950310559006214,365.02666666666664,1062.1427655060097,High Value
13654.0,2011-03-11 12:54:00,2011-10-27 16:24:00,6,2182,13.144578313253012,2.5266867469879517,2707.33,16.30921686746988,8.34172295195836,42,230,38.333333333333336,0.7826086956521738,451.22166666666664,2954.9028306962473,VIP
13655.0,2011-04-12 09:53:00,2011-08-17 14:25:00,2,605,10.803571428571429,3.3296428571428573,932.97,16.66017857142857,6.546564259510182,113,127,63.5,0.47244094488188976,466.485,988.440069810697,High Value
13656.0,2011-01-06 15:42:00,2011-06-28 10:31:00,2,490,10.0,1.7189795918367348,379.65,7.747959183673469,6.762295277120483,164,172,86.0,0.3488372093023256,189.825,476.3679754838299,Medium Value
13657.0,2011-05-22 12:35:00,2011-11-29 12:32:00,2,209,13.0625,2.993125,382.14,23.88375,17.675820348713664,10,190,95.0,0.31578947368421056,191.07,404.4604635689157,Medium Value
13658.0,2011-05-19 17:15:00,2011-11-30 10:13:00,5,1019,9.435185185185185,4.0226851851851855,2639.17,24.43675925925926,19.86782317745609,9,194,38.8,0.7731958762886598,527.8340000000001,2478.2744013715214,VIP
13659.0,2011-01-23 12:08:00,2011-05-18 12:37:00,2,894,8.596153846153847,3.8291346153846155,1573.2,15.126923076923077,12.17453446624361,205,115,57.5,0.5217391304347826,786.6,1658.4626601960783,VIP
13662.0,2011-03-25 13:23:00,2011-09-15 12:04:00,3,543,10.245283018867925,3.2800000000000002,897.76,16.938867924528303,7.340771721215001,85,173,57.666666666666664,0.5202312138728323,299.25333333333333,927.3469039242627,High Value
13663.0,2011-06-13 15:44:00,2011-06-13 15:44:00,1,91,7.0,4.5,189.47,14.574615384615385,4.133603382410669,178,0,0.0,0.0,189.47,201.23228856086757,Low Value
13666.0,2011-02-25 13:05:00,2011-10-10 15:39:00,3,41,3.4166666666666665,3.7416666666666667,84.65,7.054166666666667,5.902674984250527,59,227,75.66666666666667,0.39647577092511016,28.21666666666667,112.64279906863865,Low Value
13667.0,2011-07-13 15:42:00,2011-07-13 15:42:00,1,154,1.7701149425287357,2.4348275862068967,305.02,3.505977011494253,3.205690238691526,148,0,0.0,0.0,305.02,283.42740477231104,Low Value
13668.0,2010-12-12 12:35:00,2011-12-07 12:11:00,21,3742,7.961702127659574,2.976063829787234,6363.59,13.539553191489363,18.671035320192303,2,359,17.095238095238095,1.7548746518105849,303.02809523809526,6442.037933095238,VIP
13669.0,2011-07-13 11:44:00,2011-10-20 09:32:00,2,237,26.333333333333332,2.7511111111111113,218.55,24.283333333333335,11.622929923216434,50,98,49.0,0.6122448979591837,109.275,301.70964057539686,Low Value
13670.0,2011-09-25 15:25:00,2011-09-25 15:25:00,1,282,11.28,1.8768,349.7,13.988,7.292715543609253,74,0,0.0,0.0,349.7,346.64125429707667,Medium Value
13672.0,2011-01-11 13:54:00,2011-02-11 13:53:00,2,57,9.5,4.463333333333334,186.39000000000001,31.065,14.239376039700616,300,30,15.0,2.0,93.19500000000001,197.15217485772826,Low Value
13673.0,2011-11-07 15:40:00,2011-11-21 12:11:00,2,119,1.8307692307692307,3.301846153846154,396.92,6.106461538461539,7.901481947783835,18,13,6.5,4.615384615384615,198.46,328.410563344566,Medium Value
13675.0,2011-02-28 12:14:00,2011-07-11 12:57:00,2,330,13.2,1.9028,486.82000000000005,19.472800000000003,7.931443500397643,150,133,66.5,0.45112781954887216,243.41000000000003,453.80715865251886,Medium Value
13678.0,2011-07-11 10:14:00,2011-07-11 10:14:00,1,924,57.75,0.39375,232.6,14.5375,4.25205754115973,151,0,0.0,0.0,232.6,358.1854521428571,Medium Value
13680.0,2011-01-04 14:12:00,2011-12-08 13:47:00,4,1936,9.928205128205128,2.205230769230769,3722.42,19.089333333333332,36.99036469786559,0,337,84.25,0.3560830860534125,930.605,3234.8299753354977,VIP
13681.0,2011-07-07 15:21:00,2011-11-22 11:13:00,4,360,6.315789473684211,2.902456140350877,827.83,14.523333333333333,8.479049882195639,17,137,34.25,0.8759124087591241,206.9575,761.4428494300148,High Value
13682.0,2011-06-05 14:06:00,2011-06-05 14:06:00,1,10,3.3333333333333335,7.083333333333333,59.5,19.833333333333332,4.907477288111819,186,0,0.0,0.0,59.5,62.64096813492064,Low Value
13684.0,2011-02-27 10:13:00,2011-02-27 10:13:00,1,39,1.3,1.7446666666666668,67.23,2.241,1.4998214836301755,285,0,0.0,0.0,67.23,69.49459761904762,Low Value
13685.0,2011-10-10 12:59:00,2011-12-06 13:45:00,6,4456,117.26315789473684,0.6678947368421052,1949.44,51.30105263157895,103.01794936201124,2,57,9.5,3.1578947368421053,324.9066666666667,2325.741314978355,VIP
13686.0,2011-06-10 09:10:00,2011-06-10 09:10:00,1,70,8.75,1.1625,72.0,9.0,0.9258200997725516,182,0,0.0,0.0,72.0,82.2373694047619,Low Value
13689.0,2011-10-07 13:21:00,2011-10-07 13:21:00,1,512,85.33333333333333,1.7,910.0,151.66666666666666,66.95271963607352,62,0,0.0,0.0,910.0,822.8733694083693,High Value
13690.0,2011-10-11 15:03:00,2011-10-11 15:03:00,1,67,7.444444444444445,5.972222222222222,172.25,19.13888888888889,11.474013513636416,58,0,0.0,0.0,172.25,184.77772323466468,Low Value
13692.0,2011-04-17 12:57:00,2011-11-15 11:17:00,3,1226,23.132075471698112,2.5984905660377358,1488.32,28.081509433962264,31.701370353553777,24,211,70.33333333333333,0.4265402843601896,496.1066666666666,1540.3684884379506,High Value
13694.0,2010-12-01 12:12:00,2011-12-06 09:32:00,30,63312,111.46478873239437,1.5689964788732396,16525.23879999992,114.50637323943663,95.0682584568168,3,369,7.38,4.0650406504065035,1300.7924,16443.858388333272,VIP
13695.0,2011-03-25 11:31:00,2011-11-08 14:26:00,15,1603,17.81111111111111,2.646888888888889,2504.13,27.823666666666668,22.5143493045378,30,228,15.2,1.973684210526316,166.942,2569.9456479761902,VIP
13697.0,2011-11-01 09:14:00,2011-11-01 09:14:00,1,177,14.75,1.3933333333333333,151.3,12.608333333333334,3.9591868617256005,38,0,0.0,0.0,151.3,156.17389002566873,Low Value
13699.0,2011-07-07 16:51:00,2011-07-07 16:51:00,1,66,4.714285714285714,6.3064285714285715,308.58000000000004,22.041428571428575,8.181575790615303,154,0,0.0,0.0,308.58000000000004,295.99759103334316,Low Value
13700.0,2011-01-16 13:18:00,2011-11-13 13:00:00,10,2304,11.695431472081218,1.585736040609137,2265.12,11.498071065989848,13.654171611001484,25,300,30.0,1.0,226.512,2396.1775759126995,VIP
13703.0,2011-01-25 13:10:00,2011-01-25 13:10:00,1,10,10.0,9.95,99.5,99.5,0.0,317,0,0.0,0.0,99.5,99.46422512987012,Low Value
13704.0,2011-09-12 14:40:00,2011-12-04 15:13:00,9,1531,11.425373134328359,3.328805970149254,2308.06,17.224328358208954,8.17567972826662,4,83,9.222222222222221,3.253012048192771,256.4511111111111,2470.5965202481975,VIP
13705.0,2010-12-01 10:29:00,2011-12-02 12:32:00,3,363,12.964285714285714,7.6085714285714285,711.86,25.423571428571428,29.773129348742152,7,366,122.0,0.24590163934426232,237.28666666666666,929.8725058441556,High Value
13706.0,2011-02-10 09:21:00,2011-02-10 09:21:00,1,189,9.45,2.774,330.79,16.5395,8.738638021664714,302,0,0.0,0.0,330.79,341.3777079659547,Medium Value
13707.0,2011-01-28 13:27:00,2011-03-17 18:03:00,2,351,7.3125,4.463333333333334,806.41,16.800208333333334,9.247096264091551,266,48,24.0,1.25,403.205,829.8488622788814,High Value
13708.0,2011-03-13 13:46:00,2011-03-13 13:46:00,1,306,6.0,2.057450980392157,296.88,5.821176470588235,3.7070973265123888,270,0,0.0,0.0,296.88,349.7652962654127,Medium Value
13709.0,2011-01-28 14:57:00,2011-12-06 10:28:00,13,3516,10.464285714285714,3.551071428571429,6328.05,18.833482142857143,16.782652595373403,3,311,23.923076923076923,1.2540192926045015,486.7730769230769,7185.129972658728,VIP
13710.0,2011-11-08 08:16:00,2011-11-08 08:16:00,1,176,22.0,1.16625,180.48,22.56,18.76807014966795,31,0,0.0,0.0,180.48,182.30107477133978,Low Value
13711.0,2011-05-05 10:29:00,2011-05-05 10:31:00,2,140,10.76923076923077,3.7800000000000002,252.06,19.38923076923077,7.015769691129716,218,0,0.0,0.0,126.03,251.37521593666514,Low Value
13712.0,2011-04-07 12:33:00,2011-04-07 12:33:00,1,352,35.2,1.2349999999999999,228.84,22.884,11.162193332853539,246,0,0.0,0.0,228.84,312.3307233405484,Medium Value
13715.0,2010-12-02 08:52:00,2011-03-03 19:21:00,5,563,5.3619047619047615,2.284761904761905,1079.34,10.279428571428571,7.01014207973148,280,91,18.2,1.6483516483516485,215.868,1028.88346234127,High Value
13716.0,2011-03-15 13:49:00,2011-03-15 13:49:00,1,138,6.571428571428571,1.4195238095238094,138.28,6.584761904761905,5.088206578989909,268,0,0.0,0.0,138.28,138.52968631362992,Low Value
13717.0,2011-02-14 13:21:00,2011-11-07 14:13:00,6,1959,19.205882352941178,2.0434313725490196,1445.01,14.166764705882352,6.8234898828760855,31,266,44.333333333333336,0.6766917293233082,240.835,2012.5501638095232,VIP
13718.0,2011-02-17 11:58:00,2011-04-07 13:24:00,2,173,14.416666666666666,5.529166666666666,306.55,25.545833333333334,27.90380764448834,245,49,24.5,1.2244897959183674,153.275,356.194996992452,Medium Value
13719.0,2011-04-19 13:56:00,2011-11-24 15:26:00,5,609,10.15,3.266,1041.68,17.361333333333334,6.774949738175351,14,219,43.8,0.684931506849315,208.336,1064.740862656556,High Value
13720.0,2011-03-30 09:17:00,2011-08-15 12:46:00,4,501,11.651162790697674,3.17906976744186,799.9,18.60232558139535,10.435915283109324,116,138,34.5,0.8695652173913044,199.975,834.3258742158677,High Value
13721.0,2011-11-03 14:05:00,2011-11-03 14:05:00,1,316,11.285714285714286,2.8510714285714287,524.14,18.719285714285714,7.374808436217139,35,0,0.0,0.0,524.14,522.0440649201539,Medium Value
13722.0,2011-03-02 11:43:00,2011-07-31 12:44:00,3,1401,16.48235294117647,2.8843529411764703,2375.41,27.945999999999998,18.933036961127726,131,151,50.333333333333336,0.5960264900662252,791.8033333333333,2232.7176435714287,VIP
13723.0,2011-05-06 17:04:00,2011-05-06 17:04:00,1,43,7.166666666666667,5.283333333333333,199.85000000000002,33.30833333333334,12.370425080273783,216,0,0.0,0.0,199.85000000000002,182.29384055474696,Low Value
13725.0,2011-02-04 12:18:00,2011-10-21 10:03:00,8,806,7.75,4.336057692307692,1980.56,19.043846153846154,15.755503665167037,49,258,32.25,0.9302325581395349,247.57,1937.295610833334,VIP
13726.0,2011-08-31 11:06:00,2011-11-01 10:49:00,2,1054,25.095238095238095,1.0761904761904761,1079.66,25.70619047619048,38.765993014520575,38,61,30.5,0.9836065573770493,539.83,970.2425568253971,High Value
13727.0,2011-11-06 12:16:00,2011-11-11 09:46:00,2,162,8.1,2.941,333.48,16.674,8.885206155236503,28,4,2.0,15.0,166.74,336.8933980951749,Medium Value
13728.0,2011-02-02 12:09:00,2011-11-03 10:49:00,6,458,7.26984126984127,5.451746031746032,1016.14,16.12920634920635,3.1551280847101566,36,273,45.5,0.6593406593406593,169.35666666666665,1161.1772645530496,High Value
13730.0,2011-07-01 12:47:00,2011-07-27 08:35:00,2,488,11.348837209302326,3.238139534883721,752.6,17.50232558139535,8.672115092478139,135,25,12.5,2.4,376.3,759.2258999887608,High Value
13731.0,2011-04-07 10:10:00,2011-05-04 14:33:00,2,278,7.315789473684211,4.2894736842105265,610.59,16.068157894736842,3.5273087936480416,218,27,13.5,2.2222222222222223,305.295,632.8347816776096,Medium Value
13732.0,2011-11-11 15:49:00,2011-11-11 15:49:00,1,498,15.090909090909092,1.58,491.86,14.904848484848486,5.4922508598547966,27,0,0.0,0.0,491.86,500.7495257070707,Medium Value
13735.0,2011-04-19 13:49:00,2011-11-15 11:14:00,4,1130,5.76530612244898,4.036377551020408,2885.2400000000002,14.72061224489796,12.191007641517645,24,209,52.25,0.5741626794258373,721.3100000000001,2840.1226216774903,VIP
13736.0,2011-03-24 13:04:00,2011-12-04 15:19:00,2,497,2.602094240837696,2.177696335078534,731.9,3.831937172774869,4.002076160698589,4,255,127.5,0.23529411764705882,365.95,715.7530234657733,High Value
13737.0,2011-05-23 16:32:00,2011-05-23 16:32:00,1,125,4.166666666666667,3.848666666666667,339.6,11.32,15.018624070317403,199,0,0.0,0.0,339.6,282.0983045784069,Low Value
13739.0,2011-11-21 13:35:00,2011-11-21 13:35:00,1,54,18.0,5.483333333333333,216.9,72.3,26.831138626603234,17,0,0.0,0.0,216.9,236.28758953479854,Low Value
13740.0,2011-04-13 10:32:00,2011-04-13 10:32:00,1,425,18.47826086956522,1.5960869565217393,350.75,15.25,7.079542229679698,240,0,0.0,0.0,350.75,416.0367517460318,Medium Value
13741.0,2011-05-06 13:43:00,2011-09-29 09:19:00,3,218,6.411764705882353,5.225588235294118,668.4300000000001,19.65970588235294,7.170288648639803,71,145,48.333333333333336,0.6206896551724138,222.81000000000003,667.877930238095,Medium Value
13742.0,2011-01-23 14:59:00,2011-11-23 11:07:00,12,1124,3.501557632398754,4.103551401869159,3131.02,9.753956386292835,9.769023088855505,16,303,25.25,1.188118811881188,260.91833333333335,3121.4169093030305,VIP
13743.0,2011-03-25 14:46:00,2011-12-07 10:09:00,7,1776,43.31707317073171,1.1202439024390243,1341.6,32.72195121951219,15.07004698392016,2,256,36.57142857142857,0.8203125,191.65714285714284,1608.5182017460318,High Value
13744.0,2011-02-20 14:08:00,2011-09-05 15:19:00,2,1249,17.34722222222222,1.7072222222222222,1156.36,16.060555555555553,10.951461525575748,94,197,98.5,0.30456852791878175,578.18,1253.754070396826,High Value
13745.0,2011-06-30 16:43:00,2011-06-30 16:43:00,1,496,19.84,0.6456000000000001,300.04,12.001600000000002,5.642762089615333,161,0,0.0,0.0,300.04,255.1032307936509,Low Value
13747.0,2010-12-01 10:37:00,2010-12-01 10:37:00,1,8,8.0,9.95,79.6,79.6,0.0,368,0,0.0,0.0,79.6,83.3708350108225,Low Value
13748.0,2010-12-01 09:00:00,2011-09-05 09:45:00,5,439,15.678571428571429,3.9964285714285714,948.25,33.86607142857143,42.95311926234322,95,278,55.6,0.539568345323741,189.65,983.0252599749379,High Value
13750.0,2011-01-07 11:49:00,2011-10-17 12:16:00,5,516,21.5,5.020416666666667,1647.26,68.63583333333334,101.66178029716185,53,283,56.6,0.5300353356890459,329.452,1615.8548098989904,High Value
13751.0,2011-02-24 15:56:00,2011-02-24 15:56:00,1,152,16.88888888888889,3.5300000000000002,296.25,32.916666666666664,51.73385013702344,287,0,0.0,0.0,296.25,330.48669638174397,Medium Value
13752.0,2011-04-07 12:04:00,2011-08-07 14:16:00,6,876,11.526315789473685,3.0701315789473687,1186.28,15.608947368421052,13.40377972354041,123,122,20.333333333333332,1.4754098360655739,197.71333333333334,1229.44110540182,High Value
13753.0,2011-02-25 12:48:00,2011-02-25 12:48:00,1,512,14.628571428571428,1.7942857142857143,741.26,21.178857142857144,13.719620937017982,287,0,0.0,0.0,741.26,680.4671659054834,High Value
13754.0,2011-01-26 14:58:00,2011-07-11 11:51:00,2,214,17.833333333333332,2.3375,282.6,23.55,12.967056159921015,151,165,82.5,0.36363636363636365,141.3,345.90698337488584,Medium Value
13755.0,2011-10-07 15:45:00,2011-12-06 12:26:00,9,1264,3.695906432748538,3.0728947368421053,2161.35,6.319736842105263,7.444967139462131,3,59,6.555555555555555,4.576271186440678,240.14999999999998,2302.3321818162394,VIP
13756.0,2010-12-07 11:41:00,2011-12-07 16:44:00,14,3188,22.450704225352112,2.7371126760563382,5189.52,36.54591549295775,40.052375535483066,1,365,26.071428571428573,1.1506849315068495,370.68,5160.704161938339,VIP
13758.0,2010-12-01 12:08:00,2011-11-28 11:11:00,7,1844,15.760683760683762,3.287948717948718,3190.55,27.26965811965812,22.17251330891098,11,361,51.57142857142857,0.5817174515235457,455.79285714285714,3770.937806947496,VIP
13759.0,2011-09-29 15:40:00,2011-11-06 14:47:00,2,287,11.48,3.3627999999999996,659.4100000000001,26.376400000000004,32.043692681503906,32,37,18.5,1.6216216216216215,329.70500000000004,643.6757676564365,Medium Value
13760.0,2011-03-28 12:52:00,2011-10-16 16:13:00,2,197,3.456140350877193,1.984561403508772,286.79,5.03140350877193,4.071124554449864,53,202,101.0,0.297029702970297,143.395,298.6668248697111,Low Value
13761.0,2011-06-13 08:43:00,2011-10-20 14:01:00,2,642,9.17142857142857,2.9494285714285717,1070.65,15.295000000000002,4.903987360198383,49,129,64.5,0.46511627906976744,535.325,1114.5681185028861,High Value
13762.0,2011-05-05 09:15:00,2011-05-05 09:15:00,1,272,38.857142857142854,1.26,306.72,43.81714285714286,31.653278773973124,218,0,0.0,0.0,306.72,299.93841976190475,Low Value
13763.0,2011-10-07 15:13:00,2011-10-07 15:13:00,1,728,48.53333333333333,2.598,1714.96,114.33066666666667,50.59807668093249,62,0,0.0,0.0,1714.96,1602.3619026731603,High Value
13764.0,2011-01-06 14:53:00,2011-09-30 12:03:00,3,932,4.480769230769231,2.7239903846153846,1521.76,7.3161538461538465,4.2898478757961875,70,266,88.66666666666667,0.3383458646616541,507.25333333333333,1494.1423251950869,High Value
13767.0,2010-12-01 10:47:00,2011-12-07 15:00:00,30,7322,19.89673913043478,3.713532608695652,16525.23879999992,46.79445652173913,56.0794373203498,1,371,10.027027027027026,2.9919137466307277,465.41513513513513,13952.751596744432,VIP
13769.0,2010-12-07 13:28:00,2011-12-07 15:08:00,10,1163,8.614814814814816,3.727777777777778,2796.51,20.71488888888889,20.316982634807875,1,365,36.5,0.8219178082191781,279.651,2671.6906552869355,VIP
13771.0,2011-04-06 15:47:00,2011-10-06 14:18:00,4,1477,12.411764705882353,2.6267226890756303,2634.45,22.138235294117646,15.6845919559778,63,182,45.5,0.6593406593406593,658.6125,2455.105983661616,VIP
13772.0,2011-04-14 12:31:00,2011-11-06 11:43:00,3,546,3.0847457627118646,2.463898305084746,1132.13,6.396214689265538,8.18269042074967,33,205,68.33333333333333,0.43902439024390244,377.3766666666667,996.4477660930587,High Value
13774.0,2011-09-19 12:06:00,2011-09-19 12:06:00,1,192,8.727272727272727,3.290909090909091,345.0,15.681818181818182,3.26378196687106,81,0,0.0,0.0,345.0,387.28050076347455,Medium Value
13777.0,2010-12-01 16:01:00,2011-12-09 12:25:00,30,11769,60.66494845360825,2.254072164948454,16525.23879999992,115.06288659793815,134.25551612992854,0,372,12.0,2.5,720.0709677419355,16305.451692701527,VIP
13778.0,2011-08-28 15:25:00,2011-08-28 15:25:00,1,70,7.777777777777778,3.3,178.7,19.855555555555554,8.121708735098654,102,0,0.0,0.0,178.7,162.02909560486694,Low Value
13780.0,2011-06-22 11:43:00,2011-12-02 13:49:00,2,318,5.578947368421052,2.5831578947368423,360.01,6.315964912280702,11.172808647344475,6,163,81.5,0.36809815950920244,180.005,439.50459275018375,Medium Value
13781.0,2011-04-03 12:08:00,2011-04-03 12:08:00,1,30,1.7647058823529411,4.557058823529411,127.84,7.5200000000000005,5.87496382967589,250,0,0.0,0.0,127.84,120.80796086510335,Low Value
13782.0,2011-01-16 11:08:00,2011-11-27 11:54:00,6,371,3.226086956521739,3.508521739130435,912.0,7.930434782608696,5.480680485234994,12,315,52.5,0.5714285714285714,152.0,934.3242232927015,High Value
13784.0,2011-01-11 14:38:00,2011-11-30 09:33:00,11,2493,80.41935483870968,2.6380645161290324,2462.79,79.44483870967741,58.09794665740305,9,322,29.272727272727273,1.0248447204968945,223.89,4358.798863988095,VIP
13786.0,2010-12-07 13:53:00,2010-12-07 13:53:00,1,136,19.428571428571427,1.8928571428571428,230.4,32.91428571428572,23.424163348376577,366,0,0.0,0.0,230.4,215.4117408702555,Low Value
13787.0,2010-12-10 14:45:00,2011-09-25 12:06:00,2,337,10.870967741935484,2.4777419354838712,309.04,9.969032258064518,7.124926364456319,75,288,144.0,0.20833333333333334,154.52,381.24682542397653,Medium Value
13790.0,2011-12-05 15:48:00,2011-12-05 15:48:00,1,748,16.622222222222224,0.7717777777777777,348.79999999999995,7.75111111111111,5.781913108298947,3,0,0.0,0.0,348.79999999999995,420.69821979797996,Medium Value
13791.0,2011-06-24 16:38:00,2011-08-04 11:44:00,2,1200,109.0909090909091,1.2463636363636363,1516.0,137.8181818181818,66.39701526698046,127,40,20.0,1.5,758.0,1360.5077228571429,High Value
13792.0,2011-02-25 14:03:00,2011-10-04 14:31:00,2,92,7.076923076923077,3.5461538461538464,195.55,15.042307692307693,4.2360479888809754,65,221,110.5,0.2714932126696833,97.775,211.57232283637327,Low Value
13798.0,2010-12-02 17:24:00,2011-12-08 15:51:00,30,23948,68.6189111747851,2.1165329512893982,16525.23879999992,106.4580229226361,69.2264907797415,0,370,6.491228070175438,4.621621621621621,651.8219298245614,16523.81622239993,VIP
13799.0,2011-02-18 14:18:00,2011-08-15 12:07:00,2,402,10.307692307692308,2.1302564102564103,688.86,17.663076923076922,8.729158081379703,116,177,88.5,0.3389830508474576,344.43,635.9695698802902,Medium Value
13800.0,2011-02-03 12:27:00,2011-02-03 12:27:00,1,331,10.030303030303031,2.553939393939394,558.32,16.91878787878788,9.705873143867505,309,0,0.0,0.0,558.32,522.5097191990124,Medium Value
13801.0,2011-10-04 10:15:00,2011-10-04 10:15:00,1,168,7.304347826086956,3.9543478260869565,324.8,14.121739130434783,3.844796545242453,66,0,0.0,0.0,324.8,336.7606414035326,Medium Value
13802.0,2011-02-01 12:03:00,2011-07-24 10:54:00,3,2572,42.86666666666667,2.6631666666666667,4599.42,76.657,69.70732323709865,138,172,57.333333333333336,0.5232558139534884,1533.14,3928.04824,VIP
13803.0,2011-03-29 12:57:00,2011-03-29 12:57:00,1,121,7.117647058823529,2.922941176470588,277.07,16.298235294117646,3.4787825372070147,254,0,0.0,0.0,277.07,259.62879957285844,Low Value
13804.0,2011-02-23 09:09:00,2011-11-09 12:32:00,7,1498,10.934306569343066,3.0835036496350363,2635.79,19.23934306569343,8.88936883258506,30,259,37.0,0.8108108108108109,376.5414285714286,2656.933493452382,VIP
13805.0,2011-08-02 15:29:00,2011-10-18 14:50:00,2,1900,146.15384615384616,0.5930769230769231,924.5999999999999,71.12307692307692,53.34235955670618,51,76,38.0,0.7894736842105263,462.29999999999995,932.5300413095241,High Value
13806.0,2011-10-07 11:43:00,2011-10-07 11:43:00,1,56,5.6,5.233,256.38,25.637999999999998,16.587026255480517,63,0,0.0,0.0,256.38,205.54921867762744,Low Value
13807.0,2010-12-07 15:48:00,2010-12-07 15:48:00,1,36,5.142857142857143,5.1499999999999995,112.6,16.085714285714285,2.798468969173782,366,0,0.0,0.0,112.6,124.0441543922401,Low Value
13808.0,2011-09-04 12:07:00,2011-12-04 12:18:00,5,782,10.289473684210526,3.7531578947368422,1747.66,22.995526315789476,18.028870949654564,5,91,18.2,1.6483516483516485,349.53200000000004,1757.7977535224086,VIP
13809.0,2011-02-07 13:15:00,2011-02-07 13:15:00,1,29,2.4166666666666665,7.108333333333333,155.05,12.920833333333334,9.421914935967425,304,0,0.0,0.0,155.05,137.70599189531993,Low Value
13810.0,2011-10-14 12:57:00,2011-11-11 08:33:00,3,312,8.914285714285715,21.278000000000002,1499.01,42.828857142857146,98.90555042330949,28,27,9.0,3.333333333333333,499.67,1323.9855148412698,High Value
13811.0,2011-04-14 18:40:00,2011-06-09 09:54:00,3,68,5.230769230769231,26.25,814.5,62.65384615384615,50.200176217894814,183,55,18.333333333333332,1.6363636363636365,271.5,608.2566098809526,Medium Value
13812.0,2011-08-26 12:54:00,2011-10-28 14:27:00,3,333,9.25,3.586111111111111,539.0,14.972222222222221,4.938802695339435,41,63,21.0,1.4285714285714286,179.66666666666666,553.1595602679997,Medium Value
13813.0,2011-07-28 10:33:00,2011-10-31 10:38:00,4,552,8.0,4.282608695652174,1366.8600000000001,19.809565217391306,10.830544013654785,39,95,23.75,1.2631578947368423,341.71500000000003,1336.763523969087,High Value
13814.0,2011-07-25 13:54:00,2011-09-08 13:48:00,2,864,15.157894736842104,3.020701754385965,1579.12,27.703859649122805,20.273859026763816,91,44,22.0,1.3636363636363638,789.56,1553.7257019612332,High Value
13815.0,2011-01-25 12:16:00,2011-11-17 14:19:00,4,2560,14.545454545454545,2.566875,4027.36,22.882727272727273,19.22190448285632,21,296,74.0,0.4054054054054054,1006.84,3858.061947142857,VIP
13816.0,2011-10-06 14:37:00,2011-11-16 08:38:00,2,269,9.607142857142858,4.742142857142857,571.6700000000001,20.416785714285716,11.151065404529051,23,40,20.0,1.5,285.83500000000004,608.2792640093302,Medium Value
13817.0,2010-12-23 11:46:00,2011-11-10 17:49:00,2,211,8.791666666666666,3.219583333333333,382.98,15.957500000000001,5.543548737829916,28,322,161.0,0.1863354037267081,191.49,412.5579575694898,Medium Value
13819.0,2011-01-24 10:38:00,2011-02-11 10:38:00,3,1109,30.805555555555557,2.003611111111111,1140.35,31.676388888888887,14.966956395010934,301,18,6.0,5.0,380.1166666666666,1223.3199669300143,High Value
13821.0,2011-03-23 11:30:00,2011-07-18 09:49:00,2,153,2.593220338983051,3.2916949152542374,385.64,6.536271186440678,4.673811447034564,144,116,58.0,0.5172413793103449,192.82,372.9190847404973,Medium Value
13822.0,2011-10-30 15:55:00,2011-12-04 12:13:00,2,611,6.364583333333333,1.7905208333333331,632.0,6.583333333333333,12.997027325440445,5,34,17.0,1.7647058823529411,316.0,647.6404197753715,Medium Value
13823.0,2011-09-09 10:42:00,2011-11-21 10:22:00,2,439,10.975,3.9204999999999997,957.66,23.941499999999998,20.138489433586294,18,72,36.0,0.8333333333333334,478.83,922.0368593009767,High Value
13824.0,2011-02-02 13:07:00,2011-11-07 12:41:00,5,768,16.695652173913043,2.7528260869565218,1698.94,36.93347826086956,36.30657652194657,32,277,55.4,0.5415162454873647,339.788,1624.0171371825397,High Value
13826.0,2011-06-16 13:48:00,2011-06-16 13:48:00,1,82,8.2,5.7299999999999995,189.5,18.95,5.509032986327496,175,0,0.0,0.0,189.5,212.87629074730822,Low Value
13827.0,2011-07-19 15:38:00,2011-10-13 12:38:00,3,141,1.5161290322580645,3.7441935483870967,412.05,4.430645161290323,4.136674994971837,57,85,28.333333333333332,1.0588235294117647,137.35,371.4869899120146,Medium Value
13828.0,2011-11-17 16:02:00,2011-11-17 16:02:00,1,311,20.733333333333334,1.9046666666666667,209.49,13.966000000000001,2.899166875402066,21,0,0.0,0.0,209.49,300.6415585217477,Low Value
13831.0,2010-12-05 12:13:00,2011-11-23 15:41:00,6,745,10.067567567567568,3.957432432432433,2202.99,29.77013513513513,51.50053819357681,15,353,58.833333333333336,0.509915014164306,367.16499999999996,2048.7458686507935,VIP
13832.0,2011-11-20 15:36:00,2011-11-20 15:36:00,1,28,9.333333333333334,2.283333333333333,52.2,17.400000000000002,2.4000000000000012,18,0,0.0,0.0,52.2,56.28927498975935,Low Value
13833.0,2011-07-03 13:27:00,2011-07-03 13:27:00,1,118,4.068965517241379,4.8999999999999995,384.8,13.26896551724138,7.284295899314393,158,0,0.0,0.0,384.8,373.56341340015047,Medium Value
13835.0,2011-05-08 15:22:00,2011-11-14 15:37:00,4,442,8.036363636363637,3.2005454545454546,834.57,15.174000000000001,5.44292493534973,24,190,47.5,0.6315789473684211,208.6425,875.2438476525698,High Value
13837.0,2011-01-26 12:15:00,2011-05-12 12:10:00,2,183,9.631578947368421,2.1978947368421053,271.24,14.275789473684211,13.361620542014053,211,105,52.5,0.5714285714285714,135.62,259.4681446905824,Low Value
13838.0,2010-12-05 10:45:00,2011-12-04 11:00:00,4,263,1.5114942528735633,3.102528735632184,691.73,3.975459770114943,3.5310103625524984,5,364,91.0,0.32967032967032966,172.9325,677.1867624991492,High Value
13841.0,2011-04-01 12:10:00,2011-04-01 12:10:00,1,100,100.0,0.85,85.0,85.0,0.0,252,0,0.0,0.0,85.0,76.95666761904758,Low Value
13842.0,2010-12-08 10:39:00,2011-10-12 10:51:00,9,1768,8.58252427184466,4.044271844660194,3385.62,16.43504854368932,6.552347093725759,58,308,34.22222222222222,0.8766233766233765,376.18,3528.6199217857134,VIP
13844.0,2011-11-28 13:21:00,2011-11-28 13:21:00,1,196,9.8,2.4605,361.62,18.081,6.022220171122415,10,0,0.0,0.0,361.62,355.07785046445065,Medium Value
13845.0,2011-10-06 08:25:00,2011-10-06 08:25:00,1,182,20.22222222222222,1.9544444444444444,312.98,34.775555555555556,27.188015333557868,64,0,0.0,0.0,312.98,295.87452631461673,Low Value
13846.0,2010-12-14 16:07:00,2011-11-15 12:07:00,3,388,7.054545454545455,3.524909090909091,865.0600000000001,15.728363636363637,5.057497098600939,24,335,111.66666666666667,0.26865671641791045,288.35333333333335,859.0546747745805,High Value
13848.0,2010-12-08 15:10:00,2011-09-08 12:58:00,3,3700,740.0,0.462,1255.0,251.0,180.22208521710095,91,273,91.0,0.32967032967032966,418.3333333333333,1781.4232579545453,VIP
13849.0,2011-06-22 10:11:00,2011-10-19 10:59:00,2,1016,10.05940594059406,3.023960396039604,1537.95,15.227227722772279,5.295018624860896,51,119,59.5,0.5042016806722689,768.975,1554.4798875889385,High Value
13850.0,2011-08-02 14:04:00,2011-08-02 14:04:00,1,944,10.150537634408602,2.4186021505376343,1595.48,17.155698924731183,4.699059202290313,128,0,0.0,0.0,1595.48,1550.315004773761,High Value
13851.0,2011-02-24 17:18:00,2011-09-05 12:36:00,3,1225,15.3125,2.24375,1763.46,22.04325,19.24521954615605,95,192,64.0,0.46875,587.82,1675.7802292532463,VIP
13853.0,2011-10-13 14:18:00,2011-10-13 14:18:00,1,312,13.565217391304348,4.546086956521739,1090.1399999999999,47.39739130434782,37.85093168270778,56,0,0.0,0.0,1090.1399999999999,1035.8638812698414,High Value
13854.0,2010-12-09 10:48:00,2011-12-01 09:06:00,25,2296,20.87272727272727,4.628363636363637,8109.5199999999995,73.72290909090908,65.01172041608767,8,356,14.24,2.1067415730337076,324.38079999999997,7518.029806118325,VIP
13856.0,2011-05-20 13:13:00,2011-06-24 10:03:00,3,494,35.285714285714285,1.06,388.5,27.75,28.998322232634294,168,34,11.333333333333334,2.6470588235294117,129.5,417.8895417063491,Medium Value
13858.0,2011-10-13 16:17:00,2011-10-13 16:17:00,1,75,6.818181818181818,4.335454545454545,216.17000000000002,19.651818181818182,6.440111517950319,56,0,0.0,0.0,216.17000000000002,214.78915547915756,Low Value
13859.0,2011-01-17 16:14:00,2011-01-17 16:14:00,1,129,4.607142857142857,2.887857142857143,201.16,7.184285714285714,4.38536744401739,325,0,0.0,0.0,201.16,243.8750199591379,Low Value
13860.0,2011-09-14 09:27:00,2011-12-08 12:57:00,5,591,7.776315789473684,3.514605263157895,1245.9,16.39342105263158,5.100813674341662,0,85,17.0,1.7647058823529411,249.18,1283.4375307473902,High Value
13862.0,2011-01-11 15:13:00,2011-11-21 16:24:00,8,1688,12.143884892086332,1.6970503597122304,2209.36,15.894676258992806,6.18642181965182,17,314,39.25,0.7643312101910827,276.17,2106.8707787301596,VIP
13863.0,2011-04-06 10:20:00,2011-04-06 10:20:00,1,224,11.2,2.5965,305.78,15.288999999999998,5.343972403805205,247,0,0.0,0.0,305.78,314.8437053422046,Medium Value
13865.0,2011-02-23 12:04:00,2011-10-12 13:31:00,4,204,6.8,3.902333333333333,501.56,16.718666666666667,4.276587209553845,57,231,57.75,0.5194805194805194,125.39,526.8699604119277,Medium Value
13866.0,2011-09-26 14:54:00,2011-09-26 14:54:00,1,57,8.142857142857142,3.375714285714286,145.67,20.81,8.302045932579912,73,0,0.0,0.0,145.67,145.90130987376872,Low Value
13867.0,2011-05-05 17:28:00,2011-11-08 15:48:00,3,513,8.40983606557377,3.9440983606557376,1015.29,16.644098360655736,7.928748193977236,30,186,62.0,0.48387096774193544,338.43,1049.5727187774046,High Value
13868.0,2011-11-01 12:45:00,2011-11-01 12:45:00,1,464,14.5,1.85625,507.54,15.860625,9.410906485939428,38,0,0.0,0.0,507.54,513.1248894889784,Medium Value
13869.0,2010-12-17 15:14:00,2011-08-08 13:53:00,4,1721,5.605863192182411,2.9445928338762215,3104.9500000000003,10.11384364820847,5.9465273725484264,122,233,58.25,0.5150214592274678,776.2375000000001,3160.099931275947,VIP
13870.0,2011-02-25 09:09:00,2011-12-07 13:23:00,8,1325,11.521739130434783,3.378608695652174,2770.94,24.095130434782607,32.0600582888247,1,285,35.625,0.8421052631578947,346.3675,2667.4158586976905,VIP
13871.0,2011-02-04 09:30:00,2011-11-17 10:49:00,13,2806,8.351190476190476,3.7608928571428573,6403.25,19.057291666666668,9.385424621699437,22,286,22.0,1.3636363636363638,492.5576923076923,6027.208099126982,VIP
13873.0,2011-02-03 09:37:00,2011-08-12 10:08:00,3,140,6.086956521739131,4.609565217391304,389.6,16.93913043478261,4.851814012252136,119,190,63.333333333333336,0.4736842105263158,129.86666666666667,416.4343913781636,Medium Value
13874.0,2010-12-16 18:20:00,2010-12-16 18:20:00,1,180,10.0,5.5055555555555555,540.45,30.025000000000002,40.3010335949778,357,0,0.0,0.0,540.45,502.57109189865713,Medium Value
13875.0,2011-02-11 15:39:00,2011-10-17 09:36:00,5,1316,12.653846153846153,1.9584615384615385,1786.79,17.180673076923078,17.299044772125598,53,247,49.4,0.6072874493927126,357.358,1746.1636044949505,VIP
13876.0,2011-10-07 10:22:00,2011-10-07 10:22:00,1,36,5.142857142857143,5.114285714285714,122.7,17.52857142857143,4.940551347678477,63,0,0.0,0.0,122.7,132.00184087452865,Low Value
13877.0,2011-09-14 15:49:00,2011-09-14 15:49:00,1,108,36.0,1.1766666666666665,117.24,39.08,27.199617644371397,85,0,0.0,0.0,117.24,117.98873857503608,Low Value
13878.0,2011-10-16 12:19:00,2011-10-16 12:19:00,1,475,13.194444444444445,4.655277777777778,1281.53,35.598055555555554,21.748775048519654,54,0,0.0,0.0,1281.53,1243.9734433730157,High Value
13880.0,2010-12-07 14:00:00,2011-11-18 13:44:00,13,1842,11.163636363636364,2.68830303030303,3219.77,19.513757575757577,9.20710736542336,20,345,26.53846153846154,1.1304347826086956,247.67461538461538,3235.4702094047625,VIP
13881.0,2011-02-01 10:14:00,2011-12-06 12:50:00,20,10118,56.842696629213485,2.6765168539325845,16525.23879999992,96.40179775280899,95.1420910026979,3,308,15.4,1.9480519480519478,857.976,15884.852915882493,VIP
13882.0,2011-10-06 15:28:00,2011-12-07 11:16:00,5,953,14.661538461538461,3.381846153846154,1191.13,18.325076923076924,9.956787277260439,2,61,12.2,2.459016393442623,238.22600000000003,1440.0262494169717,High Value
13883.0,2011-03-31 17:17:00,2011-11-29 10:45:00,5,1436,10.112676056338028,3.3760563380281687,2674.48,18.834366197183098,8.096234083389247,10,242,48.4,0.6198347107438017,534.896,2685.973572001081,VIP
13884.0,2011-03-01 13:40:00,2011-12-02 16:30:00,5,300,5.084745762711864,3.5635593220338984,787.6,13.349152542372881,10.541451396524824,6,276,55.2,0.5434782608695653,157.52,766.1261983916004,High Value
13885.0,2011-05-23 08:52:00,2011-06-03 15:07:00,2,182,6.5,3.960714285714286,506.8,18.1,8.591845832812341,188,11,5.5,5.454545454545455,253.4,461.15929339504163,Medium Value
13886.0,2011-09-29 13:17:00,2011-09-29 13:17:00,1,126,7.875,3.805,243.56,15.2225,3.6277587203855415,70,0,0.0,0.0,243.56,261.6224008121127,Low Value
13887.0,2011-05-19 17:22:00,2011-05-19 17:22:00,1,147,7.7368421052631575,3.8542105263157898,349.55,18.397368421052633,7.294246470948688,203,0,0.0,0.0,349.55,337.49418090293153,Medium Value
13888.0,2011-05-05 14:41:00,2011-08-12 10:13:00,2,258,6.45,4.1217500000000005,605.63,15.14075,5.545889855998927,119,98,49.0,0.6122448979591837,302.815,637.782962304899,Medium Value
13889.0,2011-09-08 09:13:00,2011-09-08 09:13:00,1,146,9.733333333333333,3.8333333333333335,416.90000000000003,27.793333333333337,13.277328510696435,92,0,0.0,0.0,416.90000000000003,401.6957731985041,Medium Value
13890.0,2010-12-16 09:31:00,2011-12-08 15:36:00,10,831,7.554545454545455,3.4015454545454546,1883.81,17.125545454545453,5.814733199108451,0,357,35.7,0.8403361344537815,188.381,1883.15802252886,VIP
13892.0,2011-04-07 12:04:00,2011-11-13 11:50:00,4,983,36.407407407407405,1.1092592592592592,632.97,23.443333333333335,23.47491443418501,26,219,54.75,0.547945205479452,158.2425,768.7186019047617,High Value
13893.0,2011-02-15 11:30:00,2011-02-15 11:30:00,1,190,9.047619047619047,6.199999999999999,821.1,39.1,64.2484241051872,297,0,0.0,0.0,821.1,722.0077157142858,High Value
13894.0,2011-02-02 12:54:00,2011-11-16 09:44:00,3,354,13.11111111111111,2.6707407407407406,564.62,20.911851851851853,13.649404900253131,23,286,95.33333333333333,0.3146853146853147,188.20666666666668,607.6019190064623,Medium Value
13895.0,2011-06-28 10:17:00,2011-11-11 16:57:00,4,1365,11.567796610169491,2.9353389830508476,2593.07,21.975169491525424,18.66493763663769,27,136,34.0,0.8823529411764706,648.2675,2422.3354162815135,VIP
13897.0,2011-10-20 14:30:00,2011-10-20 14:30:00,1,200,11.764705882352942,1.9476470588235293,311.16,18.303529411764707,9.833140991804495,49,0,0.0,0.0,311.16,308.5122088934675,Low Value
13898.0,2011-01-18 10:28:00,2011-01-18 10:28:00,1,133,11.083333333333334,2.6141666666666667,155.93,12.994166666666667,5.782912852586148,325,0,0.0,0.0,155.93,169.29297150464026,Low Value
13899.0,2011-03-10 09:30:00,2011-11-23 13:40:00,2,156,8.210526315789474,3.0310526315789477,388.52,20.448421052631577,9.456067577755972,15,258,129.0,0.23255813953488372,194.26,376.8613111139449,Medium Value
13900.0,2011-03-22 10:13:00,2011-06-09 19:26:00,3,430,10.0,3.113720930232558,740.95,17.23139534883721,14.372638784360099,182,79,26.333333333333332,1.139240506329114,246.98333333333335,832.992516617422,High Value
13901.0,2011-01-25 09:01:00,2011-09-28 14:48:00,5,1739,11.671140939597315,3.7404697986577182,2867.2000000000003,19.24295302013423,9.542345914138478,71,246,49.2,0.6097560975609757,573.44,3165.322979407816,VIP
13904.0,2011-02-18 11:18:00,2011-11-02 13:41:00,2,332,12.76923076923077,1.323846153846154,332.64,12.793846153846154,4.275716620098275,36,257,128.5,0.23346303501945526,166.32,345.78952313864204,Medium Value
13908.0,2011-03-08 12:04:00,2011-09-21 11:49:00,4,1478,12.114754098360656,2.867540983606557,2369.55,19.42254098360656,14.315681372518158,79,196,49.0,0.6122448979591837,592.3875,2431.14125952381,VIP
13911.0,2011-02-04 14:46:00,2011-10-13 15:43:00,9,2731,18.4527027027027,2.389189189189189,2580.91,17.43858108108108,13.897396027325403,56,251,27.88888888888889,1.0756972111553784,286.7677777777778,3447.9540000793654,VIP
13914.0,2011-11-03 16:28:00,2011-11-28 10:35:00,2,380,11.515151515151516,2.5521212121212122,626.45,18.983333333333334,11.13020121860637,11,24,12.0,2.5,313.225,624.9912408502594,Medium Value
13917.0,2011-06-01 12:46:00,2011-10-21 09:56:00,2,228,12.666666666666666,2.022222222222222,272.04,15.113333333333335,7.703667575749038,49,141,70.5,0.425531914893617,136.02,310.07410816557405,Low Value
13918.0,2011-03-31 18:05:00,2011-10-21 12:25:00,2,1140,38.0,2.1853333333333333,1212.8400000000001,40.428000000000004,49.83311531571116,49,203,101.5,0.2955665024630542,606.4200000000001,1351.235107579365,High Value
13919.0,2011-08-10 10:15:00,2011-10-11 14:24:00,2,474,16.928571428571427,2.8360714285714286,384.81,13.743214285714286,5.256718490247912,58,62,31.0,0.9677419354838709,192.405,615.3989006630359,Medium Value
13922.0,2010-12-23 10:38:00,2010-12-23 10:38:00,1,93,13.285714285714286,4.988571428571428,172.25,24.607142857142858,11.3943124910131,351,0,0.0,0.0,172.25,186.3321293925202,Low Value
13923.0,2011-10-17 12:33:00,2011-10-17 12:33:00,1,185,9.25,2.9745,351.13,17.5565,10.710563047266646,53,0,0.0,0.0,351.13,347.89645667719253,Medium Value
13924.0,2011-09-28 15:07:00,2011-12-08 09:39:00,6,1575,13.461538461538462,2.6076068376068373,1838.8500000000001,15.716666666666669,7.299373851275851,1,70,11.666666666666666,2.571428571428571,306.475,2019.7588202417037,VIP
13925.0,2011-07-28 12:09:00,2011-09-08 12:47:00,4,331,8.073170731707316,5.914390243902439,678.25,16.54268292682927,6.246762771384169,92,42,10.5,2.857142857142857,169.5625,664.0409590325527,Medium Value
13926.0,2011-11-16 13:16:00,2011-11-16 13:16:00,1,104,9.454545454545455,6.533636363636364,223.85000000000002,20.35,11.632991876555234,22,0,0.0,0.0,223.85000000000002,273.65637266847034,Low Value
13927.0,2011-09-26 12:00:00,2011-09-26 12:00:00,1,214,10.19047619047619,2.6957142857142857,348.99,16.61857142857143,6.632943755011258,74,0,0.0,0.0,348.99,350.37883765247335,Medium Value
13928.0,2011-07-29 15:59:00,2011-11-29 10:33:00,4,129,4.777777777777778,5.767407407407408,464.57,17.206296296296298,6.32246492106225,10,122,30.5,0.9836065573770493,116.1425,483.13259706610063,Medium Value
13929.0,2011-01-17 15:11:00,2011-06-23 15:26:00,2,143,15.88888888888889,5.294444444444444,842.65,93.62777777777778,122.36689480592554,168,157,78.5,0.38216560509554137,421.325,748.1522709992787,High Value
13930.0,2011-07-26 11:00:00,2011-10-13 09:45:00,2,274,16.11764705882353,1.6405882352941177,337.34,19.843529411764706,8.034688031573216,57,78,39.0,0.7692307692307692,168.67,342.8502094180949,Medium Value
13931.0,2011-03-04 08:43:00,2011-09-05 10:12:00,2,725,12.5,2.0460344827586208,1237.53,21.336724137931036,31.769364995831353,95,185,92.5,0.3243243243243243,618.765,1130.1431798556998,High Value
13932.0,2011-02-18 12:02:00,2011-02-18 12:02:00,1,72,4.5,6.103125,307.4,19.2125,7.391763434165535,294,0,0.0,0.0,307.4,302.5119022284878,Low Value
13933.0,2011-07-14 13:35:00,2011-08-22 14:03:00,2,205,8.91304347826087,3.460434782608696,608.79,26.469130434782606,13.93600011515091,108,39,19.5,1.5384615384615383,304.395,557.527213364852,Medium Value
13934.0,2011-03-21 08:39:00,2011-03-21 08:39:00,1,390,12.580645161290322,3.1870967741935483,922.1,29.74516129032258,20.27719718813356,263,0,0.0,0.0,922.1,872.8418284920635,High Value
13936.0,2011-06-13 08:47:00,2011-06-13 08:47:00,1,330,12.692307692307692,1.5419230769230767,376.58,14.483846153846153,6.715824939304522,179,0,0.0,0.0,376.58,365.0187838060303,Medium Value
13937.0,2011-06-23 16:35:00,2011-06-23 16:35:00,1,123,13.666666666666666,1.6944444444444444,158.85,17.65,8.654623042050993,168,0,0.0,0.0,158.85,156.52208948753284,Low Value
13938.0,2011-11-04 14:37:00,2011-11-04 14:37:00,1,70,10.0,1.012857142857143,71.66,10.237142857142857,4.855820268110269,34,0,0.0,0.0,71.66,64.4123284920635,Low Value
13939.0,2011-02-01 11:30:00,2011-11-16 13:33:00,3,847,18.822222222222223,1.1835555555555555,568.55,12.634444444444444,7.673442855232927,22,288,96.0,0.3125,189.51666666666665,631.1339606349209,Medium Value
13940.0,2011-07-18 16:05:00,2011-11-22 15:15:00,4,516,10.53061224489796,3.121428571428571,839.14,17.12530612244898,7.458768358460402,16,126,31.5,0.9523809523809523,209.785,867.6090651945013,High Value
13941.0,2010-12-02 10:17:00,2011-11-18 09:43:00,5,2364,52.53333333333333,3.8584444444444443,5112.96,113.62133333333334,92.07564275687089,21,350,70.0,0.4285714285714286,1022.592,5150.060789166668,VIP
13946.0,2011-03-17 10:02:00,2011-09-21 13:33:00,3,443,40.27272727272727,1.679090909090909,561.57,51.051818181818184,53.594578236642896,78,188,62.666666666666664,0.4787234042553192,187.19000000000003,610.9512228318904,Medium Value
13947.0,2011-10-05 14:42:00,2011-10-05 14:42:00,1,44,8.8,2.93,90.60000000000001,18.12,2.7380650101851134,64,0,0.0,0.0,90.60000000000001,101.68766680912782,Low Value
13948.0,2010-12-14 10:18:00,2010-12-14 10:18:00,1,40,13.333333333333334,3.9499999999999997,102.0,34.0,11.854113210189952,360,0,0.0,0.0,102.0,111.83435930901479,Low Value
13949.0,2011-09-06 11:55:00,2011-12-07 09:35:00,6,2474,15.4625,1.456625,2427.32,15.170750000000002,13.47303529042758,2,91,15.166666666666666,1.978021978021978,404.55333333333334,2258.71846452381,VIP
13950.0,2011-04-07 11:29:00,2011-11-28 14:44:00,4,323,9.228571428571428,4.589714285714285,745.0600000000001,21.287428571428574,14.560886233301861,10,235,58.75,0.5106382978723405,186.26500000000001,735.4236741600945,High Value
13951.0,2011-02-18 15:21:00,2011-06-16 16:43:00,3,459,11.76923076923077,3.4892307692307694,674.45,17.293589743589745,6.164979398599415,175,118,39.333333333333336,0.7627118644067797,224.8166666666667,740.8610297219448,High Value
13952.0,2011-04-15 09:27:00,2011-05-06 09:00:00,2,1431,10.445255474452555,3.9832919708029197,3251.071,23.730445255474454,12.398832818004248,217,20,10.0,3.0,1625.5355,3123.099844726191,VIP
13953.0,2010-12-22 10:29:00,2011-12-02 16:04:00,7,2724,136.2,2.293,3515.68,175.784,238.02182948098198,6,345,49.285714285714285,0.6086956521739131,502.23999999999995,4000.0971947222215,VIP
13954.0,2011-09-30 10:52:00,2011-12-08 12:50:00,2,150,6.0,5.4508,439.92,17.5968,6.392342893389454,1,69,34.5,0.8695652173913044,219.96,476.688789418193,Medium Value
13955.0,2011-02-07 12:24:00,2011-07-08 17:19:00,2,154,4.666666666666667,3.016060606060606,322.96,9.786666666666665,10.124780758943212,153,151,75.5,0.3973509933774835,161.48,355.98037199938125,Medium Value
13956.0,2011-03-13 12:51:00,2011-12-04 13:20:00,5,491,3.2302631578947367,3.4226973684210527,1026.42,6.752763157894737,6.583337807317515,4,266,53.2,0.5639097744360902,205.28400000000002,1010.6593423475358,High Value
13959.0,2010-12-12 13:56:00,2011-09-21 15:06:00,3,357,3.880434782608696,2.2039130434782606,598.2,6.502173913043479,6.906184650801076,78,283,94.33333333333333,0.31802120141342755,199.4,599.1535392512928,Medium Value
13960.0,2011-09-29 12:39:00,2011-11-18 15:27:00,2,142,11.833333333333334,2.105,230.22,19.185,16.86713453058128,20,50,25.0,1.2,115.11,223.48945199054478,Low Value
13962.0,2011-04-08 11:21:00,2011-11-18 08:47:00,2,87,7.909090909090909,7.019090909090909,169.54999999999998,15.413636363636362,3.41338914490356,21,223,111.5,0.26905829596412556,84.77499999999999,201.39019444416704,Low Value
13963.0,2010-12-07 09:21:00,2011-02-04 14:43:00,4,460,13.142857142857142,3.2680000000000002,664.54,18.986857142857144,10.137954826651521,307,59,14.75,2.0338983050847457,166.135,722.702299362027,High Value
13967.0,2011-07-17 12:02:00,2011-07-17 12:02:00,1,42,21.0,3.6,80.7,40.35,6.5760930650348906,145,0,0.0,0.0,80.7,117.69207575408929,Low Value
13969.0,2010-12-09 19:32:00,2011-12-02 15:11:00,18,4542,7.255591054313099,2.954297124600639,9053.94,14.463162939297126,20.202417848856815,6,357,19.833333333333332,1.5126050420168067,502.99666666666667,7752.195204444442,VIP
13971.0,2011-02-27 12:27:00,2011-11-21 12:06:00,8,1844,12.375838926174497,2.225167785234899,2758.26,18.511812080536913,8.003226127689642,18,266,33.25,0.9022556390977443,344.7825,2748.7381785950156,VIP
13972.0,2011-05-22 11:34:00,2011-09-30 11:54:00,2,187,12.466666666666667,2.546,190.25,12.683333333333334,5.204066633298379,70,131,65.5,0.45801526717557256,95.125,212.56754629490396,Low Value
13973.0,2011-02-25 15:21:00,2011-02-25 15:21:00,1,109,9.909090909090908,3.7563636363636363,264.7,24.063636363636363,16.977250821453556,286,0,0.0,0.0,264.7,275.9983543458524,Low Value
13974.0,2011-10-21 14:41:00,2011-10-21 14:41:00,1,249,8.892857142857142,2.1967857142857143,413.59000000000003,14.77107142857143,3.9572318601149714,48,0,0.0,0.0,413.59000000000003,376.0759830057022,Medium Value
13975.0,2011-03-08 12:19:00,2011-11-08 13:19:00,6,1732,5.124260355029586,2.1954142011834317,2526.28,7.474201183431953,7.237706703191486,30,245,40.833333333333336,0.7346938775510204,421.0466666666667,2612.430213549783,VIP
13976.0,2011-05-17 09:13:00,2011-05-17 09:13:00,1,154,15.4,3.568,357.98,35.798,23.703047061506677,206,0,0.0,0.0,357.98,344.08280634033605,Medium Value
13978.0,2011-10-25 15:04:00,2011-11-25 11:36:00,2,315,21.0,1.2106666666666668,196.79,13.119333333333334,12.522410463226473,14,30,15.0,2.0,98.395,279.08421667388166,Low Value
13979.0,2011-09-27 13:32:00,2011-09-27 13:32:00,1,639,11.833333333333334,1.8322222222222222,869.87,16.108703703703704,5.458738552980656,72,0,0.0,0.0,869.87,828.6591125065606,High Value
13980.0,2011-10-10 13:34:00,2011-10-10 13:34:00,1,172,15.636363636363637,3.9145454545454546,200.14,18.19454545454545,14.371346745268074,59,0,0.0,0.0,200.14,243.12533476587294,Low Value
13982.0,2010-12-09 13:57:00,2011-10-31 16:24:00,4,1136,10.234234234234235,2.232072072072072,1871.81,16.863153153153153,15.368476826518622,38,326,81.5,0.36809815950920244,467.9525,1793.7492824603178,VIP
13983.0,2010-12-08 10:38:00,2011-11-10 11:06:00,12,1183,11.05607476635514,6.329999999999999,2603.43,24.3311214953271,48.453631254522605,29,337,28.083333333333332,1.0682492581602374,216.9525,3425.590734787158,VIP
13984.0,2010-12-08 15:58:00,2011-11-13 12:38:00,5,679,42.4375,2.10875,920.51,57.531875,103.63103687079786,26,339,67.8,0.44247787610619466,184.102,1086.4071300396824,High Value
13985.0,2011-03-20 13:48:00,2011-12-05 17:06:00,15,3445,9.87106017191977,2.384498567335244,7060.13,20.229598853868197,8.335364616313743,3,260,17.333333333333332,1.7307692307692308,470.67533333333336,6392.35174123016,VIP
13986.0,2011-11-22 15:00:00,2011-11-22 15:00:00,1,430,33.07692307692308,1.8615384615384616,320.46,24.650769230769228,19.372728882606452,16,0,0.0,0.0,320.46,493.6464849025972,Medium Value
13988.0,2011-03-30 11:48:00,2011-11-20 10:15:00,6,3044,13.008547008547009,2.99974358974359,4147.96,17.726324786324785,9.796037659013356,19,234,39.0,0.7692307692307693,691.3266666666667,4615.724030569985,VIP
13989.0,2011-04-14 15:39:00,2011-10-05 09:47:00,2,1313,32.02439024390244,2.6253658536585367,1266.08,30.88,30.720945379333628,65,173,86.5,0.3468208092485549,633.04,1518.1540947871567,High Value
13990.0,2011-05-10 15:19:00,2011-05-10 15:19:00,1,190,11.875,2.66,311.3,19.45625,8.045782228389399,212,0,0.0,0.0,311.3,319.3430922229628,Medium Value
13991.0,2011-07-19 12:58:00,2011-11-27 16:18:00,6,998,11.880952380952381,1.4925000000000002,855.97,10.190119047619048,8.271607482654305,11,131,21.833333333333332,1.3740458015267176,142.66166666666666,910.3888947619051,High Value
13992.0,2011-11-09 15:23:00,2011-11-09 15:23:00,1,64,12.8,1.17,76.8,15.36,6.262826837778608,29,0,0.0,0.0,76.8,80.39904428571428,Low Value
13993.0,2011-01-13 10:43:00,2011-10-28 09:06:00,9,900,7.43801652892562,5.586942148760331,3466.36,28.647603305785125,28.617929782591233,42,287,31.88888888888889,0.9407665505226481,385.1511111111111,2731.0573063095235,VIP
13994.0,2011-07-14 18:28:00,2011-12-06 11:05:00,6,940,6.064516129032258,3.8118064516129033,2313.14,14.923483870967742,8.866989019804615,3,144,24.0,1.25,385.5233333333333,2223.9870179365075,VIP
13995.0,2011-04-08 08:20:00,2011-11-24 14:22:00,5,879,10.220930232558139,2.227558139534884,1393.69,16.205697674418605,5.294419601739992,14,230,46.0,0.6521739130434783,278.738,1408.5793350422211,High Value
13999.0,2010-12-13 11:23:00,2011-11-29 13:40:00,12,2243,10.783653846153847,2.274903846153846,3901.81,18.758701923076924,11.627967067102462,9,351,29.25,1.0256410256410258,325.1508333333333,3926.363332119407,VIP
14000.0,2011-05-12 16:50:00,2011-05-12 16:50:00,1,710,47.333333333333336,1.9493333333333334,635.66,42.37733333333333,20.22588845538123,210,0,0.0,0.0,635.66,846.9051628751805,High Value
14001.0,2010-12-01 12:58:00,2011-10-25 10:31:00,3,962,24.666666666666668,3.536153846153846,2043.0800000000002,52.38666666666667,52.83461750611567,45,327,109.0,0.27522935779816515,681.0266666666668,1856.0069361772478,VIP
14002.0,2011-07-06 14:59:00,2011-07-28 15:55:00,2,877,18.659574468085108,2.411489361702128,529.73,11.270851063829788,5.519688802580795,133,22,11.0,2.7272727272727275,264.865,785.0181485894659,High Value
14004.0,2011-02-24 09:28:00,2011-10-27 14:40:00,7,2668,15.602339181286549,2.8440350877192984,4582.64,26.799064327485382,15.84486104301039,42,245,35.0,0.8571428571428572,654.6628571428572,4347.521041984129,VIP
14005.0,2011-05-08 10:33:00,2011-11-30 12:41:00,5,2478,29.5,2.205238095238095,2874.72,34.22285714285714,38.597948649263124,9,206,41.2,0.7281553398058253,574.944,3936.8303809523827,VIP
14006.0,2011-01-31 15:11:00,2011-08-16 09:39:00,3,641,21.366666666666667,2.3706666666666667,962.19,32.073,34.454811700404704,115,196,65.33333333333333,0.45918367346938777,320.73,1019.4118534704189,High Value
14009.0,2011-05-18 13:00:00,2011-05-25 15:47:00,2,365,8.69047619047619,2.822142857142857,695.61,16.562142857142856,5.357162761867785,197,7,3.5,8.571428571428571,347.805,660.2410832401897,Medium Value
14012.0,2011-03-07 12:26:00,2011-03-07 12:26:00,1,160,14.545454545454545,2.8318181818181816,328.8,29.89090909090909,8.732062132790231,277,0,0.0,0.0,328.8,332.49858338165274,Medium Value
14013.0,2011-03-09 08:59:00,2011-08-21 15:01:00,3,462,13.588235294117647,1.3817647058823528,473.02,13.91235294117647,6.90054721537776,109,165,55.0,0.5454545454545454,157.67333333333332,504.98461738455995,Medium Value
14014.0,2011-09-23 13:18:00,2011-09-23 13:18:00,1,1076,27.58974358974359,0.5679487179487179,505.18,12.953333333333333,6.811458354293939,76,0,0.0,0.0,505.18,562.1721638888888,Medium Value
14015.0,2011-10-18 10:02:00,2011-10-18 10:02:00,1,378,18.9,3.107,917.34,45.867000000000004,28.2101872416779,52,0,0.0,0.0,917.34,891.0379596428571,High Value
14016.0,2010-12-17 14:21:00,2011-07-01 11:29:00,4,2125,13.198757763975156,3.9495652173913043,4341.21,26.964037267080744,32.026286671632754,161,195,48.75,0.6153846153846154,1085.3025,3688.5639076190473,VIP
14019.0,2011-07-24 15:39:00,2011-10-24 10:13:00,3,1037,15.712121212121213,2.4148484848484846,1421.6100000000001,21.539545454545458,17.490839486544264,46,91,30.333333333333332,0.989010989010989,473.87000000000006,1452.94171718809,High Value
14020.0,2011-09-12 15:32:00,2011-11-23 09:22:00,2,441,11.307692307692308,2.848974358974359,642.8,16.48205128205128,7.128543506468676,16,71,35.5,0.8450704225352113,321.4,675.9099123529611,Medium Value
14021.0,2011-03-28 15:10:00,2011-07-07 15:46:00,3,192,8.727272727272727,4.502272727272727,631.9,28.722727272727273,19.17904813711795,154,101,33.666666666666664,0.8910891089108911,210.63333333333333,605.8081154653678,Medium Value
14022.0,2011-04-28 14:39:00,2011-04-28 14:39:00,1,487,17.392857142857142,1.2953571428571429,440.0,15.714285714285714,7.593852986106802,224,0,0.0,0.0,440.0,452.33267011904746,Medium Value
14023.0,2011-04-03 15:50:00,2011-12-02 13:58:00,2,345,11.129032258064516,2.870967741935484,584.07,18.840967741935486,7.9430285386363435,6,242,121.0,0.24793388429752067,292.035,587.9990435991314,Medium Value
14024.0,2011-08-07 13:31:00,2011-08-10 11:30:00,2,150,9.375,3.70125,327.7,20.48125,4.763257813723714,121,2,1.0,30.0,163.85,341.3148778534183,Medium Value
14027.0,2011-10-10 09:01:00,2011-10-10 09:01:00,1,62,10.333333333333334,2.143333333333333,104.82,17.47,6.668849975820419,60,0,0.0,0.0,104.82,112.31715866369495,Low Value
14029.0,2011-07-18 16:57:00,2011-10-07 14:46:00,2,198,13.2,4.366,467.66,31.177333333333333,19.70363978944959,62,80,40.0,0.75,233.83,502.16665892607415,Medium Value
14030.0,2010-12-08 16:11:00,2011-11-21 16:48:00,8,1479,6.08641975308642,4.054444444444445,2360.09,9.712304526748971,21.84694865974631,17,348,43.5,0.6896551724137931,295.01125,3167.8293407142864,VIP
14031.0,2010-12-02 16:34:00,2011-12-02 17:13:00,17,5388,21.725806451612904,4.304879032258064,14454.86,58.285725806451616,62.973090900865905,6,365,21.470588235294116,1.3972602739726028,850.2858823529413,12975.200594345166,VIP
14032.0,2010-12-08 10:53:00,2011-12-07 15:23:00,11,2032,14.20979020979021,2.38993006993007,2975.59,20.80832167832168,17.127258768934624,1,364,33.09090909090909,0.9065934065934066,270.5081818181818,3283.4323063492066,VIP
14034.0,2011-07-05 13:06:00,2011-11-17 14:02:00,3,423,4.752808988764045,2.354494382022472,651.8199999999999,7.323820224719101,13.118501032166364,21,135,45.0,0.6666666666666666,217.2733333333333,683.9992857485578,High Value
14035.0,2011-02-15 12:48:00,2011-11-11 10:03:00,5,739,11.196969696969697,2.81030303030303,1428.02,21.636666666666667,19.636406481003075,28,268,53.6,0.5597014925373134,285.604,1436.601966317848,High Value
14036.0,2011-02-28 09:26:00,2011-02-28 09:26:00,1,268,7.052631578947368,4.371842105263158,626.65,16.49078947368421,6.075939870162653,284,0,0.0,0.0,626.65,658.0970653887595,Medium Value
14037.0,2010-12-10 11:39:00,2011-06-16 13:57:00,2,46,1.6428571428571428,3.460714285714286,147.20000000000002,5.257142857142858,4.015979984772738,175,188,94.0,0.3191489361702128,73.60000000000001,146.2582015035731,Low Value
14038.0,2011-05-16 14:05:00,2011-09-22 13:37:00,3,965,10.48913043478261,1.917717391304348,1560.38,16.960652173913044,4.663131477279065,77,128,42.666666666666664,0.703125,520.1266666666667,1366.3317451406924,High Value
14039.0,2011-11-06 13:48:00,2011-11-06 13:48:00,1,92,15.333333333333334,2.033333333333333,152.2,25.366666666666664,21.66985617549564,32,0,0.0,0.0,152.2,152.81763571556968,Low Value
14040.0,2011-01-12 14:57:00,2011-10-30 12:42:00,12,1554,6.6127659574468085,3.8171063829787233,3614.92,15.38263829787234,18.02060076645607,40,290,24.166666666666668,1.2413793103448276,301.24333333333334,3547.067467658731,VIP
14041.0,2011-03-18 13:25:00,2011-03-18 13:25:00,1,94,4.476190476190476,1.870952380952381,141.41,6.733809523809524,10.859188034190437,265,0,0.0,0.0,141.41,146.6425199040093,Low Value
14044.0,2011-02-03 11:39:00,2011-11-13 12:05:00,4,308,1.4736842105263157,2.5656937799043065,652.82,3.1235406698564594,3.9905951815971106,26,283,70.75,0.42402826855123676,163.205,631.4811455480628,Medium Value
14045.0,2010-12-01 11:32:00,2011-08-22 15:27:00,4,535,89.16666666666667,4.233333333333333,1659.75,276.625,93.4774397916417,108,264,66.0,0.45454545454545453,414.9375,1580.101325952381,High Value
14046.0,2011-02-28 14:48:00,2011-02-28 14:48:00,1,460,32.857142857142854,0.5407142857142857,154.99,11.070714285714287,10.525707331821687,283,0,0.0,0.0,154.99,203.98038484126994,Low Value
14047.0,2010-12-02 10:09:00,2011-12-01 11:43:00,5,381,11.90625,4.8353125,1308.6100000000001,40.894062500000004,43.91601455706805,8,364,72.8,0.4120879120879121,261.72200000000004,1360.7401036976912,High Value
14048.0,2011-02-07 14:53:00,2011-02-07 14:53:00,1,288,3.388235294117647,2.1890588235294115,409.93,4.822705882352941,3.3477470705206014,304,0,0.0,0.0,409.93,405.5142315154554,Medium Value
14049.0,2011-01-26 11:27:00,2011-11-23 12:20:00,4,3870,7.930327868852459,2.570655737704918,5681.72,11.642868852459017,12.248171030845164,16,301,75.25,0.39867109634551495,1420.43,5476.1646325793645,VIP
14050.0,2011-08-25 13:46:00,2011-11-08 10:00:00,2,689,12.75925925925926,1.5387037037037037,746.36,13.821481481481483,5.103282483208643,31,74,37.0,0.8108108108108107,373.18,737.2420651272566,High Value
14051.0,2010-12-08 12:49:00,2011-12-09 10:20:00,23,3756,17.885714285714286,4.660714285714286,15610.390000000001,74.33519047619048,58.81854207704242,0,365,15.869565217391305,1.8904109589041096,678.7126086956522,9189.442729733046,VIP
14052.0,2011-11-20 12:30:00,2011-11-20 12:30:00,1,89,1.5892857142857142,2.882142857142857,225.35999999999999,4.024285714285714,4.231329409467971,19,0,0.0,0.0,225.35999999999999,209.35052244314429,Low Value
14053.0,2011-07-03 12:21:00,2011-08-07 14:27:00,2,215,53.75,1.3775,260.25,65.0625,51.54786408442804,123,35,17.5,1.7142857142857142,130.125,267.4147592307693,Low Value
14054.0,2011-10-05 15:49:00,2011-10-05 15:49:00,1,62,10.333333333333334,1.5133333333333334,92.46000000000001,15.410000000000002,2.669943819633664,64,0,0.0,0.0,92.46000000000001,91.08436488039739,Low Value
14055.0,2011-08-25 15:04:00,2011-08-25 15:04:00,1,216,21.6,4.453,725.6400000000001,72.56400000000001,122.06386982049833,105,0,0.0,0.0,725.6400000000001,753.007188968254,High Value
14056.0,2011-02-28 15:19:00,2011-12-08 13:36:00,23,4273,3.863471971066908,2.8268083182640145,8214.65,7.427350813743218,7.590218815241344,0,282,12.26086956521739,2.4468085106382977,357.1586956521739,6820.057691774891,VIP
14057.0,2010-12-14 12:11:00,2011-11-16 10:32:00,17,4876,17.169014084507044,1.9360211267605636,6217.96,21.894225352112677,28.87256659041488,23,336,19.764705882352942,1.517857142857143,365.76235294117646,6551.032688214283,VIP
14059.0,2011-03-18 10:06:00,2011-03-18 10:06:00,1,128,16.0,2.3125,183.6,22.95,11.947384651043926,266,0,0.0,0.0,183.6,198.0617663151864,Low Value
14060.0,2010-12-02 12:11:00,2011-12-05 12:29:00,19,5386,26.663366336633665,1.4406930693069306,6140.42,30.39811881188119,32.201052398143794,4,368,19.36842105263158,1.5489130434782608,323.18,5693.333920992063,VIP
14062.0,2010-12-10 15:56:00,2011-11-30 10:04:00,12,5593,50.387387387387385,2.8256756756756753,10464.85,94.27792792792793,93.16113061998958,9,354,29.5,1.0169491525423728,872.0708333333333,10391.347202163488,VIP
14064.0,2011-03-10 12:59:00,2011-11-10 13:14:00,5,1788,22.35,1.58,1353.74,16.92175,36.8608985575278,28,245,49.0,0.6122448979591837,270.748,1560.948370310245,High Value
14066.0,2011-03-18 12:21:00,2011-03-18 12:21:00,1,45,6.428571428571429,4.364285714285715,152.55,21.792857142857144,10.437210218389641,266,0,0.0,0.0,152.55,158.72880768083206,Low Value
14067.0,2011-09-04 12:00:00,2011-10-07 10:21:00,2,361,6.9423076923076925,2.8625,374.7,7.2057692307692305,5.988123980717706,63,32,16.0,1.875,187.35,486.0438598410045,Medium Value
14068.0,2011-01-23 16:02:00,2011-01-23 16:02:00,1,73,3.0416666666666665,4.091666666666667,265.85,11.077083333333334,8.504525383156524,319,0,0.0,0.0,265.85,228.05255689714252,Low Value
14071.0,2011-03-20 11:33:00,2011-12-06 12:27:00,8,995,3.0709876543209877,2.4038271604938273,1438.82,4.440802469135802,5.943955951817406,3,261,32.625,0.9195402298850576,179.8525,1542.9247007875665,High Value
14073.0,2011-11-07 15:49:00,2011-11-07 15:49:00,1,130,10.0,2.1415384615384614,151.04,11.618461538461538,3.1488353565348732,31,0,0.0,0.0,151.04,163.14814335177488,Low Value
14075.0,2011-03-23 16:35:00,2011-12-05 08:38:00,3,754,17.53488372093023,1.8132558139534884,942.26,21.913023255813954,14.625662953616144,4,256,85.33333333333333,0.3515625,314.08666666666664,956.6429332539684,High Value
14076.0,2011-08-02 15:19:00,2011-08-02 15:19:00,1,81,1.7608695652173914,2.009130434782609,122.47,2.662391304347826,2.771064123547413,128,0,0.0,0.0,122.47,139.68253112443224,Low Value
14077.0,2011-03-10 15:52:00,2011-10-30 12:35:00,5,268,6.380952380952381,2.665952380952381,499.42,11.890952380952381,15.601999529379249,40,233,46.6,0.6437768240343348,99.884,530.8634903366079,Medium Value
14078.0,2010-12-01 12:54:00,2011-08-30 12:16:00,6,310,4.769230769230769,2.6804615384615382,1049.37,16.144153846153845,32.05769383530983,101,271,45.166666666666664,0.6642066420664207,174.89499999999998,762.0917104627623,High Value
14079.0,2011-08-07 12:10:00,2011-08-07 12:10:00,1,301,25.083333333333332,3.2733333333333334,375.1,31.258333333333336,44.73882203377395,124,0,0.0,0.0,375.1,409.2861528571429,Medium Value
14080.0,2011-11-07 11:09:00,2011-11-07 11:09:00,1,48,12.0,0.95,45.599999999999994,11.399999999999999,2.4000000000000004,32,0,0.0,0.0,45.599999999999994,54.883203412698414,Low Value
14081.0,2010-12-05 15:47:00,2011-02-10 16:17:00,2,596,3.895424836601307,3.0334640522875818,934.52,6.10797385620915,4.334130058931442,301,67,33.5,0.8955223880597015,467.26,990.3116137137863,High Value
14082.0,2010-12-10 11:02:00,2010-12-10 11:02:00,1,110,3.793103448275862,2.587586206896552,182.25,6.2844827586206895,5.241457394252437,364,0,0.0,0.0,182.25,218.59676074861375,Low Value
14083.0,2010-12-03 12:24:00,2011-12-05 13:14:00,9,732,4.044198895027624,2.806243093922652,1018.43,5.626685082872928,5.003618030457629,3,367,40.77777777777778,0.7356948228882835,113.15888888888888,1385.331815952381,High Value
14085.0,2010-12-06 12:39:00,2011-12-07 13:46:00,18,3184,7.075555555555556,2.401177777777778,4448.54,9.885644444444445,8.071459612374305,1,366,20.333333333333332,1.4754098360655739,247.14111111111112,4843.450523373017,VIP
14087.0,2011-12-07 12:41:00,2011-12-07 12:41:00,1,251,3.63768115942029,1.4207246376811595,194.42,2.8176811594202897,2.2667715737219596,2,0,0.0,0.0,194.42,231.26482686507933,Low Value
14088.0,2011-01-21 13:07:00,2011-11-29 16:16:00,13,12665,21.502546689303905,5.730696095076401,16525.23879999992,85.7246349745331,67.01748620234748,9,312,24.0,1.25,1786.2049999999992,16189.089002171371,VIP
14089.0,2011-10-14 10:38:00,2011-10-14 10:38:00,1,134,9.571428571428571,2.207142857142857,161.0,11.5,11.615424095704682,56,0,0.0,0.0,161.0,183.54335514095445,Low Value
14090.0,2011-01-19 10:51:00,2011-01-19 10:51:00,1,72,72.0,1.06,76.32000000000001,76.32000000000001,0.0,324,0,0.0,0.0,76.32000000000001,75.70838047619046,Low Value
14092.0,2010-12-16 15:47:00,2011-12-02 12:13:00,14,2066,9.654205607476635,2.7328971962616824,4076.9100000000003,19.050981308411217,10.454512760558567,7,350,25.0,1.2,291.20785714285716,4041.7649634126997,VIP
14093.0,2011-11-27 16:27:00,2011-11-27 16:27:00,1,406,3.8666666666666667,1.4897142857142855,442.85,4.217619047619048,4.3648534039639,11,0,0.0,0.0,442.85,441.98959809523825,Medium Value
14096.0,2011-08-30 10:49:00,2011-12-05 17:17:00,17,16345,3.2023902821316614,4.848691222570533,16525.23879999992,11.085434952978057,24.874530036355885,3,97,5.705882352941177,5.257731958762887,1786.2049999999992,13502.659707095929,VIP
14098.0,2011-11-03 10:13:00,2011-11-03 10:13:00,1,104,4.9523809523809526,1.7047619047619047,147.35,7.016666666666667,13.099159260553073,36,0,0.0,0.0,147.35,145.33100696041464,Low Value
14099.0,2010-12-20 11:14:00,2011-11-23 13:53:00,11,2179,8.716,2.59356,3104.17,12.41668,12.254922745722002,15,338,30.727272727272727,0.9763313609467454,282.1972727272727,4007.9323500992055,VIP
14100.0,2011-07-25 11:01:00,2011-07-25 11:01:00,1,64,2.4615384615384617,3.388461538461539,194.9,7.496153846153846,5.324996208015986,137,0,0.0,0.0,194.9,178.90226120752675,Low Value
14101.0,2011-01-17 13:09:00,2011-09-27 12:28:00,6,6942,198.34285714285716,1.73,5976.79,170.76542857142857,142.33508023928144,73,252,42.0,0.7142857142857143,996.1316666666667,5484.136313888888,VIP
14102.0,2011-10-26 12:46:00,2011-12-04 15:38:00,5,961,12.164556962025317,2.0744303797468353,1360.28,17.21873417721519,17.05691215382503,4,39,7.8,3.846153846153846,272.056,1369.2797377085983,High Value
14104.0,2011-06-27 12:49:00,2011-07-08 12:50:00,2,72,3.4285714285714284,7.933809523809523,216.21,10.295714285714286,18.6870349631579,154,11,5.5,5.454545454545455,108.105,280.8842064285714,Low Value
14105.0,2011-04-14 17:58:00,2011-04-14 17:58:00,1,800,10.81081081081081,2.9174324324324328,1266.23,17.111216216216217,9.398281678081123,238,0,0.0,0.0,1266.23,1273.1910969846876,High Value
14107.0,2010-12-10 13:29:00,2011-10-19 12:12:00,7,1793,14.577235772357724,2.6591056910569106,2703.23,21.977479674796747,12.753816503273583,51,312,44.57142857142857,0.673076923076923,386.17571428571426,2686.9995587301605,VIP
14108.0,2011-08-30 11:32:00,2011-11-09 10:41:00,2,381,11.205882352941176,3.093235294117647,597.91,17.585588235294118,9.839382892442993,30,70,35.0,0.8571428571428571,298.955,626.3301637538993,Medium Value
14109.0,2011-09-28 10:18:00,2011-09-28 10:18:00,1,88,9.777777777777779,2.466666666666667,144.2,16.022222222222222,5.205952789302305,72,0,0.0,0.0,144.2,147.74544993679422,Low Value
14110.0,2011-03-18 09:59:00,2011-12-06 12:26:00,12,2445,15.774193548387096,2.3614193548387097,5683.15,36.66548387096774,52.860943751292744,3,263,21.916666666666668,1.3688212927756653,473.5958333333333,3852.320898809524,VIP
14111.0,2011-04-12 11:36:00,2011-11-25 13:44:00,4,458,45.8,3.6799999999999997,692.85,69.285,49.02267077587675,13,227,56.75,0.5286343612334802,173.2125,871.1987438131312,High Value
14112.0,2011-03-09 11:28:00,2011-11-17 12:30:00,7,1651,10.31875,2.5103125,2915.15,18.2196875,9.182163761786784,22,253,36.142857142857146,0.8300395256916996,416.45,2797.0496893253962,VIP
14113.0,2010-12-20 12:14:00,2011-12-06 12:18:00,4,745,21.91176470588235,2.481176470588235,1840.42,54.13,89.98942769553375,3,351,87.75,0.3418803418803419,460.105,1601.9497443650791,High Value
14114.0,2011-01-13 11:05:00,2011-03-11 09:42:00,2,101,6.733333333333333,6.312666666666667,386.53,25.768666666666665,19.19438938360696,273,56,28.0,1.0714285714285714,193.265,337.719699735703,Medium Value
14116.0,2011-08-10 12:44:00,2011-11-20 10:29:00,5,707,9.819444444444445,3.251666666666667,1382.74,19.204722222222223,11.228595157789215,19,101,20.2,1.4851485148514851,276.548,1398.8190233470696,High Value
14117.0,2011-07-19 09:49:00,2011-07-19 09:49:00,1,72,24.0,1.25,90.0,30.0,0.0,143,0,0.0,0.0,90.0,88.8861367857143,Low Value
14121.0,2011-10-11 10:39:00,2011-12-06 12:19:00,4,2082,13.09433962264151,2.2942138364779874,2780.15,17.485220125786164,10.335464374842722,3,56,14.0,2.142857142857143,695.0375,2925.3990524819633,VIP
14124.0,2011-09-16 13:32:00,2011-09-16 13:32:00,1,1618,323.6,0.358,419.58,83.916,58.550696665368555,83,0,0.0,0.0,419.58,606.252709642857,Medium Value
14125.0,2011-09-22 15:40:00,2011-11-29 12:47:00,3,1640,9.820359281437126,3.1613173652694613,2740.43,16.409760479041914,6.198238765787085,10,67,22.333333333333332,1.3432835820895521,913.4766666666666,2962.6787125793658,VIP
14126.0,2011-11-29 12:21:00,2011-12-02 11:45:00,3,508,33.86666666666667,4.040666666666667,706.1300000000001,47.07533333333334,73.92010444359764,7,2,0.6666666666666666,45.0,235.3766666666667,932.1842141269841,High Value
14127.0,2011-02-02 12:26:00,2011-08-09 10:49:00,3,321,7.295454545454546,3.9595454545454545,709.71,16.129772727272726,5.029535781730162,122,187,62.333333333333336,0.48128342245989303,236.57000000000002,727.9189549572832,High Value
14128.0,2011-03-29 10:49:00,2011-10-10 12:00:00,2,564,12.26086956521739,1.895,637.5,13.858695652173912,5.933868743144694,60,195,97.5,0.3076923076923077,318.75,670.7630794231362,Medium Value
14129.0,2011-03-24 08:44:00,2011-12-08 11:02:00,5,592,11.384615384615385,2.734423076923077,1123.8600000000001,21.61269230769231,7.64785939944408,1,259,51.8,0.5791505791505792,224.77200000000002,1129.9815754906206,High Value
14130.0,2011-01-24 16:05:00,2011-01-24 16:05:00,1,258,3.8507462686567164,2.865373134328358,483.86,7.221791044776119,6.089224691996147,318,0,0.0,0.0,483.86,503.0952052712677,Medium Value
14132.0,2011-06-09 12:04:00,2011-12-07 13:35:00,11,3368,16.84,1.71775,3586.03,17.93015,11.810392471427262,1,181,16.454545454545453,1.8232044198895028,326.00272727272727,4146.725023286436,VIP
14133.0,2011-01-28 11:27:00,2011-08-02 11:34:00,3,348,12.428571428571429,3.7950000000000004,605.64,21.63,8.121358671224087,129,186,62.0,0.48387096774193544,201.88,624.5677687465665,Medium Value
14135.0,2010-12-02 10:27:00,2011-12-08 11:38:00,15,3850,28.73134328358209,2.472462686567164,4690.31,35.00231343283583,34.41482256094053,1,371,24.733333333333334,1.2129380053908356,312.68733333333336,5256.14505491453,VIP
14138.0,2011-10-07 09:38:00,2011-12-08 12:44:00,2,610,12.97872340425532,2.3117021276595744,982.38,20.901702127659576,14.296292818214301,1,62,31.0,0.9677419354838709,491.19,895.9422899242425,High Value
14139.0,2011-10-24 13:34:00,2011-10-24 13:34:00,1,510,19.615384615384617,1.4576923076923076,415.82,15.993076923076924,10.679057549889231,45,0,0.0,0.0,415.82,486.4883339504939,Medium Value
14140.0,2011-11-08 11:20:00,2011-12-06 09:05:00,2,811,12.287878787878787,1.823939393939394,935.05,14.167424242424241,4.359562543546724,3,27,13.5,2.2222222222222223,467.525,925.4933845238095,High Value
14141.0,2011-08-26 14:40:00,2011-12-07 09:53:00,4,355,8.875,3.5195,915.13,22.87825,11.826125335405422,2,102,25.5,1.1764705882352942,228.7825,846.5941187262163,High Value
14142.0,2010-12-01 16:33:00,2010-12-01 16:33:00,1,313,14.227272727272727,1.7704545454545455,311.81,14.173181818181819,5.9971353370657114,368,0,0.0,0.0,311.81,326.8679258031597,Medium Value
14143.0,2011-07-29 09:48:00,2011-07-29 09:48:00,1,30,4.285714285714286,5.485714285714286,115.8,16.54285714285714,1.7501020378415486,133,0,0.0,0.0,115.8,126.91436372695779,Low Value
14145.0,2011-05-06 13:01:00,2011-10-24 12:10:00,4,756,68.72727272727273,4.95,3742.2,340.2,127.6503348996782,46,170,42.5,0.7058823529411764,935.55,2713.3784004942268,VIP
14146.0,2010-12-17 15:52:00,2011-12-01 10:18:00,5,2437,11.604761904761904,2.6339047619047617,4191.0,19.957142857142856,20.13625059364142,8,348,69.6,0.4310344827586207,838.2,4023.070038154761,VIP
14147.0,2011-02-27 11:42:00,2011-09-22 18:10:00,2,108,21.6,4.55,483.4,96.67999999999999,74.91776825293184,77,207,103.5,0.2898550724637681,241.7,472.15658380952385,Medium Value
14148.0,2011-04-20 12:02:00,2011-04-20 12:02:00,1,16,5.333333333333333,7.55,157.2,52.4,65.03850782421134,233,0,0.0,0.0,157.2,134.61998585382173,Low Value
14149.0,2011-05-03 09:44:00,2011-05-03 09:44:00,1,218,7.785714285714286,2.9699999999999998,446.62,15.950714285714286,3.706940366165455,220,0,0.0,0.0,446.62,432.9217688229019,Medium Value
14150.0,2010-12-15 10:04:00,2011-11-04 10:05:00,2,496,19.076923076923077,1.6823076923076923,658.64,25.33230769230769,28.46339295413564,35,324,162.0,0.18518518518518517,329.32,634.1782057965397,Medium Value
14152.0,2011-04-19 15:46:00,2011-09-25 12:54:00,2,711,14.510204081632653,1.143469387755102,621.29,12.67938775510204,6.878533155211723,74,158,79.0,0.379746835443038,310.645,603.1328380339105,Medium Value
14154.0,2011-04-14 15:58:00,2011-04-14 16:26:00,2,465,8.942307692307692,7.893076923076923,1345.62,25.87730769230769,30.123255046062603,238,0,0.0,0.0,672.81,1382.9437384419384,High Value
14155.0,2011-03-18 14:13:00,2011-03-18 14:13:00,1,25,4.166666666666667,5.45,118.75,19.791666666666668,4.756092583904004,265,0,0.0,0.0,118.75,117.87677487096508,Low Value
14156.0,2010-12-03 11:48:00,2011-11-30 10:54:00,30,55557,39.96906474820144,3.802143884892086,16525.23879999992,74.99973381294964,116.19107662925775,9,361,6.5636363636363635,4.570637119113574,1786.2049999999992,16522.59250599993,VIP
14157.0,2011-02-27 13:04:00,2011-11-20 11:32:00,2,284,5.916666666666667,2.1975000000000002,432.88,9.018333333333333,7.0977941833715885,19,265,132.5,0.22641509433962262,216.44,393.61208681497305,Medium Value
14158.0,2011-10-30 15:08:00,2011-10-30 15:08:00,1,781,19.048780487804876,1.5365853658536586,507.65999999999997,12.381951219512194,6.019237169073917,39,0,0.0,0.0,507.65999999999997,618.7957137123988,Medium Value
14159.0,2010-12-12 11:17:00,2011-11-20 12:36:00,11,4408,3.661129568106312,1.4932392026578072,4693.01,3.8978488372093025,3.563567207956973,19,343,31.181818181818183,0.9620991253644314,426.6372727272728,4053.8322776984114,VIP
14161.0,2010-12-05 13:18:00,2011-05-08 11:41:00,3,455,4.212962962962963,3.1771296296296296,1110.52,10.282592592592593,7.837699258343847,215,153,51.0,0.5882352941176471,370.17333333333335,995.6990874454245,High Value
14162.0,2011-02-20 12:32:00,2011-06-19 11:36:00,2,142,5.68,3.8892,289.36,11.5744,8.98245608580044,173,118,59.0,0.5084745762711864,144.68,313.95807847701076,Medium Value
14163.0,2011-04-14 17:33:00,2011-09-13 15:18:00,4,893,17.173076923076923,4.738076923076923,2445.91,47.036730769230765,47.88965690127851,86,151,37.75,0.794701986754967,611.4775,2155.4807369006926,VIP
14164.0,2011-09-20 12:18:00,2011-09-30 12:24:00,2,1033,35.62068965517241,1.5541379310344827,1631.77,56.26793103448276,68.73940206000124,70,10,5.0,6.0,815.885,1319.5268432142857,High Value
14165.0,2011-03-09 12:39:00,2011-03-09 12:39:00,1,54,2.16,3.2376,122.53999999999999,4.901599999999999,3.773696993665496,275,0,0.0,0.0,122.53999999999999,134.9853083136168,Low Value
14167.0,2011-01-12 15:44:00,2011-10-31 14:29:00,4,150,2.8846153846153846,4.298461538461539,574.84,11.054615384615385,6.983820085485116,38,291,72.75,0.4123711340206186,143.71,549.8360684047622,Medium Value
14171.0,2011-09-02 16:43:00,2011-09-02 16:43:00,1,167,2.8793103448275863,2.8863793103448274,363.79,6.272241379310345,5.269878670697433,97,0,0.0,0.0,363.79,344.2268486584777,Medium Value
14173.0,2011-05-04 14:03:00,2011-11-29 11:54:00,4,150,5.172413793103448,4.376896551724138,450.84,15.546206896551723,24.96412961113163,10,208,52.0,0.5769230769230769,112.71,464.4538159892117,Medium Value
14174.0,2011-11-06 13:17:00,2011-11-06 13:17:00,1,94,3.6153846153846154,1.9373076923076922,134.46,5.171538461538462,2.4833875127457534,32,0,0.0,0.0,134.46,143.91896088463184,Low Value
14175.0,2011-01-14 12:22:00,2011-10-11 11:55:00,3,1515,10.167785234899329,3.7063758389261743,3222.3,21.626174496644296,11.899620684240514,59,269,89.66666666666667,0.3345724907063197,1074.1000000000001,3145.0630818495665,VIP
14176.0,2010-12-07 11:45:00,2011-02-15 13:12:00,4,209,6.741935483870968,3.574193548387097,576.9000000000001,18.609677419354842,8.464715188699882,296,70,17.5,1.7142857142857142,144.22500000000002,523.5180715586894,Medium Value
14177.0,2011-06-13 11:10:00,2011-09-14 15:11:00,4,205,4.880952380952381,4.346666666666667,559.41,13.319285714285714,22.666036092803672,85,93,23.25,1.2903225806451613,139.8525,571.5797932823575,Medium Value
14178.0,2011-06-10 12:51:00,2011-12-01 12:01:00,7,1505,4.602446483180428,1.7031192660550458,1620.93,4.9569724770642205,6.089990858675352,8,173,24.714285714285715,1.2138728323699421,231.5614285714286,1775.11436066378,VIP
14179.0,2011-10-18 14:00:00,2011-10-30 12:07:00,2,330,2.0,2.813575757575758,719.78,4.36230303030303,4.0845695095498655,40,11,5.5,5.454545454545455,359.89,648.5328058431667,Medium Value
14180.0,2010-12-02 13:08:00,2011-11-29 10:56:00,25,719,2.995833333333333,9.311208333333333,4748.52,19.785500000000003,13.408814614737016,10,361,14.44,2.0775623268698062,189.94080000000002,3670.133819563491,VIP
14184.0,2011-10-04 12:43:00,2011-10-04 12:43:00,1,127,5.291666666666667,5.418333333333333,452.89,18.870416666666667,6.429460373033321,66,0,0.0,0.0,452.89,437.64467540669983,Medium Value
14185.0,2011-01-12 13:52:00,2011-01-12 13:52:00,1,6,2.0,59.73333333333333,197.65,65.88333333333334,85.9119656004525,330,0,0.0,0.0,197.65,228.20196706349213,Low Value
14188.0,2011-02-02 13:46:00,2011-11-09 12:45:00,6,1162,17.876923076923077,1.975076923076923,2054.36,31.605538461538462,13.933809828835539,30,279,46.5,0.6451612903225806,342.3933333333334,1847.727560555556,VIP
14189.0,2010-12-06 11:42:00,2011-12-07 15:55:00,15,3937,14.856603773584906,2.158,4654.08,17.56256603773585,10.834661734713292,1,366,24.4,1.2295081967213115,310.272,4945.651920992063,VIP
14191.0,2011-05-03 10:30:00,2011-12-08 09:23:00,13,3662,14.13899613899614,1.9932818532818533,4684.76,18.08787644787645,10.883118271088726,1,218,16.76923076923077,1.7889908256880733,360.36615384615385,4992.396249444445,VIP
14193.0,2011-03-15 11:38:00,2011-10-03 09:34:00,2,445,10.595238095238095,2.724047619047619,853.39,20.318809523809524,10.69317589602461,67,201,100.5,0.29850746268656714,426.695,782.4796735398226,High Value
14194.0,2011-02-04 14:51:00,2011-12-05 10:38:00,21,5840,10.08635578583765,3.387288428324698,11349.52,19.601934369602763,11.603425743516643,4,303,14.428571428571429,2.0792079207920793,540.4533333333334,11374.126333170996,VIP
14195.0,2011-04-01 16:50:00,2011-05-22 10:29:00,2,760,108.57142857142857,5.992857142857143,1012.0,144.57142857142858,128.11772859738178,201,50,25.0,1.2,506.0,1613.008372777777,High Value
14196.0,2011-08-25 10:25:00,2011-08-25 10:25:00,1,142,23.666666666666668,3.265,335.52,55.919999999999995,57.818723610954954,106,0,0.0,0.0,335.52,339.74292774853785,Medium Value
14198.0,2011-04-14 14:54:00,2011-11-21 16:35:00,4,290,7.435897435897436,4.7356410256410255,701.4,17.984615384615385,7.101252241739459,17,221,55.25,0.5429864253393666,175.35,732.4132442171555,High Value
14199.0,2011-05-05 13:44:00,2011-05-05 13:44:00,1,28,14.0,5.8999999999999995,185.39999999999998,92.69999999999999,116.67261889578033,217,0,0.0,0.0,185.39999999999998,141.49425353669696,Low Value
14201.0,2010-12-15 13:25:00,2011-10-10 13:27:00,7,590,15.945945945945946,2.545945945945946,747.44,20.20108108108108,13.417043842272616,59,299,42.714285714285715,0.7023411371237458,106.77714285714286,1085.059282720058,High Value
14204.0,2011-12-07 13:38:00,2011-12-07 13:38:00,1,82,1.8636363636363635,2.4050000000000002,161.03,3.659772727272727,3.4103818845268146,1,0,0.0,0.0,161.03,151.38131774197657,Low Value
14205.0,2011-03-20 15:07:00,2011-11-23 10:55:00,2,204,8.5,4.167916666666667,466.7,19.445833333333333,6.099891600367329,16,247,123.5,0.24291497975708504,233.35,474.2790706268718,Medium Value
14206.0,2011-04-14 16:38:00,2011-04-14 16:38:00,1,276,13.8,1.797,328.15999999999997,16.407999999999998,7.082534188150157,238,0,0.0,0.0,328.15999999999997,326.40313780551503,Medium Value
14208.0,2011-09-06 12:48:00,2011-09-06 12:48:00,1,114,11.4,3.5269999999999997,151.74,15.174000000000001,3.6927562726084275,94,0,0.0,0.0,151.74,161.43783384453778,Low Value
14209.0,2011-01-11 12:56:00,2011-11-29 10:18:00,6,691,7.942528735632184,5.291494252873563,2073.43,23.83252873563218,16.255604630503118,10,321,53.5,0.5607476635514019,345.57166666666666,1962.2601459126997,VIP
14210.0,2010-12-03 12:43:00,2011-08-26 12:36:00,6,760,7.450980392156863,3.816372549019608,1905.8400000000001,18.684705882352944,7.437860693426339,105,265,44.166666666666664,0.6792452830188679,317.64000000000004,1868.8228859379506,VIP
14211.0,2011-02-17 15:50:00,2011-10-17 13:23:00,9,1242,11.089285714285714,2.7716964285714285,2241.1,20.009821428571428,15.128291316801885,52,241,26.77777777777778,1.120331950207469,249.0111111111111,2161.93608984127,VIP
14212.0,2011-09-11 12:45:00,2011-09-11 12:45:00,1,1152,128.0,1.2522222222222221,1070.48,118.94222222222223,62.27008948479554,89,0,0.0,0.0,1070.48,1213.163985201465,High Value
14214.0,2011-03-07 12:26:00,2011-11-09 10:31:00,5,751,11.208955223880597,2.3407462686567166,1004.38,14.990746268656716,5.7531222915310645,30,246,49.2,0.6097560975609757,200.876,1158.0292126948057,High Value
14215.0,2010-12-06 15:34:00,2011-11-28 12:19:00,6,1358,12.574074074074074,2.221111111111111,1789.72,16.57148148148148,6.045731299320134,11,356,59.333333333333336,0.5056179775280899,298.2866666666667,1891.0012937031022,VIP
14216.0,2011-11-02 10:51:00,2011-12-06 14:56:00,4,594,10.067796610169491,4.716271186440678,1839.3,31.17457627118644,39.74210649546233,2,34,8.5,3.5294117647058822,459.825,1773.8924181096677,VIP
14217.0,2010-12-08 13:28:00,2011-12-08 11:53:00,17,689,6.89,5.4955,2004.98,20.0498,14.044526377621894,1,364,21.41176470588235,1.4010989010989012,117.94,2406.9580129761894,VIP
14218.0,2011-10-28 10:00:00,2011-10-28 10:00:00,1,160,13.333333333333334,1.4400000000000002,169.48000000000002,14.123333333333335,5.016248749329675,42,0,0.0,0.0,169.48000000000002,170.71954043151302,Low Value
14219.0,2011-12-05 16:23:00,2011-12-05 16:23:00,1,78,11.142857142857142,2.2885714285714287,89.94,12.848571428571429,8.648359051618653,3,0,0.0,0.0,89.94,107.51716125380125,Low Value
14220.0,2010-12-16 18:18:00,2011-04-06 13:23:00,2,272,12.952380952380953,3.3961904761904766,632.4000000000001,30.114285714285717,25.113452086765886,246,110,55.0,0.5454545454545455,316.20000000000005,604.5426121365914,Medium Value
14221.0,2011-01-04 15:33:00,2011-10-28 13:42:00,9,2191,11.352331606217616,3.2711398963730574,3432.8,17.78652849740933,12.815992933248253,41,296,32.888888888888886,0.9121621621621622,381.4222222222222,3621.4650199206358,VIP
14222.0,2011-06-15 16:42:00,2011-06-15 16:42:00,1,607,14.804878048780488,1.706829268292683,683.17,16.662682926829266,7.721414709879999,176,0,0.0,0.0,683.17,677.5401358411178,High Value
14223.0,2011-03-20 16:02:00,2011-09-08 13:38:00,3,585,9.75,3.8998333333333335,991.13,16.518833333333333,5.602503100284781,91,171,57.0,0.5263157894736842,330.37666666666667,1015.7548532242442,High Value
14224.0,2011-01-23 13:58:00,2011-08-21 13:24:00,4,514,4.3559322033898304,3.8577966101694914,1050.1200000000001,8.899322033898306,10.343802862395027,109,209,52.25,0.5741626794258373,262.53000000000003,1104.1489379772524,High Value
14226.0,2011-03-15 15:36:00,2011-11-11 11:34:00,5,1308,19.52238805970149,2.8997014925373135,2232.19,33.31626865671642,34.715155228412726,28,240,48.0,0.625,446.438,2220.1764808058606,VIP
14227.0,2011-02-28 12:27:00,2011-11-13 15:48:00,10,1820,10.4,2.8489714285714287,3350.96,19.148342857142858,8.532137764025036,25,258,25.8,1.1627906976744187,335.096,3298.1874629761896,VIP
14229.0,2011-01-10 12:03:00,2011-10-19 10:04:00,3,610,15.25,3.22,1547.2,38.68,37.222382431087794,51,281,93.66666666666667,0.32028469750889677,515.7333333333333,1375.958674444445,High Value
14231.0,2011-02-24 11:55:00,2011-06-09 11:05:00,3,409,8.18,3.6696000000000004,925.71,18.514200000000002,9.942043088596542,183,104,34.666666666666664,0.8653846153846153,308.57,923.164571518788,High Value
14232.0,2011-03-20 12:44:00,2011-10-28 11:09:00,5,1941,16.878260869565217,1.8238260869565217,2048.07,17.80930434782609,9.145062393362316,42,221,44.2,0.6787330316742082,409.61400000000003,2043.3599308477633,VIP
14233.0,2011-01-26 12:43:00,2011-10-21 15:54:00,4,680,19.428571428571427,2.7905714285714285,1462.72,41.792,47.72208637764379,48,268,67.0,0.44776119402985076,365.68,1470.9772573412695,High Value
14234.0,2011-10-13 13:58:00,2011-11-17 17:53:00,4,963,6.056603773584905,1.591069182389937,775.46,4.877106918238994,6.092592965680389,21,35,8.75,3.4285714285714284,193.865,867.0886165476195,High Value
14235.0,2011-03-24 13:23:00,2011-09-25 14:37:00,5,1959,24.79746835443038,2.017974683544304,3144.86,39.80835443037975,37.08443109053537,74,185,37.0,0.8108108108108107,628.972,2902.4828640476185,VIP
14236.0,2010-12-02 18:49:00,2011-09-20 09:13:00,2,310,20.666666666666668,2.0653333333333332,490.86,32.724000000000004,49.99896467499531,80,291,145.5,0.2061855670103093,245.43,478.85007206903384,Medium Value
14237.0,2010-12-01 13:20:00,2010-12-01 13:20:00,1,38,4.222222222222222,7.122222222222222,161.0,17.88888888888889,6.678453122625861,368,0,0.0,0.0,161.0,174.54896722274378,Low Value
14238.0,2011-01-17 14:40:00,2011-01-17 14:40:00,1,111,13.875,2.2874999999999996,146.85,18.35625,8.843780603177743,325,0,0.0,0.0,146.85,188.5542662138988,Low Value
14239.0,2011-01-27 14:45:00,2011-10-27 14:40:00,11,993,8.866071428571429,3.6066964285714285,2380.85,21.257589285714285,10.671595559885036,42,272,24.727272727272727,1.2132352941176472,216.4409090909091,2396.3208261544005,VIP
14240.0,2011-04-28 11:40:00,2011-11-09 13:45:00,2,418,9.952380952380953,3.439761904761905,890.34,21.19857142857143,13.39328965062375,29,195,97.5,0.3076923076923077,445.17,868.1879844206345,High Value
14241.0,2011-06-09 11:46:00,2011-06-09 11:46:00,1,146,14.6,1.955,213.70000000000002,21.37,16.262707851605363,183,0,0.0,0.0,213.70000000000002,211.30097132599857,Low Value
14242.0,2011-01-18 08:53:00,2011-04-19 11:46:00,2,123,7.6875,3.720625,280.55,17.534375,3.4350506425184877,234,91,45.5,0.6593406593406593,140.275,284.93893484495186,Low Value
14243.0,2010-12-09 08:34:00,2011-12-01 11:12:00,10,1221,8.659574468085106,3.9612765957446805,2588.77,18.360070921985816,8.896679516735762,8,357,35.7,0.8403361344537815,258.877,2626.73493860584,VIP
14245.0,2011-03-21 10:41:00,2011-05-04 08:40:00,2,976,9.037037037037036,3.1289814814814814,1693.45,15.680092592592594,5.855330584435753,219,43,21.5,1.3953488372093024,846.725,1627.998260147908,High Value
14246.0,2011-04-08 08:25:00,2011-08-21 11:50:00,3,804,10.72,2.9734666666666665,1474.06,19.654133333333334,6.879477724781567,110,135,45.0,0.6666666666666666,491.3533333333333,1386.4117519921801,High Value
14247.0,2011-03-06 15:21:00,2011-03-06 15:21:00,1,47,2.35,3.912,136.77,6.838500000000001,5.2969020489140135,277,0,0.0,0.0,136.77,135.34419894854344,Low Value
14248.0,2011-01-25 14:45:00,2011-01-25 14:45:00,1,102,12.75,3.0525,302.58,37.8225,67.21671172940763,317,0,0.0,0.0,302.58,264.1595750908629,Low Value
14250.0,2011-09-11 13:44:00,2011-12-02 14:30:00,3,1200,10.81081081081081,2.487207207207207,1904.05,17.153603603603603,6.273159533468804,6,82,27.333333333333332,1.0975609756097562,634.6833333333333,1839.673253867244,VIP
14251.0,2011-10-13 12:46:00,2011-12-08 08:32:00,5,1674,21.46153846153846,2.0692307692307694,2879.7000000000003,36.91923076923077,28.968783815759956,1,55,11.0,2.7272727272727275,575.94,2719.890755634921,VIP
14256.0,2010-12-10 11:44:00,2011-03-24 13:17:00,2,414,7.811320754716981,4.05188679245283,969.0600000000001,18.284150943396227,8.320025294423981,259,104,52.0,0.5769230769230769,484.53000000000003,957.6923001306153,High Value
14257.0,2011-01-25 10:49:00,2011-10-06 16:54:00,5,1682,15.867924528301886,2.838867924528302,3099.7200000000003,29.242641509433966,30.58691031274301,63,254,50.8,0.5905511811023622,619.9440000000001,2899.069191474359,VIP
14258.0,2011-01-06 12:18:00,2011-11-30 15:27:00,9,7100,63.96396396396396,3.8380180180180177,12669.98,114.14396396396396,78.29672176208656,8,328,36.44444444444444,0.823170731707317,1407.7755555555555,12990.697918676187,VIP
14259.0,2011-07-21 10:44:00,2011-07-21 10:44:00,1,68,13.6,2.83,120.0,24.0,11.480635870891469,141,0,0.0,0.0,120.0,135.88305414049913,Low Value
14261.0,2011-09-22 10:47:00,2011-10-20 10:04:00,2,406,7.8076923076923075,5.064038461538461,1163.45,22.37403846153846,12.375210714722632,50,27,13.5,2.2222222222222223,581.725,1079.2166796861468,High Value
14262.0,2011-04-13 12:23:00,2011-12-01 14:17:00,8,1645,11.503496503496503,2.090699300699301,2618.23,18.3093006993007,10.593122047762987,7,232,29.0,1.0344827586206897,327.27875,2454.4414779059834,VIP
14264.0,2011-04-08 12:20:00,2011-07-08 10:20:00,2,70,4.117647058823529,6.62,333.97,19.64529411764706,8.738742842685568,154,90,45.0,0.6666666666666666,166.985,317.46777496297557,Medium Value
14265.0,2011-07-14 09:10:00,2011-08-22 13:32:00,2,330,10.64516129032258,5.862903225806452,530.18,17.10258064516129,5.810557040274157,108,39,19.5,1.5384615384615383,265.09,550.6982598446874,Medium Value
14267.0,2011-03-24 11:38:00,2011-06-30 10:09:00,3,530,9.636363636363637,4.3910909090909085,1516.24,27.568,16.63918561041308,162,97,32.333333333333336,0.9278350515463918,505.41333333333336,1335.3309145799828,High Value
14270.0,2011-01-12 09:33:00,2011-01-12 09:33:00,1,197,6.793103448275862,4.570689655172414,492.65000000000003,16.98793103448276,5.594012346959116,331,0,0.0,0.0,492.65000000000003,497.38097866883123,Medium Value
14271.0,2011-04-28 12:47:00,2011-04-28 12:47:00,1,88,8.8,2.491,112.32000000000001,11.232000000000001,5.521539237889699,225,0,0.0,0.0,112.32000000000001,137.70257874577948,Low Value
14272.0,2011-03-30 13:57:00,2011-09-27 10:08:00,2,599,18.151515151515152,2.2675757575757576,437.96,13.271515151515151,7.2786310187820185,73,180,90.0,0.3333333333333333,218.98,566.3567438278386,Medium Value
14273.0,2011-04-11 13:24:00,2011-10-19 13:20:00,4,264,9.10344827586207,2.4848275862068965,559.97,19.309310344827587,5.215178349939231,50,190,47.5,0.6315789473684211,139.9925,530.828324891775,Medium Value
14276.0,2011-02-23 09:38:00,2011-09-02 09:45:00,3,744,11.625,2.2271875,1119.74,17.4959375,5.963324607715409,98,191,63.666666666666664,0.47120418848167545,373.24666666666667,1115.635187697025,High Value
14277.0,2011-05-11 13:20:00,2011-11-24 15:01:00,3,1984,8.817777777777778,3.8665777777777777,4216.2,18.738666666666667,15.15366033104119,14,197,65.66666666666667,0.4568527918781726,1405.3999999999999,4050.3710106601716,VIP
14280.0,2011-05-27 10:37:00,2011-05-27 10:37:00,1,52,6.5,4.73375,134.04,16.755,5.854624545726956,196,0,0.0,0.0,134.04,140.82909300943624,Low Value
14282.0,2010-12-07 12:21:00,2011-12-06 17:04:00,15,2668,17.102564102564102,1.600320512820513,3729.34,23.906025641025643,23.772804730357866,2,364,24.266666666666666,1.2362637362637363,248.62266666666667,3296.4590183730174,VIP
14284.0,2011-09-14 13:04:00,2011-11-09 08:11:00,2,161,5.03125,4.821875,595.25,18.6015625,4.503215417092761,30,55,27.5,1.090909090909091,297.625,551.2266973080806,Medium Value
14285.0,2011-06-16 12:36:00,2011-11-18 14:50:00,4,541,20.037037037037038,4.82037037037037,1910.01,70.74111111111111,56.0121106639059,20,155,38.75,0.7741935483870968,477.5025,1599.0682991847048,High Value
14286.0,2011-04-11 08:16:00,2011-11-16 10:34:00,3,4338,15.492857142857142,1.5431785714285713,4628.75,16.53125,10.80738713618928,23,219,73.0,0.4109589041095891,1542.9166666666667,4118.802768690476,VIP
14287.0,2011-05-25 11:41:00,2011-12-01 13:25:00,3,261,29.0,1.913333333333333,176.63,19.625555555555554,6.698031634575772,7,190,63.333333333333336,0.4736842105263158,58.876666666666665,271.9098526733822,Low Value
14288.0,2011-05-10 13:22:00,2011-05-10 13:22:00,1,188,11.75,3.00625,426.6,26.6625,15.807039571026573,212,0,0.0,0.0,426.6,405.75131551587305,Medium Value
14289.0,2011-02-23 12:33:00,2011-12-01 11:44:00,6,292,6.212765957446808,5.346382978723404,911.26,19.388510638297873,12.180914326130715,8,280,46.666666666666664,0.6428571428571428,151.87666666666667,920.8620156990235,High Value
14290.0,2010-12-13 10:24:00,2011-11-28 14:02:00,5,915,9.05940594059406,3.6530693069306936,2314.65,22.917326732673267,21.909066109311414,10,350,70.0,0.4285714285714286,462.93,1988.6285931195703,VIP
14291.0,2011-03-09 15:20:00,2011-12-08 10:26:00,11,2749,11.59915611814346,2.5928691983122363,3883.25,16.385021097046412,9.305129832902931,1,273,24.818181818181817,1.208791208791209,353.02272727272725,4001.368174404762,VIP
14292.0,2011-03-02 08:26:00,2011-12-02 11:50:00,9,1663,16.63,3.346,4871.93,48.719300000000004,72.42294361686298,7,275,30.555555555555557,0.9818181818181819,541.3255555555556,4375.2999723809535,VIP
14293.0,2010-12-06 10:18:00,2011-12-06 15:17:00,4,709,11.62295081967213,2.206393442622951,1046.56,17.15672131147541,10.362453171797927,2,365,91.25,0.32876712328767127,261.64,976.9532821392504,High Value
14295.0,2011-10-30 15:50:00,2011-10-30 15:50:00,1,84,16.8,1.9300000000000002,166.20000000000002,33.24,16.20888645157341,39,0,0.0,0.0,166.20000000000002,156.8877368303412,Low Value
14297.0,2011-03-10 08:31:00,2011-11-22 09:06:00,4,865,13.951612903225806,2.3419354838709676,1305.33,21.053709677419352,10.203655441720258,17,257,64.25,0.4669260700389105,326.3325,1321.7115226533192,High Value
14298.0,2010-12-14 12:59:00,2011-12-01 13:12:00,30,58343,35.640195479535734,1.4979780085522296,16525.23879999992,31.476664630421503,32.53648974095283,7,352,8.0,3.7500000000000004,1171.075,16272.018930799937,VIP
14299.0,2010-12-09 10:30:00,2011-12-01 16:05:00,9,2149,15.027972027972028,3.091818181818182,3965.62,27.73160839160839,40.57055522938046,7,357,39.666666666666664,0.7563025210084033,440.6244444444444,4025.1271610948775,VIP
14300.0,2011-11-21 08:57:00,2011-11-21 08:57:00,1,32,10.666666666666666,1.383333333333333,43.2,14.4,3.637306695894643,18,0,0.0,0.0,43.2,47.12937777777778,Low Value
14301.0,2011-08-14 15:33:00,2011-08-14 15:33:00,1,606,46.61538461538461,1.3523076923076922,640.14,49.24153846153846,24.375288663642475,116,0,0.0,0.0,640.14,646.5142811904763,Medium Value
14304.0,2011-05-01 11:50:00,2011-05-01 11:50:00,1,139,8.176470588235293,4.885294117647058,383.45,22.555882352941175,10.030560838522147,222,0,0.0,0.0,383.45,376.0113098026697,Medium Value
14305.0,2011-07-27 14:14:00,2011-09-29 15:29:00,3,1089,10.371428571428572,2.3532380952380954,1858.96,17.70438095238095,9.596614579732865,70,64,21.333333333333332,1.40625,619.6533333333333,1683.939927420635,VIP
14306.0,2011-09-15 10:31:00,2011-10-19 13:23:00,2,1075,32.57575757575758,4.135151515151516,2093.32,63.4339393939394,58.85685718012144,50,34,17.0,1.7647058823529411,1046.66,2194.1955313095245,VIP
14307.0,2010-12-01 11:41:00,2011-09-12 09:38:00,6,2058,11.433333333333334,2.4864444444444445,2995.7200000000003,16.64288888888889,7.113533210450959,88,284,47.333333333333336,0.6338028169014085,499.2866666666667,3054.824349069265,VIP
14309.0,2010-12-16 13:05:00,2011-12-01 13:33:00,9,1633,13.957264957264957,2.456153846153846,2352.53,20.10709401709402,17.388569375619717,7,350,38.888888888888886,0.7714285714285715,261.39222222222224,2421.541334776335,VIP
14311.0,2011-04-11 10:14:00,2011-04-11 10:14:00,1,146,7.3,5.084,310.26,15.513,3.6617411734108996,242,0,0.0,0.0,310.26,334.02442892648776,Medium Value
14312.0,2011-01-06 16:35:00,2011-10-24 09:46:00,6,1012,11.632183908045977,3.5480459770114945,1611.5900000000001,18.52402298850575,8.491453495402403,46,290,48.333333333333336,0.6206896551724138,268.59833333333336,1731.9994345598845,VIP
14314.0,2011-08-25 10:39:00,2011-08-25 10:39:00,1,296,37.0,0.66625,120.0,15.0,14.136008731503487,106,0,0.0,0.0,120.0,165.70070230158728,Low Value
14315.0,2011-03-18 12:59:00,2011-10-26 12:06:00,6,1021,10.108910891089108,3.71,2481.13,24.565643564356435,11.900974616882568,44,221,36.833333333333336,0.8144796380090498,413.5216666666667,2401.2237403085805,VIP
14317.0,2011-10-06 10:44:00,2011-10-06 10:44:00,1,255,10.625,3.0975,508.58,21.190833333333334,11.332300858767523,64,0,0.0,0.0,508.58,530.8669548861595,Medium Value
14320.0,2011-01-11 09:12:00,2011-05-17 09:24:00,2,325,10.483870967741936,1.957741935483871,477.79,15.412580645161292,6.4908047614770314,206,126,63.0,0.47619047619047616,238.895,463.37336263455865,Medium Value
14321.0,2011-01-10 11:35:00,2011-11-29 09:47:00,5,2406,19.5609756097561,1.41869918699187,1530.75,12.445121951219512,9.046062939097913,10,322,64.4,0.46583850931677023,306.15,1680.3163066847023,VIP
14323.0,2011-04-15 11:44:00,2011-08-17 11:37:00,2,350,9.722222222222221,2.996388888888889,605.0600000000001,16.807222222222222,6.5295410519581205,114,123,61.5,0.48780487804878053,302.53000000000003,614.2915874067745,Medium Value
14326.0,2011-04-11 15:04:00,2011-04-11 15:04:00,1,103,12.875,2.8000000000000003,183.85,22.98125,15.300792171369055,241,0,0.0,0.0,183.85,187.14915662753054,Low Value
14327.0,2011-06-29 13:58:00,2011-06-29 13:58:00,1,139,11.583333333333334,2.5875,311.65000000000003,25.970833333333335,18.504869854536494,162,0,0.0,0.0,311.65000000000003,286.9919815205491,Low Value
14329.0,2011-01-14 13:42:00,2011-11-22 15:50:00,7,3095,11.94980694980695,2.8467181467181466,5014.84,19.362316602316604,9.850676207465947,16,312,44.57142857142857,0.673076923076923,716.4057142857143,5136.356480497837,VIP
14331.0,2011-07-27 15:14:00,2011-08-07 13:17:00,2,252,9.0,3.019285714285714,462.66,16.52357142857143,5.546110558584488,123,10,5.0,6.0,231.33,464.75446579962045,Medium Value
14332.0,2011-07-15 10:33:00,2011-11-17 11:54:00,3,481,18.5,2.1165384615384615,866.3100000000001,33.31961538461539,28.245023842194822,22,125,41.666666666666664,0.72,288.77000000000004,817.9461858080809,High Value
14333.0,2011-10-03 10:38:00,2011-10-03 10:38:00,1,58,3.8666666666666667,8.063333333333334,415.2,27.68,23.72963638274179,67,0,0.0,0.0,415.2,260.62344314792296,Low Value
14334.0,2010-12-16 17:37:00,2011-11-23 10:01:00,8,1731,10.685185185185185,3.291543209876543,2552.21,15.754382716049383,6.153605612886975,16,341,42.625,0.7038123167155425,319.02625,3524.416228333334,VIP
14335.0,2011-09-04 13:07:00,2011-11-23 13:41:00,2,379,6.015873015873016,2.2895238095238097,468.26,7.432698412698413,6.039833688788396,15,80,40.0,0.75,234.13,499.6091903572735,Medium Value
14336.0,2011-03-08 16:48:00,2011-11-23 11:40:00,4,1759,19.544444444444444,1.6151111111111112,1614.91,17.943444444444445,8.611581065747163,16,259,64.75,0.46332046332046334,403.7275,1681.8444507142856,VIP
14338.0,2011-05-27 13:30:00,2011-07-01 14:08:00,2,335,10.806451612903226,3.6470967741935483,588.22,18.97483870967742,8.072642636694935,160,35,17.5,1.7142857142857142,294.11,587.4561819981249,Medium Value
14339.0,2011-04-11 11:06:00,2011-04-11 11:06:00,1,168,12.0,2.032857142857143,309.52000000000004,22.10857142857143,12.545174283452495,242,0,0.0,0.0,309.52000000000004,288.70202670435896,Low Value
14340.0,2011-05-05 09:44:00,2011-05-05 09:44:00,1,58,9.666666666666666,2.9333333333333336,134.7,22.45,8.396606457373124,218,0,0.0,0.0,134.7,126.98747475695687,Low Value
14341.0,2011-01-25 13:55:00,2011-10-25 15:48:00,8,1403,10.875968992248062,2.553875968992248,2182.28,16.916899224806205,8.294108488715201,44,273,34.125,0.8791208791208791,272.785,2177.4790652795823,VIP
14342.0,2011-05-13 13:50:00,2011-11-18 13:21:00,4,347,16.523809523809526,2.8904761904761904,668.5600000000001,31.836190476190477,38.195626251730765,20,188,47.0,0.6382978723404256,167.14000000000001,659.0523624206348,Medium Value
14344.0,2010-12-06 11:58:00,2011-08-04 13:51:00,8,477,6.71830985915493,4.225633802816901,889.9300000000001,12.534225352112676,13.06001998051106,126,241,30.125,0.995850622406639,111.24125000000001,957.7316335014549,High Value
14345.0,2011-11-01 09:51:00,2011-11-01 09:51:00,1,50,8.333333333333334,3.49,108.98,18.163333333333334,11.521869061340121,38,0,0.0,0.0,108.98,118.32895861773451,Low Value
14346.0,2011-02-15 13:52:00,2011-08-11 09:47:00,2,605,10.083333333333334,4.602333333333333,1021.58,17.026333333333334,10.427506643597017,120,176,88.0,0.34090909090909094,510.79,1054.6981229264702,High Value
14348.0,2011-03-24 16:23:00,2011-03-24 16:23:00,1,183,10.166666666666666,2.962222222222222,409.57,22.753888888888888,18.785680760461858,259,0,0.0,0.0,409.57,394.5352614637986,Medium Value
14349.0,2011-11-29 15:39:00,2011-11-29 15:39:00,1,86,2.774193548387097,2.3193548387096774,133.5,4.306451612903226,2.603262758395186,9,0,0.0,0.0,133.5,152.28906999497963,Low Value
14350.0,2011-03-10 14:14:00,2011-03-10 14:14:00,1,183,10.166666666666666,2.2866666666666666,282.93,15.718333333333334,7.031803592586037,273,0,0.0,0.0,282.93,267.1647769207645,Low Value
14351.0,2011-06-28 11:56:00,2011-06-28 11:56:00,1,12,12.0,4.25,51.0,51.0,0.0,164,0,0.0,0.0,51.0,54.23935766233767,Low Value
14352.0,2011-03-11 14:58:00,2011-07-05 15:41:00,4,538,11.446808510638299,3.8659574468085105,1078.96,22.95659574468085,11.374724320901288,156,116,29.0,1.0344827586206897,269.74,1102.4127791960982,High Value
14353.0,2011-05-08 16:06:00,2011-05-08 16:06:00,1,64,10.666666666666666,1.3666666666666665,90.6,15.1,5.868560300448484,214,0,0.0,0.0,90.6,90.19949833333334,Low Value
14354.0,2011-11-09 15:36:00,2011-12-04 11:32:00,2,210,23.333333333333332,1.2377777777777779,163.62,18.18,9.178137065875623,5,24,12.0,2.5,81.81,184.93071216450215,Low Value
14355.0,2010-12-09 12:16:00,2010-12-09 12:16:00,1,92,8.363636363636363,2.85,174.4,15.854545454545455,4.07194391817069,365,0,0.0,0.0,174.4,180.78493291606,Low Value
14356.0,2011-09-19 14:43:00,2011-09-21 09:18:00,2,277,8.393939393939394,3.9027272727272724,701.23,21.24939393939394,18.19690237021708,79,1,0.5,60.0,350.615,658.2605662103153,Medium Value
14357.0,2011-10-27 16:23:00,2011-10-27 16:23:00,1,148,3.6097560975609757,1.9502439024390246,225.77,5.506585365853659,5.733536696383873,42,0,0.0,0.0,225.77,205.09077323047842,Low Value
14359.0,2011-09-13 09:03:00,2011-11-20 13:17:00,3,371,6.745454545454545,3.922727272727273,912.1800000000001,16.585090909090912,4.196635280408303,18,68,22.666666666666668,1.3235294117647058,304.06,887.0517129292053,High Value
14360.0,2011-09-06 11:58:00,2011-11-08 09:12:00,4,1151,9.754237288135593,3.1004237288135594,2128.23,18.035847457627117,10.67181328773732,31,62,15.5,1.9354838709677418,532.0575,2166.2437844561155,VIP
14362.0,2011-11-17 15:08:00,2011-11-17 15:08:00,1,100,2.4390243902439024,2.3285365853658537,161.2,3.9317073170731707,2.7540796125375757,21,0,0.0,0.0,161.2,173.1748275227561,Low Value
14364.0,2011-05-12 12:56:00,2011-08-23 11:01:00,8,1967,28.507246376811594,3.0260869565217394,3717.35,53.87463768115942,61.56656174608456,108,102,12.75,2.3529411764705883,464.66875,3559.8352721825418,VIP
14367.0,2011-03-08 14:12:00,2011-12-01 13:19:00,16,4438,8.469465648854962,3.1757251908396946,9261.52,17.67465648854962,17.864998606671712,7,267,16.6875,1.797752808988764,578.845,8694.6077926479,VIP
14368.0,2011-01-24 09:52:00,2011-01-24 09:52:00,1,36,4.5,6.125,155.0,19.375,5.261653732430517,319,0,0.0,0.0,155.0,157.0732438014951,Low Value
14371.0,2011-02-17 16:35:00,2011-02-17 16:35:00,1,34,8.5,3.775,100.5,25.125,10.666888018536616,294,0,0.0,0.0,100.5,106.41161199985604,Low Value
14373.0,2010-12-16 15:40:00,2010-12-16 15:40:00,1,17,4.25,11.625,76.55,19.1375,7.4078083803511,357,0,0.0,0.0,76.55,134.78769312292462,Low Value
14375.0,2011-06-07 13:44:00,2011-06-07 13:44:00,1,194,2.5866666666666664,1.8789333333333331,257.68,3.4357333333333333,4.081099207166953,184,0,0.0,0.0,257.68,272.03521214912286,Low Value
14377.0,2011-03-22 13:38:00,2011-06-01 13:32:00,2,219,19.90909090909091,9.15,617.05,56.095454545454544,43.16176232816181,190,70,35.0,0.8571428571428571,308.525,858.5888979761903,High Value
14379.0,2011-02-17 15:03:00,2011-10-26 16:43:00,2,292,6.3478260869565215,2.1617391304347824,348.1,7.567391304347827,5.8652731052384794,43,251,125.5,0.2390438247011952,174.05,356.9738437489115,Medium Value
14381.0,2011-10-18 17:10:00,2011-10-18 17:10:00,1,146,2.607142857142857,1.627857142857143,202.68,3.619285714285714,3.5972124850135927,51,0,0.0,0.0,202.68,180.51486213188807,Low Value
14382.0,2011-11-13 16:18:00,2011-11-13 16:18:00,1,1237,9.442748091603054,1.6106870229007633,626.07,4.779160305343511,5.2901297116812,25,0,0.0,0.0,626.07,1362.6575238492064,High Value
14383.0,2011-06-29 10:18:00,2011-11-01 15:53:00,3,817,13.847457627118644,3.32593220338983,1247.69,21.14728813559322,18.18840070223882,37,125,41.666666666666664,0.72,415.8966666666667,1350.233786953417,High Value
14385.0,2011-11-16 11:55:00,2011-11-30 15:36:00,3,159,11.357142857142858,1.6164285714285715,202.10999999999999,14.43642857142857,4.837160017300135,8,14,4.666666666666667,6.428571428571429,67.36999999999999,208.9572227082016,Low Value
14386.0,2011-02-16 09:45:00,2011-02-16 09:45:00,1,54,7.714285714285714,3.885714285714286,142.4,20.342857142857145,7.886244806170878,296,0,0.0,0.0,142.4,144.09618429904614,Low Value
14387.0,2011-08-22 14:13:00,2011-11-07 12:29:00,3,819,5.85,3.382142857142857,1770.56,12.646857142857142,10.000859465635314,32,76,25.333333333333332,1.1842105263157896,590.1866666666666,1735.2869915201472,VIP
14388.0,2010-12-02 11:02:00,2011-11-29 13:32:00,8,1941,10.435483870967742,2.7180645161290324,3212.84,17.273333333333333,7.1939638862310415,9,362,45.25,0.6629834254143646,401.605,3143.3373946428574,VIP
14389.0,2011-06-02 12:04:00,2011-10-05 15:17:00,2,729,16.2,2.1333333333333333,1043.46,23.188000000000002,15.540749601670383,64,125,62.5,0.48,521.73,1037.906083593074,High Value
14390.0,2010-12-02 11:57:00,2011-11-29 13:49:00,9,2136,7.468531468531468,3.07986013986014,4652.82,16.268601398601398,19.24399417276105,9,362,40.22222222222222,0.7458563535911602,516.98,4346.910136011905,VIP
14393.0,2011-05-05 18:16:00,2011-05-05 18:16:00,1,13,2.6,5.390000000000001,67.95,13.59,3.595552808679077,217,0,0.0,0.0,67.95,59.10379002525255,Low Value
14395.0,2010-12-02 18:15:00,2011-12-07 14:34:00,9,1693,4.837142857142857,2.787057142857143,3507.71,10.02202857142857,7.0302706236788115,1,369,41.0,0.7317073170731707,389.74555555555554,2917.802638015872,VIP
14396.0,2010-12-03 15:19:00,2011-10-05 16:09:00,2,225,3.0821917808219177,2.626849315068493,487.99,6.684794520547945,5.458844278780039,64,306,153.0,0.19607843137254904,243.995,451.63764513820905,Medium Value
14397.0,2011-05-10 12:25:00,2011-12-07 09:22:00,19,1890,21.724137931034484,2.0789655172413792,2612.96,30.034022988505747,22.83205215744734,2,210,11.052631578947368,2.7142857142857144,137.52421052631578,3023.972346150794,VIP
14400.0,2011-07-13 15:50:00,2011-07-13 15:50:00,1,454,18.16,1.7368000000000001,574.7,22.988000000000003,20.235517248969288,148,0,0.0,0.0,574.7,557.3308991600068,Medium Value
14401.0,2010-12-15 09:07:00,2011-12-05 13:30:00,13,4507,24.763736263736263,1.3996153846153845,4051.48,22.26087912087912,21.179723736758657,3,355,27.307692307692307,1.0985915492957745,311.6523076923077,3687.704994025972,VIP
14403.0,2011-04-06 14:23:00,2011-08-01 12:57:00,4,519,25.95,6.2535,1475.81,73.7905,70.25737619825522,129,116,29.0,1.0344827586206897,368.9525,1671.6320309704183,VIP
14404.0,2010-12-05 16:00:00,2011-11-06 12:30:00,6,839,8.145631067961165,3.066116504854369,1474.32,14.31378640776699,13.499601455010705,33,335,55.833333333333336,0.5373134328358209,245.72,1593.6434778126372,High Value
14406.0,2011-08-12 16:54:00,2011-08-12 16:54:00,1,77,9.625,3.795,156.75,19.59375,5.416669871793924,118,0,0.0,0.0,156.75,178.9778068134071,Low Value
14407.0,2011-03-08 11:59:00,2011-08-24 14:02:00,6,1415,19.383561643835616,3.5512328767123287,2157.73,29.557945205479452,37.112451151081366,106,169,28.166666666666668,1.0650887573964496,359.62166666666667,2518.6058732579368,VIP
14408.0,2011-03-20 14:41:00,2011-11-29 11:41:00,7,1616,15.102803738317757,1.8925233644859814,2606.53,24.360093457943925,24.43257064825045,10,253,36.142857142857146,0.8300395256916996,372.3614285714286,2383.5151131746034,VIP
14409.0,2010-12-06 15:03:00,2011-09-29 18:18:00,6,1230,22.77777777777778,2.8044444444444445,2059.4500000000003,38.137962962962966,56.31505363207523,70,297,49.5,0.6060606060606061,343.24166666666673,1956.3115903571431,VIP
14410.0,2011-02-07 09:36:00,2011-09-08 15:08:00,9,571,2.9585492227979273,2.3759067357512955,1105.07,5.725751295336787,6.501243757632625,91,213,23.666666666666668,1.267605633802817,122.78555555555555,1118.6635020634922,High Value
14411.0,2011-02-02 10:56:00,2011-02-02 10:56:00,1,196,14.0,8.175,1063.0,75.92857142857143,17.539161832943947,310,0,0.0,0.0,1063.0,997.5598271428577,High Value
14412.0,2011-09-28 08:48:00,2011-10-28 10:45:00,2,786,18.27906976744186,2.304418604651163,770.03,17.90767441860465,13.115831189681986,42,30,15.0,2.0,385.015,952.6236469597068,High Value
14413.0,2010-12-12 13:37:00,2010-12-12 13:37:00,1,68,2.9565217391304346,2.8065217391304347,122.7,5.334782608695653,3.2037419450687485,361,0,0.0,0.0,122.7,145.10568974230648,Low Value
14414.0,2010-12-16 11:11:00,2011-09-09 12:09:00,7,2512,25.896907216494846,0.9145360824742267,1496.98,15.432783505154639,10.016457784386242,91,267,38.142857142857146,0.7865168539325842,213.8542857142857,1688.8793744841264,VIP
14415.0,2010-12-14 13:31:00,2011-12-08 14:38:00,13,3011,5.103389830508474,2.9509661016949154,5900.28,10.000474576271186,6.721622442785621,0,359,27.615384615384617,1.0863509749303621,453.86769230769227,5896.472596944442,VIP
14416.0,2011-10-28 15:10:00,2011-11-17 15:22:00,2,326,23.285714285714285,1.6685714285714286,490.22,35.01571428571429,55.1735628880195,21,20,10.0,3.0,245.11,450.59120286749487,Medium Value
14418.0,2011-08-23 17:18:00,2011-12-06 11:39:00,3,1711,13.798387096774194,2.1406451612903226,1937.25,15.622983870967742,13.102901557880605,3,104,34.666666666666664,0.8653846153846153,645.75,1974.416863079143,VIP
14419.0,2010-12-10 10:56:00,2011-11-29 11:22:00,6,487,2.3640776699029127,2.5041747572815534,1058.06,5.13621359223301,4.226271058107234,10,354,59.0,0.5084745762711864,176.34333333333333,981.3926561825399,High Value
14420.0,2011-09-01 18:07:00,2011-09-01 18:07:00,1,334,11.517241379310345,1.5313793103448274,387.52,13.362758620689654,5.031224571578491,98,0,0.0,0.0,387.52,373.2731388132452,Medium Value
14421.0,2011-05-12 10:49:00,2011-10-13 13:24:00,2,365,13.518518518518519,2.6351851851851853,813.11,30.115185185185187,27.51156992561638,56,154,77.0,0.3896103896103896,406.555,722.7549267281242,High Value
14422.0,2011-03-17 17:26:00,2011-12-09 11:26:00,6,2906,13.09009009009009,2.810225225225225,4263.64,19.205585585585588,10.187287498574628,0,266,44.333333333333336,0.6766917293233082,710.6066666666667,4646.424799729438,VIP
14423.0,2011-05-05 15:12:00,2011-05-05 15:12:00,1,120,40.0,1.9833333333333332,265.2,88.39999999999999,71.64244551939862,217,0,0.0,0.0,265.2,236.94365816738818,Low Value
14424.0,2011-11-22 11:48:00,2011-11-22 11:48:00,1,48,48.0,6.71,322.08,322.08,0.0,17,0,0.0,0.0,322.08,456.78026208874456,Medium Value
14426.0,2011-01-31 09:51:00,2011-11-16 12:25:00,10,2699,12.049107142857142,3.2663392857142854,4481.67,20.007455357142856,21.68184490370899,23,289,28.9,1.0380622837370244,448.16700000000003,4937.590253885281,VIP
14427.0,2011-10-07 09:10:00,2011-10-20 14:23:00,2,228,13.411764705882353,1.9870588235294118,363.34000000000003,21.37294117647059,11.519910896305733,49,13,6.5,4.615384615384615,181.67000000000002,349.70268203801913,Medium Value
14428.0,2011-01-18 16:39:00,2011-12-02 13:17:00,5,436,3.0277777777777777,4.181319444444444,1244.83,8.644652777777777,9.458571272024345,6,317,63.4,0.47318611987381703,248.96599999999998,1167.14289927755,High Value
14431.0,2011-02-10 10:40:00,2011-02-10 10:40:00,1,130,7.647058823529412,4.69,470.36,27.668235294117647,15.026040827216478,302,0,0.0,0.0,470.36,446.3237621715507,Medium Value
14432.0,2011-09-11 14:09:00,2011-11-30 08:04:00,6,2070,5.4188481675392675,1.4508115183246075,2255.51,5.904476439790576,8.106852104084616,9,79,13.166666666666666,2.278481012658228,375.91833333333335,2200.182923971307,VIP
14434.0,2011-09-28 15:31:00,2011-11-18 08:56:00,6,368,30.666666666666668,4.451666666666667,1372.8,114.39999999999999,39.367360730802,21,50,8.333333333333334,3.5999999999999996,228.79999999999998,1293.6866451190479,High Value
14436.0,2011-09-02 10:13:00,2011-09-02 10:13:00,1,129,14.333333333333334,2.1177777777777775,89.06,9.895555555555555,5.216452604766746,98,0,0.0,0.0,89.06,128.83475270300337,Low Value
14437.0,2010-12-09 09:27:00,2010-12-09 09:27:00,1,60,12.0,1.05,63.0,12.6,3.394112549695428,365,0,0.0,0.0,63.0,62.34365047619047,Low Value
14438.0,2011-02-06 14:56:00,2011-02-06 14:56:00,1,82,9.11111111111111,1.5944444444444443,131.9,14.655555555555557,5.776484898082725,305,0,0.0,0.0,131.9,130.7215558764469,Low Value
14439.0,2011-01-24 11:39:00,2011-01-24 11:39:00,1,526,16.4375,6.4809375,2661.24,83.16375,39.45914487816644,319,0,0.0,0.0,1786.2049999999992,2072.7792108549784,VIP
14440.0,2010-12-09 12:49:00,2011-12-01 15:42:00,5,588,10.690909090909091,4.7023636363636365,2357.68,42.86690909090909,30.62119919711441,7,357,71.4,0.42016806722689076,471.53599999999994,1954.0672231132755,VIP
14441.0,2011-03-29 12:01:00,2011-12-09 09:07:00,4,446,8.745098039215685,5.544117647058823,1712.89,33.58607843137255,19.07503877620503,0,254,63.5,0.47244094488188976,428.2225,1358.0532169047624,High Value
14442.0,2011-01-27 09:33:00,2011-05-19 11:36:00,2,482,7.650793650793651,6.323492063492063,1589.82,25.235238095238095,15.093471549320196,204,112,56.0,0.5357142857142857,794.91,1442.1568132832087,High Value
14443.0,2010-12-06 11:03:00,2011-10-17 10:10:00,4,938,10.086021505376344,2.5386021505376344,1420.2,15.270967741935484,4.65552128135207,53,314,78.5,0.38216560509554137,355.05,1474.3725089185618,High Value
14446.0,2011-04-07 12:10:00,2011-12-09 11:34:00,4,933,3.1843003412969284,1.8383276450511945,1039.58,3.548054607508532,3.539578563609898,0,245,61.25,0.489795918367347,259.895,1194.9538517712851,High Value
14447.0,2011-03-04 10:49:00,2011-11-21 08:28:00,5,571,8.157142857142857,2.576571428571429,1163.23,16.617571428571427,5.832573806217025,18,261,52.2,0.574712643678161,232.64600000000002,1151.7072601587306,High Value
14448.0,2010-12-10 17:26:00,2011-11-30 13:50:00,2,104,5.2,2.7175000000000002,375.35,18.767500000000002,52.144493767445454,8,354,177.0,0.1694915254237288,187.675,300.6558365649219,Low Value
14449.0,2010-12-02 14:09:00,2011-11-21 12:06:00,4,757,2.934108527131783,1.6575968992248062,907.1,3.5158914728682173,3.6859003857328654,18,353,88.25,0.3399433427762039,226.775,839.1616366883115,High Value
14450.0,2011-01-23 11:53:00,2011-06-12 10:46:00,3,241,6.025,2.7905,483.25,12.08125,7.538409744392975,180,139,46.333333333333336,0.6474820143884892,161.08333333333334,474.0290508308356,Medium Value
14451.0,2011-05-29 12:35:00,2011-10-10 13:38:00,2,389,3.5688073394495414,1.9695412844036697,662.59,6.078807339449542,4.02150071600572,59,134,67.0,0.44776119402985076,331.295,601.2312049160213,Medium Value
14452.0,2011-09-07 11:32:00,2011-11-29 12:06:00,2,119,1.9193548387096775,3.127741935483871,264.44,4.26516129032258,2.9271351976569586,10,83,41.5,0.7228915662650602,132.22,271.7645614415828,Low Value
14453.0,2011-06-02 14:15:00,2011-06-02 14:15:00,1,49,2.227272727272727,3.777272727272727,119.93,5.451363636363637,3.5758679205587818,189,0,0.0,0.0,119.93,133.8586657386977,Low Value
14456.0,2011-07-20 13:06:00,2011-12-04 13:59:00,9,2908,2.997938144329897,1.7757628865979382,3062.4,3.1571134020618556,3.5265248065296357,4,137,15.222222222222221,1.9708029197080292,340.26666666666665,3607.1256129076464,VIP
14457.0,2011-02-02 09:39:00,2011-02-02 09:39:00,1,88,22.0,1.2550000000000001,113.64,28.41,16.84091446448203,310,0,0.0,0.0,113.64,109.10116916666668,Low Value
14459.0,2011-07-07 13:35:00,2011-07-07 13:35:00,1,760,20.54054054054054,3.4364864864864866,1837.92,49.67351351351351,30.058232022397995,154,0,0.0,0.0,1786.2049999999992,1635.7938362415362,High Value
14460.0,2011-02-02 11:55:00,2011-08-21 14:19:00,3,881,55.0625,0.6643749999999999,434.34,27.14625,9.192735447079938,109,200,66.66666666666667,0.44999999999999996,144.78,527.5805301984127,Medium Value
14461.0,2011-03-23 12:15:00,2011-07-14 17:11:00,3,766,4.2555555555555555,3.721833333333333,2103.06,11.683666666666666,11.20494363660261,147,113,37.666666666666664,0.7964601769911505,701.02,1864.1738321428568,VIP
14462.0,2011-01-04 12:45:00,2011-10-04 15:55:00,11,964,4.016666666666667,2.8845416666666663,2004.02,8.350083333333334,7.523873745860847,65,273,24.818181818181817,1.208791208791209,182.18363636363637,2028.9253132797755,VIP
14463.0,2011-05-18 14:42:00,2011-09-02 15:20:00,3,179,29.833333333333332,5.976666666666667,529.62,88.27,71.34512597227648,97,107,35.666666666666664,0.8411214953271028,176.54,739.0328412698411,High Value
14465.0,2011-02-10 12:13:00,2011-04-07 12:38:00,3,405,3.1153846153846154,2.8282307692307693,1058.6200000000001,8.14323076923077,23.461274515343742,246,56,18.666666666666668,1.6071428571428572,352.8733333333334,901.4032776518808,High Value
14466.0,2010-12-02 13:36:00,2011-11-10 14:07:00,7,1006,13.972222222222221,3.7937499999999997,2272.4,31.561111111111114,26.0534191508959,28,343,49.0,0.6122448979591837,324.62857142857143,2228.1112924603167,VIP
14467.0,2011-01-31 12:35:00,2011-11-22 12:48:00,4,278,3.088888888888889,2.7585555555555556,598.76,6.652888888888889,4.396537515175671,17,295,73.75,0.4067796610169491,149.69,572.8765611129152,Medium Value
14470.0,2011-02-25 11:56:00,2011-11-28 10:31:00,2,193,4.488372093023256,4.8388372093023255,461.19,10.725348837209303,8.632349001296067,11,275,137.5,0.2181818181818182,230.595,497.06363123981413,Medium Value
14472.0,2010-12-19 14:03:00,2011-08-28 11:01:00,8,1160,4.128113879003559,2.7660142348754446,1936.84,6.892669039145908,6.205814295084384,103,251,31.375,0.9561752988047808,242.105,2022.1663873396058,VIP
14473.0,2011-03-02 13:56:00,2011-09-26 15:10:00,2,88,12.571428571428571,4.107142857142857,234.34,33.47714285714286,24.936640855232625,73,208,104.0,0.28846153846153844,117.17,275.5806983706109,Low Value
14474.0,2011-10-24 13:26:00,2011-10-24 13:26:00,1,140,4.827586206896552,6.527931034482759,547.66,18.884827586206896,6.2736675424744615,45,0,0.0,0.0,547.66,476.8183589799599,Medium Value
14475.0,2011-02-08 10:12:00,2011-09-29 10:46:00,3,447,10.642857142857142,3.125238095238095,925.85,22.04404761904762,17.267815693565453,71,233,77.66666666666667,0.38626609442060084,308.6166666666667,852.4443452539682,High Value
14476.0,2011-03-27 15:39:00,2011-03-27 15:39:00,1,132,6.947368421052632,3.2710526315789474,215.7,11.352631578947367,6.4956069275107104,256,0,0.0,0.0,215.7,250.15901801396924,Low Value
14477.0,2011-02-15 15:44:00,2011-11-20 11:11:00,4,720,72.0,1.8920000000000001,1309.6,130.95999999999998,60.764009815752694,19,277,69.25,0.43321299638989175,327.4,1249.7484847474739,High Value
14479.0,2010-12-09 12:59:00,2011-03-31 09:07:00,2,117,6.5,4.016666666666667,316.25,17.569444444444443,4.0873599594247265,253,111,55.5,0.5405405405405405,158.125,325.356606248575,Medium Value
14480.0,2011-11-28 16:35:00,2011-11-28 16:35:00,1,143,11.0,3.0015384615384617,279.05,21.465384615384615,9.964736671035364,10,0,0.0,0.0,279.05,284.72354572765374,Low Value
14481.0,2011-02-25 13:53:00,2011-06-28 10:38:00,2,489,16.3,1.994,636.51,21.217,10.253460694170363,164,122,61.0,0.49180327868852464,318.255,654.3020964927443,Medium Value
14482.0,2011-04-14 16:41:00,2011-11-21 13:14:00,6,1646,11.430555555555555,2.442361111111111,2068.15,14.362152777777778,28.96332434082111,17,220,36.666666666666664,0.8181818181818182,344.69166666666666,2244.2570681240977,VIP
14483.0,2011-03-03 10:26:00,2011-03-03 10:26:00,1,97,10.777777777777779,1.8522222222222224,137.1,15.233333333333333,8.714893860512587,281,0,0.0,0.0,137.1,143.5375311439342,Low Value
14484.0,2011-10-20 14:11:00,2011-10-20 14:11:00,1,210,15.0,2.0957142857142856,321.92,22.994285714285716,7.351660947113835,49,0,0.0,0.0,321.92,326.62982560824787,Medium Value
14485.0,2011-11-01 12:25:00,2011-11-01 12:25:00,1,71,1.5106382978723405,2.682978723404255,165.75,3.526595744680851,2.299631611892714,38,0,0.0,0.0,165.75,161.51378900694758,Low Value
14487.0,2010-12-06 13:22:00,2011-11-13 12:17:00,6,735,5.104166666666667,2.496111111111111,1196.33,8.307847222222222,7.720178732957121,26,341,56.833333333333336,0.5278592375366569,199.38833333333332,1297.8878077461432,High Value
14488.0,2011-10-03 09:30:00,2011-10-03 09:30:00,1,799,17.369565217391305,2.131304347826087,1064.28,23.136521739130433,26.555669092797935,67,0,0.0,0.0,1064.28,991.3005845632148,High Value
14489.0,2011-05-16 14:51:00,2011-05-16 14:51:00,1,299,9.966666666666667,1.7770000000000001,463.38,15.446,5.275028746448882,206,0,0.0,0.0,463.38,410.4022131338894,Medium Value
14491.0,2010-12-02 12:10:00,2011-06-17 15:22:00,2,139,8.176470588235293,4.54235294117647,340.93,20.05470588235294,10.913203080241303,174,197,98.5,0.30456852791878175,170.465,351.27085729375705,Medium Value
14493.0,2011-07-07 16:59:00,2011-12-02 16:14:00,5,1285,10.708333333333334,3.024583333333333,2383.2400000000002,19.860333333333337,10.523202210444536,6,147,29.4,1.0204081632653061,476.648,2331.6393858450047,VIP
14494.0,2011-11-14 09:21:00,2011-11-14 09:21:00,1,92,13.142857142857142,1.6614285714285713,139.56,19.937142857142856,7.5203495359495856,25,0,0.0,0.0,139.56,141.65815625828387,Low Value
14495.0,2011-08-10 14:13:00,2011-10-20 12:28:00,2,62,10.333333333333334,2.0083333333333333,123.80000000000001,20.633333333333336,0.40824829046386274,50,70,35.0,0.8571428571428571,61.900000000000006,123.2973716927955,Low Value
14496.0,2010-12-01 15:35:00,2011-02-01 09:01:00,2,159,8.368421052631579,5.65421052631579,538.8100000000001,28.35842105263158,30.67427772637993,311,61,30.5,0.9836065573770493,269.40500000000003,499.639265515873,Medium Value
14497.0,2011-02-03 17:01:00,2011-02-03 17:01:00,1,235,8.10344827586207,4.478620689655172,475.37,16.392068965517243,4.917798853806698,308,0,0.0,0.0,475.37,490.28857902362125,Medium Value
14498.0,2010-12-13 11:29:00,2011-10-28 12:09:00,5,1098,5.689119170984456,2.807720207253886,1957.32,10.141554404145078,15.683627897574492,42,319,63.8,0.4702194357366771,391.464,1878.153177481685,VIP
14499.0,2011-03-06 11:55:00,2011-11-13 13:01:00,3,501,2.582474226804124,1.9600515463917525,815.32,4.2026804123711345,3.8547419194039696,25,252,84.0,0.35714285714285715,271.77333333333337,795.4322628687103,High Value
14500.0,2011-06-03 10:08:00,2011-09-12 16:45:00,3,117,16.714285714285715,6.214285714285714,356.85,50.978571428571435,32.14837809728065,87,101,33.666666666666664,0.8910891089108911,118.95,482.07660654761895,Medium Value
14501.0,2011-01-24 10:43:00,2011-06-09 12:02:00,2,161,16.1,2.175,251.21,25.121000000000002,8.146135348194944,183,136,68.0,0.4411764705882353,125.605,259.41707967320275,Low Value
14502.0,2011-01-30 15:52:00,2011-11-20 11:50:00,11,1498,2.4006410256410255,2.378974358974359,2470.67,3.9594070512820516,5.816503348647693,19,293,26.636363636363637,1.1262798634812285,224.60636363636365,2482.742201573011,VIP
14503.0,2011-06-14 10:00:00,2011-12-06 13:30:00,6,2004,12.21951219512195,2.6662195121951218,3543.26,21.605243902439025,17.270698027861947,2,175,29.166666666666668,1.0285714285714287,590.5433333333334,3157.8839092857147,VIP
14504.0,2011-03-06 14:38:00,2011-10-23 16:00:00,4,308,2.878504672897196,3.4827102803738317,673.26,6.2921495327102805,5.03050450000781,46,231,57.75,0.5194805194805194,168.315,699.7135259786257,High Value
14505.0,2010-12-12 16:14:00,2011-11-22 15:45:00,8,2759,3.453066332916145,2.888247809762203,5905.64,7.391289111389237,7.406473864331573,16,344,43.0,0.6976744186046512,738.205,5559.881315555555,VIP
14506.0,2010-12-05 14:25:00,2011-11-22 13:02:00,5,730,2.310126582278481,3.365221518987342,2012.17,6.367626582278481,6.1126395514142144,16,351,70.2,0.4273504273504274,402.434,1829.1870288347764,VIP
14507.0,2011-03-08 17:23:00,2011-11-16 12:21:00,6,600,6.25,3.1722916666666667,1383.18,14.408125,24.731047536180952,23,252,42.0,0.7142857142857143,230.53,1173.2841440506716,High Value
14508.0,2011-09-11 11:29:00,2011-11-17 19:48:00,2,131,2.2982456140350878,3.432280701754386,276.42,4.849473684210526,4.267049591702106,21,67,33.5,0.8955223880597015,138.21,282.77685064213864,Low Value
14511.0,2011-07-29 12:13:00,2011-11-28 17:05:00,5,784,11.529411764705882,2.501764705882353,1314.81,19.33544117647059,9.580941503890196,10,122,24.4,1.2295081967213115,262.962,1275.0012262225273,High Value
14512.0,2011-04-21 19:05:00,2011-06-05 12:39:00,2,122,5.304347826086956,4.611739130434782,275.28,11.968695652173912,8.01628303366899,187,44,22.0,1.3636363636363638,137.64,385.38264821583385,Medium Value
14513.0,2011-02-24 09:36:00,2011-08-31 11:25:00,3,361,30.083333333333332,2.4391666666666665,455.59000000000003,37.965833333333336,50.68080692087997,100,188,62.666666666666664,0.4787234042553192,151.86333333333334,549.4083246614578,Medium Value
14514.0,2011-01-12 15:22:00,2011-10-09 16:05:00,3,589,8.068493150684931,3.2264383561643837,1055.35,14.456849315068492,12.44651333112927,60,270,90.0,0.3333333333333333,351.7833333333333,1100.2800178585708,High Value
14515.0,2011-05-05 12:13:00,2011-11-22 11:37:00,6,1134,11.227722772277227,2.7978217821782176,2102.09,20.812772277227726,16.102734371454552,17,200,33.333333333333336,0.8999999999999999,350.34833333333336,1915.3986255243874,VIP
14517.0,2011-07-21 11:42:00,2011-11-06 14:20:00,2,91,5.055555555555555,5.333333333333333,330.45,18.358333333333334,5.983537464429825,32,108,54.0,0.5555555555555556,165.225,331.91856596681095,Medium Value
14518.0,2011-10-06 14:43:00,2011-10-06 14:43:00,1,278,17.375,2.699375,174.37,10.898125,9.999577470240096,63,0,0.0,0.0,174.37,222.13340999764364,Low Value
14520.0,2011-02-22 09:15:00,2011-12-08 09:46:00,2,146,36.5,3.2075,270.6,67.65,68.3269346597665,1,289,144.5,0.20761245674740486,135.3,325.23496952380935,Medium Value
14522.0,2011-05-25 16:01:00,2011-11-15 13:24:00,4,525,30.88235294117647,2.531764705882353,974.54,57.32588235294117,41.82325580027569,23,173,43.25,0.6936416184971098,243.635,984.4671662734489,High Value
14523.0,2011-08-23 13:13:00,2011-08-23 13:13:00,1,251,20.916666666666668,2.72,241.09,20.090833333333332,12.787029975958477,107,0,0.0,0.0,241.09,297.0376806890331,Low Value
14524.0,2010-12-14 11:01:00,2011-11-08 12:29:00,9,676,3.3300492610837438,4.042660098522167,1867.68,9.20039408866995,11.65789142672004,31,329,36.55555555555556,0.8206686930091185,207.52,1820.5148248599435,VIP
14525.0,2010-12-13 17:40:00,2011-11-20 11:37:00,9,2696,9.264604810996564,3.239209621993127,4332.2,14.887285223367696,24.714518388111426,19,341,37.888888888888886,0.7917888563049853,481.35555555555555,4678.936663997115,VIP
14527.0,2010-12-05 13:17:00,2011-12-07 12:19:00,30,2089,2.14917695473251,5.357716049382716,8508.82,8.753930041152262,7.616640651687188,2,366,6.654545454545454,4.508196721311475,154.7058181818182,6943.764963015871,VIP
14528.0,2011-11-02 17:09:00,2011-11-02 17:09:00,1,278,15.444444444444445,1.973888888888889,364.21999999999997,20.234444444444442,13.119363875460275,36,0,0.0,0.0,364.21999999999997,368.1478352961471,Medium Value
14529.0,2011-08-21 14:10:00,2011-10-10 15:27:00,3,348,1.519650655021834,1.9686026200873363,620.04,2.707598253275109,2.742899908503245,59,50,16.666666666666668,1.7999999999999998,206.67999999999998,553.8311562351424,Medium Value
14530.0,2011-02-16 10:47:00,2011-11-14 10:38:00,6,1410,6.527777777777778,4.156435185185185,2925.91,13.54587962962963,11.607812011217668,25,270,45.0,0.6666666666666666,487.65166666666664,3032.776776987013,VIP
14532.0,2010-12-22 13:48:00,2011-04-17 13:05:00,4,284,4.4375,5.6234375000000005,932.85,14.57578125,10.329636482284883,235,115,28.75,1.0434782608695652,233.2125,937.3535436904763,High Value
14533.0,2010-12-22 11:07:00,2011-11-15 12:05:00,7,4019,64.8225806451613,1.4325806451612904,1949.72,31.44709677419355,24.64877773627164,24,328,46.857142857142854,0.6402439024390244,278.5314285714286,2699.6518762878786,VIP
14534.0,2011-01-25 12:33:00,2011-12-07 12:19:00,18,2047,3.9441233140655108,3.3136030828516376,4447.05,8.56849710982659,11.86951235753544,2,315,17.5,1.7142857142857142,247.05833333333334,4486.6716576190465,VIP
14535.0,2011-04-05 12:50:00,2011-10-10 15:39:00,3,1831,5.548484848484849,2.5123333333333333,2864.19,8.679363636363636,7.661311355836861,59,188,62.666666666666664,0.4787234042553192,954.73,2788.4010196176037,VIP
14536.0,2011-03-25 12:21:00,2011-03-25 12:21:00,1,40,2.1052631578947367,4.8315789473684205,171.8,9.042105263157895,10.958422219638175,259,0,0.0,0.0,171.8,150.65160495006293,Low Value
14537.0,2011-10-13 10:54:00,2011-10-13 10:54:00,1,120,12.0,2.963,355.56,35.556,13.194671651844917,57,0,0.0,0.0,355.56,276.113178675781,Low Value
14538.0,2011-03-28 14:57:00,2011-10-06 10:31:00,2,155,8.157894736842104,3.318947368421053,388.25,20.43421052631579,10.526246200062372,64,191,95.5,0.31413612565445026,194.125,378.1865629710499,Medium Value
14539.0,2011-10-26 12:03:00,2011-11-24 09:50:00,2,428,13.375,2.0790625,537.48,16.79625,8.079544361953475,15,28,14.0,2.142857142857143,268.74,564.8849323771503,Medium Value
14540.0,2011-02-03 15:02:00,2011-11-30 10:15:00,3,421,5.5394736842105265,3.8622368421052626,996.26,13.108684210526315,9.17512933127452,9,299,99.66666666666667,0.3010033444816054,332.08666666666664,912.6326302417024,High Value
14541.0,2011-01-24 14:16:00,2011-10-12 10:08:00,8,647,5.828828828828829,2.464054054054054,1461.65,13.168018018018019,16.176553842455267,58,260,32.5,0.9230769230769231,182.70625,1353.2700420177048,High Value
14542.0,2011-06-07 08:19:00,2011-06-07 08:19:00,1,19,3.8,5.41,103.25,20.65,9.486174149782409,185,0,0.0,0.0,103.25,110.9104817638915,Low Value
14543.0,2010-12-10 11:51:00,2011-11-11 12:45:00,16,679,9.430555555555555,6.137222222222222,3630.33,50.42125,60.888631607048566,28,336,21.0,1.4285714285714286,226.895625,3092.444355714284,VIP
14544.0,2010-12-13 12:50:00,2011-11-15 15:06:00,2,1543,13.535087719298245,2.4168421052631577,2024.45,17.758333333333333,17.04518544208781,23,337,168.5,0.17804154302670624,1012.225,2280.902809209957,VIP
14546.0,2011-04-05 12:37:00,2011-12-04 13:00:00,5,1317,3.300751879699248,2.679122807017544,2578.09,6.4613784461152886,5.284646848770283,4,243,48.6,0.617283950617284,515.618,2290.63921172097,VIP
14547.0,2011-10-16 14:35:00,2011-12-06 11:06:00,8,2668,7.2896174863387975,2.8737704918032785,4007.54,10.949562841530055,9.17688629112019,3,50,6.25,4.8,500.9425,4617.89227702381,VIP
14548.0,2011-01-26 08:38:00,2011-07-12 12:19:00,2,256,64.0,2.55,652.8,163.2,94.22356393174694,150,167,83.5,0.3592814371257485,326.4,578.4301206990233,Medium Value
14549.0,2011-02-01 13:47:00,2011-02-01 13:47:00,1,136,2.4285714285714284,3.2125,289.24,5.165,3.532728536003143,310,0,0.0,0.0,289.24,270.77569773389206,Low Value
14550.0,2011-10-26 12:14:00,2011-11-29 12:12:00,2,394,8.208333333333334,2.184375,765.62,15.950416666666667,18.72544917034584,10,33,16.5,1.8181818181818181,382.81,642.274654960848,Medium Value
14551.0,2011-05-19 18:21:00,2011-11-21 13:36:00,2,106,10.6,4.702,186.23,18.622999999999998,7.003764146673003,17,185,92.5,0.3243243243243243,93.115,208.46025273458565,Low Value
14552.0,2011-07-11 12:49:00,2011-07-11 12:49:00,1,91,1.5689655172413792,1.8751724137931036,165.07,2.8460344827586206,2.3587611524333436,151,0,0.0,0.0,165.07,166.17728316451627,Low Value
14553.0,2011-01-04 15:40:00,2011-11-20 13:20:00,5,493,4.3628318584070795,3.723628318584071,859.27,7.604159292035398,16.465753134789434,18,319,63.8,0.4702194357366771,171.85399999999998,949.4978741260348,High Value
14554.0,2011-10-18 13:04:00,2011-11-29 16:44:00,4,1478,6.842592592592593,2.756851851851852,2381.04,11.023333333333333,10.657547473013427,9,42,10.5,2.857142857142857,595.26,2442.9981298015873,VIP
14555.0,2011-02-10 17:19:00,2011-10-13 16:24:00,2,130,6.190476190476191,3.0109523809523813,324.14,15.435238095238095,13.12060883459591,56,244,122.0,0.24590163934426232,162.07,300.79606338637996,Low Value
14557.0,2011-09-15 15:48:00,2011-09-15 15:48:00,1,510,31.875,1.59,788.38,49.27375,32.494676256273124,84,0,0.0,0.0,788.38,707.9160209956711,High Value
14560.0,2010-12-17 09:22:00,2011-12-02 15:22:00,22,1260,17.027027027027028,4.907027027027027,2237.77,30.240135135135134,27.496120846863548,6,350,15.909090909090908,1.885714285714286,101.71681818181818,2592.0217764206354,VIP
14561.0,2011-06-08 13:26:00,2011-09-25 12:39:00,3,1014,14.695652173913043,1.9856521739130433,1080.76,15.6631884057971,6.4672415459747015,75,108,36.0,0.8333333333333333,360.25333333333333,1150.8270285317458,High Value
14562.0,2011-02-08 14:45:00,2011-12-06 11:05:00,18,1834,4.335697399527187,3.4981560283687942,5074.77,11.997092198581562,12.68326153011292,3,300,16.666666666666668,1.8,281.9316666666667,4625.797842395382,VIP
14565.0,2010-12-13 13:25:00,2011-09-05 09:07:00,4,1540,12.125984251968504,3.911732283464567,3099.12,24.40251968503937,13.183908660524537,95,265,66.25,0.45283018867924524,774.78,3134.7464178019495,VIP
14566.0,2011-08-21 11:05:00,2011-08-21 11:05:00,1,800,200.0,1.79,1432.0,358.0,0.0,110,0,0.0,0.0,1432.0,1027.4414029761904,High Value
14567.0,2011-08-01 13:48:00,2011-10-14 10:21:00,2,412,12.484848484848484,3.7118181818181815,1530.3600000000001,46.374545454545455,29.454700504642414,56,73,36.5,0.8219178082191781,765.1800000000001,1332.514748015873,High Value
14569.0,2011-12-08 14:58:00,2011-12-08 14:58:00,1,79,6.583333333333333,3.92,227.39,18.949166666666667,35.731357620782376,0,0,0.0,0.0,227.39,214.1917723854418,Low Value
14570.0,2011-03-04 10:39:00,2011-03-04 10:58:00,2,95,3.2758620689655173,3.372068965517242,218.06,7.519310344827586,13.601658494209575,280,0,0.0,0.0,109.03,222.59551193352638,Low Value
14572.0,2011-01-19 17:23:00,2011-12-06 14:40:00,7,1428,5.288888888888889,2.987888888888889,2832.84,10.492,11.77142209511085,2,320,45.714285714285715,0.65625,404.6914285714286,2674.1992613313587,VIP
14573.0,2010-12-02 19:59:00,2011-06-13 11:15:00,9,544,2.3148936170212764,4.4331489361702126,1653.42,7.035829787234043,6.867852932505742,179,192,21.333333333333332,1.40625,183.71333333333334,1718.4099573340543,VIP
14576.0,2010-12-02 17:51:00,2010-12-02 17:51:00,1,12,12.0,2.95,35.400000000000006,35.400000000000006,0.0,368,0,0.0,0.0,35.400000000000006,34.432977467532474,Low Value
14577.0,2010-12-12 11:26:00,2011-11-27 12:47:00,4,353,2.869918699186992,2.643333333333333,859.71,6.989512195121952,3.963327351421049,12,350,87.5,0.34285714285714286,214.9275,744.6415987409808,High Value
14578.0,2011-12-06 17:18:00,2011-12-06 17:18:00,1,240,10.0,2.45125,168.63,7.02625,6.038416012066625,2,0,0.0,0.0,168.63,241.8673899278499,Low Value
14581.0,2011-11-23 12:39:00,2011-11-23 12:39:00,1,217,12.764705882352942,1.5829411764705883,138.6,8.152941176470588,7.662081770564937,16,0,0.0,0.0,138.6,198.32004356837604,Low Value
14582.0,2011-10-30 11:56:00,2011-10-30 11:56:00,1,73,12.166666666666666,3.39,114.11,19.018333333333334,12.203352681401398,40,0,0.0,0.0,114.11,130.14768388516376,Low Value
14583.0,2011-05-18 11:28:00,2011-12-04 12:32:00,5,792,2.4,1.9964545454545455,1052.55,3.1895454545454545,3.404678004680734,5,200,40.0,0.75,210.51,1105.1503794505495,High Value
14584.0,2011-05-25 17:31:00,2011-06-23 18:33:00,4,383,3.83,3.5141000000000004,1042.26,10.4226,7.760240236310505,168,29,7.25,4.137931034482759,260.565,985.0002182403523,High Value
14585.0,2011-10-20 14:33:00,2011-10-20 14:33:00,1,91,3.1379310344827585,1.9896551724137932,157.05,5.415517241379311,6.78026210313378,49,0,0.0,0.0,157.05,157.97730603651434,Low Value
14586.0,2011-03-08 10:04:00,2011-03-08 10:04:00,1,444,23.36842105263158,0.6984210526315789,237.35999999999999,12.492631578947368,3.031011642826099,276,0,0.0,0.0,237.35999999999999,232.90180563492075,Low Value
14587.0,2011-01-12 13:16:00,2011-11-21 11:34:00,9,761,1.9869451697127938,2.3890339425587466,1601.14,4.180522193211488,4.246804864726085,18,312,34.666666666666664,0.8653846153846153,177.90444444444447,1467.8586979495503,High Value
14589.0,2010-12-03 11:42:00,2010-12-03 11:42:00,1,5,1.6666666666666667,7.95,39.75,13.25,4.589934640057525,368,0,0.0,0.0,39.75,46.088529559884556,Low Value
14591.0,2011-05-10 14:09:00,2011-11-24 13:57:00,4,1297,6.583756345177665,2.8107106598984775,1447.14,7.345888324873097,7.9312615029566,14,197,49.25,0.6091370558375635,361.785,1816.123948373206,VIP
14592.0,2011-10-06 18:08:00,2011-11-04 16:35:00,3,415,2.5304878048780486,2.0446341463414632,570.46,3.4784146341463416,2.9851100706292653,34,28,9.333333333333334,3.2142857142857144,190.15333333333334,633.784748481242,Medium Value
14593.0,2011-05-25 11:14:00,2011-11-18 12:48:00,3,332,2.1842105263157894,2.0631578947368423,617.99,4.065723684210527,6.861037185505727,21,177,59.0,0.5084745762711864,205.99666666666667,546.2721905008879,Medium Value
14594.0,2010-12-01 13:54:00,2011-12-02 13:28:00,2,185,3.490566037735849,3.3492452830188677,379.83,7.166603773584906,4.222276520203574,6,365,182.5,0.16438356164383564,189.915,394.0423073362193,Medium Value
14595.0,2011-01-30 13:36:00,2011-11-20 12:12:00,6,978,9.588235294117647,2.9027450980392153,1740.6000000000001,17.064705882352943,8.96636848306071,19,293,48.833333333333336,0.614334470989761,290.1,1694.9601607751933,VIP
14597.0,2011-06-01 12:33:00,2011-11-28 13:13:00,2,577,10.49090909090909,1.4760000000000002,883.15,16.05727272727273,24.496255454928846,10,180,90.0,0.3333333333333333,441.575,762.4179654365081,High Value
14598.0,2011-10-26 13:19:00,2011-10-26 13:19:00,1,189,3.78,1.5216,221.97,4.4394,2.832099106129369,43,0,0.0,0.0,221.97,219.25481662629988,Low Value
14600.0,2011-02-07 09:48:00,2011-02-07 09:48:00,1,125,5.0,5.3628,393.33000000000004,15.733200000000002,4.079952736654351,305,0,0.0,0.0,393.33000000000004,391.5384748104069,Medium Value
14601.0,2011-11-29 09:48:00,2011-11-29 09:48:00,1,168,24.0,1.4342857142857142,213.96,30.565714285714286,28.141787941981022,10,0,0.0,0.0,213.96,215.77501079004324,Low Value
14603.0,2011-03-10 10:27:00,2011-03-10 10:27:00,1,400,200.0,1.65,660.0,330.0,254.55844122715712,274,0,0.0,0.0,660.0,630.5383555555557,Medium Value
14606.0,2010-12-01 16:57:00,2011-12-08 19:28:00,30,6224,2.3051851851851852,2.8132407407407407,12156.65,4.502462962962963,7.216006776991919,0,372,4.0,7.5,130.71666666666667,11528.518154841555,VIP
14607.0,2011-03-23 15:22:00,2011-11-24 10:35:00,12,10226,124.70731707317073,1.972439024390244,12187.9,148.63292682926829,107.51979783802787,15,245,20.416666666666668,1.469387755102041,1015.6583333333333,11978.834223119753,VIP
14608.0,2010-12-12 14:49:00,2011-12-05 16:52:00,4,437,21.85,4.225,1785.15,89.25750000000001,62.30153388962426,3,358,89.5,0.33519553072625696,446.2875,1518.7745961688308,High Value
14609.0,2011-02-16 12:10:00,2011-09-28 12:54:00,4,7026,1756.5,0.1225,601.56,150.39,31.315689358530815,71,224,56.0,0.5357142857142857,150.39,3902.3089071320346,VIP
14616.0,2011-01-26 12:42:00,2011-04-11 09:54:00,3,104,34.666666666666664,3.44,406.08000000000004,135.36,115.49661813230723,242,74,24.666666666666668,1.2162162162162162,135.36,349.99606753968254,Medium Value
14618.0,2011-01-06 11:59:00,2011-11-30 13:45:00,3,264,16.5,4.274375,553.44,34.59,19.125668615763477,8,328,109.33333333333333,0.27439024390243905,184.48000000000002,596.2351977777777,Medium Value
14619.0,2011-04-08 07:37:00,2011-04-08 07:37:00,1,152,7.6,4.706,394.44,19.722,5.582653208117559,245,0,0.0,0.0,394.44,394.81130964612186,Medium Value
14620.0,2011-03-01 08:30:00,2011-05-18 11:58:00,2,214,8.23076923076923,3.4223076923076925,412.78000000000003,15.876153846153848,7.107283068471709,205,78,39.0,0.7692307692307692,206.39000000000001,415.7837425504381,Medium Value
14621.0,2010-12-16 13:00:00,2011-12-08 16:22:00,5,993,10.793478260869565,3.0166304347826083,1788.3600000000001,19.438695652173916,9.166982225091623,0,357,71.4,0.42016806722689076,357.672,1776.0532002807836,VIP
14622.0,2011-06-08 12:42:00,2011-06-08 12:42:00,1,146,6.9523809523809526,3.212380952380953,320.58000000000004,15.265714285714287,5.071507242850563,184,0,0.0,0.0,320.58000000000004,320.2045752356287,Medium Value
14623.0,2011-04-18 13:54:00,2011-11-07 13:56:00,5,419,3.126865671641791,3.0276119402985073,889.25,6.6361940298507465,7.333678086598759,31,203,40.6,0.7389162561576355,177.85,892.6773174983292,High Value
14624.0,2011-10-11 14:39:00,2011-10-13 13:44:00,2,162,12.461538461538462,2.0707692307692307,225.85,17.373076923076923,3.536159368145485,56,1,0.5,60.0,112.925,217.8900412189457,Low Value
14625.0,2010-12-13 15:36:00,2011-05-27 15:32:00,2,335,6.320754716981132,4.738490566037736,899.63,16.974150943396225,4.776759616970107,195,164,82.0,0.36585365853658536,449.815,862.9054395634925,High Value
14626.0,2011-04-20 13:18:00,2011-11-16 10:37:00,4,1403,11.5,3.4078688524590164,2791.27,22.87926229508197,18.952535632186795,23,209,52.25,0.5741626794258373,697.8175,2732.4355732629856,VIP
14628.0,2011-04-11 14:43:00,2011-09-09 14:58:00,2,272,11.333333333333334,4.545416666666667,671.96,27.998333333333335,18.32367764175196,90,151,75.5,0.3973509933774835,335.98,692.6367898380568,High Value
14629.0,2011-10-23 16:13:00,2011-12-05 16:55:00,2,380,2.5,3.738815789473684,959.01,6.309276315789473,5.775991311606453,3,43,21.5,1.3953488372093024,479.505,970.7443999995184,High Value
14631.0,2011-02-14 09:31:00,2011-10-20 11:17:00,3,622,15.170731707317072,2.38390243902439,1006.98,24.56048780487805,23.850768745600167,50,248,82.66666666666667,0.36290322580645157,335.66,992.8882709199137,High Value
14632.0,2011-03-22 08:49:00,2011-03-22 08:49:00,1,96,12.0,2.54,114.56,14.32,5.252210419024955,262,0,0.0,0.0,114.56,134.99695279345838,Low Value
14633.0,2011-03-18 17:07:00,2011-03-18 17:07:00,1,96,4.8,5.4025,344.90000000000003,17.245,3.7524342976119844,265,0,0.0,0.0,344.90000000000003,335.83598410799715,Medium Value
14636.0,2011-03-16 09:52:00,2011-11-03 16:12:00,2,241,8.607142857142858,3.038214285714286,609.85,21.780357142857145,8.422267875342198,35,232,116.0,0.25862068965517243,304.925,571.8792050559165,Medium Value
14638.0,2011-10-20 10:10:00,2011-10-20 10:10:00,1,166,10.375,4.159375,443.6,27.725,15.240436126743006,50,0,0.0,0.0,443.6,426.2000686428572,Medium Value
14639.0,2010-12-13 13:50:00,2011-10-18 15:06:00,6,1431,8.319767441860465,4.691860465116279,2984.4900000000002,17.35168604651163,5.8050632321213325,51,309,51.5,0.5825242718446602,497.415,3009.1126320461744,VIP
14640.0,2011-04-26 12:31:00,2011-11-15 13:07:00,6,886,8.358490566037736,3.9412264150943392,2125.08,20.047924528301888,10.144008667280842,23,203,33.833333333333336,0.8866995073891626,354.18,2170.9681769300155,VIP
14641.0,2011-11-18 10:42:00,2011-11-18 10:42:00,1,90,12.857142857142858,1.2900000000000003,110.46000000000001,15.780000000000001,11.0416846540734,21,0,0.0,0.0,110.46000000000001,105.31524005952382,Low Value
14642.0,2011-10-12 11:08:00,2011-10-12 11:08:00,1,76,38.0,3.005,96.12,48.06,39.965675272663674,58,0,0.0,0.0,96.12,157.6802097971998,Low Value
14643.0,2010-12-16 17:53:00,2011-06-22 14:41:00,2,815,26.29032258064516,1.586774193548387,693.8100000000001,22.380967741935486,18.345579368490693,169,187,93.5,0.32085561497326204,346.90500000000003,757.2020626984125,High Value
14644.0,2011-02-14 14:14:00,2011-10-03 08:30:00,2,258,9.923076923076923,4.341538461538462,830.76,31.95230769230769,34.89233684437799,67,230,115.0,0.2608695652173913,415.38,755.0616563095235,High Value
14645.0,2011-03-09 09:52:00,2011-07-06 09:15:00,2,381,12.7,3.622,597.09,19.903000000000002,18.312261418947198,156,118,59.0,0.5084745762711864,298.545,643.051815474803,Medium Value
14646.0,2010-12-20 10:09:00,2011-12-08 12:12:00,30,188387,91.09622823984526,2.4956092843326885,16525.23879999992,128.62178916827853,108.99489906525375,1,353,5.115942028985507,5.864022662889518,1786.2049999999992,16525.23879999993,VIP
14647.0,2011-05-22 13:40:00,2011-05-22 13:40:00,1,95,3.1666666666666665,2.372,243.22,8.107333333333333,17.3908826555822,200,0,0.0,0.0,243.22,195.27100552160837,Low Value
14649.0,2011-05-11 14:37:00,2011-12-05 12:30:00,4,1018,5.115577889447236,2.547989949748744,1417.29,7.122060301507537,11.287948533606784,4,207,51.75,0.5797101449275363,354.3225,1489.266393745916,High Value
14651.0,2011-05-12 16:29:00,2011-10-03 15:52:00,2,344,3.372549019607843,2.8968627450980393,654.6,6.41764705882353,5.893118184255693,66,143,71.5,0.4195804195804196,327.3,655.3469465829726,Medium Value
14652.0,2011-09-23 14:21:00,2011-09-23 14:21:00,1,53,1.8275862068965518,2.986206896551724,114.18,3.937241379310345,4.269149209780499,76,0,0.0,0.0,114.18,132.17091533758665,Low Value
14653.0,2011-01-05 13:40:00,2011-12-08 13:45:00,7,950,4.008438818565401,3.3198312236286918,1947.55,8.217510548523206,9.176416399058711,0,337,48.142857142857146,0.6231454005934719,278.2214285714286,1961.4581931529583,VIP
14655.0,2011-05-01 14:59:00,2011-12-01 16:28:00,4,1089,22.224489795918366,2.686938775510204,1932.23,39.43326530612245,32.217858362234125,7,214,53.5,0.5607476635514018,483.0575,1879.0718663167388,VIP
14656.0,2011-03-01 13:19:00,2011-06-23 13:51:00,2,120,1.5,2.7685,291.05,3.638125,3.0696328456286137,168,114,57.0,0.5263157894736842,145.525,257.5290842411476,Low Value
14657.0,2011-01-17 15:19:00,2011-11-22 12:47:00,4,466,3.6984126984126986,2.7334920634920636,848.22,6.7319047619047625,5.326147232555363,17,308,77.0,0.3896103896103896,212.055,850.7492095908538,High Value
14658.0,2011-08-14 15:42:00,2011-12-04 15:35:00,2,47,1.6206896551724137,5.588275862068966,247.15,8.522413793103448,9.766963870683231,4,111,55.5,0.5405405405405405,123.575,226.69309146558342,Low Value
14659.0,2011-01-28 12:43:00,2011-12-01 12:17:00,9,1195,4.723320158102767,2.9375098814229252,2529.93,9.999723320158102,6.022338666862119,8,306,34.0,0.8823529411764707,281.1033333333333,2340.3221599199924,VIP
14660.0,2011-08-31 10:40:00,2011-09-14 11:34:00,2,228,7.6,2.3586666666666667,285.74,9.524666666666667,15.71532586765024,86,14,7.0,4.285714285714286,142.87,317.7751126807404,Medium Value
14661.0,2011-11-13 11:51:00,2011-11-13 11:51:00,1,35,8.75,3.95,107.95,26.9875,29.2521900889489,26,0,0.0,0.0,107.95,110.91537282384328,Low Value
14662.0,2011-01-27 17:41:00,2011-11-11 12:13:00,4,602,3.5833333333333335,2.380238095238095,771.17,4.590297619047619,5.041060318271283,28,287,71.75,0.4181184668989547,192.7925,888.2674961990789,High Value
14664.0,2011-11-06 14:56:00,2011-11-20 10:59:00,2,466,4.707070707070707,1.9827272727272727,637.89,6.443333333333333,5.612444263620343,19,13,6.5,4.615384615384615,318.945,596.8509854508033,Medium Value
14665.0,2011-02-02 09:08:00,2011-10-10 09:14:00,5,740,8.222222222222221,4.328333333333333,1835.7,20.39666666666667,11.014709266463601,60,250,50.0,0.6,367.14,1848.6618486760462,VIP
14666.0,2011-11-15 12:57:00,2011-11-15 12:57:00,1,161,11.5,1.857142857142857,195.25,13.946428571428571,8.870943586219568,23,0,0.0,0.0,195.25,190.62784486921194,Low Value
14667.0,2010-12-06 13:13:00,2011-11-29 11:30:00,25,5385,9.397905759162304,3.113298429319372,9241.2,16.127748691099477,16.54020117434435,10,357,14.28,2.100840336134454,369.648,10122.839738452376,VIP
14669.0,2011-01-11 12:30:00,2011-04-12 11:43:00,3,775,4.5588235294117645,2.706,1269.99,7.470529411764706,5.398948863481739,241,90,30.0,1.0,423.33,1344.2419656714173,High Value
14670.0,2011-03-04 13:58:00,2011-03-04 14:13:00,2,337,2.553030303030303,1.6325,411.53,3.1176515151515147,2.77767486373471,279,0,0.0,0.0,205.765,384.3892746608948,Medium Value
14672.0,2011-01-07 15:48:00,2011-04-19 10:19:00,2,454,7.442622950819672,2.921639344262295,765.5500000000001,12.55,10.02585025488279,234,101,50.5,0.594059405940594,382.77500000000003,761.9778370860663,High Value
14673.0,2010-12-07 12:49:00,2011-12-06 14:31:00,5,1004,13.567567567567568,2.395,1736.4,23.464864864864865,18.76398862607763,2,364,72.8,0.4120879120879121,347.28000000000003,1678.2921820202016,VIP
14675.0,2011-11-23 12:58:00,2011-11-23 12:58:00,1,341,3.343137254901961,2.230098039215686,604.75,5.928921568627451,8.199807883147036,15,0,0.0,0.0,604.75,533.7221764623532,Medium Value
14676.0,2011-03-01 14:26:00,2011-11-08 13:29:00,6,2500,59.523809523809526,1.7133333333333336,2548.2400000000002,60.672380952380955,38.25919228359113,30,251,41.833333333333336,0.7171314741035856,424.7066666666667,2862.7066903968253,VIP
14680.0,2010-12-03 12:05:00,2011-11-14 16:59:00,16,13476,52.23255813953488,2.4156976744186047,16525.23879999992,111.45003875968993,107.75340823195155,24,346,21.625,1.3872832369942196,1786.2049999999992,16458.14980399994,VIP
14681.0,2011-05-12 10:45:00,2011-09-29 15:52:00,3,76,10.857142857142858,7.207142857142857,498.95,71.27857142857142,120.00906860574766,70,140,46.666666666666664,0.6428571428571428,166.31666666666666,486.3326488431015,Medium Value
14682.0,2011-05-22 12:51:00,2011-06-05 12:12:00,2,80,40.0,0.65,52.0,26.0,7.353910524340097,187,13,6.5,4.615384615384615,26.0,64.82859944444441,Low Value
14684.0,2010-12-12 12:44:00,2011-11-14 11:33:00,5,853,2.026128266033254,1.6946555819477436,1236.28,2.9365320665083137,4.161266329930368,25,336,67.2,0.44642857142857145,247.256,1149.3492374819623,High Value
14687.0,2011-08-25 11:59:00,2011-08-25 11:59:00,1,470,31.333333333333332,2.27,628.38,41.892,34.52452031320845,106,0,0.0,0.0,628.38,621.768009285714,Medium Value
14688.0,2010-12-01 09:37:00,2011-12-02 12:26:00,21,3621,11.073394495412844,2.131039755351682,5630.87,17.219785932721713,22.26686337487303,7,366,17.428571428571427,1.7213114754098362,268.13666666666666,5262.720273134921,VIP
14689.0,2011-05-15 11:22:00,2011-05-15 11:22:00,1,76,5.846153846153846,2.180769230769231,112.80000000000001,8.676923076923078,6.937477188689686,208,0,0.0,0.0,112.80000000000001,120.14691978344969,Low Value
14690.0,2011-07-11 11:58:00,2011-10-26 15:39:00,2,170,3.4,2.8594,371.7,7.434,5.725363191402743,43,107,53.5,0.5607476635514018,185.85,353.20714385252586,Medium Value
14691.0,2011-05-11 09:55:00,2011-11-09 12:30:00,5,707,9.95774647887324,3.6664788732394364,2114.33,29.779295774647885,24.478897753192804,30,182,36.4,0.8241758241758242,422.866,1908.6695479761902,VIP
14692.0,2011-01-21 13:47:00,2011-07-25 15:08:00,4,265,3.8970588235294117,2.932352941176471,591.55,8.699264705882353,4.688796528333136,136,185,46.25,0.6486486486486486,147.8875,586.216105034751,Medium Value
14693.0,2011-03-20 12:50:00,2011-03-20 12:50:00,1,34,4.25,3.475,172.9,21.6125,42.94261744301508,264,0,0.0,0.0,172.9,143.76157542471117,Low Value
14696.0,2010-12-01 15:37:00,2011-12-05 13:43:00,7,1630,12.538461538461538,2.4591538461538462,2078.95,15.991923076923076,7.648137139164235,3,368,52.57142857142857,0.5706521739130435,296.99285714285713,2203.530983499278,VIP
14697.0,2011-05-05 15:29:00,2011-05-05 15:39:00,2,181,8.227272727272727,3.2372727272727273,188.61,8.57318181818182,7.998398879277943,217,0,0.0,0.0,94.305,301.6501259847418,Low Value
14698.0,2011-10-19 12:54:00,2011-12-08 12:26:00,5,615,2.9285714285714284,2.8727142857142858,1250.76,5.9559999999999995,4.2498480918531385,1,49,9.8,3.061224489795918,250.152,1235.367243207071,High Value
14699.0,2011-05-09 14:54:00,2011-05-09 14:54:00,1,77,9.625,2.21125,109.13000000000001,13.641250000000001,5.5072846238932875,213,0,0.0,0.0,109.13000000000001,115.76073562613357,Low Value
14700.0,2011-04-15 13:16:00,2011-11-07 14:40:00,3,1342,11.669565217391304,2.36695652173913,2235.3,19.437391304347827,13.907742705777208,31,206,68.66666666666667,0.4368932038834952,745.1,2065.9403787518036,VIP
14701.0,2011-01-27 12:40:00,2011-11-29 12:38:00,9,932,2.782089552238806,3.124985074626866,2549.37,7.610059701492537,19.131202262179585,10,305,33.888888888888886,0.8852459016393444,283.2633333333333,2244.873022940115,VIP
14702.0,2010-12-09 19:23:00,2011-12-08 19:29:00,17,1454,4.1902017291066285,3.795850144092219,3292.14,9.487435158501441,7.530783264824851,0,364,21.41176470588235,1.4010989010989012,193.65529411764706,3280.1693243650793,VIP
14703.0,2011-11-25 09:23:00,2011-11-25 09:23:00,1,183,8.318181818181818,2.0513636363636363,318.17,14.462272727272728,3.7765390200151474,14,0,0.0,0.0,318.17,252.45491290843893,Low Value
14704.0,2011-06-12 13:59:00,2011-11-28 12:51:00,9,1082,2.6072289156626507,2.2325542168674697,1546.91,3.7274939759036148,3.3544563314422486,10,168,18.666666666666668,1.6071428571428572,171.8788888888889,1741.734130714286,VIP
14705.0,2011-05-25 12:39:00,2011-05-25 12:39:00,1,100,100.0,1.79,179.0,179.0,0.0,198,0,0.0,0.0,179.0,171.8171900899102,Low Value
14708.0,2010-12-06 12:23:00,2011-12-07 08:21:00,3,621,22.178571428571427,3.0003571428571427,1126.3700000000001,40.227500000000006,42.73587985348906,2,365,121.66666666666667,0.24657534246575344,375.4566666666667,1125.074697301587,High Value
14709.0,2010-12-16 13:43:00,2011-11-24 15:41:00,13,2484,12.673469387755102,2.75515306122449,4921.04,25.10734693877551,11.619920124269399,14,343,26.384615384615383,1.1370262390670554,378.54153846153844,4622.4081513492065,VIP
14710.0,2011-10-11 13:49:00,2011-11-25 14:53:00,4,378,2.7194244604316546,2.0762589928057555,606.13,4.360647482014389,4.15533273727138,13,45,11.25,2.6666666666666665,151.5325,611.3397947430273,Medium Value
14711.0,2011-03-22 13:32:00,2011-11-29 14:58:00,11,978,2.7394957983193278,4.756078431372549,2868.8,8.035854341736695,17.45514545885997,9,252,22.90909090909091,1.3095238095238095,260.8,2761.9629899206343,VIP
14712.0,2011-08-19 13:33:00,2011-11-10 12:59:00,3,315,12.6,3.3080000000000003,917.07,36.6828,37.46162709137623,28,82,27.333333333333332,1.0975609756097562,305.69,674.6067997835495,Medium Value
14713.0,2010-12-09 18:58:00,2011-11-30 16:26:00,11,1615,4.76401179941003,2.4739823008849555,2666.36,7.865368731563422,9.445450836548071,8,355,32.27272727272727,0.9295774647887324,242.39636363636365,2682.251329913418,VIP
14714.0,2011-11-15 13:07:00,2011-11-15 13:07:00,1,229,22.9,3.287,160.19,16.019,23.531146003164025,23,0,0.0,0.0,160.19,229.1221680988456,Low Value
14715.0,2011-01-12 13:27:00,2011-11-15 12:10:00,4,521,7.338028169014085,3.3422535211267608,867.38,12.21661971830986,11.827279235933698,24,306,76.5,0.3921568627450981,216.845,1191.5926047929606,High Value
14716.0,2011-07-14 12:42:00,2011-10-27 17:29:00,2,604,10.981818181818182,1.3956363636363638,329.68,5.9941818181818185,7.609197088832722,42,105,52.5,0.5714285714285714,164.84,543.6454986147186,Medium Value
14719.0,2011-04-04 14:17:00,2011-12-08 12:43:00,5,1032,4.3544303797468356,2.360253164556962,1602.13,6.7600421940928275,5.719799428886181,1,247,49.4,0.6072874493927126,320.42600000000004,1627.1430220653988,High Value
14720.0,2011-08-05 12:06:00,2011-12-04 12:02:00,3,219,5.918918918918919,5.744594594594595,663.81,17.94081081081081,8.472495820915784,5,120,40.0,0.75,221.26999999999998,682.1884217704518,High Value
14722.0,2011-07-15 14:58:00,2011-07-15 14:58:00,1,120,4.137931034482759,3.029310344827586,187.92,6.4799999999999995,6.062756327423551,146,0,0.0,0.0,187.92,256.9868971088294,Low Value
14723.0,2010-12-03 14:18:00,2011-11-29 15:23:00,6,695,2.5,2.247482014388489,1158.3,4.1665467625899275,4.670096855376728,9,361,60.166666666666664,0.4986149584487535,193.04999999999998,1099.5932285714289,High Value
14725.0,2011-11-15 12:42:00,2011-11-15 12:42:00,1,593,11.403846153846153,4.396153846153846,718.08,13.80923076923077,12.179212738354376,24,0,0.0,0.0,718.08,833.7713556168829,High Value
14727.0,2011-03-10 14:45:00,2011-03-10 14:45:00,1,62,6.2,7.0840000000000005,268.58,26.857999999999997,16.629400871147865,273,0,0.0,0.0,268.58,221.28936219554205,Low Value
14729.0,2010-12-01 12:43:00,2010-12-01 12:43:00,1,197,2.7746478873239435,2.159154929577465,313.49,4.415352112676056,3.7788920640034602,368,0,0.0,0.0,313.49,309.9668963637508,Low Value
14730.0,2011-03-08 12:49:00,2011-12-08 14:39:00,8,1132,2.259481037924152,2.525788423153693,2005.06,4.0021157684630735,4.191148233428505,0,275,34.375,0.8727272727272728,250.6325,1917.1253851587303,VIP
14731.0,2011-05-11 13:06:00,2011-10-23 15:54:00,3,256,5.688888888888889,2.102222222222222,380.02,8.444888888888888,6.564212070081991,46,165,55.0,0.5454545454545454,126.67333333333333,383.69638210139567,Medium Value
14732.0,2011-01-04 14:40:00,2011-12-01 14:34:00,8,1405,9.5578231292517,3.386326530612245,2702.4900000000002,18.384285714285717,12.39268210933427,7,330,41.25,0.7272727272727273,337.81125000000003,2708.745327038429,VIP
14733.0,2010-12-07 11:30:00,2011-11-23 15:39:00,12,3764,18.633663366336634,3.932920792079208,9585.91,47.455,33.70933545423535,15,351,29.25,1.0256410256410258,798.8258333333333,8396.255236349205,VIP
14735.0,2010-12-16 16:05:00,2011-12-06 12:09:00,30,2264,11.670103092783505,3.750824742268041,6065.6900000000005,31.266443298969076,18.376548871434743,3,354,11.0625,2.711864406779661,189.55281250000002,5803.4765720634905,VIP
14737.0,2010-12-21 13:49:00,2011-12-06 10:16:00,3,345,20.294117647058822,3.614117647058823,1164.55,68.50294117647059,43.408331827643686,3,349,116.33333333333333,0.25787965616045844,388.18333333333334,1105.2830400505047,High Value
14738.0,2011-01-27 14:10:00,2011-10-28 08:56:00,7,601,11.12962962962963,3.318703703703704,1314.45,24.34166666666667,14.261781855648799,42,273,39.0,0.7692307692307693,187.77857142857144,1260.6598324199986,High Value
14739.0,2010-12-07 14:58:00,2011-12-05 16:54:00,7,3820,63.666666666666664,2.065166666666667,3902.28,65.038,41.491729002214655,3,363,51.857142857142854,0.578512396694215,557.4685714285714,4695.1361863095235,VIP
14740.0,2011-03-01 08:35:00,2011-05-26 18:17:00,3,735,8.258426966292134,2.8922471910112364,1448.21,16.272022471910113,6.93486812153812,196,86,28.666666666666668,1.0465116279069768,482.7366666666667,1417.2841872488787,High Value
14741.0,2010-12-02 08:43:00,2011-11-28 08:48:00,6,841,14.254237288135593,2.6030508474576273,1400.3400000000001,23.734576271186445,16.43983988952509,11,361,60.166666666666664,0.4986149584487535,233.39000000000001,1508.7886630880228,High Value
14744.0,2010-12-08 10:21:00,2011-11-23 12:51:00,7,627,24.115384615384617,3.009230769230769,1099.98,42.30692307692308,49.47329588933656,15,350,50.0,0.6,157.14000000000001,1214.8827544588742,High Value
14745.0,2011-02-27 15:25:00,2011-08-19 10:05:00,5,1038,15.043478260869565,1.6594202898550725,1220.26,17.684927536231886,9.358374453992658,112,172,34.4,0.872093023255814,244.052,1186.312611251249,High Value
14747.0,2011-04-04 14:09:00,2011-04-04 14:09:00,1,84,4.666666666666667,5.800000000000001,328.2,18.233333333333334,5.605197168175053,248,0,0.0,0.0,328.2,336.33783282372593,Medium Value
14748.0,2010-12-06 10:19:00,2011-11-10 18:33:00,5,1223,13.741573033707866,1.8602247191011236,1415.75,15.907303370786517,6.5812111630633305,28,339,67.8,0.44247787610619466,283.15,1471.8229390512267,High Value
14752.0,2011-10-27 11:55:00,2011-10-27 11:55:00,1,260,52.0,2.504,389.64000000000004,77.92800000000001,74.02276622769512,43,0,0.0,0.0,389.64000000000004,428.76017899267396,Medium Value
14753.0,2011-09-13 14:50:00,2011-09-13 14:50:00,1,211,7.033333333333333,3.5983333333333336,563.15,18.771666666666665,4.309846051601582,86,0,0.0,0.0,563.15,527.2637671261922,Medium Value
14754.0,2011-02-17 12:21:00,2011-10-26 12:01:00,2,486,11.853658536585366,2.238048780487805,638.05,15.562195121951218,5.988766781314464,44,250,125.0,0.24,319.025,650.2886219359227,Medium Value
14755.0,2011-01-09 14:02:00,2011-11-30 11:24:00,11,2219,9.442553191489361,3.9911489361702124,5010.28,21.320340425531914,10.102249976340415,9,324,29.454545454545453,1.0185185185185184,455.47999999999996,4451.933351507936,VIP
14756.0,2011-11-24 18:13:00,2011-11-24 18:13:00,1,416,10.947368421052632,3.4794736842105265,738.96,19.446315789473687,8.531471601158007,14,0,0.0,0.0,738.96,761.7163885317456,High Value
14757.0,2011-09-25 14:36:00,2011-09-25 14:36:00,1,160,8.421052631578947,3.9242105263157896,420.5,22.13157894736842,8.996419820719977,74,0,0.0,0.0,420.5,408.31632386178876,Medium Value
14758.0,2011-03-25 12:10:00,2011-07-18 08:21:00,4,419,5.901408450704225,6.657605633802817,1484.06,20.90225352112676,8.586779572140138,144,114,28.5,1.0526315789473684,371.015,1415.8954514682537,High Value
14759.0,2011-04-21 10:55:00,2011-12-05 12:03:00,3,569,5.578431372549019,5.394117647058824,1625.97,15.940882352941177,4.748204476262407,4,228,76.0,0.39473684210526316,541.99,1591.6852643657162,High Value
14760.0,2011-02-15 16:27:00,2011-02-15 16:27:00,1,40,8.0,2.87,89.2,17.84,4.9439862459355615,296,0,0.0,0.0,89.2,95.19638651798627,Low Value
14761.0,2011-01-09 12:03:00,2011-10-12 12:10:00,2,118,10.727272727272727,2.272727272727273,255.9,23.263636363636365,14.770461924210272,58,276,138.0,0.2173913043478261,127.95,249.32418539454272,Low Value
14762.0,2011-03-21 08:20:00,2011-03-21 08:20:00,1,341,16.238095238095237,1.3342857142857143,300.52,14.310476190476189,7.53714168381521,263,0,0.0,0.0,300.52,329.8596086291486,Medium Value
14764.0,2011-10-24 11:54:00,2011-10-24 11:54:00,1,190,31.666666666666668,1.4916666666666665,278.3,46.38333333333333,26.423808708561808,46,0,0.0,0.0,278.3,271.03663880952377,Low Value
14765.0,2011-06-16 19:49:00,2011-11-10 19:53:00,3,135,3.4615384615384617,2.9766666666666666,254.11,6.515641025641026,7.563278944615362,28,147,49.0,0.6122448979591836,84.70333333333333,270.22897679817754,Low Value
14766.0,2010-12-08 15:33:00,2011-12-01 16:05:00,6,1349,9.992592592592592,2.6556296296296296,2473.37,18.321259259259257,10.114626281793248,7,358,59.666666666666664,0.5027932960893855,412.2283333333333,2372.74628235589,VIP
14768.0,2011-08-04 13:25:00,2011-11-22 12:54:00,2,52,10.4,3.91,192.60000000000002,38.52,17.95318913173924,16,109,54.5,0.5504587155963303,96.30000000000001,179.17685770128236,Low Value
14769.0,2010-12-17 11:40:00,2011-12-07 10:24:00,8,7436,6.822018348623853,2.711669724770642,10674.75,9.79334862385321,9.492211222912617,2,354,44.25,0.6779661016949152,1334.34375,10437.57587289206,VIP
14770.0,2011-01-20 15:00:00,2011-04-21 14:21:00,2,490,9.423076923076923,3.4444230769230773,876.4200000000001,16.85423076923077,7.653350502001439,231,90,45.0,0.6666666666666666,438.21000000000004,922.5475899570606,High Value
14772.0,2011-08-19 15:04:00,2011-08-19 15:04:00,1,82,9.11111111111111,3.508888888888889,139.26,15.473333333333333,4.28952503198198,111,0,0.0,0.0,139.26,165.68947071880905,Low Value
14775.0,2010-12-02 16:38:00,2011-10-12 15:27:00,3,1174,19.566666666666666,1.0518333333333334,1011.9,16.865,9.209601934753215,57,313,104.33333333333333,0.28753993610223644,337.3,996.1875224350651,High Value
14776.0,2011-01-31 13:17:00,2011-10-19 15:34:00,11,3134,26.786324786324787,0.9858119658119658,2538.2999999999997,21.694871794871794,15.659302876509201,50,261,23.727272727272727,1.264367816091954,230.75454545454542,2230.4863249891773,VIP
14778.0,2011-02-04 11:43:00,2011-08-04 15:23:00,2,306,8.742857142857142,3.1414285714285715,730.86,20.881714285714285,12.360369422833106,126,181,90.5,0.3314917127071823,365.43,710.1945875571076,High Value
14779.0,2011-01-20 12:04:00,2011-03-04 12:42:00,3,84,2.048780487804878,6.824390243902439,386.15,9.418292682926829,9.344956902639796,280,43,14.333333333333334,2.0930232558139537,128.71666666666667,371.87514157647917,Medium Value
14780.0,2011-09-21 15:15:00,2011-10-16 12:46:00,2,310,11.481481481481481,2.7666666666666666,447.68,16.58074074074074,5.786745415786192,54,24,12.0,2.5,223.84,474.06527810317465,Medium Value
14782.0,2011-01-24 11:12:00,2011-01-24 11:12:00,1,114,19.0,2.516666666666667,200.10000000000002,33.35,28.758981205877234,319,0,0.0,0.0,200.10000000000002,213.34479902081404,Low Value
14784.0,2011-01-20 09:25:00,2011-11-13 13:30:00,2,237,15.8,3.860666666666667,289.99,19.332666666666668,11.723176353255285,25,297,148.5,0.20202020202020202,144.995,352.15983603535363,Medium Value
14785.0,2011-11-24 13:40:00,2011-11-29 13:21:00,2,84,28.0,0.9433333333333334,77.4,25.8,14.677820001621495,9,4,2.0,15.0,38.7,77.16927785714284,Low Value
14788.0,2011-11-13 15:52:00,2011-12-02 17:06:00,2,421,14.033333333333333,2.5886666666666667,679.44,22.648000000000003,16.943640735665706,6,19,9.5,3.1578947368421053,339.72,673.166852687911,Medium Value
14789.0,2011-11-11 08:59:00,2011-11-11 08:59:00,1,116,19.333333333333332,2.0566666666666666,197.64,32.94,13.975492835674887,28,0,0.0,0.0,197.64,219.15598322298607,Low Value
14790.0,2011-03-31 11:49:00,2011-11-23 09:28:00,4,699,15.195652173913043,1.4782608695652173,745.06,16.19695652173913,12.351297164367477,16,236,59.0,0.5084745762711864,186.265,736.3749743867245,High Value
14792.0,2011-10-07 09:19:00,2011-10-07 09:19:00,1,2,1.0,3.1,6.2,3.1,1.6263455967290594,63,0,0.0,0.0,6.2,12.954305833333335,Low Value
14793.0,2011-11-18 14:50:00,2011-11-18 14:50:00,1,91,6.5,3.257857142857143,228.99,16.356428571428573,3.96522888493087,20,0,0.0,0.0,228.99,217.05748975479457,Low Value
14794.0,2011-01-09 16:11:00,2011-12-07 10:11:00,7,673,8.4125,3.903,1319.91,16.498875,8.960204280242214,2,331,47.285714285714285,0.6344410876132931,188.55857142857144,1366.7262329371445,High Value
14795.0,2011-06-26 13:04:00,2011-06-26 13:04:00,1,17,2.8333333333333335,7.333333333333333,131.45000000000002,21.908333333333335,9.216746533710618,165,0,0.0,0.0,131.45000000000002,131.33708781876442,Low Value
14796.0,2010-12-08 10:40:00,2011-12-08 15:31:00,17,6025,5.28045574057844,1.9610692375109553,8022.49,7.031104294478528,8.74821421419016,0,365,21.470588235294116,1.3972602739726028,471.9111764705882,7618.65436174603,VIP
14798.0,2011-02-02 15:26:00,2011-10-18 10:58:00,3,150,12.5,1.46,173.74,14.478333333333333,6.974621310454242,52,257,85.66666666666667,0.3501945525291829,57.913333333333334,184.62169885667024,Low Value
14799.0,2011-10-19 16:16:00,2011-10-19 16:16:00,1,146,11.23076923076923,4.889230769230769,157.7,12.13076923076923,8.540407349319333,50,0,0.0,0.0,157.7,208.86309472222217,Low Value
14800.0,2010-12-05 11:10:00,2011-10-23 12:46:00,12,3655,9.493506493506494,2.1975324675324672,4339.74,11.272051948051947,10.974555951409956,47,322,26.833333333333332,1.1180124223602486,361.645,4824.53711579365,VIP
14801.0,2011-10-09 15:24:00,2011-10-09 15:24:00,1,175,2.9661016949152543,2.4633898305084747,193.14,3.273559322033898,2.047275534167185,60,0,0.0,0.0,193.14,231.23953551840182,Low Value
14803.0,2011-02-20 13:21:00,2011-06-30 13:58:00,3,370,8.409090909090908,2.886590909090909,845.5500000000001,19.217045454545456,38.86422301555167,161,130,43.333333333333336,0.6923076923076924,281.85,770.7727509158576,High Value
14804.0,2011-12-01 11:20:00,2011-12-01 11:20:00,1,121,10.083333333333334,4.240833333333334,353.27,29.439166666666665,18.155616440466385,8,0,0.0,0.0,353.27,362.1418699271094,Medium Value
14805.0,2011-01-30 10:43:00,2011-11-24 16:20:00,4,115,2.4468085106382977,5.808085106382979,554.65,11.801063829787234,12.501975884538265,14,298,74.5,0.40268456375838924,138.6625,523.6312267976191,Medium Value
14806.0,2011-09-25 15:32:00,2011-09-25 15:32:00,1,330,30.0,1.8445454545454545,193.39000000000001,17.580909090909092,5.197538753189734,74,0,0.0,0.0,193.39000000000001,295.53659244397767,Low Value
14808.0,2011-06-20 12:53:00,2011-10-31 12:21:00,8,2147,9.136170212765958,3.486553191489362,2741.17,11.664553191489363,16.938191134930566,39,132,16.5,1.8181818181818181,342.64625,3223.6453409523824,VIP
14810.0,2010-12-05 12:08:00,2011-10-30 11:19:00,11,1016,3.984313725490196,2.328078431372549,2087.88,8.187764705882353,5.414440456430356,40,328,29.818181818181817,1.0060975609756098,189.80727272727273,1916.9915309523806,VIP
14813.0,2010-12-05 11:54:00,2010-12-05 11:57:00,2,67,2.2333333333333334,2.8263333333333334,155.43,5.181,4.712529410865875,368,0,0.0,0.0,77.715,159.2249159053604,Low Value
14815.0,2011-10-03 11:36:00,2011-11-03 11:36:00,2,744,14.037735849056604,1.6549056603773586,778.5,14.68867924528302,5.0797425880178695,36,31,15.5,1.9354838709677418,389.25,766.8282965079364,High Value
14816.0,2011-05-26 13:16:00,2011-05-26 13:16:00,1,5,1.25,66.475,271.85,67.9625,65.8660430343284,196,0,0.0,0.0,271.85,249.51264682539684,Low Value
14817.0,2011-03-07 13:51:00,2011-05-23 13:35:00,2,655,10.396825396825397,3.531428571428571,1110.34,17.624444444444443,8.966356792023381,199,76,38.0,0.7894736842105263,555.17,1127.6116441000188,High Value
14818.0,2011-03-31 12:28:00,2011-09-27 11:01:00,3,324,6.75,3.7514583333333333,657.8,13.704166666666666,15.556208288399096,73,179,59.666666666666664,0.5027932960893855,219.26666666666665,696.7043338329792,High Value
14819.0,2011-05-31 13:50:00,2011-10-06 13:41:00,2,109,8.384615384615385,4.13,272.07,20.928461538461537,12.458422081838084,63,127,63.5,0.47244094488188976,136.035,295.8585634661622,Low Value
14820.0,2011-06-19 14:56:00,2011-11-18 15:41:00,4,253,8.724137931034482,3.222758620689655,507.29,17.492758620689656,6.9673405956196435,20,152,38.0,0.7894736842105263,126.8225,549.6512782436387,Medium Value
14821.0,2010-12-08 08:43:00,2010-12-08 08:43:00,1,20,10.0,2.5250000000000004,48.800000000000004,24.400000000000002,1.1313708498984771,366,0,0.0,0.0,48.800000000000004,54.94759666478023,Low Value
14823.0,2011-05-29 12:48:00,2011-06-12 13:12:00,3,88,1.2571428571428571,4.234714285714285,321.43,4.591857142857143,2.953316138035366,179,14,4.666666666666667,6.428571428571429,107.14333333333333,314.0261722496295,Medium Value
14824.0,2011-09-09 14:12:00,2011-11-29 14:20:00,4,525,18.103448275862068,2.3944827586206894,1127.71,38.88655172413793,31.271975618967545,9,81,20.25,1.4814814814814814,281.9275,1000.6054647258301,High Value
14825.0,2010-12-06 12:30:00,2011-12-06 11:38:00,12,991,8.190082644628099,2.743884297520661,2226.9100000000003,18.40421487603306,12.454096297474853,3,364,30.333333333333332,0.989010989010989,185.57583333333335,2172.067935862193,VIP
14828.0,2011-01-07 09:50:00,2011-05-27 10:16:00,3,2172,127.76470588235294,2.853529411764706,2139.76,125.86823529411765,100.74659003133146,196,140,46.666666666666664,0.6428571428571428,713.2533333333334,2861.020633665223,VIP
14829.0,2010-12-02 16:12:00,2011-11-10 16:16:00,4,452,10.761904761904763,2.1797619047619046,697.55,16.60833333333333,8.334271272419471,28,343,85.75,0.3498542274052478,174.3875,715.9413609685992,High Value
14830.0,2011-10-17 14:29:00,2011-10-17 14:29:00,1,169,4.225,1.7247499999999998,197.13,4.92825,4.755697736561742,52,0,0.0,0.0,197.13,211.0216220581837,Low Value
14834.0,2011-04-13 15:00:00,2011-11-22 10:30:00,6,734,10.955223880597014,3.6280597014925373,1720.3,25.676119402985073,18.04858862569221,17,222,37.0,0.8108108108108107,286.71666666666664,1714.5399806277053,VIP
14836.0,2011-11-09 13:26:00,2011-11-29 16:45:00,3,45,7.5,2.7916666666666665,102.45,17.075,7.621663204314396,9,20,6.666666666666667,4.5,34.15,107.01107671569655,Low Value
14837.0,2011-05-22 12:49:00,2011-09-11 10:58:00,4,1436,13.296296296296296,1.757037037037037,1649.5,15.273148148148149,5.389026865519068,89,111,27.75,1.081081081081081,412.375,1602.9671101448557,High Value
14840.0,2011-03-17 12:00:00,2011-03-17 12:00:00,1,31,7.75,3.05,62.85,15.7125,1.4250000000000007,267,0,0.0,0.0,62.85,76.46258659233806,Low Value
14841.0,2010-12-16 10:28:00,2011-10-17 15:03:00,6,1778,12.884057971014492,3.1945652173913044,3295.76,23.88231884057971,10.719362199804209,52,305,50.833333333333336,0.5901639344262295,549.2933333333334,3361.4255121123324,VIP
14842.0,2011-02-04 15:32:00,2011-10-27 12:37:00,4,1166,8.041379310344828,5.326275862068966,2824.69,19.480620689655172,23.919164510117582,43,264,66.0,0.45454545454545453,706.1725,2814.0619337914873,VIP
14844.0,2011-04-12 13:10:00,2011-10-07 10:41:00,4,1833,14.1,3.123153846153846,3189.81,24.537,39.15549628570483,63,177,44.25,0.6779661016949152,797.4525,3112.2182128235663,VIP
14847.0,2011-07-14 10:52:00,2011-07-14 10:52:00,1,120,9.23076923076923,3.753076923076923,309.40000000000003,23.800000000000004,10.545141061171254,148,0,0.0,0.0,309.40000000000003,300.0777722938235,Low Value
14849.0,2010-12-01 12:22:00,2011-11-18 10:58:00,25,5694,14.675257731958762,2.4403092783505156,7930.54,20.439536082474227,14.321429626760393,21,351,14.04,2.1367521367521367,317.2216,8562.061463571426,VIP
14850.0,2011-02-01 11:21:00,2011-02-01 11:21:00,1,293,13.952380952380953,1.4904761904761905,325.75,15.511904761904763,10.452091952832992,311,0,0.0,0.0,325.75,325.4139156324452,Medium Value
14851.0,2011-03-28 14:59:00,2011-11-16 14:20:00,2,325,11.607142857142858,2.317142857142857,511.35,18.2625,11.556166102994538,22,232,116.0,0.25862068965517243,255.675,493.3758030949824,Medium Value
14852.0,2011-04-01 13:22:00,2011-10-12 13:20:00,6,1747,12.216783216783217,3.056643356643357,2836.69,19.83699300699301,7.841136651845095,57,193,32.166666666666664,0.9326424870466321,472.7816666666667,2916.882871666668,VIP
14853.0,2011-05-12 15:17:00,2011-11-15 16:56:00,2,82,9.11111111111111,5.677777777777778,475.8,52.86666666666667,69.37575224817385,23,187,93.5,0.32085561497326204,237.9,450.8704457539681,Medium Value
14854.0,2011-03-10 12:22:00,2011-09-22 17:00:00,7,1832,14.4251968503937,2.952204724409449,2759.83,21.730944881889762,20.34201412797298,77,196,28.0,1.0714285714285714,394.26142857142855,2945.4937532936515,VIP
14855.0,2011-07-28 12:06:00,2011-08-12 14:02:00,2,267,13.35,4.67,645.65,32.2825,18.837737006506803,118,15,7.5,4.0,322.825,632.762511614774,Medium Value
14856.0,2011-10-14 09:35:00,2011-11-03 14:53:00,3,714,10.818181818181818,3.132878787878788,1311.38,19.86939393939394,16.087491832886613,35,20,6.666666666666667,4.5,437.1266666666667,1257.543050643523,High Value
14857.0,2011-07-14 15:03:00,2011-10-11 09:23:00,2,464,7.733333333333333,4.384166666666667,1173.1200000000001,19.552000000000003,6.155835263927242,59,88,44.0,0.6818181818181819,586.5600000000001,1118.0086131335916,High Value
14859.0,2011-05-19 14:42:00,2011-11-27 11:18:00,4,671,11.568965517241379,3.126551724137931,1353.74,23.340344827586208,11.33161715058486,12,191,47.75,0.6282722513089005,338.435,1313.0710432287153,High Value
14860.0,2011-11-20 14:17:00,2011-11-20 14:17:00,1,232,21.09090909090909,0.9027272727272727,170.32,15.483636363636363,10.8619770509123,18,0,0.0,0.0,170.32,169.6544527836052,Low Value
14861.0,2011-10-18 12:54:00,2011-10-18 12:54:00,1,117,19.5,2.735,125.79,20.965,10.381116991923363,51,0,0.0,0.0,125.79,166.55596765873014,Low Value
14862.0,2011-07-14 11:20:00,2011-11-14 10:01:00,2,772,16.083333333333332,2.1545833333333335,841.2,17.525000000000002,6.728608341460065,25,122,61.0,0.49180327868852464,420.6,929.3089385689309,High Value
14863.0,2011-11-10 15:04:00,2011-11-10 15:04:00,1,132,12.0,2.020909090909091,266.76,24.25090909090909,15.359011331817847,28,0,0.0,0.0,266.76,238.3828008990883,Low Value
14865.0,2010-12-02 18:23:00,2011-12-02 16:25:00,2,108,27.0,0.6525,52.2,13.05,4.1861199218369265,6,364,182.0,0.16483516483516483,26.1,93.4551592063492,Low Value
14866.0,2010-12-08 14:58:00,2011-11-29 11:45:00,12,6752,68.20202020202021,3.3226262626262626,14389.9,145.35252525252525,139.50712344729078,10,355,29.583333333333332,1.0140845070422535,1199.1583333333333,13453.976779233333,VIP
14867.0,2011-01-07 16:34:00,2011-06-07 11:39:00,3,328,9.11111111111111,3.7750000000000004,710.28,19.73,7.471002227660912,185,150,50.0,0.6,236.76,690.5566012321317,High Value
14868.0,2011-04-20 13:36:00,2011-12-06 14:49:00,8,1405,9.756944444444445,2.8812499999999996,2953.59,20.511041666666667,9.281838249235173,2,230,28.75,1.0434782608695652,369.19875,2752.8140807738105,VIP
14869.0,2011-08-28 16:09:00,2011-12-01 12:36:00,2,550,7.746478873239437,2.998169014084507,725.7,10.221126760563381,6.000169652195742,8,94,47.0,0.6382978723404256,362.85,854.2907359350135,High Value
14870.0,2011-03-23 10:51:00,2011-03-23 10:51:00,1,119,9.153846153846153,3.0461538461538464,327.25,25.173076923076923,19.66302171785718,261,0,0.0,0.0,327.25,300.90990483263556,Low Value
14871.0,2010-12-14 12:18:00,2011-12-06 13:42:00,4,185,1.8877551020408163,3.14765306122449,522.38,5.330408163265306,4.019367011345373,2,357,89.25,0.3361344537815126,130.595,443.8973554401157,Medium Value
14873.0,2011-05-13 13:52:00,2011-05-13 13:52:00,1,168,6.0,4.994285714285715,519.68,18.56,5.534934841866136,209,0,0.0,0.0,519.68,491.41269527683687,Medium Value
14875.0,2011-03-22 11:53:00,2011-08-24 12:20:00,2,558,11.872340425531915,4.418936170212766,1465.32,31.17702127659574,40.301031862660665,107,155,77.5,0.3870967741935484,732.66,1247.5651830158731,High Value
14878.0,2010-12-16 12:11:00,2011-11-27 11:15:00,9,802,6.467741935483871,2.609596774193548,1485.54,11.980161290322581,15.097239503438383,12,345,38.333333333333336,0.782608695652174,165.06,1508.5244100595157,High Value
14880.0,2011-02-24 12:27:00,2011-09-23 13:42:00,3,373,7.9361702127659575,3.7380851063829788,706.19,15.025319148936171,4.430480811606867,76,211,70.33333333333333,0.4265402843601896,235.39666666666668,763.2485074378014,High Value
14881.0,2011-11-20 11:06:00,2011-11-20 11:06:00,1,316,18.58823529411765,1.3729411764705883,255.4,15.023529411764706,6.84336260654847,19,0,0.0,0.0,255.4,286.9740266095163,Low Value
14882.0,2011-11-06 10:15:00,2011-11-13 12:47:00,2,158,14.363636363636363,3.95,589.7,53.60909090909092,27.023303075140706,26,7,3.5,8.571428571428571,294.85,531.9554697222225,Medium Value
14883.0,2011-05-12 09:49:00,2011-11-21 10:23:00,6,790,14.90566037735849,1.220943396226415,761.59,14.369622641509434,7.389817829092258,18,193,32.166666666666664,0.9326424870466321,126.93166666666667,806.5241492063494,High Value
14885.0,2011-07-31 12:05:00,2011-07-31 12:05:00,1,724,48.266666666666666,1.2686666666666668,765.3199999999999,51.02133333333333,24.010711260562342,131,0,0.0,0.0,765.3199999999999,787.6175042857144,High Value
14886.0,2011-04-01 08:56:00,2011-04-01 08:56:00,1,160,8.88888888888889,3.1277777777777778,364.8,20.266666666666666,7.189371239790682,252,0,0.0,0.0,364.8,349.41293139353877,Medium Value
14887.0,2011-09-21 15:32:00,2011-09-21 15:32:00,1,1100,183.33333333333334,1.6116666666666666,1862.0,310.3333333333333,116.75901107266482,78,0,0.0,0.0,1786.2049999999992,1537.7783248809521,High Value
14888.0,2011-05-16 14:58:00,2011-05-16 14:58:00,1,184,9.2,2.21,369.2,18.46,6.250002105262802,206,0,0.0,0.0,369.2,317.94575622485075,Medium Value
14889.0,2011-01-07 15:19:00,2011-01-07 15:19:00,1,90,9.0,2.2600000000000002,135.9,13.59,2.444585854495604,335,0,0.0,0.0,135.9,148.93376833692366,Low Value
14890.0,2011-03-31 11:57:00,2011-03-31 11:57:00,1,51,7.285714285714286,2.9071428571428575,125.65,17.95,4.700265949922408,253,0,0.0,0.0,125.65,121.42127426281694,Low Value
14891.0,2011-06-05 10:58:00,2011-07-14 18:08:00,2,505,15.303030303030303,1.6524242424242424,554.38,16.79939393939394,4.914289075869686,147,39,19.5,1.5384615384615383,277.19,567.7221794076511,Medium Value
14893.0,2011-11-28 10:49:00,2011-11-30 12:31:00,2,799,10.945205479452055,3.1345205479452054,1237.8500000000001,16.956849315068496,6.056239637466731,9,2,1.0,30.0,618.9250000000001,1256.7170679199967,High Value
14894.0,2011-09-15 13:51:00,2011-09-15 13:51:00,1,265,11.521739130434783,2.8395652173913044,655.75,28.51086956521739,19.987583171250794,84,0,0.0,0.0,655.75,575.0805159436804,Medium Value
14895.0,2011-02-22 13:08:00,2011-12-02 09:23:00,20,4851,9.740963855421686,4.1638755020080325,11138.710000000001,22.366887550200804,14.813309331527332,7,282,14.1,2.127659574468085,556.9355,10735.76472422699,VIP
14896.0,2010-12-09 12:24:00,2011-05-19 10:20:00,2,279,6.488372093023256,2.397906976744186,468.77000000000004,10.901627906976746,8.749624462752825,204,160,80.0,0.375,234.38500000000002,452.6012300019675,Medium Value
14897.0,2011-02-16 08:37:00,2011-12-02 10:32:00,4,468,8.50909090909091,5.067454545454545,1366.38,24.84327272727273,13.007567320964652,7,289,72.25,0.4152249134948097,341.595,1348.1942465443915,High Value
14898.0,2010-12-03 15:25:00,2011-11-16 14:54:00,6,1020,8.793103448275861,2.893362068965517,1303.52,11.237241379310344,14.546447980368859,22,347,57.833333333333336,0.5187319884726225,217.25333333333333,1535.2052103177384,High Value
14901.0,2010-12-02 11:20:00,2011-11-28 17:09:00,9,661,6.885416666666667,3.1441666666666666,1421.29,14.805104166666666,14.055537585988676,10,361,40.111111111111114,0.7479224376731302,157.92111111111112,1382.2565571031748,High Value
14902.0,2011-11-14 10:34:00,2011-11-14 10:34:00,1,218,10.9,2.773,332.66,16.633000000000003,6.497401180877102,25,0,0.0,0.0,332.66,333.775021496781,Medium Value
14903.0,2011-03-06 11:50:00,2011-11-18 16:07:00,5,1536,4.326760563380281,2.7626478873239435,2810.63,7.917267605633803,6.0993778624988355,20,257,51.4,0.5836575875486382,562.126,2689.838947662528,VIP
14904.0,2011-11-14 09:13:00,2011-12-07 12:55:00,2,1985,28.768115942028984,0.7394202898550725,1025.44,14.86144927536232,16.194125775521766,1,23,11.5,2.608695652173913,512.72,1219.5096572222224,High Value
14905.0,2011-04-20 10:48:00,2011-07-05 12:41:00,2,287,16.88235294117647,2.3841176470588237,616.15,36.24411764705882,26.19455980228135,157,76,38.0,0.7894736842105263,308.075,529.6710013240529,Medium Value
14907.0,2010-12-07 10:14:00,2011-12-06 14:14:00,7,1691,10.248484848484848,3.4733939393939393,3501.1,21.21878787878788,11.940699605064555,2,364,52.0,0.576923076923077,500.15714285714284,3679.55224996337,VIP
14908.0,2011-09-26 12:56:00,2011-09-26 12:56:00,1,132,14.666666666666666,3.6277777777777778,277.8,30.866666666666667,22.732740705862984,73,0,0.0,0.0,277.8,288.3420608851839,Low Value
14910.0,2011-10-16 11:06:00,2011-12-07 10:06:00,4,238,7.933333333333334,2.884333333333333,434.35,14.478333333333333,4.705945676762927,2,51,12.75,2.3529411764705883,108.5875,443.519621126701,Medium Value
14911.0,2010-12-01 14:05:00,2011-12-08 15:54:00,30,80263,14.14824607791292,4.0210435395734185,16525.23879999992,24.7577507491627,31.75417167850448,0,372,1.8693467336683418,16.048387096774192,705.7825125628141,16421.43070683803,VIP
14912.0,2011-04-07 11:06:00,2011-11-23 09:20:00,2,971,35.96296296296296,2.0225925925925927,867.85,32.14259259259259,19.494100013276718,16,229,114.5,0.26200873362445415,433.925,1208.7243851154399,High Value
14913.0,2010-12-15 14:35:00,2011-11-04 08:29:00,4,1743,20.03448275862069,1.2129885057471264,1227.43,14.108390804597702,10.59096981236497,35,323,80.75,0.37151702786377705,306.8575,1285.4937196608946,High Value
14915.0,2011-03-07 09:39:00,2011-09-09 13:34:00,2,112,9.333333333333334,3.5516666666666663,307.48,25.623333333333335,19.90257330704812,90,186,93.0,0.3225806451612903,153.74,304.1653945905152,Low Value
14916.0,2011-01-19 15:30:00,2011-09-30 09:20:00,4,1136,14.753246753246753,1.8205194805194806,1268.98,16.48025974025974,7.820381935420918,70,253,63.25,0.4743083003952569,317.245,1274.0180159099236,High Value
14918.0,2011-07-08 12:50:00,2011-08-16 11:50:00,2,675,15.0,3.492666666666667,1610.15,35.781111111111116,22.18853535071887,115,38,19.0,1.5789473684210527,805.075,1526.8488523015874,High Value
14920.0,2011-05-11 10:31:00,2011-05-11 10:32:00,2,509,8.929824561403509,3.765438596491228,977.77,17.153859649122808,4.89675539602718,212,0,0.0,0.0,488.885,964.3279327741699,High Value
14921.0,2011-05-22 12:51:00,2011-11-09 13:17:00,2,953,12.217948717948717,1.975128205128205,1316.07,16.872692307692308,6.947456167749257,29,171,85.5,0.3508771929824561,658.035,1230.672570832778,High Value
14923.0,2011-10-20 11:51:00,2011-10-20 11:51:00,1,418,9.5,3.445681818181818,749.1,17.025000000000002,7.53182318334122,50,0,0.0,0.0,749.1,785.8227276928627,High Value
14924.0,2011-04-08 09:25:00,2011-04-08 09:25:00,1,64,6.4,15.665000000000001,310.05,31.005000000000003,34.829668467494145,245,0,0.0,0.0,310.05,333.31867753968237,Medium Value
14929.0,2011-11-07 17:21:00,2011-11-07 17:21:00,1,136,12.363636363636363,2.2572727272727273,223.88,20.35272727272727,12.133926891908564,31,0,0.0,0.0,223.88,221.9005372205447,Low Value
14930.0,2011-03-10 14:42:00,2011-08-23 10:31:00,3,1166,9.109375,4.16296875,2372.86,18.53796875,8.576049634744335,108,165,55.0,0.5454545454545454,790.9533333333334,2517.5570691883127,VIP
14931.0,2011-04-13 09:32:00,2011-12-05 10:19:00,5,417,10.170731707317072,12.147804878048781,1257.68,30.675121951219513,45.07728575025071,4,236,47.2,0.6355932203389831,251.536,1486.8049406349203,High Value
14932.0,2010-12-09 11:48:00,2010-12-09 11:48:00,1,80,4.705882352941177,9.449411764705882,363.53,21.384117647058822,9.636284332422644,365,0,0.0,0.0,363.53,363.5853148078531,Medium Value
14934.0,2011-03-02 11:48:00,2011-09-19 10:10:00,2,1042,11.977011494252874,3.5809195402298855,1890.94,21.734942528735633,13.677675655383407,81,200,100.0,0.3,945.47,2096.4396919949504,VIP
14935.0,2011-02-15 14:44:00,2011-02-15 14:44:00,1,935,93.5,2.622,1784.71,178.471,93.71891738953597,296,0,0.0,0.0,1784.71,1745.5153710822508,VIP
14936.0,2011-03-09 11:53:00,2011-11-06 10:30:00,8,4085,11.222527472527473,3.679093406593407,8137.02,22.35445054945055,18.871340857445148,33,241,30.125,0.995850622406639,1017.1275,8270.830973412698,VIP
14937.0,2011-08-01 14:16:00,2011-10-14 12:29:00,3,484,14.235294117647058,3.4,1621.88,47.70235294117647,39.34449582688356,56,73,24.333333333333332,1.2328767123287672,540.6266666666667,1353.073773928571,High Value
14944.0,2011-02-16 12:47:00,2011-11-10 09:10:00,12,2815,16.558823529411764,3.006705882352941,5900.25,34.707352941176474,26.246985322389857,29,266,22.166666666666668,1.3533834586466165,491.6875,5535.931219484125,VIP
14946.0,2011-11-25 13:33:00,2011-11-25 13:33:00,1,22,7.333333333333333,4.683333333333334,100.9,33.63333333333333,0.750555349946513,13,0,0.0,0.0,100.9,102.2136810654637,Low Value
14947.0,2011-08-01 09:31:00,2011-09-28 15:48:00,2,179,12.785714285714286,3.084285714285714,290.82,20.77285714285714,10.184184895121552,71,58,29.0,1.0344827586206897,145.41,303.59001128948717,Low Value
14948.0,2011-05-04 14:52:00,2011-11-16 17:16:00,6,673,10.682539682539682,2.8057142857142856,1101.97,17.491587301587302,8.837260596994465,22,196,32.666666666666664,0.9183673469387755,183.66166666666666,1149.5932516636142,High Value
14950.0,2011-11-20 13:48:00,2011-11-20 13:48:00,1,136,7.157894736842105,5.193157894736842,371.2,19.53684210526316,10.068227832935964,18,0,0.0,0.0,371.2,373.103725881558,Medium Value
14951.0,2011-09-21 15:15:00,2011-09-21 15:15:00,1,311,15.55,1.895,311.69,15.5845,8.977058758155056,78,0,0.0,0.0,311.69,326.3321213703537,Medium Value
14952.0,2010-12-10 12:48:00,2011-10-11 10:33:00,11,3355,24.31159420289855,3.3994202898550725,8099.49,58.69195652173913,54.18359802268788,59,304,27.636363636363637,1.0855263157894737,736.3172727272727,7492.778895634917,VIP
14953.0,2011-11-14 14:59:00,2011-11-14 14:59:00,1,225,4.090909090909091,2.348181818181818,289.82,5.269454545454545,5.216624216434247,24,0,0.0,0.0,289.82,381.76085090767083,Medium Value
14954.0,2011-11-27 14:30:00,2011-11-27 14:30:00,1,127,1.4941176470588236,3.1749411764705884,336.17,3.9549411764705886,4.831259478775746,11,0,0.0,0.0,336.17,320.96733826146686,Medium Value
14957.0,2011-03-31 17:59:00,2011-03-31 17:59:00,1,34,2.8333333333333335,1.7408333333333335,58.49,4.8741666666666665,4.624392752928036,252,0,0.0,0.0,58.49,59.7456973809524,Low Value
14958.0,2011-04-08 11:28:00,2011-07-15 14:20:00,3,129,3.0714285714285716,5.850714285714285,499.68,11.897142857142857,8.558120743599082,146,98,32.666666666666664,0.9183673469387755,166.56,479.9130448051949,Medium Value
14959.0,2011-02-16 13:00:00,2011-10-06 18:23:00,4,494,8.372881355932204,1.46,695.42,11.786779661016949,9.603926539070102,63,232,58.0,0.5172413793103449,173.855,607.1395298809524,Medium Value
14960.0,2011-06-21 13:38:00,2011-12-01 12:54:00,2,221,8.185185185185185,1.8037037037037038,221.27,8.195185185185185,12.898630926268098,7,162,81.0,0.37037037037037035,110.635,285.30590844332573,Low Value
14961.0,2010-12-14 11:38:00,2011-11-29 09:42:00,9,3708,11.884615384615385,2.8973076923076926,7044.68,22.579102564102566,15.805069086793685,10,349,38.77777777777778,0.7736389684813754,782.7422222222223,6241.820514206345,VIP
14962.0,2011-03-14 09:42:00,2011-03-14 09:42:00,1,44,8.8,6.540000000000001,126.7,25.34,25.196413435249074,270,0,0.0,0.0,126.7,167.42106453213165,Low Value
14963.0,2011-06-09 12:30:00,2011-11-30 12:16:00,5,1176,5.9393939393939394,2.2753030303030304,1487.8,7.514141414141414,10.928114629734226,9,173,34.6,0.8670520231213873,297.56,1568.7947976587302,High Value
14964.0,2011-04-06 14:13:00,2011-04-06 14:13:00,1,143,11.0,3.4046153846153846,206.21,15.862307692307693,26.92584512875011,246,0,0.0,0.0,206.21,205.94372457297086,Low Value
14965.0,2011-09-04 13:15:00,2011-09-04 13:20:00,2,365,4.397590361445783,2.3681927710843373,599.0,7.216867469879518,9.747539893225698,95,0,0.0,0.0,299.5,566.607973866146,Medium Value
14966.0,2011-11-25 12:20:00,2011-11-25 12:20:00,1,187,4.921052631578948,1.9507894736842104,191.32,5.034736842105263,4.1908166893185435,14,0,0.0,0.0,191.32,219.194195238127,Low Value
14967.0,2011-10-21 11:06:00,2011-10-21 11:06:00,1,140,23.333333333333332,2.9250000000000003,463.8,77.3,73.05173509233028,49,0,0.0,0.0,463.8,359.4129255952379,Medium Value
14968.0,2011-11-09 13:58:00,2011-11-09 13:58:00,1,127,3.4324324324324325,1.9402702702702705,147.59,3.988918918918919,3.3369670059499836,29,0,0.0,0.0,147.59,165.32830891428875,Low Value
14970.0,2011-01-27 12:23:00,2011-10-02 13:44:00,4,250,7.352941176470588,6.174411764705883,1592.06,46.825294117647054,27.04295407425728,67,248,62.0,0.48387096774193544,398.015,1332.1679748412705,High Value
14971.0,2011-10-27 13:33:00,2011-11-04 17:07:00,3,644,4.025,3.1020624999999997,1116.57,6.9785625,5.660341884342454,34,8,2.6666666666666665,11.25,372.19,1182.7590793145741,High Value
14972.0,2011-08-03 14:54:00,2011-08-03 14:54:00,1,28,1.5555555555555556,4.947222222222222,114.77,6.376111111111111,5.162562221689,127,0,0.0,0.0,114.77,115.15517890222719,Low Value
14973.0,2011-04-28 12:22:00,2011-08-24 15:51:00,3,369,11.53125,21.259687500000002,1314.45,41.0765625,71.41399233137471,106,118,39.333333333333336,0.7627118644067797,438.15000000000003,1301.3562707142853,High Value
14974.0,2011-11-02 13:01:00,2011-11-02 13:01:00,1,44,2.0952380952380953,3.467142857142857,114.39,5.4471428571428575,3.3873723486755085,36,0,0.0,0.0,114.39,130.25958608778186,Low Value
14975.0,2011-10-13 14:08:00,2011-10-13 14:08:00,1,380,34.54545454545455,1.0154545454545454,279.94,25.44909090909091,18.84207921358227,56,0,0.0,0.0,279.94,310.77122691197695,Low Value
14976.0,2011-01-17 11:09:00,2011-10-13 16:37:00,7,234,3.25,3.955416666666667,790.86,10.984166666666667,10.520852633738631,56,269,38.42857142857143,0.7806691449814126,112.98,692.622189665751,High Value
14978.0,2011-01-13 12:03:00,2011-09-28 13:07:00,5,525,2.4305555555555554,4.517685185185186,1931.42,8.941759259259259,6.641840432626489,71,258,51.6,0.5813953488372093,386.284,1603.8530234920636,High Value
14981.0,2011-04-07 13:45:00,2011-04-07 13:45:00,1,97,12.125,1.46,102.12,12.765,4.1822994358879395,245,0,0.0,0.0,102.12,105.1389853488456,Low Value
14984.0,2011-06-12 11:04:00,2011-11-20 14:28:00,2,60,1.4634146341463414,4.340731707317073,213.27,5.201707317073171,4.464242322297831,18,161,80.5,0.3726708074534162,106.635,203.0516158216529,Low Value
14985.0,2010-12-16 19:51:00,2011-05-25 14:29:00,2,260,2.9885057471264367,1.9082758620689657,296.75,3.410919540229885,3.3139745097979385,197,159,79.5,0.37735849056603776,148.375,350.02103983182263,Medium Value
14987.0,2010-12-09 12:13:00,2011-11-24 09:59:00,2,128,32.0,2.55,326.4,81.6,0.0,15,349,174.5,0.17191977077363899,163.2,307.8533270779219,Low Value
14988.0,2011-05-12 12:05:00,2011-05-12 12:05:00,1,141,3.525,2.5467500000000003,334.54,8.3635,9.156100264374679,211,0,0.0,0.0,334.54,288.97779130393593,Low Value
14995.0,2011-03-04 13:14:00,2011-11-01 11:39:00,2,103,1.6885245901639345,2.6029508196721314,233.23000000000002,3.82344262295082,2.6938707499593106,38,241,120.5,0.24896265560165975,116.61500000000001,237.91720805761963,Low Value
14997.0,2011-06-14 16:52:00,2011-10-24 13:28:00,3,1120,43.07692307692308,0.6265384615384615,546.1999999999999,21.007692307692306,13.000437010406168,45,131,43.666666666666664,0.6870229007633588,182.06666666666663,648.7683777922078,Medium Value
14998.0,2011-04-12 16:28:00,2011-06-22 17:30:00,2,270,3.6,2.4524,429.87,5.7316,6.875141284051962,169,71,35.5,0.8450704225352113,214.935,442.9707357128981,Medium Value
15000.0,2011-10-23 11:42:00,2011-10-23 11:42:00,1,218,2.831168831168831,2.8345454545454545,490.52,6.37038961038961,4.433145622395494,47,0,0.0,0.0,490.52,436.8363922873988,Medium Value
15002.0,2010-12-07 13:16:00,2011-08-16 10:44:00,4,862,7.495652173913044,2.5394782608695654,1641.76,14.276173913043479,11.453366515173277,115,251,62.75,0.4780876494023904,410.44,1518.632706350359,High Value
15004.0,2011-07-15 14:05:00,2011-07-15 14:05:00,1,630,3.9873417721518987,3.0956962025316455,1246.32,7.888101265822784,10.796379857521526,146,0,0.0,0.0,1246.32,1219.0071858730162,High Value
15005.0,2010-12-08 14:36:00,2011-11-24 12:25:00,28,4247,3.7953529937444146,2.3211796246648793,6316.57,5.6448346738159065,3.7517221501072333,15,350,12.5,2.4,225.5917857142857,6253.287547976191,VIP
15006.0,2011-10-19 15:08:00,2011-10-19 15:08:00,1,302,2.0972222222222223,1.9180555555555554,502.09,3.486736111111111,4.336793283731626,50,0,0.0,0.0,502.09,378.04579597318116,Medium Value
15007.0,2011-07-03 16:00:00,2011-07-03 16:00:00,1,69,5.75,3.160833333333333,156.91,13.075833333333334,9.253618907151292,158,0,0.0,0.0,156.91,160.37015290567288,Low Value
15009.0,2011-11-14 17:40:00,2011-11-27 13:35:00,3,642,3.5274725274725274,2.458186813186813,1261.78,6.932857142857142,6.7678100272624695,11,12,4.0,7.5,420.5933333333333,1155.9018047943728,High Value
15010.0,2011-11-04 12:42:00,2011-11-04 12:42:00,1,184,9.2,3.1685000000000003,308.94,15.447,5.758146723053394,35,0,0.0,0.0,308.94,332.8287721369966,Medium Value
15012.0,2010-12-01 12:49:00,2011-10-17 12:22:00,2,231,1.8046875,2.613515625,423.04,3.305,2.4775359234466228,53,319,159.5,0.18808777429467086,211.52,441.50910548092196,Medium Value
15014.0,2011-06-16 19:40:00,2011-10-27 20:07:00,2,151,4.314285714285714,1.7331428571428573,260.17,7.433428571428572,14.447805643043504,42,133,66.5,0.45112781954887216,130.085,236.74462732988556,Low Value
15016.0,2011-06-20 12:06:00,2011-06-20 12:06:00,1,76,3.8,4.573,170.04,8.501999999999999,4.311935210918398,172,0,0.0,0.0,170.04,217.32055649565814,Low Value
15017.0,2011-11-06 10:33:00,2011-11-06 10:33:00,1,63,3.15,3.2625,125.58,6.279,2.9837593736761017,33,0,0.0,0.0,125.58,155.5736677738576,Low Value
15018.0,2010-12-07 10:47:00,2011-11-01 12:47:00,3,189,6.096774193548387,6.507419354838709,496.21,16.006774193548388,9.189375889978155,38,329,109.66666666666667,0.2735562310030395,165.40333333333334,526.9257654154994,Medium Value
15019.0,2011-03-18 12:35:00,2011-03-18 12:35:00,1,159,2.2714285714285714,2.228285714285714,266.0,3.8,3.3552260771795255,266,0,0.0,0.0,266.0,242.92524180964753,Low Value
15021.0,2010-12-08 12:17:00,2011-12-01 11:53:00,9,847,1.7944915254237288,2.6127330508474578,1914.82,4.056822033898305,4.55211512235321,8,357,39.666666666666664,0.7563025210084033,212.75777777777776,1786.5367646825396,VIP
15022.0,2011-10-23 15:47:00,2011-11-28 12:35:00,4,543,4.022222222222222,2.961037037037037,905.04,6.704,5.924470654608175,11,35,8.75,3.4285714285714284,226.26,929.2779987182262,High Value
15023.0,2010-12-05 13:49:00,2011-12-06 17:23:00,11,2871,5.108540925266904,3.821138790035587,6802.76,12.104555160142349,15.432005421679383,2,366,33.27272727272727,0.9016393442622951,618.4327272727273,6482.959969963923,VIP
15024.0,2010-12-07 13:20:00,2011-11-30 12:06:00,10,920,5.935483870967742,2.826451612903226,1661.33,10.718258064516128,8.522112806471,9,357,35.7,0.8403361344537815,166.13299999999998,1827.3556999057803,VIP
15025.0,2011-11-06 15:20:00,2011-11-06 15:20:00,1,189,2.625,2.6869444444444444,377.01,5.23625,4.247774044247872,32,0,0.0,0.0,377.01,362.43809412521773,Medium Value
15026.0,2011-03-07 13:45:00,2011-09-20 13:52:00,3,285,4.672131147540983,2.1795081967213115,469.0,7.688524590163935,10.498180292486497,79,197,65.66666666666667,0.4568527918781726,156.33333333333334,451.25532930868854,Medium Value
15027.0,2011-04-15 14:14:00,2011-11-09 10:16:00,4,565,16.142857142857142,3.7800000000000002,1066.15,30.461428571428574,28.180893208285763,30,207,51.75,0.5797101449275363,266.5375,1135.2547101334783,High Value
15028.0,2010-12-06 12:47:00,2011-12-01 14:06:00,4,459,9.5625,1.9868750000000002,627.13,13.065208333333333,14.666928638960327,7,360,90.0,0.3333333333333333,156.7825,668.3524867009103,Medium Value
15030.0,2011-03-16 15:34:00,2011-09-29 10:50:00,2,372,53.142857142857146,2.9728571428571433,518.28,74.03999999999999,34.27367502909485,71,196,98.0,0.30612244897959184,259.14,782.022783888889,High Value
15031.0,2011-03-02 14:46:00,2011-12-05 14:19:00,4,401,3.6126126126126126,3.165135135135135,668.14,6.019279279279279,7.634923671906582,3,277,69.25,0.43321299638989175,167.035,764.2187019047618,High Value
15032.0,2010-12-08 12:57:00,2011-03-28 15:03:00,3,2968,57.07692307692308,1.9057692307692307,4959.1,95.3673076923077,100.37143658833142,255,110,36.666666666666664,0.8181818181818182,1653.0333333333335,4500.857692460317,VIP
15033.0,2011-01-14 13:28:00,2011-12-05 12:40:00,10,1695,3.323529411764706,2.0848039215686276,2586.67,5.071901960784314,5.425706812093853,4,324,32.4,0.9259259259259258,258.66700000000003,2541.4072635589405,VIP
15034.0,2010-12-21 09:47:00,2011-11-24 12:11:00,8,2422,6.147208121827411,2.9319035532994926,4308.61,10.935558375634518,15.159157791731007,15,338,42.25,0.7100591715976331,538.57625,4309.95826498016,VIP
15035.0,2011-09-11 11:08:00,2011-09-11 11:08:00,1,245,9.074074074074074,2.1285185185185185,252.73000000000002,9.36037037037037,9.59699451410199,89,0,0.0,0.0,252.73000000000002,293.10906309763794,Low Value
15036.0,2011-06-13 12:19:00,2011-09-28 15:42:00,3,327,2.574803149606299,2.1081102362204724,465.55,3.665748031496063,3.851825689508445,71,107,35.666666666666664,0.8411214953271028,155.18333333333334,482.4469866913644,Medium Value
15038.0,2010-12-05 10:54:00,2011-10-12 11:33:00,6,217,1.6692307692307693,4.182769230769231,705.49,5.426846153846154,5.323376709246771,58,311,51.833333333333336,0.5787781350482315,117.58166666666666,678.3289284126982,High Value
15039.0,2010-12-06 11:26:00,2011-11-30 11:31:00,30,9209,6.13115845539281,3.1675565912117176,16525.23879999992,13.25861517976032,21.09131281583768,9,359,7.638297872340425,3.927576601671309,423.7114893617021,15742.813979487973,VIP
15041.0,2011-06-22 16:16:00,2011-06-22 16:16:00,1,104,1.5522388059701493,2.03,180.35,2.6917910447761195,2.622482010437842,169,0,0.0,0.0,180.35,182.95885780872223,Low Value
15042.0,2011-05-24 16:25:00,2011-05-24 16:25:00,1,30,6.0,5.586,135.93,27.186,28.204128775766147,198,0,0.0,0.0,135.93,124.03807124755548,Low Value
15043.0,2011-11-08 14:26:00,2011-11-08 14:26:00,1,300,100.0,1.79,537.0,179.0,0.0,30,0,0.0,0.0,537.0,508.085096135531,Medium Value
15044.0,2010-12-12 14:27:00,2011-11-20 13:20:00,17,2795,6.169977924944813,4.632869757174393,7700.2300000000005,16.998300220750554,11.27704350250791,18,342,20.11764705882353,1.4912280701754386,452.954705882353,6710.405210634918,VIP
15045.0,2011-03-27 11:44:00,2011-07-11 11:33:00,2,114,9.5,6.9191666666666665,735.66,61.305,49.67810428603879,151,105,52.5,0.5714285714285714,367.83,752.4253712698413,High Value
15046.0,2011-01-05 15:30:00,2011-11-30 15:50:00,15,3451,16.75242718446602,2.780728155339806,5213.7699999999995,25.309563106796116,33.290968866959645,8,329,21.933333333333334,1.3677811550151975,347.58466666666664,5419.657912698413,VIP
15047.0,2011-03-15 10:49:00,2011-03-15 10:49:00,1,222,10.090909090909092,2.27,343.62,15.61909090909091,3.996572232600033,269,0,0.0,0.0,343.62,344.01191276236585,Medium Value
15048.0,2010-12-06 12:15:00,2011-10-05 14:55:00,4,195,2.0103092783505154,2.533917525773196,384.05,3.959278350515464,4.723358896533685,64,303,75.75,0.39603960396039606,96.0125,408.92976280824735,Medium Value
15049.0,2011-03-11 12:13:00,2011-03-11 12:13:00,1,63,21.0,1.83,121.17000000000002,40.39000000000001,39.74928049663289,273,0,0.0,0.0,121.17000000000002,118.94930338504093,Low Value
15050.0,2011-09-29 13:22:00,2011-11-14 16:17:00,3,1224,15.692307692307692,2.5871794871794873,1782.09,22.84730769230769,21.196209822493287,24,46,15.333333333333334,1.9565217391304346,594.03,1769.975205800866,VIP
15051.0,2011-07-12 15:29:00,2011-11-16 15:38:00,3,1011,7.06993006993007,2.2487412587412585,1391.61,9.731538461538461,10.62392173867192,22,127,42.333333333333336,0.7086614173228346,463.86999999999995,1403.5748463087539,High Value
15052.0,2011-01-24 15:52:00,2011-01-24 15:52:00,1,82,2.7333333333333334,3.5113333333333334,215.78,7.192666666666667,14.05494364697135,318,0,0.0,0.0,215.78,213.49910092023345,Low Value
15053.0,2011-03-03 12:06:00,2011-12-05 12:08:00,3,986,13.887323943661972,1.5770422535211268,697.79,9.828028169014084,10.145603498168668,4,277,92.33333333333333,0.3249097472924188,232.59666666666666,762.0344800793652,High Value
15054.0,2011-10-30 14:33:00,2011-11-27 15:02:00,2,198,1.736842105263158,1.7128070175438597,302.1,2.6500000000000004,2.596744387869011,11,28,14.0,2.142857142857143,151.05,271.6321237103175,Low Value
15057.0,2011-01-28 09:09:00,2011-03-09 15:17:00,2,668,26.72,3.5916,1489.5,59.58,47.13920873328274,274,40,20.0,1.5,744.75,1421.5030647763344,High Value
15058.0,2011-01-31 15:35:00,2011-11-14 14:57:00,11,1069,3.8731884057971016,2.8641666666666667,2124.99,7.699239130434782,8.812129314492383,24,286,26.0,1.153846153846154,193.18090909090907,2113.3747656851474,VIP
15059.0,2011-01-09 11:54:00,2011-10-30 11:35:00,9,604,2.548523206751055,3.1344725738396626,1337.72,5.644388185654009,4.835940584849943,40,293,32.55555555555556,0.9215017064846416,148.63555555555556,1303.490829426407,High Value
15060.0,2011-11-30 14:03:00,2011-12-01 13:47:00,4,263,2.1735537190082646,1.7283471074380166,303.09000000000003,2.5048760330578514,2.614836551839803,7,0,0.0,0.0,75.77250000000001,301.820727930403,Low Value
15061.0,2010-12-02 15:19:00,2011-12-06 12:06:00,30,27296,69.27918781725889,2.423705583756345,16525.23879999992,108.7130456852792,119.75828540870789,3,368,7.666666666666667,3.913043478260869,892.3529166666667,16525.23879999993,VIP
15062.0,2010-12-15 15:37:00,2011-09-29 16:51:00,4,763,13.385964912280702,2.061754385964912,987.86,17.330877192982456,6.46448547303478,70,288,72.0,0.4166666666666667,246.965,1033.6542384235208,High Value
15063.0,2011-05-10 13:25:00,2011-05-10 13:25:00,1,56,11.2,8.57,370.79999999999995,74.16,101.46340719688058,212,0,0.0,0.0,370.79999999999995,320.85372731906983,Medium Value
15065.0,2011-02-21 12:54:00,2011-11-02 09:45:00,4,1383,8.92258064516129,5.0849677419354835,3158.13,20.37503225806452,20.44301955528864,37,253,63.25,0.4743083003952569,789.5325,3061.6188862525237,VIP
15066.0,2011-10-17 13:25:00,2011-10-17 13:25:00,1,317,7.5476190476190474,4.46047619047619,893.59,21.275952380952383,12.046816816583178,52,0,0.0,0.0,893.59,859.9763726631702,High Value
15067.0,2011-03-02 12:10:00,2011-09-22 13:20:00,3,954,11.634146341463415,3.1621951219512194,1744.76,21.277560975609756,14.778929659449364,77,204,68.0,0.4411764705882353,581.5866666666667,1726.9544802140458,VIP
15068.0,2011-03-28 14:27:00,2011-10-24 14:47:00,2,364,3.5,2.555769230769231,553.36,5.320769230769231,3.987561897698404,45,210,105.0,0.2857142857142857,276.68,577.5247955221173,Medium Value
15069.0,2011-06-13 14:16:00,2011-06-13 14:16:00,1,520,7.428571428571429,4.523428571428571,1109.53,15.850428571428571,4.430248933272944,178,0,0.0,0.0,1109.53,1184.6633671584514,High Value
15070.0,2010-12-02 11:23:00,2010-12-02 11:23:00,1,36,36.0,2.95,106.2,106.2,0.0,368,0,0.0,0.0,106.2,110.14083860798927,Low Value
15071.0,2011-03-09 10:19:00,2011-09-07 11:43:00,2,269,10.346153846153847,4.647692307692308,982.07,37.77192307692308,39.70728165152893,93,182,91.0,0.32967032967032966,491.035,895.5536949206352,High Value
15073.0,2011-06-06 09:59:00,2011-11-30 10:44:00,3,491,9.092592592592593,2.6588888888888893,1043.41,19.322407407407407,12.01675260424555,9,177,59.0,0.5084745762711864,347.80333333333334,887.7936032202325,High Value
15074.0,2011-08-26 14:45:00,2011-08-26 14:45:00,1,455,10.833333333333334,2.2104761904761907,748.87,17.830238095238094,5.598689083537601,104,0,0.0,0.0,748.87,683.8009575141971,High Value
15075.0,2011-09-23 12:27:00,2011-09-23 12:27:00,1,447,16.555555555555557,3.312962962962963,773.03,28.63074074074074,21.776542235577526,77,0,0.0,0.0,773.03,803.1332904365081,High Value
15076.0,2011-06-20 08:23:00,2011-06-20 08:23:00,1,571,11.653061224489797,3.0477551020408162,880.85,17.976530612244897,8.884373583015577,172,0,0.0,0.0,880.85,862.2935247094571,High Value
15078.0,2010-12-06 12:38:00,2011-12-02 15:41:00,30,5105,11.602272727272727,2.369431818181818,9743.11,22.14343181818182,8.568627940279569,6,361,11.28125,2.6592797783933517,304.4721875,8586.742734404761,VIP
15079.0,2010-12-09 09:25:00,2011-05-11 12:45:00,4,389,8.27659574468085,4.605957446808511,895.61,19.055531914893617,17.163195431746008,212,153,38.25,0.7843137254901962,223.9025,930.3497051097588,High Value
15081.0,2010-12-07 16:20:00,2011-11-17 17:08:00,5,190,5.757575757575758,4.805151515151515,504.8,15.296969696969697,5.580560279246434,21,345,69.0,0.43478260869565216,100.96000000000001,526.8352096525125,Medium Value
15083.0,2011-03-28 12:18:00,2011-03-28 12:18:00,1,38,7.6,6.67,88.2,17.64,9.632523033971939,256,0,0.0,0.0,88.2,105.7369542503615,Low Value
15087.0,2011-03-03 10:34:00,2011-03-03 10:34:00,1,470,31.333333333333332,2.036,306.94,20.462666666666667,11.71626187744847,281,0,0.0,0.0,306.94,456.61979226911984,Medium Value
15088.0,2011-10-03 14:05:00,2011-11-18 13:14:00,2,460,8.070175438596491,5.27,1160.07,20.352105263157895,13.310464161816732,20,45,22.5,1.3333333333333333,580.035,1156.324374434002,High Value
15089.0,2011-08-03 14:14:00,2011-11-29 16:31:00,6,1359,9.372413793103448,3.3199310344827584,2420.84,16.69544827586207,10.095612150508089,9,118,19.666666666666668,1.5254237288135595,403.47333333333336,2414.1174867177424,VIP
15090.0,2011-02-04 14:03:00,2011-02-04 14:03:00,1,208,9.043478260869565,3.5617391304347827,381.32,16.57913043478261,4.97084400465123,307,0,0.0,0.0,381.32,392.6392987808087,Medium Value
15091.0,2011-10-03 12:47:00,2011-10-03 12:47:00,1,346,11.533333333333333,1.9540000000000002,480.71,16.023666666666667,6.268176044076955,67,0,0.0,0.0,480.71,471.9904895573581,Medium Value
15092.0,2011-03-01 12:24:00,2011-05-08 14:10:00,2,135,5.1923076923076925,5.378076923076923,457.81,17.608076923076922,5.274567674591554,214,68,34.0,0.8823529411764706,228.905,458.9428560026086,Medium Value
15093.0,2010-12-02 18:25:00,2011-11-21 13:09:00,6,3760,34.81481481481482,2.7425,4597.02,42.565000000000005,44.3120734692046,17,353,58.833333333333336,0.509915014164306,766.1700000000001,5017.308943095237,VIP
15095.0,2011-05-20 14:27:00,2011-08-28 12:01:00,4,1079,22.95744680851064,2.5157446808510637,1370.6000000000001,29.161702127659577,12.900390172587626,103,99,24.75,1.2121212121212122,342.65000000000003,1452.691035160673,High Value
15096.0,2011-10-28 10:27:00,2011-10-28 10:27:00,1,120,10.909090909090908,3.1118181818181814,219.39000000000001,19.944545454545455,11.028455343914995,42,0,0.0,0.0,219.39000000000001,219.98885961459422,Low Value
15097.0,2011-12-05 14:03:00,2011-12-05 14:03:00,1,170,6.8,2.266,248.08,9.923200000000001,6.120922261663951,3,0,0.0,0.0,248.08,227.36420775615613,Low Value
15098.0,2011-06-10 15:22:00,2011-06-10 15:33:00,2,61,30.5,327.225,946.5,473.25,249.255140368258,181,0,0.0,0.0,473.25,759.7639807142857,High Value
15099.0,2011-09-16 13:13:00,2011-09-16 13:13:00,1,343,14.91304347826087,2.073478260869565,410.48,17.84695652173913,15.474018528071968,83,0,0.0,0.0,410.48,434.4483889268276,Medium Value
15100.0,2010-12-01 09:09:00,2011-01-10 10:35:00,3,80,26.666666666666668,10.949999999999998,876.0,292.0,101.15176716202244,333,40,13.333333333333334,2.25,292.0,699.3052413431016,High Value
15101.0,2010-12-15 12:54:00,2011-12-01 10:18:00,2,241,30.125,2.805,317.53000000000003,39.691250000000004,30.378663300556386,8,350,175.0,0.17142857142857143,158.76500000000001,334.3483555555556,Medium Value
15103.0,2011-09-14 13:54:00,2011-11-08 14:53:00,2,329,9.4,5.646857142857144,703.36,20.096,12.891941440979599,30,55,27.5,1.090909090909091,351.68,684.2460621533594,High Value
15104.0,2011-03-02 14:16:00,2011-05-27 12:29:00,2,637,9.231884057971014,5.425942028985507,1027.44,14.890434782608697,5.962079294513492,196,85,42.5,0.7058823529411764,513.72,1187.4915459920633,High Value
15105.0,2011-07-28 10:09:00,2011-11-21 16:54:00,7,1211,11.990099009900991,2.410792079207921,2298.93,22.76168316831683,22.573795740606265,17,116,16.571428571428573,1.8103448275862069,328.4185714285714,1760.7026273088027,VIP
15106.0,2011-03-15 12:52:00,2011-11-22 09:16:00,5,1181,11.81,2.4882,1422.52,14.2252,5.194676078020222,17,251,50.2,0.597609561752988,284.504,1584.864156204906,High Value
15107.0,2010-12-02 13:45:00,2011-02-01 14:46:00,6,169,10.5625,5.584375,319.5,19.96875,11.627637693587348,310,61,10.166666666666666,2.9508196721311477,53.25,343.00328313492065,Medium Value
15108.0,2011-04-26 10:54:00,2011-07-21 10:24:00,4,499,8.316666666666666,4.83,1300.25,21.670833333333334,10.938438256770256,141,85,21.25,1.4117647058823528,325.0625,1212.4557882435258,High Value
15109.0,2011-04-08 09:58:00,2011-04-08 09:58:00,1,131,4.678571428571429,5.880357142857143,484.95,17.319642857142856,4.014080294222527,245,0,0.0,0.0,484.95,447.2937433421529,Medium Value
15110.0,2011-01-25 11:41:00,2011-11-16 11:16:00,4,246,7.0285714285714285,7.377142857142857,996.1,28.46,23.20907783858823,23,294,73.5,0.4081632653061224,249.025,944.3389797402597,High Value
15111.0,2010-12-02 11:45:00,2011-11-10 16:58:00,3,710,8.452380952380953,3.682380952380952,1567.48,18.660476190476192,7.0419156253199375,28,343,114.33333333333333,0.26239067055393583,522.4933333333333,1555.1439832478634,High Value
15113.0,2011-10-16 15:27:00,2011-11-30 08:23:00,3,2386,23.86,2.1344,3609.33,36.0933,35.14228837788376,9,44,14.666666666666666,2.0454545454545454,1203.11,3602.0569146103894,VIP
15114.0,2011-02-11 08:45:00,2011-11-09 15:05:00,10,3096,15.715736040609137,1.5530964467005075,2760.56,14.012994923857867,5.774068938549051,29,271,27.1,1.1070110701107012,276.056,3412.1790994372304,VIP
15115.0,2011-11-21 14:59:00,2011-11-21 14:59:00,1,157,7.476190476190476,3.7304761904761907,340.11,16.195714285714285,9.461075293764745,17,0,0.0,0.0,340.11,334.65849612503206,Medium Value
15116.0,2011-05-19 08:50:00,2011-11-22 12:25:00,4,648,14.4,2.7622222222222224,1352.75,30.06111111111111,28.533694613260803,17,187,46.75,0.6417112299465241,338.1875,1310.777653214285,High Value
15117.0,2011-05-08 12:38:00,2011-11-25 08:12:00,5,1948,24.658227848101266,2.230632911392405,1551.78,19.64278481012658,26.094517202716037,14,200,40.0,0.75,310.356,2054.709711190476,VIP
15118.0,2011-07-28 14:54:00,2011-07-28 14:54:00,1,1440,1440.0,0.17,244.8,244.8,0.0,133,0,0.0,0.0,244.8,479.59882916666635,Medium Value
15119.0,2011-04-08 09:08:00,2011-04-08 09:08:00,1,88,6.285714285714286,7.728571428571429,266.4,19.02857142857143,8.29317871426953,245,0,0.0,0.0,266.4,273.5631157283214,Low Value
15120.0,2011-07-29 09:48:00,2011-07-29 09:48:00,1,296,14.095238095238095,4.91952380952381,358.82,17.086666666666666,8.278181160939482,133,0,0.0,0.0,358.82,404.7924280158731,Medium Value
15121.0,2011-02-24 12:41:00,2011-10-20 14:51:00,2,199,7.107142857142857,4.226785714285714,457.72,16.34714285714286,4.678321048270184,49,238,119.0,0.25210084033613445,228.86,471.9839916908367,Medium Value
15122.0,2011-02-15 09:59:00,2011-08-17 16:48:00,3,800,9.75609756097561,3.2530487804878048,1633.78,19.924146341463413,11.658118026891694,113,183,61.0,0.49180327868852464,544.5933333333334,1563.4918150296196,High Value
15123.0,2011-05-17 14:57:00,2011-12-02 13:12:00,2,1195,11.273584905660377,3.053490566037736,2199.31,20.748207547169812,12.723662979411895,6,198,99.0,0.30303030303030304,1099.655,2214.0299715678048,VIP
15124.0,2011-06-01 09:06:00,2011-11-17 10:09:00,2,233,15.533333333333333,2.2046666666666668,184.19,12.279333333333334,4.967788336109031,22,169,84.5,0.35502958579881655,92.095,228.4274481249695,Low Value
15125.0,2011-03-14 09:59:00,2011-11-14 13:57:00,15,6193,48.76377952755905,3.3869291338582674,11528.48,90.77543307086614,67.00172455439741,24,245,16.333333333333332,1.836734693877551,768.5653333333333,11667.900225147614,VIP
15127.0,2011-10-05 10:30:00,2011-10-05 10:30:00,1,251,15.6875,1.838125,406.53000000000003,25.408125000000002,13.127059695529688,65,0,0.0,0.0,406.53000000000003,367.3960937752925,Medium Value
15128.0,2011-05-04 12:32:00,2011-10-10 13:54:00,4,1343,13.166666666666666,2.071470588235294,1471.0,14.42156862745098,7.153111452762333,59,159,39.75,0.7547169811320755,367.75,1567.609533470974,High Value
15129.0,2011-02-21 09:09:00,2011-10-20 14:40:00,11,1794,21.357142857142858,2.905238095238095,3447.4,41.04047619047619,59.63266154266534,49,241,21.90909090909091,1.3692946058091287,313.40000000000003,3340.6733524603173,VIP
15130.0,2011-06-23 10:15:00,2011-06-23 10:15:00,1,197,8.954545454545455,2.42,330.11,15.005,5.603096720309482,169,0,0.0,0.0,330.11,343.27675463589844,Medium Value
15132.0,2011-03-22 12:02:00,2011-11-21 17:10:00,5,679,13.057692307692308,2.062692307692308,977.9300000000001,18.806346153846157,15.273162548430149,17,244,48.8,0.6147540983606558,195.586,1038.0143648010323,High Value
15133.0,2011-02-11 10:38:00,2011-08-04 10:44:00,3,680,23.448275862068964,2.2120689655172416,982.42,33.87655172413793,26.746223268216777,127,174,58.0,0.5172413793103449,327.4733333333333,945.7788525481704,High Value
15134.0,2011-04-13 11:05:00,2011-11-25 08:55:00,8,887,12.150684931506849,2.300821917808219,1387.99,19.013561643835615,9.559893707257627,14,225,28.125,1.0666666666666667,173.49875,1430.5492115265859,High Value
15135.0,2011-04-14 19:16:00,2011-04-14 19:16:00,1,43,4.777777777777778,3.5944444444444446,139.05,15.450000000000001,2.1633307652783924,238,0,0.0,0.0,139.05,130.99139889306397,Low Value
15136.0,2011-09-04 16:05:00,2011-12-07 12:26:00,4,776,11.411764705882353,2.0561764705882353,1286.7,18.92205882352941,7.249032577518258,2,93,23.25,1.2903225806451613,321.675,1213.4618334412812,High Value
15139.0,2011-01-07 12:44:00,2011-04-14 11:39:00,2,208,16.0,1.3546153846153846,178.96,13.766153846153847,5.860519798421665,239,96,48.0,0.625,89.48,207.2088168650794,Low Value
15140.0,2011-03-20 14:37:00,2011-10-18 14:07:00,7,1572,19.65,2.65775,2354.25,29.428125,17.435118865599822,51,211,30.142857142857142,0.9952606635071091,336.32142857142856,2404.191637857143,VIP
15142.0,2011-10-24 12:51:00,2011-10-24 12:51:00,1,365,14.038461538461538,2.419230769230769,498.74,19.182307692307692,11.391055195263451,45,0,0.0,0.0,498.74,517.5079865032311,Medium Value
15143.0,2011-04-28 12:03:00,2011-04-28 12:03:00,1,150,10.714285714285714,2.8335714285714286,259.45,18.532142857142855,3.3378716815715612,225,0,0.0,0.0,259.45,265.41472774634445,Low Value
15144.0,2011-01-31 13:17:00,2011-12-01 15:12:00,17,3050,14.055299539170507,2.9005990783410134,6580.4400000000005,30.32460829493088,18.799327434741773,7,304,17.88235294117647,1.6776315789473686,387.084705882353,6188.421895119049,VIP
15145.0,2011-04-05 15:20:00,2011-12-05 17:21:00,4,756,11.283582089552239,3.413731343283582,1194.73,17.83179104477612,9.588394014320542,3,244,61.0,0.49180327868852464,298.6825,1235.9572228296702,High Value
15146.0,2011-02-21 13:07:00,2011-06-28 12:09:00,2,1473,16.186813186813186,1.5287912087912088,1327.16,14.584175824175825,9.478628834961551,164,126,63.0,0.47619047619047616,663.58,1310.1485317532479,High Value
15147.0,2011-04-13 15:57:00,2011-04-13 15:57:00,1,366,13.071428571428571,2.9839285714285713,623.5,22.267857142857142,15.243506293729935,239,0,0.0,0.0,623.5,631.5724405208357,Medium Value
15148.0,2011-11-29 08:21:00,2011-11-29 08:21:00,1,187,9.35,2.5355,301.29,15.0645,4.953336435384262,10,0,0.0,0.0,301.29,303.6490421064928,Low Value
15149.0,2011-07-29 10:58:00,2011-07-29 10:58:00,1,128,5.565217391304348,5.95,520.8000000000001,22.643478260869568,14.36526986383721,133,0,0.0,0.0,520.8000000000001,510.8720332103174,Medium Value
15150.0,2011-03-15 14:21:00,2011-11-22 12:52:00,10,3658,10.66472303206997,2.928950437317784,5314.47,15.494081632653062,6.182875352054867,16,251,25.1,1.195219123505976,531.447,5587.766405833335,VIP
15152.0,2011-06-05 15:36:00,2011-11-30 12:32:00,13,2704,9.977859778597786,3.474981549815498,4745.69,17.511771217712177,6.820198093629958,9,177,13.615384615384615,2.2033898305084745,365.0530769230769,4944.068310873016,VIP
15153.0,2011-11-08 17:09:00,2011-11-08 17:09:00,1,198,9.0,4.66590909090909,329.25,14.965909090909092,4.850521483099385,30,0,0.0,0.0,329.25,350.23569884324627,Medium Value
15154.0,2011-09-25 16:05:00,2011-09-25 16:05:00,1,104,1.223529411764706,2.957411764705882,296.42,3.487294117647059,3.857948316149923,74,0,0.0,0.0,296.42,263.91216341784803,Low Value
15156.0,2011-11-06 12:41:00,2011-12-08 18:22:00,3,597,10.854545454545455,2.841090909090909,961.49,17.481636363636365,9.828021307887102,0,32,10.666666666666666,2.8125,320.49666666666667,934.2953068644429,High Value
15157.0,2010-12-16 13:44:00,2011-12-06 11:28:00,3,2392,19.136,1.84528,1936.07,15.48856,11.600323876457486,3,354,118.0,0.2542372881355932,645.3566666666667,3312.855280317459,VIP
15158.0,2011-10-25 13:53:00,2011-10-25 13:53:00,1,198,28.285714285714285,1.85,401.40000000000003,57.34285714285715,50.22328202281147,44,0,0.0,0.0,401.40000000000003,353.82316009797233,Medium Value
15159.0,2010-12-13 15:44:00,2011-12-08 12:05:00,30,11441,16.114084507042254,2.844718309859155,16525.23879999992,26.254943661971833,24.211281228248197,1,359,11.966666666666667,2.5069637883008355,621.3670000000001,16510.294665942794,VIP
15160.0,2010-12-17 14:15:00,2010-12-17 14:15:00,1,84,21.0,1.7475,158.16,39.54,45.09366252590268,356,0,0.0,0.0,158.16,159.36505177411388,Low Value
15163.0,2011-05-31 15:22:00,2011-11-21 13:10:00,2,186,6.413793103448276,2.437241379310345,304.47,10.49896551724138,12.992951755478698,17,173,86.5,0.3468208092485549,152.235,303.90299932166783,Low Value
15164.0,2011-01-04 14:21:00,2011-10-02 12:05:00,3,360,3.495145631067961,2.9453398058252427,843.05,8.18495145631068,6.116131494531877,68,270,90.0,0.3333333333333333,281.01666666666665,763.5216039743592,High Value
15165.0,2010-12-01 14:03:00,2010-12-01 14:03:00,1,160,5.925925925925926,4.987037037037037,487.75,18.064814814814813,4.12512971392357,368,0,0.0,0.0,487.75,467.67739656726144,Medium Value
15167.0,2011-01-23 12:41:00,2011-01-23 12:41:00,1,67,1.6341463414634145,2.674390243902439,163.0,3.975609756097561,2.9461229173105523,320,0,0.0,0.0,163.0,155.6162885130034,Low Value
15168.0,2011-11-14 11:26:00,2011-11-14 11:26:00,1,52,10.4,3.338,106.56,21.312,15.497861788001599,25,0,0.0,0.0,106.56,118.53057891236305,Low Value
15171.0,2011-01-12 15:36:00,2011-01-12 15:36:00,1,290,58.0,3.7700000000000005,1289.5,257.9,274.1056821738652,330,0,0.0,0.0,1289.5,1097.8734232142854,High Value
15172.0,2011-04-17 11:56:00,2011-12-01 11:51:00,5,1611,14.645454545454545,2.087909090909091,1624.05,14.764090909090909,6.194760777671495,8,227,45.4,0.6607929515418502,324.81,1918.196862878788,VIP
15174.0,2011-01-21 09:06:00,2011-01-21 09:06:00,1,145,13.181818181818182,1.549090909090909,135.75,12.340909090909092,5.956523238509952,322,0,0.0,0.0,135.75,149.64980107347404,Low Value
15175.0,2011-09-29 11:31:00,2011-09-29 11:31:00,1,454,19.73913043478261,0.7404347826086957,224.14,9.745217391304347,4.598980983539344,71,0,0.0,0.0,224.14,237.79314626984137,Low Value
15178.0,2011-03-24 15:12:00,2011-03-24 15:12:00,1,30,10.0,1.3499999999999999,40.5,13.5,5.5677643628300215,259,0,0.0,0.0,40.5,40.86484095238095,Low Value
15179.0,2011-01-24 13:48:00,2011-11-21 12:53:00,5,1938,20.838709677419356,2.6174193548387095,2206.9500000000003,23.730645161290326,18.626698744033572,17,300,60.0,0.5,441.39000000000004,2750.773909206349,VIP
15180.0,2010-12-07 14:57:00,2010-12-07 14:57:00,1,36,6.0,3.266666666666667,87.5,14.583333333333334,2.807964862078347,366,0,0.0,0.0,87.5,92.49293639738848,Low Value
15181.0,2011-03-15 12:03:00,2011-10-04 13:58:00,3,544,34.0,1.475625,689.48,43.0925,58.72933934584997,65,203,67.66666666666667,0.4433497536945813,229.82666666666668,695.7090718001441,High Value
15182.0,2011-03-16 12:42:00,2011-07-08 13:37:00,2,253,8.724137931034482,2.9741379310344827,622.85,21.477586206896554,6.342069657213315,153,114,57.0,0.5263157894736842,311.425,584.9997008765993,Medium Value
15184.0,2011-06-02 12:06:00,2011-11-10 13:41:00,2,223,3.5396825396825395,3.198888888888889,406.76,6.456507936507936,6.381592520106399,28,161,80.5,0.3726708074534162,203.38,436.6610241345957,Medium Value
15185.0,2011-09-30 14:06:00,2011-09-30 14:06:00,1,666,31.714285714285715,2.3276190476190477,310.62,14.791428571428572,15.745971639030182,69,0,0.0,0.0,310.62,589.6703953478708,Medium Value
15186.0,2011-06-24 14:54:00,2011-11-25 14:58:00,2,215,11.31578947368421,3.38,411.41,21.653157894736843,7.389641438175151,13,154,77.0,0.3896103896103896,205.705,411.95329727425184,Medium Value
15187.0,2011-05-11 13:49:00,2011-12-08 11:56:00,16,1887,20.736263736263737,3.0318681318681318,4777.18,52.49648351648352,68.37554413959597,1,210,13.125,2.2857142857142856,298.57375,4387.519402316018,VIP
15189.0,2011-01-11 12:29:00,2011-12-08 13:22:00,30,6149,29.004716981132077,4.361933962264151,16225.39,76.53485849056604,72.77715605913512,0,331,8.073170731707316,3.716012084592145,395.74121951219513,14010.929175041547,VIP
15192.0,2010-12-09 14:56:00,2011-08-12 11:41:00,3,918,18.0,2.514705882352941,1044.32,20.47686274509804,14.191527682416162,119,245,81.66666666666667,0.3673469387755102,348.1066666666666,1111.206519431818,High Value
15193.0,2011-10-10 08:23:00,2011-10-10 08:23:00,1,144,7.578947368421052,6.397368421052631,499.32,26.28,16.647016416029498,60,0,0.0,0.0,499.32,456.4668898797035,Medium Value
15194.0,2010-12-06 15:00:00,2011-12-06 15:10:00,15,5703,18.39677419354839,2.4091290322580647,7616.53,24.569451612903226,22.989914237687522,2,365,24.333333333333332,1.2328767123287672,507.76866666666666,8573.724639794375,VIP
15197.0,2010-12-16 18:01:00,2011-11-29 10:00:00,3,469,14.65625,3.0321875,1079.61,33.7378125,73.29769427057761,10,347,115.66666666666667,0.25936599423631124,359.86999999999995,995.9619591847041,High Value
15198.0,2011-08-07 15:16:00,2011-09-08 14:42:00,2,120,12.0,1.875,193.64,19.363999999999997,9.778078884252608,91,31,15.5,1.9354838709677418,96.82,192.7971338594656,Low Value
15199.0,2011-02-04 14:04:00,2011-10-11 15:12:00,4,396,30.46153846153846,4.6,1268.7,97.5923076923077,78.55295943436782,58,249,62.25,0.48192771084337344,317.175,1279.7644230952376,High Value
15201.0,2011-04-06 14:02:00,2011-09-13 14:53:00,5,1210,17.536231884057973,1.6153623188405797,1236.54,17.92086956521739,15.307364215721023,86,160,32.0,0.9375,247.308,1326.9548320238102,High Value
15203.0,2011-02-01 12:29:00,2011-11-14 08:16:00,6,1753,12.345070422535212,1.258169014084507,1827.8,12.871830985915492,6.328807560224295,25,285,47.5,0.631578947368421,304.6333333333333,1787.714576608946,VIP
15204.0,2010-12-17 13:49:00,2010-12-17 13:49:00,1,258,28.666666666666668,2.4044444444444446,316.58,35.175555555555555,19.571984513017014,356,0,0.0,0.0,316.58,351.8802475477463,Medium Value
15205.0,2011-08-04 16:07:00,2011-09-15 19:36:00,2,378,10.216216216216216,3.684594594594594,653.24,17.655135135135136,13.446665555615063,84,42,21.0,1.4285714285714286,326.62,683.0878613938162,High Value
15206.0,2011-03-09 08:59:00,2011-11-29 13:41:00,4,162,18.0,2.683333333333333,420.3,46.7,21.75,9,265,66.25,0.45283018867924524,105.075,325.42232015406177,Medium Value
15208.0,2010-12-21 13:03:00,2011-12-08 17:24:00,5,316,7.523809523809524,4.873333333333333,870.12,20.717142857142857,12.033849674110696,0,352,70.4,0.42613636363636365,174.024,882.4734119011545,High Value
15210.0,2011-04-28 16:11:00,2011-04-28 16:11:00,1,228,11.4,6.341,331.18,16.559,10.677938841121765,224,0,0.0,0.0,331.18,381.15966684704193,Medium Value
15211.0,2010-12-09 16:08:00,2011-10-10 13:31:00,2,240,4.615384615384615,5.4957692307692305,894.4100000000001,17.20019230769231,5.660942030101966,59,304,152.0,0.19736842105263158,447.20500000000004,711.3593063492063,High Value
15212.0,2011-04-12 13:45:00,2011-04-12 13:45:00,1,36,7.2,3.63,101.8,20.36,11.249133299948046,240,0,0.0,0.0,101.8,105.15468676581513,Low Value
15213.0,2011-01-14 11:05:00,2011-01-25 12:21:00,2,272,11.333333333333334,1.55375,328.35,13.68125,4.269070067254745,318,11,5.5,5.454545454545455,164.175,319.30102707805656,Medium Value
15214.0,2011-04-11 09:46:00,2011-12-08 12:07:00,8,1254,11.4,2.4215454545454547,1661.44,15.104000000000001,6.26980329791098,1,241,30.125,0.995850622406639,207.68,1746.4271350090185,VIP
15215.0,2011-09-04 12:24:00,2011-10-24 11:41:00,3,225,6.428571428571429,5.166857142857143,734.94,20.998285714285714,9.584010116645663,46,49,16.333333333333332,1.836734693877551,244.98000000000002,743.7019098989896,High Value
15216.0,2011-09-13 11:41:00,2011-09-13 11:41:00,1,28,14.0,4.8,96.6,48.3,21.637467504308354,87,0,0.0,0.0,96.6,103.54883910567786,Low Value
15218.0,2011-01-25 11:20:00,2011-11-29 11:48:00,11,3329,20.05421686746988,3.0930120481927714,5756.89,34.680060240963854,37.417204137280144,10,308,28.0,1.0714285714285714,523.3536363636364,6153.490686111112,VIP
15219.0,2011-06-16 16:57:00,2011-06-16 16:57:00,1,45,5.0,9.883333333333333,305.75,33.97222222222222,30.5430138402294,175,0,0.0,0.0,305.75,266.46128263367666,Low Value
15220.0,2011-03-04 10:24:00,2011-10-19 12:39:00,6,1393,11.905982905982906,2.559059829059829,1778.96,15.204786324786324,7.583805522555895,51,229,38.166666666666664,0.7860262008733624,296.49333333333334,1920.6933826064217,VIP
15221.0,2010-12-08 13:08:00,2010-12-08 13:08:00,1,43,8.6,12.709999999999999,403.25,80.65,18.73933029753198,365,0,0.0,0.0,403.25,316.3478606170731,Medium Value
15222.0,2011-01-25 08:03:00,2011-01-25 08:03:00,1,440,88.0,1.3439999999999999,585.0,117.0,48.42003717470692,318,0,0.0,0.0,585.0,560.4391904761903,Medium Value
15223.0,2011-04-04 12:17:00,2011-04-28 11:31:00,2,213,10.65,4.0865,755.75,37.7875,41.418899433267875,225,23,11.5,2.608695652173913,377.875,704.051533809524,High Value
15224.0,2010-12-12 12:34:00,2010-12-16 15:02:00,2,152,10.857142857142858,3.2135714285714285,322.08,23.005714285714284,18.081554440617403,357,4,2.0,15.0,161.04,327.26986548716155,Medium Value
15225.0,2011-04-19 14:51:00,2011-04-19 14:51:00,1,226,9.826086956521738,3.45,409.40000000000003,17.8,5.382125298362418,233,0,0.0,0.0,409.40000000000003,411.10107816253617,Medium Value
15226.0,2011-02-02 11:41:00,2011-02-02 11:41:00,1,71,8.875,3.8425,154.41,19.30125,8.568197739314845,310,0,0.0,0.0,154.41,146.50851166761097,Low Value
15227.0,2011-01-26 15:31:00,2011-11-03 11:59:00,5,750,12.931034482758621,4.578448275862069,1219.4,21.024137931034485,8.220471458388813,36,280,56.0,0.5357142857142857,243.88000000000002,1410.624848253968,High Value
15228.0,2011-02-18 09:04:00,2011-10-04 13:56:00,4,2255,18.04,3.18552,3386.71,27.09368,17.326986481842,65,228,57.0,0.5263157894736842,846.6775,3489.2896643650806,VIP
15230.0,2011-04-13 11:04:00,2011-04-14 14:39:00,2,351,15.26086956521739,1.7817391304347827,429.6,18.678260869565218,14.000193392227226,238,1,0.5,60.0,214.8,452.4054166770187,Medium Value
15232.0,2011-07-22 12:21:00,2011-08-18 16:27:00,2,686,22.129032258064516,1.0306451612903225,612.06,19.743870967741934,10.872788565165598,112,27,13.5,2.2222222222222223,306.03,618.3151049170274,Medium Value
15234.0,2011-03-08 08:53:00,2011-03-08 08:53:00,1,196,14.0,1.682857142857143,197.0,14.071428571428571,5.162520042267457,276,0,0.0,0.0,197.0,218.91074996106286,Low Value
15235.0,2010-12-01 17:22:00,2011-05-06 09:44:00,12,1324,9.258741258741258,2.9905594405594402,2247.51,15.716853146853149,5.708313731863454,217,155,12.916666666666666,2.32258064516129,187.29250000000002,2308.818804614846,VIP
15236.0,2011-02-14 10:52:00,2011-02-14 10:52:00,1,269,17.933333333333334,1.6386666666666665,321.05,21.403333333333332,20.52779010674716,298,0,0.0,0.0,321.05,328.7410619350809,Medium Value
15237.0,2011-04-26 15:04:00,2011-12-08 09:46:00,4,1071,10.818181818181818,2.5204040404040406,1412.32,14.265858585858584,4.7588555497160545,1,225,56.25,0.5333333333333333,353.08,1566.8944026903648,High Value
15238.0,2011-06-08 16:00:00,2011-11-10 14:28:00,3,692,13.84,4.8076,1071.99,21.4398,25.11740379554725,28,154,51.333333333333336,0.5844155844155844,357.33,1387.6127846825405,High Value
15239.0,2011-09-22 09:53:00,2011-11-29 14:14:00,2,594,12.122448979591837,1.9677551020408164,780.59,15.930408163265307,6.087407753984064,9,68,34.0,0.8823529411764706,390.295,782.1089000978418,High Value
15240.0,2011-02-01 08:23:00,2011-10-26 09:50:00,5,1369,17.55128205128205,2.5883333333333334,1706.57,21.879102564102563,12.289251896318271,44,267,53.4,0.5617977528089887,341.31399999999996,1795.559058773448,VIP
15241.0,2011-03-01 11:02:00,2011-10-04 09:05:00,8,1818,16.527272727272727,1.8820000000000001,1756.44,15.967636363636364,11.18997593091448,66,216,27.0,1.1111111111111112,219.555,1882.8677501190489,VIP
15243.0,2011-09-26 14:12:00,2011-09-26 14:12:00,1,185,8.409090909090908,2.4499999999999997,316.68,14.394545454545455,4.120192699229962,73,0,0.0,0.0,316.68,306.87311243919277,Low Value
15244.0,2011-04-05 15:12:00,2011-10-05 13:19:00,2,405,11.911764705882353,2.3405882352941174,631.57,18.57558823529412,11.478752226343978,64,182,91.0,0.32967032967032966,315.785,623.1762364526869,Medium Value
15245.0,2011-03-23 13:42:00,2011-07-28 18:56:00,3,1784,20.04494382022472,1.8764044943820224,2515.84,28.267865168539327,32.97610820633872,133,127,42.333333333333336,0.7086614173228346,838.6133333333333,2228.6924091666674,VIP
15246.0,2010-12-16 09:46:00,2011-04-15 14:45:00,2,247,7.484848484848484,2.9833333333333334,514.15,15.58030303030303,3.3877061605610117,237,120,60.0,0.5,257.075,511.86509422087545,Medium Value
15247.0,2011-08-09 12:52:00,2011-08-09 12:52:00,1,160,26.666666666666668,2.0833333333333335,356.0,59.333333333333336,30.093897498773174,121,0,0.0,0.0,356.0,296.72855386363636,Low Value
15249.0,2011-03-28 12:49:00,2011-11-08 11:45:00,13,3577,10.22,2.8037142857142854,6688.46,19.109885714285713,9.363324966493591,31,224,17.23076923076923,1.7410714285714286,514.496923076923,6447.801318690475,VIP
15251.0,2011-04-12 10:38:00,2011-11-30 15:02:00,11,6171,55.5945945945946,3.865765765765766,10484.99,94.45936936936937,44.360848960629475,8,232,21.09090909090909,1.4224137931034482,953.180909090909,11651.257922761899,VIP
15252.0,2011-06-09 14:15:00,2011-11-03 13:30:00,2,522,11.863636363636363,2.062727272727273,740.78,16.83590909090909,6.528604793497833,35,146,73.0,0.4109589041095891,370.39,751.8649630662252,High Value
15253.0,2011-06-23 12:19:00,2011-11-23 16:22:00,5,866,16.339622641509433,1.6766037735849058,918.2,17.324528301886794,6.261035662067707,15,153,30.6,0.9803921568627452,183.64000000000001,972.3781030952379,High Value
15254.0,2011-08-04 15:04:00,2011-08-04 15:04:00,1,275,15.277777777777779,2.03,300.36,16.686666666666667,5.475078296512405,126,0,0.0,0.0,300.36,319.8433587233436,Medium Value
15255.0,2011-10-04 12:43:00,2011-10-04 12:43:00,1,489,10.404255319148936,2.7510638297872343,890.85,18.95425531914894,13.267133589156533,66,0,0.0,0.0,890.85,822.0001516238422,High Value
15256.0,2011-07-14 11:47:00,2011-07-14 11:47:00,1,55,9.166666666666666,1.8166666666666667,98.45,16.408333333333335,7.625379771963275,148,0,0.0,0.0,98.45,103.15154411741035,Low Value
15257.0,2011-03-01 12:58:00,2011-03-01 12:58:00,1,46,6.571428571428571,30.957142857142856,317.15,45.30714285714286,53.641047937279566,282,0,0.0,0.0,317.15,326.78869603174627,Medium Value
15258.0,2011-05-06 14:16:00,2011-06-24 12:30:00,2,142,4.176470588235294,5.6376470588235295,623.16,18.328235294117647,5.97422112108056,168,48,24.0,1.25,311.58,510.95007420246446,Medium Value
15260.0,2010-12-02 12:09:00,2011-08-31 13:55:00,7,885,11.493506493506494,3.4683116883116885,1810.77,23.516493506493507,11.627419699078121,99,272,38.857142857142854,0.7720588235294118,258.68142857142857,1780.8691913167388,VIP
15261.0,2011-07-27 15:20:00,2011-07-27 15:20:00,1,270,14.210526315789474,1.1994736842105262,254.82,13.41157894736842,6.913270060107345,134,0,0.0,0.0,254.82,242.71930625305257,Low Value
15262.0,2011-01-20 12:16:00,2011-01-20 12:16:00,1,73,7.3,3.2950000000000004,178.95000000000002,17.895000000000003,3.8609476384259174,323,0,0.0,0.0,178.95000000000002,173.26082376069553,Low Value
15263.0,2011-08-25 10:26:00,2011-08-25 10:26:00,1,89,7.416666666666667,2.9575,156.51,13.042499999999999,4.250249457919554,106,0,0.0,0.0,156.51,174.0860581455964,Low Value
15264.0,2011-10-06 13:49:00,2011-10-06 13:49:00,1,265,11.521739130434783,2.31,393.74,17.11913043478261,6.166293208789127,63,0,0.0,0.0,393.74,390.66049942820877,Medium Value
15265.0,2011-04-18 12:16:00,2011-07-11 14:46:00,2,612,7.463414634146342,4.574390243902439,1506.1200000000001,18.36731707317073,7.4245157881404555,150,84,42.0,0.7142857142857143,753.0600000000001,1429.7868788111407,High Value
15266.0,2011-01-05 13:40:00,2011-01-05 13:40:00,1,18,3.0,6.75,119.3,19.883333333333333,9.815531909512934,337,0,0.0,0.0,119.3,121.58750817162583,Low Value
15267.0,2011-06-10 10:24:00,2011-11-17 15:59:00,5,944,85.81818181818181,1.8354545454545452,1717.36,156.12363636363636,83.16646526968997,21,160,32.0,0.9375,343.472,1560.3505859090901,High Value
15269.0,2011-11-16 09:32:00,2011-11-16 09:32:00,1,26,13.0,74.975,408.8,204.4,121.05668093913695,23,0,0.0,0.0,408.8,316.2386243253969,Medium Value
15270.0,2011-02-02 13:25:00,2011-11-24 09:24:00,7,1521,37.09756097560975,6.593658536585365,2379.49,58.03634146341463,57.74839823562631,15,294,42.0,0.7142857142857142,339.9271428571428,3086.15800440476,VIP
15271.0,2010-12-09 13:47:00,2011-12-02 14:11:00,15,1262,4.605839416058394,2.7365328467153285,2507.07,9.149890510948905,7.737708176637064,6,358,23.866666666666667,1.2569832402234637,167.138,2313.4076971015097,VIP
15272.0,2011-09-14 16:36:00,2011-10-13 12:59:00,2,310,4.920634920634921,4.119047619047619,721.94,11.45936507936508,8.750309095557316,56,28,14.0,2.142857142857143,360.97,759.031601298467,High Value
15274.0,2011-11-21 14:17:00,2011-12-05 16:57:00,2,619,13.170212765957446,2.0589361702127658,716.57,15.246170212765959,6.934590221174945,3,14,7.0,4.285714285714286,358.285,747.6292730726302,High Value
15275.0,2011-11-02 11:20:00,2011-11-02 11:20:00,1,498,12.146341463414634,3.257073170731707,615.14,15.003414634146342,5.163671954024625,37,0,0.0,0.0,615.14,671.17778655525,Medium Value
15276.0,2011-10-04 16:39:00,2011-10-04 16:39:00,1,64,1.2307692307692308,2.4048076923076924,135.31,2.602115384615385,2.119826423284867,65,0,0.0,0.0,135.31,132.78539165425505,Low Value
15277.0,2011-10-24 10:08:00,2011-10-24 10:08:00,1,205,17.083333333333332,1.7708333333333333,255.89999999999998,21.325,13.829718001463373,46,0,0.0,0.0,255.89999999999998,276.85097824925987,Low Value
15279.0,2010-12-20 10:48:00,2010-12-20 10:48:00,1,189,9.947368421052632,3.8610526315789473,290.51,15.29,5.637105246095336,354,0,0.0,0.0,290.51,301.4699483045799,Low Value
15280.0,2011-06-20 17:14:00,2011-06-20 17:14:00,1,154,9.625,0.804375,113.12,7.07,6.544141400265329,171,0,0.0,0.0,113.12,119.69998003892526,Low Value
15281.0,2011-01-10 15:51:00,2011-10-12 09:10:00,9,1211,8.712230215827338,3.9148201438848917,2332.15,16.778057553956835,6.092649988364792,58,274,30.444444444444443,0.9854014598540146,259.1277777777778,2617.857370183984,VIP
15286.0,2011-10-21 11:08:00,2011-10-21 11:08:00,1,55,18.333333333333332,4.45,240.55,80.18333333333334,30.139522778792188,49,0,0.0,0.0,240.55,227.44089840384618,Low Value
15287.0,2011-09-30 12:30:00,2011-11-17 15:34:00,2,433,21.65,2.559,486.69,24.3345,24.12573434388224,21,48,24.0,1.25,243.345,538.2026077734519,Medium Value
15288.0,2010-12-09 13:59:00,2011-10-27 16:58:00,5,775,8.806818181818182,3.3252272727272727,2306.52,26.210454545454546,24.978083952776146,42,322,64.4,0.46583850931677023,461.304,1756.9202139841695,VIP
15289.0,2011-04-04 12:44:00,2011-11-10 13:49:00,3,1008,17.379310344827587,1.2341379310344827,939.78,16.20310344827586,16.027314208124604,28,220,73.33333333333333,0.4090909090909091,313.26,917.1751848809524,High Value
15290.0,2010-12-15 16:03:00,2011-12-05 11:39:00,18,4501,22.063725490196077,3.2506862745098037,7943.22,38.93735294117647,25.1008076696333,4,354,19.666666666666668,1.5254237288135593,441.29,8234.341484722221,VIP
15291.0,2010-12-01 09:32:00,2011-11-14 11:02:00,15,2103,20.41747572815534,5.093495145631068,4668.3,45.32330097087379,48.592846047911,25,348,23.2,1.293103448275862,311.22,5431.6439745238085,VIP
15292.0,2011-05-22 15:00:00,2011-05-22 15:00:00,1,56,2.24,4.6328,180.94,7.2376,4.803185817767203,200,0,0.0,0.0,180.94,171.51061185047521,Low Value
15296.0,2011-01-17 11:57:00,2011-10-20 11:47:00,6,1766,9.103092783505154,3.4776288659793813,3672.86,18.932268041237116,14.009270728054574,50,275,45.833333333333336,0.6545454545454545,612.1433333333333,3529.622614368133,VIP
15297.0,2011-10-07 09:42:00,2011-11-29 16:32:00,3,292,7.487179487179487,2.7343589743589742,641.94,16.46,4.593172851320236,9,53,17.666666666666668,1.6981132075471699,213.98000000000002,594.4552490567427,Medium Value
15298.0,2010-12-08 13:55:00,2011-12-07 17:17:00,11,2756,14.429319371727749,2.3900523560209423,3809.9,19.94712041884817,12.662881836344063,1,364,33.09090909090909,0.9065934065934066,346.3545454545455,3934.5781606313103,VIP
15299.0,2010-12-02 16:50:00,2011-10-03 14:19:00,6,1124,187.33333333333334,103.17666666666666,3503.81,583.9683333333334,170.86088966368715,66,304,50.666666666666664,0.5921052631578948,583.9683333333334,4337.873289682538,VIP
15300.0,2011-10-06 17:08:00,2011-10-06 17:08:00,1,292,10.428571428571429,2.862142857142857,496.44,17.73,5.107254825427437,63,0,0.0,0.0,496.44,506.68891631304245,Medium Value
15301.0,2010-12-06 12:21:00,2011-10-20 09:57:00,12,2775,11.419753086419753,3.0046090534979424,5070.35,20.865637860082305,40.36492990229359,50,317,26.416666666666668,1.135646687697161,422.5291666666667,5243.710833181817,VIP
15303.0,2011-02-22 13:59:00,2011-02-22 13:59:00,1,248,8.0,3.8406451612903227,574.02,18.516774193548386,6.96828691865118,289,0,0.0,0.0,574.02,566.7766920185727,Medium Value
15304.0,2010-12-06 11:42:00,2011-10-10 10:23:00,8,104,4.521739130434782,7.467391304347826,694.4,30.191304347826087,18.01730640355338,60,307,38.375,0.7817589576547231,86.8,599.8049815476191,Medium Value
15306.0,2011-07-14 15:22:00,2011-10-06 12:56:00,3,810,13.96551724137931,2.6510344827586207,1174.3500000000001,20.24741379310345,12.821127514304344,63,83,27.666666666666668,1.0843373493975903,391.45000000000005,1219.4170970440678,High Value
15307.0,2011-09-05 11:38:00,2011-09-05 11:38:00,1,37,3.0833333333333335,6.745833333333334,205.3,17.108333333333334,2.7706114629785024,95,0,0.0,0.0,205.3,181.1833332533906,Low Value
15308.0,2011-03-10 13:08:00,2011-03-10 13:08:00,1,175,9.210526315789474,4.0336842105263155,310.47,16.340526315789475,3.363989816479848,273,0,0.0,0.0,310.47,325.7468451998637,Medium Value
15311.0,2010-12-01 09:41:00,2011-12-09 12:00:00,30,38194,16.05464480874317,2.506036149642707,16525.23879999992,25.543463640184953,46.52619164720481,0,373,4.0989010989010985,7.319034852546917,667.7791208791209,16426.05025363803,VIP
15312.0,2010-12-20 12:51:00,2011-09-25 13:10:00,4,516,10.97872340425532,2.3721276595744683,924.85,19.677659574468084,12.88398183333053,74,279,69.75,0.4301075268817204,231.2125,943.512380411256,High Value
15313.0,2011-08-21 16:02:00,2011-08-21 16:02:00,1,25,25.0,2.08,52.0,52.0,0.0,109,0,0.0,0.0,52.0,55.6028533929959,Low Value
15314.0,2011-05-24 14:39:00,2011-05-24 14:39:00,1,313,13.041666666666666,1.71375,327.97,13.665416666666667,5.152592407176485,198,0,0.0,0.0,327.97,332.020459514696,Medium Value
15315.0,2011-08-15 15:17:00,2011-10-06 12:51:00,2,862,23.2972972972973,0.8824324324324324,570.5,15.41891891891892,6.05738474177676,63,51,25.5,1.1764705882352942,285.25,605.462497936508,Medium Value
15316.0,2011-01-17 11:34:00,2011-01-17 11:34:00,1,100,100.0,1.65,165.0,165.0,0.0,326,0,0.0,0.0,165.0,167.3867704593684,Low Value
15318.0,2011-12-06 11:30:00,2011-12-06 11:30:00,1,642,19.454545454545453,0.5857575757575758,312.62,9.473333333333333,7.662399537133696,3,0,0.0,0.0,312.62,352.2059751587302,Medium Value
15319.0,2011-03-01 12:48:00,2011-03-01 12:48:00,1,175,10.9375,3.24125,204.5,12.78125,6.010126870541088,283,0,0.0,0.0,204.5,211.25907290100247,Low Value
15320.0,2011-10-26 13:27:00,2011-10-26 13:27:00,1,326,9.055555555555555,3.0636111111111113,267.13,7.420277777777778,11.075888996531702,43,0,0.0,0.0,267.13,389.44434148761417,Medium Value
15321.0,2011-02-21 11:10:00,2011-09-30 09:40:00,3,1181,12.43157894736842,3.425684210526316,2748.31,28.92957894736842,16.4481966233765,70,220,73.33333333333333,0.4090909090909091,916.1033333333334,2619.363631984126,VIP
15322.0,2011-09-15 09:34:00,2011-09-15 09:34:00,1,416,9.904761904761905,3.1121428571428575,679.68,16.18285714285714,6.726207312324113,85,0,0.0,0.0,679.68,731.0402501257074,High Value
15325.0,2011-08-28 11:55:00,2011-08-28 11:55:00,1,232,4.73469387755102,1.089591836734694,162.29,3.3120408163265305,3.78178087435439,103,0,0.0,0.0,162.29,184.35320163641916,Low Value
15326.0,2011-01-10 11:38:00,2011-01-10 11:38:00,1,386,13.310344827586206,1.4520689655172414,311.71,10.748620689655171,5.13358182123076,333,0,0.0,0.0,311.71,367.49835694083697,Medium Value
15327.0,2011-10-18 11:55:00,2011-10-18 11:55:00,1,116,11.6,4.397,208.75,20.875,9.357327788067133,52,0,0.0,0.0,208.75,247.81043803571433,Low Value
15329.0,2011-06-21 10:37:00,2011-10-31 15:36:00,3,486,8.526315789473685,3.6938596491228073,1049.7,18.41578947368421,9.536328087029025,38,132,44.0,0.6818181818181818,349.90000000000003,1012.1265461819468,High Value
15330.0,2011-10-10 12:30:00,2011-11-07 17:50:00,2,1312,100.92307692307692,0.5607692307692308,714.9599999999999,54.99692307692307,65.47506489555336,31,28,14.0,2.142857142857143,357.47999999999996,733.9736293795094,High Value
15332.0,2010-12-05 12:00:00,2010-12-08 14:43:00,4,652,18.62857142857143,2.841142857142857,1661.06,47.45885714285714,23.82426491322371,365,3,0.75,40.0,415.265,1549.6981615079367,High Value
15333.0,2011-05-15 13:27:00,2011-05-15 13:27:00,1,344,21.5,2.96375,1028.56,64.285,67.12463065075293,207,0,0.0,0.0,1028.56,812.699056984127,High Value
15334.0,2011-06-19 13:51:00,2011-07-06 11:22:00,3,274,2.7676767676767677,1.4963636363636361,351.67,3.5522222222222224,3.4431868708602495,156,16,5.333333333333333,5.625,117.22333333333334,324.365836031746,Medium Value
15335.0,2011-10-17 12:50:00,2011-10-17 12:50:00,1,80,2.2222222222222223,2.816388888888889,173.97,4.8325,3.6468470726681934,53,0,0.0,0.0,173.97,178.85563448652795,Low Value
15339.0,2011-01-25 13:15:00,2011-10-04 12:51:00,2,416,4.837209302325581,2.373953488372093,574.07,6.675232558139536,4.286818847074527,65,251,125.5,0.2390438247011952,287.035,594.2963015978912,Medium Value
15341.0,2011-09-20 09:40:00,2011-09-20 09:40:00,1,812,47.76470588235294,2.9717647058823533,2020.52,118.85411764705883,41.788862011728604,80,0,0.0,0.0,1786.2049999999992,1521.111160989011,High Value
15342.0,2011-08-02 10:19:00,2011-08-02 10:19:00,1,283,11.791666666666666,2.368333333333333,406.09000000000003,16.920416666666668,6.496440817640184,129,0,0.0,0.0,406.09000000000003,416.239873480145,Medium Value
15343.0,2011-09-13 13:55:00,2011-09-13 13:55:00,1,84,4.0,6.39047619047619,364.5,17.357142857142858,6.026323209766585,86,0,0.0,0.0,364.5,353.62158238721815,Medium Value
15344.0,2011-09-26 14:48:00,2011-12-09 10:45:00,3,116,4.461538461538462,7.559230769230769,563.94,21.69,9.346134174085023,0,73,24.333333333333332,1.2328767123287672,187.98000000000002,559.0738670952381,Medium Value
15345.0,2011-10-25 11:28:00,2011-10-25 11:28:00,1,81,4.05,7.730499999999999,393.54,19.677,6.042744322521715,45,0,0.0,0.0,393.54,384.39918262531324,Medium Value
15346.0,2011-01-11 11:18:00,2011-01-11 11:18:00,1,144,8.470588235294118,2.5700000000000003,252.42000000000002,14.848235294117648,3.6151283436658894,332,0,0.0,0.0,252.42000000000002,257.82935786768996,Low Value
15347.0,2010-12-08 15:25:00,2010-12-08 15:25:00,1,130,26.0,2.2700000000000005,201.60000000000002,40.32000000000001,44.64893055830116,365,0,0.0,0.0,201.60000000000002,211.4505764161964,Low Value
15348.0,2011-09-28 13:17:00,2011-09-28 13:17:00,1,84,9.333333333333334,2.1133333333333333,158.04,17.56,9.86521160442086,71,0,0.0,0.0,158.04,152.95834853992204,Low Value
15349.0,2011-06-05 15:46:00,2011-07-04 16:06:00,2,327,4.541666666666667,2.9402777777777778,473.81,6.580694444444444,6.253201844956831,157,29,14.5,2.0689655172413794,236.905,533.4138716093545,Medium Value
15350.0,2010-12-01 13:33:00,2010-12-01 13:33:00,1,51,10.2,2.6700000000000004,115.65,23.130000000000003,4.628660713424566,368,0,0.0,0.0,115.65,120.99997232501053,Low Value
15351.0,2010-12-05 11:49:00,2011-11-27 12:52:00,7,753,3.3466666666666667,2.8291555555555554,1960.11,8.711599999999999,9.322217993665914,11,357,51.0,0.5882352941176471,280.0157142857143,1753.9613681349217,VIP
15353.0,2010-12-07 11:49:00,2011-03-30 12:15:00,2,343,5.444444444444445,3.312857142857143,777.02,12.333650793650794,13.781450284371534,254,113,56.5,0.5309734513274337,388.51,756.3145474331271,High Value
15355.0,2011-10-17 15:22:00,2011-11-10 13:44:00,2,45,3.2142857142857144,6.114285714285715,277.05,19.789285714285715,11.133338337061017,28,23,11.5,2.608695652173913,138.525,247.75897204151076,Low Value
15356.0,2010-12-06 14:05:00,2011-11-08 13:11:00,10,1673,3.2235067437379574,1.9985356454720618,2766.5,5.330443159922929,3.7967111855388973,30,336,33.6,0.8928571428571429,276.65,2671.849660939894,VIP
15358.0,2010-12-09 10:04:00,2011-12-05 09:04:00,22,7050,12.79491833030853,1.9899274047186934,8347.2,15.149183303085302,8.45789225113405,4,360,16.363636363636363,1.8333333333333333,379.41818181818184,8315.235825119047,VIP
15360.0,2011-10-31 09:35:00,2011-10-31 09:35:00,1,223,17.153846153846153,2.3515384615384614,427.93,32.917692307692306,13.086159453054561,39,0,0.0,0.0,427.93,390.2172123489467,Medium Value
15361.0,2010-12-13 09:52:00,2010-12-13 09:52:00,1,336,48.0,1.3442857142857143,418.92,59.84571428571429,66.37944432255688,361,0,0.0,0.0,418.92,428.1478842957043,Medium Value
15363.0,2010-12-02 12:28:00,2010-12-02 12:28:00,1,144,9.0,2.9875000000000003,326.0,20.375,8.478502226218968,368,0,0.0,0.0,326.0,311.5735627329127,Medium Value
15364.0,2011-03-30 13:39:00,2011-09-05 09:46:00,2,493,17.0,1.9779310344827585,913.19,31.489310344827587,44.02862185402277,95,158,79.0,0.379746835443038,456.595,824.9775506127326,High Value
15365.0,2011-01-28 13:08:00,2011-11-14 08:29:00,7,1084,9.508771929824562,3.088421052631579,2314.32,20.301052631578948,16.375742062138773,25,289,41.285714285714285,0.726643598615917,330.6171428571429,2218.631415217299,VIP
15366.0,2010-12-16 15:59:00,2011-09-25 15:01:00,2,621,14.113636363636363,2.4736363636363636,602.51,13.69340909090909,4.91629655622529,74,282,141.0,0.2127659574468085,301.255,720.0635921500725,High Value
15367.0,2011-03-09 13:53:00,2011-10-13 14:13:00,4,1057,11.126315789473685,2.9531578947368424,1877.5900000000001,19.764105263157898,10.384301213414865,56,218,54.5,0.5504587155963303,469.39750000000004,1856.8427202707016,VIP
15368.0,2011-11-18 14:42:00,2011-11-18 14:42:00,1,230,57.5,3.56,446.94000000000005,111.73500000000001,115.09287076096416,20,0,0.0,0.0,446.94000000000005,639.4095129761906,Medium Value
15370.0,2011-01-11 11:32:00,2011-10-30 10:58:00,7,830,8.829787234042554,3.799255319148936,2386.05,25.383510638297874,29.20899344886065,40,291,41.57142857142857,0.7216494845360826,340.86428571428576,2175.565744231603,VIP
15372.0,2011-07-25 16:39:00,2011-07-25 16:39:00,1,2924,108.29629629629629,0.8248148148148148,2007.4,74.34814814814816,39.46832313456111,136,0,0.0,0.0,1786.2049999999992,1847.5492474999999,VIP
15373.0,2010-12-03 14:40:00,2011-12-01 15:05:00,12,500,3.787878787878788,5.201363636363637,2415.91,18.302348484848483,17.879963704552207,7,363,30.25,0.9917355371900827,201.32583333333332,2088.8286891269827,VIP
15374.0,2011-08-03 09:59:00,2011-08-03 09:59:00,1,126,42.0,3.8166666666666664,168.0,56.0,33.580351397804044,128,0,0.0,0.0,168.0,249.82662858187135,Low Value
15376.0,2011-05-01 13:45:00,2011-10-30 15:04:00,3,619,5.2905982905982905,2.8952991452991452,1233.3600000000001,10.541538461538462,6.1265788416037905,39,182,60.666666666666664,0.4945054945054945,411.12000000000006,1184.7005251392234,High Value
15379.0,2010-12-16 13:02:00,2011-06-23 13:13:00,7,2305,11.881443298969073,2.5399484536082473,3703.29,19.089123711340207,10.832346099809913,168,189,27.0,1.1111111111111112,529.0414285714286,3557.0294772222223,VIP
15380.0,2010-12-09 15:01:00,2011-12-01 12:13:00,5,376,10.444444444444445,6.140555555555555,1690.26,46.95166666666667,54.859954142994226,8,356,71.2,0.42134831460674155,338.052,1537.0291359523806,High Value
15381.0,2011-03-16 13:44:00,2011-05-10 11:55:00,2,171,21.375,6.2,596.85,74.60625,98.96918148559466,213,54,27.0,1.1111111111111112,298.425,697.5145299025972,High Value
15382.0,2011-02-17 12:01:00,2011-11-25 10:58:00,6,4012,13.28476821192053,2.4367549668874173,5955.71,19.7208940397351,11.350132268845883,14,280,46.666666666666664,0.6428571428571428,992.6183333333333,5564.166459083695,VIP
15384.0,2010-12-15 11:34:00,2011-06-23 10:57:00,2,596,14.536585365853659,1.8617073170731706,642.41,15.668536585365853,7.9379822880174045,169,189,94.5,0.31746031746031744,321.205,645.8643761409502,Medium Value
15385.0,2011-10-30 15:11:00,2011-10-30 15:11:00,1,161,13.416666666666666,2.22,316.88,26.406666666666666,41.988963340671354,39,0,0.0,0.0,316.88,280.0650614826841,Low Value
15386.0,2011-06-06 13:47:00,2011-06-06 13:47:00,1,446,14.387096774193548,1.3864516129032256,394.14,12.714193548387096,4.167736215416028,185,0,0.0,0.0,394.14,440.36324892857147,Medium Value
15388.0,2011-03-14 13:53:00,2011-03-14 13:53:00,1,88,8.8,2.0629999999999997,140.54,14.053999999999998,4.6193029777229375,269,0,0.0,0.0,140.54,141.33926104092055,Low Value
15389.0,2011-06-20 16:18:00,2011-06-20 16:18:00,1,400,400.0,1.25,500.0,500.0,0.0,171,0,0.0,0.0,500.0,522.7097447619046,Medium Value
15392.0,2010-12-14 15:50:00,2011-12-05 11:01:00,4,1277,15.202380952380953,2.1430952380952384,1535.53,18.280119047619046,14.234174428901872,4,355,88.75,0.3380281690140845,383.8825,1648.556424036796,VIP
15393.0,2011-03-03 16:58:00,2011-11-23 16:48:00,2,150,12.5,1.5783333333333334,231.86,19.32166666666667,9.989639936484503,15,264,132.0,0.22727272727272727,115.93,214.3057604043179,Low Value
15394.0,2010-12-16 12:46:00,2011-11-30 11:49:00,4,910,10.705882352941176,3.2396470588235293,2183.54,25.68870588235294,11.708388200674895,9,348,87.0,0.3448275862068966,545.885,1923.3918842667574,VIP
15395.0,2011-01-18 12:40:00,2011-01-18 12:40:00,1,17,2.4285714285714284,6.542857142857143,107.45,15.35,1.6643316977093245,325,0,0.0,0.0,107.45,113.8078952236027,Low Value
15396.0,2011-08-19 10:56:00,2011-08-19 10:56:00,1,122,8.714285714285714,3.599285714285714,288.18,20.584285714285716,18.00366147131262,112,0,0.0,0.0,288.18,292.73968506207046,Low Value
15397.0,2011-02-23 09:25:00,2011-02-23 09:25:00,1,20,3.3333333333333335,4.933333333333334,94.0,15.666666666666666,1.5727894540168648,289,0,0.0,0.0,94.0,102.30579999734087,Low Value
15398.0,2011-09-22 14:56:00,2011-11-23 16:47:00,2,769,10.534246575342467,2.694794520547945,1345.53,18.43191780821918,6.5296785392915035,15,62,31.0,0.9677419354838709,672.765,1295.1772741133927,High Value
15399.0,2011-09-21 15:57:00,2011-12-08 13:04:00,3,611,12.22,1.9098,815.77,16.3154,7.5165111343397255,0,77,25.666666666666668,1.1688311688311688,271.92333333333335,817.0621874886228,High Value
15400.0,2011-03-06 11:27:00,2011-09-08 13:57:00,5,390,32.5,2.1041666666666665,716.2,59.68333333333334,31.078692886206646,91,186,37.2,0.8064516129032258,143.24,719.8346786178708,High Value
15402.0,2011-05-27 13:32:00,2011-07-14 12:17:00,2,694,16.523809523809526,3.5076190476190474,626.77,14.923095238095238,12.210425471122226,148,47,23.5,1.2765957446808511,313.385,841.8486635064933,High Value
15405.0,2011-06-03 14:44:00,2011-06-03 14:44:00,1,193,24.125,3.6,349.1,43.6375,40.57732996566996,188,0,0.0,0.0,349.1,424.15185720238105,Medium Value
15406.0,2011-02-11 16:19:00,2011-11-08 13:22:00,2,254,4.7924528301886795,3.2645283018867928,510.71000000000004,9.636037735849058,9.787913531812638,30,269,134.5,0.22304832713754646,255.35500000000002,556.1428506161285,Medium Value
15407.0,2011-02-07 13:18:00,2011-11-06 11:55:00,4,558,3.6470588235294117,3.8966666666666665,1056.44,6.90483660130719,17.27466543603877,33,271,67.75,0.44280442804428044,264.11,1233.3715256399494,High Value
15408.0,2011-03-20 15:02:00,2011-03-20 15:02:00,1,106,3.1176470588235294,4.476176470588236,267.18,7.858235294117647,6.135656083853025,263,0,0.0,0.0,267.18,333.3677358182756,Medium Value
15410.0,2011-03-23 10:15:00,2011-09-16 14:47:00,8,1200,9.836065573770492,3.8858196721311473,3450.84,28.285573770491805,21.9187145989008,83,177,22.125,1.3559322033898304,431.355,2993.564547476192,VIP
15411.0,2011-06-10 12:30:00,2011-11-13 15:19:00,4,530,5.353535353535354,4.114242424242424,1358.88,13.726060606060607,8.520271244386652,25,156,39.0,0.7692307692307692,339.72,1323.5760896045958,High Value
15412.0,2011-06-21 15:24:00,2011-06-21 15:24:00,1,108,10.8,3.471,190.53,19.053,30.226878417873202,170,0,0.0,0.0,190.53,209.18264262109523,Low Value
15414.0,2011-04-11 13:45:00,2011-11-30 09:50:00,3,443,11.35897435897436,3.2115384615384617,774.9000000000001,19.86923076923077,12.992168366612127,9,232,77.33333333333333,0.3879310344827586,258.3,779.9269083272281,High Value
15415.0,2011-01-30 14:13:00,2011-01-30 14:13:00,1,575,11.979166666666666,1.7456250000000002,572.8100000000001,11.933541666666668,6.295356441189903,312,0,0.0,0.0,572.8100000000001,626.621677362652,Medium Value
15416.0,2011-03-02 08:41:00,2011-10-06 09:38:00,4,2090,10.885416666666666,3.266666666666667,3984.32,20.75166666666667,15.113195833679763,64,218,54.5,0.5504587155963303,996.08,3375.382014404762,VIP
15417.0,2011-09-15 15:26:00,2011-09-15 15:26:00,1,284,10.142857142857142,1.8735714285714287,508.8,18.17142857142857,2.422251346846895,84,0,0.0,0.0,508.8,404.14513898999024,Medium Value
15419.0,2011-11-15 09:23:00,2011-11-15 09:23:00,1,230,28.75,1.3112499999999998,135.86,16.9825,8.244460911077553,24,0,0.0,0.0,135.86,181.7375772677322,Low Value
15421.0,2011-02-02 14:36:00,2011-10-12 09:20:00,4,500,9.433962264150944,2.674150943396226,950.36,17.93132075471698,5.915523917799756,58,251,62.75,0.4780876494023904,237.59,937.5996716700425,High Value
15422.0,2011-01-20 14:17:00,2011-01-20 16:17:00,2,38,6.333333333333333,3.016666666666667,97.7,16.283333333333335,4.019660018790975,322,0,0.0,0.0,48.85,100.69025909408678,Low Value
15423.0,2011-11-01 14:01:00,2011-11-01 14:01:00,1,101,50.5,3.93,43.5,21.75,20.152543263816604,37,0,0.0,0.0,43.5,118.06743510461763,Low Value
15424.0,2011-03-30 13:00:00,2011-03-30 13:02:00,2,554,32.588235294117645,1.7388235294117649,383.34,22.54941176470588,14.125082508868857,253,0,0.0,0.0,191.67,529.9817112343358,Medium Value
15426.0,2010-12-05 13:55:00,2011-11-20 15:36:00,5,674,2.308219178082192,2.6877739726027396,1447.39,4.956815068493151,6.971168049862841,18,350,70.0,0.4285714285714286,289.478,1398.5072963275616,High Value
15427.0,2011-10-23 14:47:00,2011-11-06 14:29:00,3,1013,3.310457516339869,2.1190522875816993,1483.14,4.84686274509804,4.619437403909735,32,13,4.333333333333333,6.9230769230769225,494.38000000000005,1427.356811356421,High Value
15428.0,2011-11-24 16:54:00,2011-11-24 16:54:00,1,102,17.0,1.8633333333333333,93.78,15.63,5.830413364419371,14,0,0.0,0.0,93.78,121.37608605622732,Low Value
15429.0,2011-09-25 13:42:00,2011-11-13 12:28:00,2,380,4.634146341463414,2.0679268292682926,397.35,4.845731707317073,5.579753308960782,26,48,24.0,1.25,198.675,528.3459013346188,Medium Value
15432.0,2011-11-16 16:30:00,2011-11-16 16:30:00,1,65,6.5,2.909,171.19000000000003,17.119000000000003,6.416822422352048,22,0,0.0,0.0,171.19000000000003,160.10620342756437,Low Value
15433.0,2011-03-17 14:12:00,2011-05-10 10:45:00,2,534,13.024390243902438,1.2573170731707317,533.3,13.00731707317073,3.2831037330476205,213,53,26.5,1.1320754716981132,266.65,498.27580504328995,Medium Value
15434.0,2011-05-23 14:18:00,2011-12-01 13:33:00,5,647,11.763636363636364,3.250181818181818,1041.48,18.936,10.904034863127332,7,191,38.2,0.7853403141361257,208.296,1122.5290141780738,High Value
15435.0,2011-11-17 16:39:00,2011-11-17 16:39:00,1,54,1.8620689655172413,3.7351724137931037,149.29,5.147931034482759,2.8488084969363507,21,0,0.0,0.0,149.29,146.55024536325644,Low Value
15436.0,2011-04-19 16:52:00,2011-11-27 16:05:00,3,613,1.8632218844984803,2.1387841945288755,1122.53,3.4119452887537993,3.323091124081429,11,221,73.66666666666667,0.4072398190045249,374.1766666666667,988.1846618614724,High Value
15437.0,2011-03-22 13:11:00,2011-03-22 13:11:00,1,79,1.7555555555555555,2.845333333333333,200.16,4.4479999999999995,3.9964555887345066,261,0,0.0,0.0,200.16,185.04306134283212,Low Value
15438.0,2011-07-31 14:19:00,2011-07-31 14:19:00,1,59,2.36,3.5376,156.57999999999998,6.263199999999999,3.9685458293939355,130,0,0.0,0.0,156.57999999999998,161.75974887045516,Low Value
15440.0,2011-05-15 11:30:00,2011-10-16 12:16:00,3,197,3.1774193548387095,2.338709677419355,383.68,6.188387096774194,7.131408752730367,54,154,51.333333333333336,0.5844155844155844,127.89333333333333,375.1206408197945,Medium Value
15442.0,2011-04-05 12:24:00,2011-04-05 12:24:00,1,120,60.0,4.95,594.0,297.0,0.0,248,0,0.0,0.0,594.0,582.5468709307358,Medium Value
15443.0,2011-01-23 13:25:00,2011-12-08 10:40:00,7,1663,4.353403141361256,2.966649214659686,3236.91,8.473586387434555,7.235443344046451,1,318,45.42857142857143,0.6603773584905661,462.4157142857143,3185.9242995238087,VIP
15444.0,2011-10-30 16:12:00,2011-11-30 17:37:00,2,764,3.4885844748858448,2.800821917808219,1418.26,6.476073059360731,4.364715709412887,8,31,15.5,1.9354838709677418,709.13,1369.16608824773,High Value
15445.0,2011-03-20 15:06:00,2011-03-20 15:06:00,1,58,11.6,5.55,113.5,22.7,4.981465647778774,263,0,0.0,0.0,113.5,139.35424208426448,Low Value
15447.0,2011-01-13 11:26:00,2011-01-13 11:26:00,1,85,9.444444444444445,3.121111111111111,155.17000000000002,17.241111111111113,5.395248938752604,330,0,0.0,0.0,155.17000000000002,178.5837422298214,Low Value
15448.0,2011-01-31 10:42:00,2011-01-31 10:42:00,1,232,8.285714285714286,3.5778571428571424,494.64,17.665714285714284,5.893646565690026,312,0,0.0,0.0,494.64,486.7800516311374,Medium Value
15449.0,2011-03-23 10:43:00,2011-11-13 15:02:00,3,812,13.533333333333333,1.901166666666667,974.52,16.242,5.580071623378496,25,235,78.33333333333333,0.3829787234042553,324.84,991.1385807142859,High Value
15450.0,2011-11-09 17:11:00,2011-11-09 17:11:00,1,376,12.533333333333333,2.1726666666666667,429.84,14.328,6.297293562070658,29,0,0.0,0.0,429.84,481.71442401334804,Medium Value
15452.0,2011-03-20 15:21:00,2011-11-10 12:13:00,3,283,4.879310344827586,2.589827586206897,538.73,9.28844827586207,7.486802142559871,29,234,78.0,0.38461538461538464,179.57666666666668,531.799425291563,Medium Value
15453.0,2011-06-05 12:37:00,2011-12-08 10:59:00,7,845,2.9545454545454546,2.5453146853146853,1388.37,4.854440559440559,4.695705937059053,1,185,26.428571428571427,1.135135135135135,198.3385714285714,1427.33947031689,High Value
15454.0,2010-12-12 14:21:00,2010-12-12 14:21:00,1,86,3.44,2.782,179.1,7.164,5.099867645341396,361,0,0.0,0.0,179.1,179.1612411529238,Low Value
15456.0,2010-12-15 15:34:00,2011-03-01 13:51:00,3,660,11.0,1.605,447.22,7.453666666666667,5.113178044769625,282,75,25.0,1.2,149.07333333333335,571.1721940512263,Medium Value
15457.0,2011-03-22 15:31:00,2011-03-22 15:31:00,1,132,2.2758620689655173,1.8825862068965518,237.07,4.087413793103448,3.121386084567115,261,0,0.0,0.0,237.07,207.69877149281172,Low Value
15458.0,2011-11-14 13:08:00,2011-11-14 13:08:00,1,156,22.285714285714285,1.2242857142857144,161.64,23.09142857142857,8.948615216094293,24,0,0.0,0.0,161.64,179.5063164285714,Low Value
15460.0,2010-12-20 16:08:00,2010-12-20 16:08:00,1,109,1.8793103448275863,2.828275862068965,216.76,3.7372413793103445,3.005863155423897,353,0,0.0,0.0,216.76,232.39050503753276,Low Value
15462.0,2011-06-05 15:36:00,2011-09-06 13:11:00,3,172,15.636363636363637,1.55,234.6,21.327272727272728,11.856229662847369,93,92,30.666666666666668,0.9782608695652173,78.2,242.51810023809526,Low Value
15463.0,2011-11-10 12:57:00,2011-11-10 12:57:00,1,106,15.142857142857142,1.8557142857142856,126.14,18.02,9.147611710167851,28,0,0.0,0.0,126.14,141.84020246658977,Low Value
15464.0,2011-01-05 15:56:00,2011-01-05 15:56:00,1,350,2.229299363057325,4.210891719745223,1048.85,6.680573248407643,7.625892149744591,337,0,0.0,0.0,1048.85,907.4632021605298,High Value
15465.0,2010-12-05 10:12:00,2011-11-20 10:11:00,18,1257,12.958762886597938,6.698762886597938,7354.62,75.82082474226804,106.14571896955015,19,349,19.38888888888889,1.5472779369627507,408.59,4107.266126507936,VIP
15466.0,2011-09-15 14:08:00,2011-09-15 14:08:00,1,246,4.315789473684211,1.9087719298245613,334.53,5.868947368421052,4.238582008597808,84,0,0.0,0.0,334.53,332.1554854926053,Medium Value
15467.0,2011-07-10 14:42:00,2011-11-30 14:17:00,3,310,5.961538461538462,2.2582692307692307,524.88,10.093846153846155,8.778847160422794,8,142,47.333333333333336,0.6338028169014085,174.96,507.8854611785142,Medium Value
15468.0,2011-10-19 13:38:00,2011-10-19 13:49:00,2,155,6.458333333333333,4.485833333333333,467.51,19.479583333333334,3.5284070542639654,50,0,0.0,0.0,233.755,449.8263748340502,Medium Value
15469.0,2011-08-11 16:54:00,2011-10-20 16:21:00,2,153,6.375,6.004166666666666,538.55,22.43958333333333,14.79914670841199,49,69,34.5,0.8695652173913044,269.275,530.0614912460316,Medium Value
15471.0,2011-12-07 14:12:00,2011-12-07 14:12:00,1,266,3.4545454545454546,1.9992207792207792,469.48,6.097142857142857,10.026159187102145,1,0,0.0,0.0,469.48,428.06855172874134,Medium Value
15472.0,2011-08-18 15:17:00,2011-08-18 15:17:00,1,251,3.3026315789473686,2.2892105263157894,371.56,4.888947368421053,3.1386606820733234,112,0,0.0,0.0,371.56,386.8077129877495,Medium Value
15473.0,2011-10-10 11:12:00,2011-11-25 15:15:00,7,672,61.09090909090909,2.659090909090909,1771.2,161.01818181818183,66.59041700097421,13,46,6.571428571428571,4.565217391304348,253.02857142857144,1621.2985102777777,High Value
15475.0,2011-09-23 15:20:00,2011-09-23 15:20:00,1,319,11.0,1.8268965517241378,454.11,15.65896551724138,8.019238628282608,76,0,0.0,0.0,454.11,422.8375112763411,Medium Value
15478.0,2011-10-14 11:09:00,2011-10-30 14:19:00,2,585,12.717391304347826,3.5232608695652172,1441.42,31.33521739130435,27.099901413443508,39,16,8.0,3.75,720.71,1385.522965952381,High Value
15480.0,2011-08-15 14:32:00,2011-08-15 14:32:00,1,303,6.733333333333333,4.2637777777777774,905.5,20.122222222222224,16.225587240933105,115,0,0.0,0.0,905.5,860.1773391129786,High Value
15482.0,2010-12-16 10:08:00,2011-11-24 10:46:00,12,5020,51.224489795918366,3.8308163265306123,11054.96,112.80571428571427,99.10704944394487,15,343,28.583333333333332,1.0495626822157433,921.2466666666666,10568.694067349206,VIP
15483.0,2011-03-18 12:26:00,2011-07-01 13:07:00,4,295,3.352272727272727,1.6330681818181818,233.81,2.656931818181818,2.687097035474608,160,105,26.25,1.1428571428571428,58.4525,296.2733163095237,Low Value
15484.0,2011-09-22 13:31:00,2011-12-08 15:03:00,4,3152,16.76595744680851,2.175478723404255,3594.31,19.118670212765956,19.873455459784772,0,77,19.25,1.5584415584415583,898.5775,4019.232732579364,VIP
15485.0,2010-12-01 13:23:00,2011-11-09 14:31:00,3,1306,15.186046511627907,3.181627906976744,2575.0,29.941860465116278,30.76911337160072,29,343,114.33333333333333,0.26239067055393583,858.3333333333334,2442.2480253246763,VIP
15488.0,2011-09-08 10:11:00,2011-09-08 10:11:00,1,73,36.5,8.03,91.32000000000001,45.660000000000004,43.3597878223591,92,0,0.0,0.0,91.32000000000001,231.33073511294253,Low Value
15489.0,2011-05-12 12:54:00,2011-11-17 08:53:00,3,608,12.16,2.978,1134.28,22.6856,14.344509176343541,22,188,62.666666666666664,0.4787234042553192,378.0933333333333,1092.5156119544874,High Value
15491.0,2011-04-18 10:04:00,2011-09-05 15:56:00,6,1646,10.688311688311689,3.89538961038961,3100.09,20.130454545454548,13.678223680727402,94,140,23.333333333333332,1.2857142857142856,516.6816666666667,3347.2635400396816,VIP
15492.0,2011-09-26 14:02:00,2011-11-11 14:53:00,2,483,13.8,2.5388571428571427,659.46,18.841714285714286,10.069666004658654,27,46,23.0,1.3043478260869565,329.73,655.864724128851,Medium Value
15493.0,2011-03-14 11:44:00,2011-11-07 12:04:00,5,560,1.8855218855218856,4.442053872053872,2001.8,6.74006734006734,5.431776126401188,32,238,47.6,0.6302521008403361,400.36,1743.9270101587306,VIP
15494.0,2011-08-10 15:29:00,2011-11-18 14:51:00,2,1148,9.184,2.39016,1299.23,10.39384,10.273035074972388,20,99,49.5,0.6060606060606061,649.615,1469.4020298989903,High Value
15497.0,2011-01-24 10:01:00,2011-11-22 11:51:00,2,624,41.6,3.5933333333333333,1262.2,84.14666666666668,54.876352787317195,17,302,151.0,0.19867549668874174,631.1,1257.9092108874456,High Value
15498.0,2010-12-08 12:29:00,2011-12-07 12:48:00,27,6105,11.923828125,3.17880859375,13316.4,26.00859375,25.58108041350695,2,364,13.481481481481481,2.2252747252747254,493.2,12603.690576303743,VIP
15500.0,2011-09-19 13:47:00,2011-12-01 13:47:00,4,572,8.411764705882353,4.561323529411765,1131.56,16.640588235294118,6.8137205481672245,7,73,18.25,1.6438356164383563,282.89,1220.6332842988063,High Value
15502.0,2010-12-05 15:40:00,2011-11-24 12:48:00,11,4235,19.97641509433962,4.896273584905661,7228.98,34.09896226415094,59.797615066475515,15,353,32.09090909090909,0.9348441926345609,657.18,8470.710291349205,VIP
15503.0,2010-12-12 10:57:00,2010-12-12 10:57:00,1,74,1.0571428571428572,2.053142857142857,147.09,2.1012857142857144,1.7845633748688767,362,0,0.0,0.0,147.09,135.62105786135757,Low Value
15504.0,2011-09-19 13:45:00,2011-09-19 13:45:00,1,33,2.5384615384615383,2.2315384615384617,52.83,4.063846153846153,2.6733703399190647,80,0,0.0,0.0,52.83,65.28182464677835,Low Value
15505.0,2011-07-07 13:33:00,2011-10-18 07:56:00,5,2390,24.63917525773196,2.352061855670103,3610.96,37.22639175257732,38.00889594844781,52,102,20.4,1.4705882352941178,722.192,3680.263096518759,VIP
15506.0,2011-07-24 11:45:00,2011-11-17 12:11:00,3,848,5.170731707317073,1.7823170731707318,979.26,5.971097560975609,8.109954801731572,22,116,38.666666666666664,0.7758620689655172,326.42,934.5919904365085,High Value
15507.0,2011-06-21 11:19:00,2011-06-21 11:19:00,1,162,3.5217391304347827,4.053260869565217,492.36,10.703478260869565,8.385643079399006,171,0,0.0,0.0,492.36,394.27175365759797,Medium Value
15508.0,2011-04-18 15:31:00,2011-06-03 15:43:00,6,440,4.782608695652174,3.392608695652174,1000.27,10.8725,9.304486407518274,188,46,7.666666666666667,3.913043478260869,166.71166666666667,960.5470907336921,High Value
15510.0,2011-01-13 12:10:00,2011-01-13 12:10:00,1,2,2.0,125.0,250.0,250.0,0.0,330,0,0.0,0.0,250.0,308.24990843073596,Low Value
15511.0,2011-09-15 15:05:00,2011-11-28 09:43:00,5,271,1.69375,3.9933750000000003,909.23,5.6826875,5.290645324725901,11,73,14.6,2.0547945205479454,181.846,818.6488821275947,High Value
15512.0,2010-12-15 12:01:00,2011-07-07 10:20:00,2,68,9.714285714285714,1.95,121.0,17.285714285714285,4.802231624091926,155,203,101.5,0.2955665024630542,60.5,126.49747048201817,Low Value
15513.0,2010-12-01 11:22:00,2011-11-06 14:36:00,19,5709,18.535714285714285,4.107370129870129,14758.22,47.9162987012987,47.74178210848649,32,340,17.894736842105264,1.676470588235294,776.7484210526316,11857.797190666672,VIP
15514.0,2010-12-10 13:50:00,2011-11-27 14:40:00,11,2160,12.134831460674157,2.3592134831460676,4139.46,23.255393258426967,65.81276214492073,11,352,32.0,0.9375000000000001,376.31454545454545,4023.253329190114,VIP
15516.0,2011-10-24 11:33:00,2011-10-26 10:51:00,3,27,1.8,2.7786666666666666,62.43,4.162,2.6623786357315895,44,1,0.3333333333333333,90.0,20.81,67.73985417155069,Low Value
15517.0,2011-04-20 14:02:00,2011-04-20 14:02:00,1,293,10.851851851851851,1.807777777777778,267.03,9.889999999999999,8.246409008681386,232,0,0.0,0.0,267.03,298.9166592900081,Low Value
15518.0,2011-01-11 12:55:00,2011-10-06 13:05:00,8,1273,5.9485981308411215,2.4641588785046733,1942.45,9.076869158878505,7.513029746607592,63,268,33.5,0.8955223880597015,242.80625,1948.719200128066,VIP
15520.0,2011-12-08 10:58:00,2011-12-08 10:58:00,1,314,17.444444444444443,1.7244444444444444,343.5,19.083333333333332,7.451560436658653,1,0,0.0,0.0,343.5,358.565745437433,Medium Value
15521.0,2011-03-30 09:15:00,2011-10-30 13:42:00,8,1836,9.924324324324324,3.418594594594594,3000.2,16.217297297297296,26.02068088963175,39,214,26.75,1.1214953271028036,375.025,3147.6448021861493,VIP
15522.0,2011-09-13 12:26:00,2011-11-07 11:26:00,2,573,10.052631578947368,0.9498245614035088,398.84,6.99719298245614,7.926663807858071,32,54,27.0,1.1111111111111112,199.42,386.58140237734494,Medium Value
15523.0,2011-09-16 16:29:00,2011-09-16 16:29:00,1,132,13.2,3.6310000000000002,412.01000000000005,41.20100000000001,71.38226615281356,83,0,0.0,0.0,412.01000000000005,351.26999690476174,Medium Value
15524.0,2011-11-15 12:09:00,2011-11-15 12:09:00,1,4,4.0,110.0,440.0,440.0,0.0,24,0,0.0,0.0,440.0,542.7668038744589,Medium Value
15525.0,2010-12-01 13:17:00,2011-12-07 14:43:00,3,416,2.337078651685393,2.703258426966292,825.92,4.64,4.599291519992586,1,371,123.66666666666667,0.2425876010781671,275.3066666666667,798.2722461397144,High Value
15526.0,2011-11-06 15:01:00,2011-11-06 15:04:00,2,24,6.0,5.494999999999999,148.44,37.11,55.359736271048114,32,0,0.0,0.0,74.22,123.80506855540418,Low Value
15527.0,2010-12-20 14:15:00,2011-11-21 12:17:00,8,992,6.085889570552148,3.3190797546012267,2429.78,14.906625766871167,18.434485705753453,18,335,41.875,0.7164179104477613,303.7225,1887.4379787148964,VIP
15528.0,2011-03-30 16:14:00,2011-03-30 16:14:00,1,123,4.730769230769231,2.6076923076923078,229.33,8.820384615384615,13.313802606549109,253,0,0.0,0.0,229.33,232.35905378110957,Low Value
15529.0,2010-12-08 12:24:00,2011-11-17 11:29:00,11,3496,5.2023809523809526,1.7170982142857145,3995.23,5.945282738095238,6.2925741898560945,22,343,31.181818181818183,0.9620991253644314,363.20272727272726,4179.0198101875885,VIP
15530.0,2011-04-07 11:16:00,2011-11-18 12:25:00,4,950,8.796296296296296,2.843518518518519,1502.3500000000001,13.91064814814815,10.191994592894238,21,225,56.25,0.5333333333333333,375.58750000000003,1541.638945668911,High Value
15531.0,2011-11-09 17:47:00,2011-12-01 18:43:00,2,1105,4.8464912280701755,3.037982456140351,2007.44,8.804561403508773,7.577956280732211,7,22,11.0,2.7272727272727275,1003.72,2008.660880192308,VIP
15532.0,2010-12-16 16:45:00,2011-11-14 14:51:00,4,521,2.03515625,3.8781640625,1580.93,6.1755078125,5.725598978507297,24,332,83.0,0.3614457831325301,395.2325,1446.6015522222226,High Value
15533.0,2011-09-11 15:41:00,2011-11-20 15:35:00,3,289,3.4819277108433737,4.041927710843374,807.57,9.729759036144578,10.165473244403907,18,69,23.0,1.3043478260869565,269.19,787.5819701539345,High Value
15535.0,2011-01-16 12:35:00,2011-06-19 16:02:00,4,143,1.9066666666666667,4.692666666666667,536.4,7.152,6.802094868097225,172,154,38.5,0.7792207792207791,134.1,495.3442062573482,Medium Value
15537.0,2011-06-29 13:10:00,2011-06-29 13:10:00,1,29,1.2083333333333333,3.862083333333333,110.92,4.621666666666667,4.641271065284731,162,0,0.0,0.0,110.92,106.15907608478567,Low Value
15539.0,2011-12-02 13:36:00,2011-12-02 13:36:00,1,410,10.0,1.343658536585366,538.46,13.133170731707319,12.703494290750161,6,0,0.0,0.0,538.46,494.17582423881663,Medium Value
15540.0,2011-11-28 13:51:00,2011-11-28 13:51:00,1,200,13.333333333333334,1.7133333333333334,213.3,14.22,7.737182026699754,10,0,0.0,0.0,213.3,229.88227168650803,Low Value
15541.0,2011-08-17 14:58:00,2011-08-17 14:58:00,1,49,1.6896551724137931,2.0941379310344828,85.13000000000001,2.9355172413793107,2.687686985132246,113,0,0.0,0.0,85.13000000000001,103.80189653275646,Low Value
15543.0,2011-02-24 15:26:00,2011-02-24 15:26:00,1,86,3.0714285714285716,2.1992857142857143,127.86,4.566428571428571,3.5007260773706745,287,0,0.0,0.0,127.86,145.75259405509829,Low Value
15544.0,2010-12-02 12:47:00,2011-11-30 16:43:00,9,3109,12.003861003861005,1.5977992277992277,3546.71,13.693861003861004,5.964688968607927,8,363,40.333333333333336,0.7438016528925621,394.0788888888889,3440.7667244372296,VIP
15545.0,2010-12-03 17:28:00,2011-10-16 13:24:00,2,163,2.0123456790123457,2.6919753086419753,292.71999999999997,3.613827160493827,3.3894124003657455,53,316,158.0,0.189873417721519,146.35999999999999,308.6218937736337,Low Value
15547.0,2010-12-12 13:26:00,2011-12-02 12:52:00,14,4032,5.743589743589744,2.6033048433048434,4954.84,7.058176638176638,9.71583332569531,6,354,25.285714285714285,1.1864406779661016,353.9171428571429,5372.318443849208,VIP
15549.0,2011-01-27 15:38:00,2011-09-23 16:22:00,3,698,6.069565217391304,3.284173913043478,1693.26,14.724,15.099436889697738,76,239,79.66666666666667,0.37656903765690375,564.42,1521.586899403097,High Value
15550.0,2011-02-11 12:49:00,2011-12-05 15:38:00,4,295,4.836065573770492,2.803934426229508,575.63,9.43655737704918,7.762191246730505,3,297,74.25,0.40404040404040403,143.9075,591.7464543887796,Medium Value
15551.0,2011-11-03 12:37:00,2011-11-03 12:37:00,1,218,7.517241379310345,3.9306896551724138,436.06,15.036551724137931,9.817926125155697,36,0,0.0,0.0,436.06,463.7806995886445,Medium Value
15552.0,2011-05-06 14:47:00,2011-05-06 14:47:00,1,60,3.5294117647058822,1.7841176470588236,90.12,5.301176470588236,4.715048889397836,216,0,0.0,0.0,90.12,99.01431663239535,Low Value
15553.0,2011-10-10 14:02:00,2011-10-10 14:02:00,1,451,8.053571428571429,2.4103571428571433,437.23,7.807678571428572,5.915102393971623,59,0,0.0,0.0,437.23,497.535393735154,Medium Value
15554.0,2011-03-07 09:00:00,2011-03-07 09:00:00,1,74,5.285714285714286,4.810714285714285,217.2,15.514285714285714,2.639597038843718,277,0,0.0,0.0,217.2,219.96774797897365,Low Value
15555.0,2010-12-05 14:45:00,2011-11-27 16:19:00,16,4439,4.9377085650723025,1.6966740823136819,4805.17,5.345016685205784,6.341567509667998,11,357,22.3125,1.3445378151260503,300.323125,4587.764737460317,VIP
15556.0,2011-11-15 16:08:00,2011-11-15 16:08:00,1,236,7.612903225806452,1.7899999999999998,279.77,9.024838709677418,9.530499766877476,23,0,0.0,0.0,279.77,294.0851885572598,Low Value
15557.0,2011-11-11 12:46:00,2011-11-11 12:46:00,1,219,10.95,3.5595,473.65000000000003,23.6825,20.78780636385313,28,0,0.0,0.0,473.65000000000003,463.22040680888387,Medium Value
15561.0,2011-05-08 11:38:00,2011-11-28 11:07:00,4,267,9.88888888888889,4.274814814814815,800.5899999999999,29.65148148148148,28.13471339325847,11,203,50.75,0.5911330049261084,200.14749999999998,744.3811509523808,High Value
15562.0,2010-12-23 09:55:00,2010-12-23 09:55:00,1,39,39.0,3.45,134.55,134.55,0.0,351,0,0.0,0.0,134.55,144.84804093756284,Low Value
15563.0,2010-12-16 11:27:00,2011-11-17 14:50:00,4,1501,13.283185840707965,1.883362831858407,1400.44,12.393274336283186,10.362930108468177,21,336,84.0,0.35714285714285715,350.11,1542.4803696361967,High Value
15565.0,2011-09-30 10:44:00,2011-10-20 14:33:00,2,60,7.5,4.56625,173.16000000000003,21.645000000000003,5.495886773630933,49,20,10.0,3.0,86.58000000000001,178.32787064580657,Low Value
15567.0,2011-11-21 10:48:00,2011-11-21 10:48:00,1,223,31.857142857142858,3.2357142857142853,186.01,26.572857142857142,33.01894239891486,18,0,0.0,0.0,186.01,270.0708331493507,Low Value
15568.0,2011-09-27 14:37:00,2011-12-07 11:27:00,3,461,8.69811320754717,2.5564150943396227,758.29,14.307358490566036,15.105624290175369,2,70,23.333333333333332,1.2857142857142856,252.76333333333332,766.2267489051005,High Value
15569.0,2011-01-11 13:26:00,2011-08-28 10:15:00,5,666,21.483870967741936,2.165161290322581,1375.71,44.377741935483876,69.79035099064805,103,228,45.6,0.6578947368421053,275.142,1230.2665371392495,High Value
15570.0,2010-12-05 12:57:00,2011-12-02 14:47:00,12,2067,6.3993808049535605,3.6973993808049537,4165.52,12.896346749226007,7.947564940009289,6,362,30.166666666666668,0.994475138121547,347.1266666666667,4332.910646865075,VIP
15571.0,2011-09-22 13:15:00,2011-11-28 10:02:00,4,264,4.631578947368421,2.701578947368421,650.4300000000001,11.411052631578949,18.318958337920478,11,66,16.5,1.8181818181818181,162.60750000000002,535.695288003247,Medium Value
15572.0,2011-03-06 14:44:00,2011-12-05 10:09:00,7,1229,5.716279069767442,3.6436279069767443,2552.86,11.873767441860466,17.047390658497296,4,273,39.0,0.7692307692307693,364.69428571428574,2735.7828742962597,VIP
15573.0,2011-09-15 12:16:00,2011-11-08 11:38:00,2,363,3.4903846153846154,2.8558653846153845,607.45,5.840865384615385,6.7465998787130035,31,53,26.5,1.1320754716981132,303.725,595.1598013690317,Medium Value
15574.0,2010-12-02 15:46:00,2011-06-15 12:01:00,4,349,2.0773809523809526,2.5163690476190474,702.25,4.180059523809524,5.645170846719457,177,194,48.5,0.6185567010309279,175.5625,634.648882656094,Medium Value
15576.0,2011-11-02 12:03:00,2011-11-02 12:03:00,1,404,8.977777777777778,3.5811111111111114,940.67,20.903777777777776,36.09667255433594,37,0,0.0,0.0,940.67,910.6706566336433,High Value
15577.0,2011-02-07 13:32:00,2011-07-11 17:03:00,3,89,2.282051282051282,3.0605128205128205,258.88,6.637948717948718,6.96719689140595,150,154,51.333333333333336,0.5844155844155844,86.29333333333334,251.79076184801866,Low Value
15578.0,2011-06-30 13:03:00,2011-06-30 13:03:00,1,52,4.0,2.3884615384615384,127.1,9.776923076923076,14.370711177377054,161,0,0.0,0.0,127.1,112.816309733261,Low Value
15579.0,2011-01-30 12:09:00,2011-10-02 12:45:00,2,120,2.3529411764705883,4.046666666666667,348.6,6.835294117647059,4.763532870860105,68,245,122.5,0.2448979591836735,174.3,360.3077729412534,Medium Value
15581.0,2010-12-08 14:38:00,2011-08-09 13:44:00,12,285,1.9256756756756757,5.812162162162163,1179.97,7.972770270270271,26.93038768211052,121,243,20.25,1.4814814814814816,98.33083333333333,1008.6708510317457,High Value
15582.0,2011-05-03 13:36:00,2011-11-15 09:55:00,3,453,10.295454545454545,2.3970454545454545,682.9100000000001,15.52068181818182,5.710767633705067,24,195,65.0,0.46153846153846156,227.63666666666668,702.1560383983333,High Value
15584.0,2011-06-30 16:39:00,2011-11-16 10:55:00,4,314,2.5528455284552845,3.0995121951219513,725.11,5.895203252032521,5.647876338100998,23,138,34.5,0.8695652173913044,181.2775,716.4616902352008,High Value
15585.0,2011-06-16 08:38:00,2011-06-16 08:38:00,1,320,10.32258064516129,2.2641935483870967,455.3,14.687096774193549,6.634818858893027,176,0,0.0,0.0,455.3,440.207005398515,Medium Value
15587.0,2010-12-23 09:59:00,2011-10-20 13:37:00,4,312,34.666666666666664,2.9166666666666665,913.68,101.52,66.47217462968997,49,301,75.25,0.39867109634551495,228.42,833.5594484523809,High Value
15589.0,2011-02-02 10:46:00,2011-03-29 09:54:00,3,243,8.379310344827585,3.6893103448275864,478.53,16.50103448275862,4.003868080483088,255,54,18.0,1.6666666666666665,159.51,501.3766892148407,Medium Value
15592.0,2011-10-24 08:59:00,2011-10-24 08:59:00,1,354,14.75,1.5645833333333334,388.58,16.190833333333334,10.913099793434,46,0,0.0,0.0,388.58,393.8973983112178,Medium Value
15593.0,2011-09-30 11:46:00,2011-09-30 11:46:00,1,60,12.0,3.3299999999999996,199.8,39.96,34.60705130461132,70,0,0.0,0.0,199.8,173.05602808920398,Low Value
15594.0,2011-04-19 10:08:00,2011-11-24 08:53:00,5,983,9.54368932038835,3.1589320388349513,1771.78,17.201747572815535,5.667186151595189,15,218,43.6,0.6880733944954128,354.356,1777.5404389862376,VIP
15596.0,2010-12-09 16:10:00,2011-08-31 10:55:00,5,561,7.285714285714286,4.183246753246753,1406.59,18.267402597402597,7.272557720383453,100,264,52.8,0.5681818181818181,281.318,1423.8977439285716,High Value
15597.0,2011-11-04 13:26:00,2011-11-04 13:26:00,1,279,12.681818181818182,1.6090909090909091,324.57,14.753181818181817,6.032795598002036,34,0,0.0,0.0,324.57,326.6492643790942,Medium Value
15598.0,2011-10-17 16:04:00,2011-10-17 16:04:00,1,160,11.428571428571429,2.5564285714285715,240.68,17.19142857142857,5.14596011396372,52,0,0.0,0.0,240.68,238.2328762137384,Low Value
15599.0,2011-05-19 13:05:00,2011-11-13 11:44:00,2,718,13.807692307692308,1.8890384615384617,761.74,14.648846153846154,6.695633535854207,26,177,88.5,0.3389830508474576,380.87,760.3723985682456,High Value
15601.0,2010-12-02 10:39:00,2011-11-28 15:15:00,14,4983,12.153658536585366,2.6858536585365855,6776.56,16.52819512195122,9.865907619918618,10,361,25.785714285714285,1.1634349030470914,484.04,7541.161074285713,VIP
15602.0,2010-12-06 15:35:00,2011-12-01 14:14:00,9,1137,24.717391304347824,2.409782608695652,1297.8700000000001,28.214565217391307,21.418983761194617,7,359,39.888888888888886,0.7520891364902507,144.20777777777778,1569.879441572872,High Value
15603.0,2011-09-22 10:04:00,2011-09-22 10:04:00,1,96,48.0,0.505,48.480000000000004,24.240000000000002,14.594683963690345,78,0,0.0,0.0,48.480000000000004,63.088171904761886,Low Value
15604.0,2011-10-18 14:47:00,2011-10-18 14:47:00,1,159,9.352941176470589,1.543529411764706,216.39000000000001,12.728823529411766,5.787905366314464,51,0,0.0,0.0,216.39000000000001,193.96445065645156,Low Value
15605.0,2010-12-01 13:38:00,2011-11-03 14:17:00,5,441,6.582089552238806,4.588358208955224,1198.23,17.88402985074627,5.997743024924861,35,337,67.4,0.4451038575667656,239.64600000000002,1156.7025366468872,High Value
15606.0,2011-01-19 12:07:00,2011-10-09 15:47:00,9,892,11.584415584415584,3.7179220779220774,2920.16,37.92415584415584,21.88962481649633,60,263,29.22222222222222,1.026615969581749,324.4622222222222,2499.3419009218555,VIP
15607.0,2011-01-07 12:44:00,2011-01-07 12:44:00,1,202,15.538461538461538,1.1753846153846153,104.76,8.05846153846154,5.1416629057044805,336,0,0.0,0.0,104.76,144.6410639285715,Low Value
15608.0,2011-08-11 09:56:00,2011-11-11 13:20:00,4,714,11.9,3.255666666666667,1093.68,18.228,12.666959395963305,27,92,23.0,1.3043478260869565,273.42,1149.224093176407,High Value
15609.0,2011-06-08 13:00:00,2011-06-08 13:00:00,1,148,9.25,4.44625,298.48,18.655,6.130057095982059,183,0,0.0,0.0,298.48,300.79889251532046,Low Value
15610.0,2011-10-19 10:36:00,2011-10-19 10:36:00,1,66,11.0,1.8733333333333333,112.46000000000001,18.743333333333336,4.2631146673138725,51,0,0.0,0.0,112.46000000000001,117.15301289208959,Low Value
15611.0,2011-01-09 11:32:00,2011-11-30 12:36:00,13,504,11.720930232558139,5.777674418604651,1591.45,37.01046511627907,41.09893851910976,9,325,25.0,1.2,122.41923076923078,1868.047616937229,VIP
15612.0,2011-10-09 12:49:00,2011-11-03 14:52:00,2,52,8.666666666666666,6.141666666666667,195.15,32.525,28.682865093989477,35,25,12.5,2.4,97.575,205.52228260966814,Low Value
15615.0,2010-12-15 16:21:00,2011-11-29 14:42:00,23,5508,13.02127659574468,2.562931442080378,10399.74,24.585673758865248,20.666841197390283,9,348,15.130434782608695,1.9827586206896552,452.1626086956522,9653.45070617965,VIP
15618.0,2011-07-26 10:13:00,2011-11-07 08:34:00,4,454,10.088888888888889,2.550911111111111,776.851,17.263355555555556,5.481941996457572,32,103,25.75,1.1650485436893205,194.21275,789.066429860678,High Value
15619.0,2011-11-29 08:14:00,2011-11-29 08:14:00,1,136,45.333333333333336,4.416666666666667,336.4,112.13333333333333,28.729311396783142,10,0,0.0,0.0,336.4,461.6752194675322,Medium Value
15620.0,2010-12-16 14:34:00,2011-10-14 12:41:00,3,915,9.15,3.7297000000000002,1553.18,15.5318,5.059417737090291,56,301,100.33333333333333,0.29900332225913623,517.7266666666667,1657.5639158309987,VIP
15621.0,2011-11-18 11:49:00,2011-12-05 14:01:00,4,501,31.3125,2.06625,1293.03,80.814375,77.17350840530275,3,17,4.25,7.0588235294117645,323.2575,1090.8109559884558,High Value
15622.0,2011-03-02 13:42:00,2011-10-27 16:44:00,9,1674,9.04864864864865,4.08372972972973,3709.56,20.051675675675675,7.820631570091488,42,239,26.555555555555557,1.1297071129707112,412.17333333333335,3648.155393373015,VIP
15623.0,2011-07-21 17:26:00,2011-07-21 17:26:00,1,125,6.578947368421052,4.2905263157894735,301.03000000000003,15.843684210526318,3.497257990239267,140,0,0.0,0.0,301.03000000000003,329.2551070106453,Medium Value
15624.0,2011-03-28 13:32:00,2011-08-15 11:38:00,4,357,10.5,3.6561764705882354,588.13,17.297941176470587,6.267041145844479,116,139,34.75,0.8633093525179856,147.0325,635.8677853557555,Medium Value
15625.0,2011-04-18 14:01:00,2011-08-28 10:21:00,4,1188,18.5625,1.62359375,1534.26,23.9728125,13.4479159261923,103,131,32.75,0.9160305343511451,383.565,1349.115333311689,High Value
15626.0,2011-01-14 10:10:00,2011-09-26 10:03:00,2,766,15.63265306122449,1.646938775510204,675.8,13.791836734693877,5.637759481637108,74,254,127.0,0.23622047244094488,337.9,688.1111225000001,High Value
15628.0,2010-12-08 09:51:00,2011-12-05 10:24:00,9,1894,12.219354838709677,2.3046451612903227,2870.2400000000002,18.51767741935484,8.18738456402056,4,362,40.22222222222222,0.7458563535911602,318.91555555555556,2803.2453670021637,VIP
15630.0,2011-05-19 10:16:00,2011-10-25 15:36:00,2,800,13.333333333333334,2.8271666666666664,1186.35,19.772499999999997,10.811884644976155,44,159,79.5,0.37735849056603776,593.175,1195.2519163499005,High Value
15632.0,2011-03-10 08:29:00,2011-11-24 09:51:00,8,2109,12.62874251497006,2.695928143712575,3285.31,19.67251497005988,14.115339631547343,15,259,32.375,0.9266409266409267,410.66375,3376.6668738492062,VIP
15634.0,2011-11-22 16:28:00,2011-11-22 16:28:00,1,99,6.6,3.7266666666666666,243.55,16.236666666666668,4.603976024926199,16,0,0.0,0.0,243.55,227.1550502877056,Low Value
15636.0,2011-03-02 14:50:00,2011-09-11 11:17:00,2,284,11.36,3.1712000000000002,724.76,28.9904,17.700258114878814,89,192,96.0,0.3125,362.38,696.1988984343434,High Value
15637.0,2011-10-18 08:28:00,2011-10-18 08:28:00,1,128,8.533333333333333,3.026666666666667,223.36,14.890666666666668,7.206983187622036,52,0,0.0,0.0,223.36,261.14330047789366,Low Value
15639.0,2011-07-28 14:30:00,2011-07-28 14:30:00,1,323,12.92,4.3084,425.32,17.0128,11.22038268806669,133,0,0.0,0.0,425.32,435.97797857142837,Medium Value
15640.0,2010-12-02 15:40:00,2011-12-05 14:35:00,15,6607,13.650826446280991,2.7894628099173553,12515.66,25.858801652892563,29.82667941937638,3,367,24.466666666666665,1.226158038147139,834.3773333333334,11495.995352778493,VIP
15641.0,2010-12-15 14:45:00,2011-08-26 14:04:00,4,1562,13.126050420168067,1.9095798319327733,1887.2,15.858823529411765,8.152918181569952,104,253,63.25,0.4743083003952569,471.8,1777.0493570598849,VIP
15643.0,2011-03-02 14:34:00,2011-06-01 07:38:00,3,246,7.454545454545454,5.933030303030303,664.0,20.12121212121212,13.038488878503077,191,90,30.0,1.0,221.33333333333334,680.9494463983241,High Value
15644.0,2011-03-23 15:37:00,2011-06-26 14:54:00,4,557,2.3403361344537816,1.7819327731092438,813.0,3.4159663865546217,3.0283494047102337,165,94,23.5,1.2765957446808511,203.25,774.9799570634922,High Value
15645.0,2011-11-21 11:55:00,2011-11-21 11:55:00,1,256,4.923076923076923,2.9526923076923075,612.01,11.769423076923077,13.535805301156987,18,0,0.0,0.0,612.01,563.6836068575101,Medium Value
15646.0,2010-12-02 16:59:00,2011-07-05 09:53:00,3,394,11.257142857142858,2.914285714285714,447.64000000000004,12.789714285714288,5.640284455547947,157,214,71.33333333333333,0.4205607476635514,149.21333333333334,556.6566082739049,Medium Value
15648.0,2011-03-17 18:59:00,2011-05-19 15:53:00,2,221,8.84,4.58,657.35,26.294,11.974863603955301,203,62,31.0,0.9677419354838709,328.675,628.2505842626817,Medium Value
15649.0,2010-12-07 10:06:00,2011-01-07 13:34:00,2,192,96.0,4.25,816.0,408.0,144.2497833620557,335,31,15.5,1.9354838709677418,408.0,807.6572069841272,High Value
15651.0,2011-03-24 08:56:00,2011-11-03 08:41:00,3,479,14.96875,2.1584375,646.3,20.196875,17.920208890901588,36,223,74.33333333333333,0.40358744394618834,215.4333333333333,670.0237830602096,Medium Value
15652.0,2011-09-09 14:22:00,2011-09-09 14:22:00,1,208,9.904761904761905,3.8533333333333335,337.74,16.082857142857144,10.876822671560447,90,0,0.0,0.0,337.74,342.61623087789405,Medium Value
15653.0,2011-08-16 09:50:00,2011-09-08 10:49:00,2,1200,200.0,0.9066666666666666,877.44,146.24,207.9824084868718,92,23,11.5,2.608695652173913,438.72,1120.0403889033191,High Value
15654.0,2011-11-13 15:15:00,2011-11-30 13:08:00,2,475,22.61904761904762,3.070952380952381,922.53,43.93,28.850752676490092,8,16,8.0,3.75,461.265,883.4814656349206,High Value
15655.0,2011-04-10 15:25:00,2011-04-10 15:25:00,1,324,9.529411764705882,3.0920588235294115,560.6700000000001,16.49029411764706,4.473092947495507,242,0,0.0,0.0,560.6700000000001,557.0071587926319,Medium Value
15656.0,2011-02-28 15:32:00,2011-10-25 14:56:00,4,343,7.297872340425532,4.41127659574468,748.5,15.925531914893616,5.025112505126297,44,238,59.5,0.5042016806722689,187.125,772.2005858308689,High Value
15657.0,2011-11-17 12:19:00,2011-11-17 12:19:00,1,24,24.0,1.25,30.0,30.0,0.0,22,0,0.0,0.0,30.0,42.97522330280831,Low Value
15658.0,2010-12-02 10:53:00,2011-06-02 15:22:00,5,242,5.041666666666667,6.244791666666667,1024.1000000000001,21.33541666666667,12.006819685979764,189,182,36.4,0.8241758241758242,204.82000000000002,905.0925731132755,High Value
15659.0,2011-10-27 09:23:00,2011-10-27 09:23:00,1,111,10.090909090909092,5.459090909090909,306.45,27.85909090909091,10.705438295133417,43,0,0.0,0.0,306.45,363.4521816071429,Medium Value
15660.0,2010-12-09 09:49:00,2011-11-14 16:58:00,9,1050,11.666666666666666,2.3347777777777776,1600.86,17.787333333333333,8.476008680155266,24,340,37.77777777777778,0.7941176470588235,177.87333333333333,1622.1969322186158,High Value
15661.0,2011-01-05 12:32:00,2011-01-26 13:56:00,2,236,47.2,0.9099999999999999,309.8,61.96,78.52940850407572,316,21,10.5,2.857142857142857,154.9,259.24953241702735,Low Value
15663.0,2011-08-25 15:50:00,2011-08-25 15:50:00,1,106,11.777777777777779,2.51,138.14,15.348888888888887,3.208116442885312,105,0,0.0,0.0,138.14,151.69545991774322,Low Value
15664.0,2011-10-20 10:57:00,2011-10-20 10:57:00,1,157,9.235294117647058,4.165294117647059,386.43,22.731176470588235,10.261160925032401,50,0,0.0,0.0,386.43,380.4853902698413,Medium Value
15665.0,2011-04-10 15:09:00,2011-06-24 14:57:00,2,1666,14.362068965517242,2.2631896551724138,2242.01,19.327672413793106,11.089209824655333,167,74,37.0,0.8108108108108107,1121.005,2308.8326009218563,VIP
15667.0,2011-10-31 10:56:00,2011-10-31 10:56:00,1,240,18.46153846153846,1.5553846153846154,301.32000000000005,23.17846153846154,14.085894745071426,39,0,0.0,0.0,301.32000000000005,311.03914945924504,Low Value
15668.0,2011-05-06 10:39:00,2011-05-06 10:39:00,1,72,72.0,1.06,76.32000000000001,76.32000000000001,0.0,217,0,0.0,0.0,76.32000000000001,75.8625538095238,Low Value
15669.0,2011-03-21 09:13:00,2011-10-30 16:03:00,4,342,10.363636363636363,3.212121212121212,684.34,20.737575757575758,18.144984677298407,39,223,55.75,0.5381165919282511,171.085,676.5512398535188,Medium Value
15670.0,2011-02-16 10:50:00,2011-02-16 10:50:00,1,91,7.583333333333333,3.15,173.05,14.420833333333334,3.5534527596622865,296,0,0.0,0.0,173.05,186.71210491380788,Low Value
15671.0,2011-03-14 09:37:00,2011-11-21 12:43:00,7,1699,21.78205128205128,2.4162820512820513,2657.13,34.065769230769234,49.59911796239277,18,252,36.0,0.8333333333333333,379.59000000000003,2793.479057667888,VIP
15673.0,2011-01-16 16:25:00,2011-09-12 16:12:00,4,1514,9.76774193548387,2.949225806451613,2881.02,18.587225806451613,15.88133718631098,87,238,59.5,0.5042016806722689,720.255,2778.775285482297,VIP
15674.0,2011-03-30 09:19:00,2011-09-27 15:17:00,5,1275,11.18421052631579,5.779999999999999,2446.6,21.46140350877193,30.66048931593195,72,181,36.2,0.8287292817679558,489.32,2584.9465135317464,VIP
15675.0,2011-03-04 14:21:00,2011-09-19 13:48:00,3,527,25.095238095238095,2.8790476190476193,323.69,15.413809523809524,6.491732030968681,80,198,66.0,0.4545454545454546,107.89666666666666,577.3778142063492,Medium Value
15676.0,2011-03-01 10:19:00,2011-11-21 12:40:00,3,2252,11.148514851485148,3.1958415841584156,3435.76,17.00871287128713,8.332475239008469,18,265,88.33333333333333,0.33962264150943394,1145.2533333333333,4006.231745508102,VIP
15677.0,2011-10-21 15:36:00,2011-10-21 15:36:00,1,319,9.666666666666666,3.582121212121212,657.23,19.916060606060608,8.322299839660435,48,0,0.0,0.0,657.23,632.3245982825235,Medium Value
15678.0,2011-10-18 09:25:00,2011-10-18 09:25:00,1,184,15.333333333333334,2.04,352.7,29.391666666666666,15.073423833376614,52,0,0.0,0.0,352.7,318.3778928696304,Medium Value
15679.0,2011-06-10 08:24:00,2011-11-15 16:19:00,4,1170,10.636363636363637,1.1043636363636364,781.28,7.102545454545455,6.024619282404071,23,158,39.5,0.759493670886076,195.32,915.9998801731604,High Value
15680.0,2010-12-08 14:43:00,2011-11-30 13:46:00,3,952,12.205128205128204,2.42,1333.68,17.09846153846154,8.864148434707502,8,356,118.66666666666667,0.25280898876404495,444.56,1339.424638514957,High Value
15681.0,2011-03-04 13:46:00,2011-11-14 16:30:00,5,816,15.39622641509434,1.9690566037735848,1426.16,26.90867924528302,16.11513168968554,24,255,51.0,0.5882352941176471,285.232,1256.3478094480515,High Value
15683.0,2011-08-14 12:56:00,2011-08-14 12:56:00,1,131,13.1,2.163,193.75,19.375,8.136517477807482,116,0,0.0,0.0,193.75,198.41095757525244,Low Value
15687.0,2011-01-13 15:13:00,2011-12-01 08:33:00,9,1310,7.891566265060241,4.248253012048193,2993.1,18.030722891566263,5.590371220531923,8,321,35.666666666666664,0.8411214953271029,332.56666666666666,2918.0820345238103,VIP
15689.0,2010-12-13 09:57:00,2011-08-12 09:37:00,2,84,9.333333333333334,3.5,254.1,28.233333333333334,21.963833909406617,119,241,120.5,0.24896265560165975,127.05,248.20331352787014,Low Value
15690.0,2011-08-31 11:40:00,2011-12-05 15:59:00,2,408,21.473684210526315,0.6831578947368421,239.76,12.618947368421052,9.271398009611687,3,96,48.0,0.625,119.88,260.5928423015874,Low Value
15691.0,2011-04-01 15:13:00,2011-04-01 15:13:00,1,72,36.0,1.9,136.8,68.4,33.092597359530416,251,0,0.0,0.0,136.8,129.7177747542654,Low Value
15692.0,2011-11-11 14:12:00,2011-11-11 14:12:00,1,138,11.5,1.9041666666666668,191.04,15.92,5.571538060862222,27,0,0.0,0.0,191.04,193.3574037658558,Low Value
15694.0,2010-12-02 07:49:00,2011-12-09 09:44:00,14,1677,21.5,4.71076923076923,6479.4,83.06923076923077,82.44423295447987,0,372,26.571428571428573,1.129032258064516,462.8142857142857,6005.506053452387,VIP
15695.0,2011-03-18 08:31:00,2011-03-18 08:32:00,2,212,9.636363636363637,2.887272727272727,409.98,18.635454545454547,5.969843841997503,266,0,0.0,0.0,204.99,412.7872638371475,Medium Value
15696.0,2011-01-17 11:24:00,2011-11-06 14:02:00,8,1028,6.011695906432749,4.26625730994152,2736.46,16.002690058479534,7.388761244012302,32,293,36.625,0.8191126279863481,342.0575,2671.6563895634927,VIP
15699.0,2011-11-22 08:26:00,2011-11-22 08:26:00,1,113,6.277777777777778,6.181111111111111,309.65,17.202777777777776,4.543237774662931,17,0,0.0,0.0,309.65,342.3949381194591,Medium Value
15700.0,2011-06-19 15:36:00,2011-06-20 16:53:00,2,357,4.151162790697675,2.933488372093023,696.68,8.10093023255814,6.137680080579782,171,1,0.5,60.0,348.34,670.0979936542442,Medium Value
15701.0,2011-08-21 12:36:00,2011-12-07 14:39:00,4,923,3.8945147679324896,2.94168776371308,1542.14,6.506919831223629,5.340483319188328,1,108,27.0,1.1111111111111112,385.535,1641.9729651145888,VIP
15703.0,2011-03-20 10:51:00,2011-03-20 10:51:00,1,66,13.2,2.93,211.5,42.3,37.03390338595163,264,0,0.0,0.0,211.5,175.50945212473715,Low Value
15704.0,2011-05-08 12:42:00,2011-07-22 13:35:00,4,1028,8.786324786324787,3.227008547008547,2293.62,19.603589743589744,18.212743949637744,139,75,18.75,1.6,573.405,2140.627889484127,VIP
15705.0,2011-05-22 15:37:00,2011-05-22 15:37:00,1,62,10.333333333333334,6.05,143.1,23.849999999999998,17.768258215143096,200,0,0.0,0.0,143.1,151.46334292731035,Low Value
15706.0,2011-08-15 14:32:00,2011-10-07 10:09:00,4,321,5.836363636363636,5.126181818181818,1060.56,19.28290909090909,13.238571965161793,63,52,13.0,2.3076923076923075,265.14,983.3078069841272,High Value
15707.0,2011-09-14 14:19:00,2011-11-04 14:35:00,4,605,2.8271028037383177,2.2814953271028036,945.58,4.418598130841121,4.24142215245095,34,51,12.75,2.3529411764705883,236.395,937.7310180555558,High Value
15708.0,2010-12-05 11:12:00,2011-10-30 10:54:00,7,1267,4.399305555555555,4.0928125,3364.2400000000002,11.68138888888889,9.63828458656329,40,328,46.857142857142854,0.6402439024390244,480.6057142857143,3089.010121246034,VIP
15709.0,2011-03-01 10:38:00,2011-03-01 10:38:00,1,121,20.166666666666668,2.415,133.25,22.208333333333332,8.54085807554877,283,0,0.0,0.0,133.25,192.17663871778382,Low Value
15712.0,2011-02-25 11:32:00,2011-11-30 14:09:00,5,486,9.169811320754716,3.666792452830189,1072.3600000000001,20.233207547169815,16.796748858219427,8,278,55.6,0.539568345323741,214.47200000000004,1023.407444154734,High Value
15713.0,2010-12-08 15:16:00,2011-07-19 13:34:00,2,150,7.894736842105263,5.338421052631579,356.7,18.773684210526316,10.197260095255608,142,222,111.0,0.27027027027027023,178.35,373.315781510483,Medium Value
15714.0,2011-09-23 11:25:00,2011-11-28 11:26:00,2,187,5.3428571428571425,3.0614285714285714,330.88,9.453714285714286,9.431889925302627,11,66,33.0,0.9090909090909091,165.44,339.3420582316061,Medium Value
15716.0,2010-12-05 12:26:00,2011-07-17 11:59:00,4,744,6.305084745762712,2.288728813559322,1118.81,9.481440677966102,12.315669421161097,145,223,55.75,0.5381165919282511,279.7025,1118.971113412699,High Value
15717.0,2011-04-19 13:21:00,2011-04-19 13:21:00,1,70,10.0,2.4714285714285715,150.3,21.47142857142857,9.458103101875889,233,0,0.0,0.0,150.3,123.56807810718496,Low Value
15719.0,2011-01-06 12:31:00,2011-11-07 12:29:00,13,2725,2.9082177161152614,2.200554962646745,5045.61,5.384855923159018,4.8188987603330435,32,304,23.384615384615383,1.2828947368421053,388.1238461538461,4641.253893809525,VIP
15720.0,2011-11-15 14:48:00,2011-11-15 14:48:00,1,281,2.1953125,2.46609375,598.73,4.677578125,6.402682969384543,23,0,0.0,0.0,598.73,520.5313214102564,Medium Value
15721.0,2011-11-28 12:14:00,2011-11-28 12:14:00,1,409,4.4945054945054945,2.0571428571428574,507.08000000000004,5.572307692307692,8.452410843057091,11,0,0.0,0.0,507.08000000000004,511.3792690487689,Medium Value
15722.0,2011-02-22 12:24:00,2011-11-04 11:43:00,5,1026,14.869565217391305,3.047536231884058,2222.56,32.21101449275362,35.55191490436815,35,254,50.8,0.5905511811023622,444.512,2070.979679682539,VIP
15723.0,2010-12-10 11:12:00,2010-12-10 11:12:00,1,87,2.1219512195121952,2.5853658536585367,203.10000000000002,4.953658536585366,5.915280955329831,364,0,0.0,0.0,203.10000000000002,190.01493687278614,Low Value
15724.0,2011-02-28 10:40:00,2011-05-22 14:40:00,2,73,6.636363636363637,3.4136363636363636,218.25,19.84090909090909,8.55922946829381,200,83,41.5,0.7228915662650602,109.125,206.1912903492929,Low Value
15725.0,2011-11-24 14:51:00,2011-11-24 14:51:00,1,221,6.90625,2.65125,415.25,12.9765625,6.2692457792886875,14,0,0.0,0.0,415.25,405.0902054492946,Medium Value
15727.0,2010-12-15 15:47:00,2011-11-23 12:36:00,7,3065,10.149006622516556,3.2481456953642387,5178.96,17.14887417218543,22.105158822519954,16,342,48.857142857142854,0.6140350877192983,739.8514285714285,5703.969591688314,VIP
15729.0,2011-05-11 12:36:00,2011-05-11 12:36:00,1,28,5.6,3.75,85.0,17.0,3.4641016151377544,212,0,0.0,0.0,85.0,96.17915726571374,Low Value
15730.0,2011-05-17 12:43:00,2011-10-05 12:31:00,3,689,9.842857142857143,2.9675714285714285,1120.88,16.01257142857143,4.87497742416602,65,140,46.666666666666664,0.6428571428571428,373.6266666666667,1132.9510548451842,High Value
15732.0,2010-12-02 15:00:00,2011-05-11 14:24:00,2,215,15.357142857142858,1.8907142857142856,294.12,21.00857142857143,9.274884910870329,211,159,79.5,0.37735849056603776,147.06,314.47287234829884,Medium Value
15733.0,2011-03-02 09:05:00,2011-03-02 09:05:00,1,62,6.2,4.35,162.3,16.23,2.134400774612552,282,0,0.0,0.0,162.3,168.47532392269034,Low Value
15734.0,2011-05-23 14:59:00,2011-08-17 10:50:00,2,346,13.307692307692308,4.843846153846154,1339.45,51.517307692307696,61.25544609633938,114,85,42.5,0.7058823529411764,669.725,1107.8953162698413,High Value
15737.0,2011-04-11 10:01:00,2011-11-25 11:21:00,8,599,8.319444444444445,3.910416666666667,1205.1200000000001,16.73777777777778,5.147713076867507,14,228,28.5,1.0526315789473684,150.64000000000001,1264.9342210007637,High Value
15738.0,2010-12-02 12:50:00,2011-11-21 08:26:00,16,2982,17.23699421965318,2.12121387283237,4812.42,27.817456647398846,20.25481548843369,18,353,22.0625,1.3597733711048157,300.77625,4719.73021484127,VIP
15739.0,2011-10-04 13:42:00,2011-10-04 13:42:00,1,472,59.0,2.52375,449.12,56.14,33.58585416510945,65,0,0.0,0.0,449.12,581.1663534090908,Medium Value
15740.0,2011-10-21 14:29:00,2011-10-21 14:29:00,1,152,16.88888888888889,2.4722222222222223,154.88,17.20888888888889,6.566925544812512,48,0,0.0,0.0,154.88,197.91197674603177,Low Value
15743.0,2011-06-08 10:14:00,2011-11-23 17:19:00,4,216,2.4545454545454546,4.683863636363636,784.46,8.914318181818182,6.394629894200568,15,168,42.0,0.7142857142857143,196.115,665.9308986679986,Medium Value
15744.0,2011-09-23 09:52:00,2011-09-23 09:52:00,1,120,40.0,0.29,34.8,11.6,4.018357873559794,77,0,0.0,0.0,34.8,65.02931706349209,Low Value
15745.0,2011-04-17 13:04:00,2011-11-20 13:45:00,4,421,6.790322580645161,4.3022580645161295,1094.5900000000001,17.65467741935484,7.799565922713935,18,217,54.25,0.5529953917050692,273.64750000000004,1047.8382438060187,High Value
15746.0,2011-07-28 15:21:00,2011-07-28 15:21:00,1,178,6.357142857142857,1.4835714285714285,196.88,7.031428571428571,4.8285752168044995,133,0,0.0,0.0,196.88,186.50748062512233,Low Value
15747.0,2011-06-20 11:30:00,2011-11-27 12:26:00,3,480,5.161290322580645,2.459569892473118,974.04,10.473548387096773,12.56613389104787,12,160,53.333333333333336,0.5625,324.68,855.283135064731,High Value
15748.0,2011-10-30 12:51:00,2011-10-30 12:51:00,1,51,2.4285714285714284,3.7361904761904765,149.31,7.11,4.128032218866514,39,0,0.0,0.0,149.31,138.88800644937592,Low Value
15750.0,2010-12-08 10:36:00,2011-12-07 12:34:00,8,1786,6.09556313993174,2.4343003412969284,2465.48,8.414607508532423,6.34503054384076,2,364,45.5,0.6593406593406593,308.185,2570.5983787301584,VIP
15752.0,2010-12-02 09:43:00,2011-10-31 11:37:00,7,1978,4.81265206812652,1.752676399026764,2637.38,6.41698296836983,5.045594470252819,39,333,47.57142857142857,0.6306306306306306,376.7685714285714,2595.7033618253963,VIP
15753.0,2011-02-08 12:41:00,2011-02-08 12:41:00,1,144,144.0,0.55,79.2,79.2,0.0,304,0,0.0,0.0,79.2,114.53659567099571,Low Value
15754.0,2011-04-07 12:24:00,2011-10-19 14:40:00,3,199,7.107142857142857,2.7239285714285715,458.57,16.3775,2.9267269355981194,50,195,65.0,0.46153846153846156,152.85666666666665,439.3438046417798,Medium Value
15755.0,2011-02-18 11:53:00,2011-11-29 14:57:00,6,1427,10.120567375886525,3.1785106382978725,2364.25,16.7677304964539,5.845451634609883,9,284,47.333333333333336,0.6338028169014085,394.0416666666667,2458.8059853970153,VIP
15756.0,2011-04-04 14:00:00,2011-10-09 13:30:00,4,242,1.2604166666666667,2.477239583333333,532.96,2.7758333333333334,2.1125028785465276,60,187,46.75,0.6417112299465241,133.24,513.9069018381616,Medium Value
15757.0,2011-05-06 11:40:00,2011-10-05 12:14:00,2,491,10.911111111111111,2.7295555555555557,714.42,15.876,6.250808456802716,65,152,76.0,0.39473684210526316,357.21,732.6401202381127,High Value
15758.0,2011-11-15 10:48:00,2011-11-15 10:48:00,1,47,5.222222222222222,4.427777777777778,205.25,22.805555555555557,7.722873673560755,24,0,0.0,0.0,205.25,190.44647284245298,Low Value
15759.0,2010-12-16 15:29:00,2011-05-05 15:13:00,3,60,8.571428571428571,5.174285714285714,253.04000000000002,36.14857142857143,24.646186607378315,217,139,46.333333333333336,0.6474820143884892,84.34666666666668,249.35960682470312,Low Value
15762.0,2011-09-23 15:17:00,2011-10-05 16:15:00,2,251,6.783783783783784,4.0018918918918915,583.75,15.777027027027026,4.2851908195972275,64,12,6.0,5.0,291.875,602.9385931331393,Medium Value
15763.0,2011-09-23 12:10:00,2011-11-08 09:44:00,2,271,4.442622950819672,6.6593442622950825,1086.92,17.818360655737706,8.975876406666908,31,45,22.5,1.3333333333333333,543.46,991.232101825397,High Value
15764.0,2011-03-08 09:23:00,2011-09-12 17:58:00,6,2050,11.38888888888889,2.836666666666667,3279.9700000000003,18.222055555555556,15.088095336746491,87,188,31.333333333333332,0.9574468085106383,546.6616666666667,3021.5735800396824,VIP
15766.0,2011-10-06 17:03:00,2011-10-06 17:03:00,1,170,15.454545454545455,3.208181818181818,315.06,28.64181818181818,21.420811290976737,63,0,0.0,0.0,315.06,318.8922841356209,Medium Value
15768.0,2011-04-28 09:20:00,2011-08-16 10:48:00,3,244,9.037037037037036,7.899259259259259,621.83,23.030740740740743,45.527406532593595,115,110,36.666666666666664,0.8181818181818182,207.27666666666667,655.0417368001442,Medium Value
15769.0,2010-12-03 15:16:00,2011-12-02 13:52:00,25,24068,198.9090909090909,2.004214876033058,16525.23879999992,368.7190082644628,183.2489181387118,6,363,14.52,2.066115702479339,1784.6,16364.684827066601,VIP
15773.0,2011-12-04 12:48:00,2011-12-04 12:48:00,1,311,31.1,1.334,635.6800000000001,63.568000000000005,149.4067641485262,5,0,0.0,0.0,635.6800000000001,472.4747280402927,Medium Value
15774.0,2011-10-02 12:04:00,2011-10-02 12:04:00,1,87,3.48,4.802,270.8,10.832,6.154467889265488,68,0,0.0,0.0,270.8,291.2538416590535,Low Value
15775.0,2011-04-08 12:56:00,2011-04-08 12:56:00,1,68,9.714285714285714,2.4714285714285715,104.9,14.985714285714286,2.3919507878358566,244,0,0.0,0.0,104.9,113.39447005672237,Low Value
15776.0,2011-07-29 13:46:00,2011-07-29 13:46:00,1,138,7.666666666666667,4.183888888888889,241.62,13.423333333333334,4.942980763014298,132,0,0.0,0.0,241.62,283.33720331210833,Low Value
15777.0,2010-12-13 16:38:00,2011-04-12 16:43:00,4,378,18.0,3.823333333333333,1047.1100000000001,49.86238095238096,65.11514085869446,240,120,30.0,1.0,261.77750000000003,1112.4006274242427,High Value
15780.0,2010-12-17 11:43:00,2011-06-09 12:01:00,3,220,7.586206896551724,4.157586206896552,475.28000000000003,16.38896551724138,5.202449522530975,183,174,58.0,0.5172413793103449,158.42666666666668,507.2534873720213,Medium Value
15781.0,2011-02-07 09:15:00,2011-11-14 14:57:00,3,180,9.0,3.9675,345.46000000000004,17.273000000000003,5.6764648932421435,24,280,93.33333333333333,0.3214285714285714,115.15333333333335,423.2084899317982,Medium Value
15782.0,2011-09-11 14:29:00,2011-11-30 10:49:00,3,864,20.093023255813954,6.1141860465116284,2614.74,60.80790697674418,34.68048364015343,9,79,26.333333333333332,1.139240506329114,871.5799999999999,2370.9787387698407,VIP
15783.0,2011-11-29 09:50:00,2011-11-29 09:50:00,1,212,15.142857142857142,3.4364285714285714,246.3,17.592857142857145,5.847648348592039,10,0,0.0,0.0,246.3,274.4639038131314,Low Value
15785.0,2011-02-17 14:17:00,2011-11-07 11:33:00,5,1612,19.42168674698795,3.2433734939759034,2328.9700000000003,28.059879518072293,28.313924846781827,32,262,52.4,0.5725190839694657,465.79400000000004,2571.224910201466,VIP
15786.0,2011-08-17 13:33:00,2011-10-24 14:13:00,3,3364,12.599250936329588,2.732322097378277,4932.2,18.47265917602996,9.045728483900845,45,68,22.666666666666668,1.3235294117647058,1644.0666666666666,5009.012623333334,VIP
15787.0,2011-10-09 13:11:00,2011-11-13 14:55:00,3,540,2.621359223300971,2.164708737864078,948.05,4.602184466019417,4.612940714349034,25,35,11.666666666666666,2.571428571428571,316.01666666666665,852.161589430642,High Value
15789.0,2010-12-16 14:35:00,2010-12-16 14:35:00,1,438,17.52,0.9984000000000001,351.3,14.052,4.609323883897362,357,0,0.0,0.0,351.3,340.45612126984133,Medium Value
15790.0,2011-11-29 14:53:00,2011-11-29 14:53:00,1,114,3.257142857142857,3.424285714285714,220.85,6.31,5.205122476945187,9,0,0.0,0.0,220.85,257.1280598059325,Low Value
15791.0,2011-05-19 15:15:00,2011-10-27 10:14:00,2,731,9.746666666666666,3.256266666666667,1612.69,21.502533333333336,11.689446856879922,43,160,80.0,0.375,806.345,1541.2065149762325,High Value
15793.0,2011-03-16 10:45:00,2011-11-25 09:31:00,3,553,46.083333333333336,3.0975,965.61,80.4675,53.440131859697146,14,253,84.33333333333333,0.3557312252964427,321.87,1056.8791261111116,High Value
15795.0,2011-07-13 10:43:00,2011-07-13 10:43:00,1,581,13.833333333333334,3.058095238095238,610.01,14.524047619047618,5.576673569004921,149,0,0.0,0.0,610.01,695.4038263972136,High Value
15796.0,2011-02-10 15:40:00,2011-12-08 19:55:00,8,861,6.473684210526316,3.9022556390977443,2711.56,20.38766917293233,13.303651577054463,0,301,37.625,0.7973421926910299,338.945,2173.422053452381,VIP
15797.0,2011-01-24 15:47:00,2011-08-18 17:04:00,4,873,109.125,4.23125,2207.4,275.925,120.63195205725081,112,206,51.5,0.5825242718446603,551.85,2059.0798412631807,VIP
15799.0,2011-01-09 15:13:00,2011-09-25 12:46:00,3,955,9.744897959183673,2.267448979591837,884.14,9.021836734693878,7.773863340116137,75,258,86.0,0.3488372093023256,294.7133333333333,1381.4486286372367,High Value
15800.0,2011-04-07 12:39:00,2011-08-24 14:23:00,2,335,2.8151260504201683,2.712689075630252,699.08,5.874621848739496,5.7919888844114435,106,139,69.5,0.4316546762589928,349.54,591.6060758979908,Medium Value
15801.0,2011-08-22 09:53:00,2011-10-24 13:52:00,3,570,8.90625,2.96421875,1063.95,16.62421875,5.9630877280965935,45,63,21.0,1.4285714285714286,354.65000000000003,958.1329259276426,High Value
15802.0,2011-07-20 11:38:00,2011-07-20 11:38:00,1,1,1.0,451.42,451.42,451.42,0.0,142,0,0.0,0.0,451.42,590.1688381601732,Medium Value
15803.0,2011-10-19 14:56:00,2011-10-19 14:56:00,1,290,36.25,1.74875,415.82000000000005,51.977500000000006,35.83669219030765,50,0,0.0,0.0,415.82000000000005,400.00352131660003,Medium Value
15804.0,2011-05-25 10:12:00,2011-12-09 12:31:00,13,2565,9.790076335877863,3.7104961832061067,4206.39,16.05492366412214,15.505313283918666,0,198,15.23076923076923,1.9696969696969697,323.5684615384616,4638.975858134922,VIP
15805.0,2010-12-10 09:33:00,2011-11-16 16:32:00,17,3387,11.252491694352159,2.7423920265780732,5528.4800000000005,18.367043189368772,11.639405349707307,22,341,20.058823529411764,1.4956011730205279,325.204705882353,5559.895854642859,VIP
15806.0,2011-03-08 09:24:00,2011-10-24 14:35:00,3,602,19.419354838709676,2.004193548387097,784.58,25.309032258064516,27.73621235314809,45,230,76.66666666666667,0.3913043478260869,261.5266666666667,825.1177510756057,High Value
15807.0,2011-09-23 14:43:00,2011-10-20 14:10:00,3,430,8.958333333333334,2.5812500000000003,903.9,18.83125,9.782012068403054,49,26,8.666666666666666,3.4615384615384612,301.3,827.6921229211925,High Value
15808.0,2010-12-05 13:05:00,2011-02-06 14:33:00,4,1343,6.456730769230769,3.5788461538461536,3734.9700000000003,17.95658653846154,16.285098175679167,305,63,15.75,1.9047619047619047,933.7425000000001,2836.0945741349215,VIP
15809.0,2011-02-10 11:16:00,2011-11-03 16:40:00,5,301,8.6,4.123142857142857,515.77,14.736285714285714,4.005651952307541,35,266,53.2,0.5639097744360902,103.154,565.1490236309526,Medium Value
15810.0,2011-02-16 09:11:00,2011-09-22 09:38:00,4,861,9.674157303370787,2.6612359550561795,1391.98,15.640224719101123,6.258981724023067,78,218,54.5,0.5504587155963303,347.995,1471.0051771940523,High Value
15811.0,2010-12-09 15:29:00,2011-11-17 15:31:00,6,1071,8.052631578947368,3.487669172932331,2218.62,16.681353383458646,5.897724366222253,21,343,57.166666666666664,0.5247813411078717,369.77,2176.739457811354,VIP
15812.0,2011-01-26 12:12:00,2011-08-24 14:19:00,5,922,22.48780487804878,5.051707317073171,1801.14,43.930243902439024,68.32244790286005,106,210,42.0,0.7142857142857143,360.228,1860.7189703403074,VIP
15813.0,2011-04-14 09:09:00,2011-05-16 08:13:00,2,603,15.075,3.775,1303.9099999999999,32.59775,33.77057089997526,207,31,15.5,1.9354838709677418,651.9549999999999,1342.1658658882784,High Value
15814.0,2011-10-20 09:04:00,2011-11-23 08:17:00,4,1271,17.65277777777778,3.284861111111111,1945.3300000000002,27.018472222222226,25.544746636669,16,33,8.25,3.6363636363636362,486.33250000000004,1993.25418015873,VIP
15815.0,2011-03-25 08:43:00,2011-10-07 12:42:00,5,1856,37.87755102040816,2.160408163265306,2100.6,42.86938775510204,44.4814757515307,63,196,39.2,0.7653061224489796,420.12,2563.645744087302,VIP
15819.0,2011-03-08 09:45:00,2011-10-21 14:50:00,4,1357,11.032520325203253,2.0016260162601625,1905.45,15.491463414634147,6.570335056821413,48,227,56.75,0.5286343612334802,476.3625,1793.005623864192,VIP
15820.0,2011-01-24 12:00:00,2011-01-24 12:00:00,1,128,7.529411764705882,2.2494117647058824,206.98,12.175294117647057,20.842552662056253,319,0,0.0,0.0,206.98,201.05922529496877,Low Value
15821.0,2011-10-09 13:28:00,2011-10-26 15:48:00,2,202,3.2580645161290325,3.696451612903226,570.96,9.209032258064516,6.07488911311534,43,17,8.5,3.5294117647058822,285.48,506.4190843034746,Medium Value
15822.0,2010-12-15 13:38:00,2011-12-06 14:50:00,2,375,11.363636363636363,3.369393939393939,885.47,26.832424242424242,16.02232544574582,2,356,178.0,0.16853932584269662,442.735,929.6902575396822,High Value
15823.0,2010-12-02 15:08:00,2010-12-02 15:08:00,1,1,1.0,15.0,15.0,15.0,0.0,368,0,0.0,0.0,15.0,27.93027499999999,Low Value
15825.0,2011-06-20 13:27:00,2011-06-20 13:27:00,1,220,11.0,8.8395,532.94,26.647000000000002,54.2666823343656,171,0,0.0,0.0,532.94,539.4340227380955,Medium Value
15826.0,2011-05-13 10:44:00,2011-10-14 16:05:00,3,963,14.161764705882353,3.2094117647058824,1654.31,24.328088235294118,14.55632521460318,55,154,51.333333333333336,0.5844155844155844,551.4366666666666,1693.676584622415,VIP
15827.0,2010-12-02 13:06:00,2011-09-27 15:35:00,14,882,7.6695652173913045,4.353130434782609,1836.09,15.966,4.683026424357232,72,299,21.357142857142858,1.4046822742474916,131.1492857142857,2038.8591861507937,VIP
15829.0,2011-07-22 10:23:00,2011-09-01 16:45:00,2,996,19.529411764705884,1.0527450980392157,636.14,12.473333333333333,6.675794684280416,98,41,20.5,1.4634146341463414,318.07,698.7044154761904,High Value
15830.0,2011-11-02 10:40:00,2011-11-02 10:40:00,1,415,10.64102564102564,2.913846153846154,576.0,14.76923076923077,6.05319723461359,37,0,0.0,0.0,576.0,610.9974321889957,Medium Value
15831.0,2011-01-19 14:52:00,2011-10-12 13:14:00,3,1105,16.25,2.6416176470588235,801.76,11.790588235294118,13.768282595115632,57,265,88.33333333333333,0.33962264150943394,267.25333333333333,1182.9686271139972,High Value
15832.0,2011-03-30 15:29:00,2011-03-30 15:29:00,1,465,8.61111111111111,2.310185185185185,836.79,15.49611111111111,3.8667349674080467,253,0,0.0,0.0,836.79,610.043174779709,Medium Value
15834.0,2011-03-07 17:52:00,2011-09-30 14:41:00,4,965,3.5347985347985347,4.069487179487179,2233.75,8.182234432234432,12.402953623709887,69,206,51.5,0.5825242718446603,558.4375,2200.1026925396827,VIP
15835.0,2011-01-13 10:35:00,2011-10-26 15:47:00,4,439,8.78,3.073,954.09,19.0818,8.433362969752448,43,286,71.5,0.4195804195804196,238.5225,941.7580759527041,High Value
15836.0,2011-10-20 17:13:00,2011-10-20 17:13:00,1,26,2.6,9.244,137.37,13.737,4.573974809239285,49,0,0.0,0.0,137.37,132.27612861463865,Low Value
15837.0,2011-10-06 09:01:00,2011-10-06 09:01:00,1,189,7.875,4.09125,391.98,16.3325,4.696048523932694,64,0,0.0,0.0,391.98,398.4853767710538,Medium Value
15838.0,2010-12-07 11:26:00,2011-11-28 14:00:00,19,14196,88.17391304347827,1.9490062111801243,16525.23879999992,163.55080745341616,122.61665574043742,10,356,18.736842105263158,1.601123595505618,1385.877894736842,16323.108327066602,VIP
15839.0,2011-07-14 16:35:00,2011-11-06 13:54:00,3,675,10.887096774193548,2.1283870967741936,1048.49,16.911129032258064,6.502331764568797,32,114,38.0,0.7894736842105263,349.49666666666667,931.6986451226552,High Value
15840.0,2011-06-20 11:42:00,2011-10-12 09:08:00,2,396,14.666666666666666,1.961111111111111,355.56,13.168888888888889,5.525627241341603,58,113,56.5,0.5309734513274337,177.78,426.4497516810968,Medium Value
15841.0,2011-01-05 11:25:00,2011-09-28 12:15:00,4,942,20.04255319148936,1.416808510638298,1224.06,26.043829787234042,30.870021658362816,72,266,66.5,0.45112781954887216,306.015,1108.4138516300366,High Value
15843.0,2011-02-09 10:19:00,2011-02-09 10:19:00,1,27,3.375,7.14375,118.95,14.86875,2.4938406267098503,303,0,0.0,0.0,118.95,128.21457253720988,Low Value
15844.0,2011-10-24 15:19:00,2011-10-24 15:19:00,1,134,12.181818181818182,1.7936363636363637,130.73999999999998,11.885454545454543,4.666322671304169,45,0,0.0,0.0,130.73999999999998,141.10029661807712,Low Value
15845.0,2011-01-06 17:19:00,2011-11-22 09:42:00,8,1926,13.956521739130435,2.730144927536232,3711.77,26.896884057971015,14.38781798183554,17,319,39.875,0.7523510971786834,463.97125,3103.329237857145,VIP
15847.0,2011-02-24 16:46:00,2011-11-01 14:41:00,2,449,20.40909090909091,3.35,389.27,17.694090909090907,10.573058150696449,37,249,124.5,0.24096385542168672,194.635,556.8349347222222,Medium Value
15850.0,2011-06-24 14:16:00,2011-11-20 14:14:00,2,302,3.11340206185567,1.5638144329896908,238.85,2.4623711340206187,2.4863648051237526,18,148,74.0,0.4054054054054054,119.425,293.7009316269841,Low Value
15852.0,2011-05-26 13:26:00,2011-06-06 11:22:00,2,48,2.1818181818181817,3.355,160.71,7.305000000000001,12.594802688486421,186,10,5.0,6.0,80.355,146.19348118660392,Low Value
15853.0,2011-10-19 10:38:00,2011-10-19 10:38:00,1,135,4.5,1.4693333333333334,110.8,3.6933333333333334,3.0369816382823864,51,0,0.0,0.0,110.8,118.84985867679357,Low Value
15854.0,2010-12-13 11:47:00,2011-12-05 13:39:00,12,939,6.707142857142857,2.9360714285714287,2974.65,21.247500000000002,40.43441843806413,3,357,29.75,1.0084033613445378,247.88750000000002,2431.193775515873,VIP
15855.0,2011-03-21 12:32:00,2011-07-26 10:20:00,5,470,5.875,1.886,712.24,8.903,6.610955885612836,136,126,25.2,1.1904761904761905,142.448,718.0764905375859,High Value
15856.0,2010-12-09 13:34:00,2011-12-05 17:09:00,27,11005,17.06201550387597,1.7719379844961243,16387.57,25.40708527131783,35.36744223240625,3,361,13.37037037037037,2.2437673130193905,606.947037037037,16135.8395620571,VIP
15857.0,2011-11-21 12:18:00,2011-11-21 12:18:00,1,308,22.0,0.9428571428571428,297.0,21.214285714285715,18.757679745921386,18,0,0.0,0.0,297.0,265.4124005627707,Low Value
15858.0,2010-12-07 14:31:00,2011-11-24 12:48:00,5,1167,6.109947643979058,2.3072774869109947,1438.85,7.533246073298429,10.263055917998855,15,351,70.2,0.4273504273504274,287.77,1610.609105909091,High Value
15860.0,2010-12-06 11:38:00,2011-10-30 11:25:00,8,440,3.0985915492957745,3.4395070422535214,977.21,6.881760563380282,6.707702072334434,40,327,40.875,0.7339449541284403,122.15125,998.9395935163667,High Value
15861.0,2011-03-17 20:12:00,2011-11-27 15:59:00,8,2544,4.65934065934066,1.871190476190476,3165.36,5.797362637362638,8.098350812084657,11,254,31.75,0.9448818897637795,395.67,3311.2316096428567,VIP
15862.0,2010-12-01 11:21:00,2011-12-01 13:28:00,4,585,3.979591836734694,2.7378911564625854,832.88,5.665850340136054,6.137081078919306,7,365,91.25,0.32876712328767127,208.22,1100.1879261016763,High Value
15863.0,2011-05-31 11:36:00,2011-11-14 12:49:00,2,19,1.0555555555555556,3.708888888888889,68.84,3.8244444444444445,2.961492513665488,25,167,83.5,0.3592814371257485,34.42,80.22658815327183,Low Value
15864.0,2011-01-27 16:43:00,2011-11-17 13:32:00,6,1192,59.6,2.7265,1936.32,96.816,67.50724361913046,21,293,48.833333333333336,0.614334470989761,322.71999999999997,1962.1426300396824,VIP
15865.0,2011-05-10 11:44:00,2011-10-30 12:43:00,3,368,9.2,5.611,895.13,22.37825,16.05268184120248,40,173,57.666666666666664,0.5202312138728323,298.37666666666667,1033.380139398379,High Value
15866.0,2011-08-30 14:09:00,2011-08-30 14:09:00,1,126,2.8,3.8722222222222222,230.53,5.122888888888889,4.406115389805722,100,0,0.0,0.0,230.53,260.1963380025808,Low Value
15867.0,2010-12-05 14:17:00,2011-12-04 13:32:00,15,2054,4.455531453362256,3.4156399132321043,3812.64,8.270368763557483,7.543360604633977,4,363,24.2,1.2396694214876034,254.176,4119.501839166665,VIP
15869.0,2011-03-07 17:19:00,2011-03-07 17:23:00,2,175,11.666666666666666,2.1420000000000003,149.64,9.975999999999999,7.16055145522027,276,0,0.0,0.0,74.82,177.30926677270642,Low Value
15870.0,2011-11-07 10:58:00,2011-11-07 10:58:00,1,335,4.407894736842105,1.801842105263158,354.09000000000003,4.659078947368421,3.8548923643016124,32,0,0.0,0.0,354.09000000000003,369.4240034125998,Medium Value
15872.0,2011-11-25 11:54:00,2011-11-25 11:55:00,2,212,1.65625,2.07296875,360.93,2.819765625,2.8723176366922143,14,0,0.0,0.0,180.465,333.1648593776228,Medium Value
15874.0,2011-02-28 13:28:00,2011-10-07 12:31:00,7,2534,21.116666666666667,5.8974166666666665,4405.88,36.71566666666667,47.409233539068154,63,220,31.428571428571427,0.9545454545454546,629.4114285714286,4364.806397777777,VIP
15877.0,2011-11-22 11:18:00,2011-12-08 11:53:00,2,371,2.875968992248062,1.8717829457364341,493.28,3.823875968992248,6.200892867926048,1,16,8.0,3.75,246.64,502.97821087606854,Medium Value
15880.0,2010-12-05 13:00:00,2010-12-05 13:00:00,1,211,2.0095238095238095,2.1701904761904762,343.28,3.269333333333333,3.8226949481572117,368,0,0.0,0.0,343.28,341.8822440423294,Medium Value
15881.0,2010-12-10 13:32:00,2011-01-31 16:59:00,5,260,8.96551724137931,3.3168965517241378,501.39,17.289310344827587,26.723466003153014,311,52,10.4,2.8846153846153846,100.27799999999999,545.6343551205738,Medium Value
15882.0,2010-12-06 13:01:00,2011-05-25 11:35:00,4,276,12.0,1.9078260869565218,516.36,22.450434782608696,19.642112337401464,198,169,42.25,0.7100591715976331,129.09,455.9963233442805,Medium Value
15883.0,2011-11-06 14:50:00,2011-12-07 17:05:00,2,223,4.551020408163265,2.9546938775510205,396.48,8.091428571428573,6.833063612563059,1,31,15.5,1.9354838709677418,198.24,394.73436139470476,Medium Value
15885.0,2011-02-03 15:28:00,2011-09-08 10:43:00,3,111,6.166666666666667,5.686111111111111,379.35,21.075000000000003,8.601201181504003,92,216,72.0,0.41666666666666663,126.45,417.531592783989,Medium Value
15886.0,2011-10-10 14:25:00,2011-10-10 14:25:00,1,147,12.25,2.9975,181.09,15.090833333333334,16.80787989352469,59,0,0.0,0.0,181.09,196.98868566620655,Low Value
15888.0,2011-09-20 12:30:00,2011-09-20 12:30:00,1,76,6.333333333333333,2.464166666666667,168.31,14.025833333333333,21.431810875990916,80,0,0.0,0.0,168.31,136.581557238553,Low Value
15889.0,2010-12-05 15:12:00,2011-07-06 11:10:00,2,215,2.3118279569892475,2.8899999999999997,446.87,4.80505376344086,4.56069636741734,156,212,106.0,0.2830188679245283,223.435,436.6013428582195,Medium Value
15891.0,2011-04-27 12:35:00,2011-04-27 12:35:00,1,442,7.129032258064516,2.651774193548387,524.52,8.459999999999999,7.367739827378164,226,0,0.0,0.0,524.52,579.3915704096638,Medium Value
15894.0,2010-12-05 14:06:00,2011-03-31 13:50:00,2,168,4.097560975609756,2.0119512195121954,263.55,6.4280487804878055,12.210406057849221,252,115,57.5,0.5217391304347826,131.775,258.75701848110145,Low Value
15895.0,2011-07-13 10:27:00,2011-07-13 10:27:00,1,94,8.545454545454545,1.9845454545454544,179.17,16.288181818181815,40.50159350400471,149,0,0.0,0.0,179.17,156.03754052200648,Low Value
15897.0,2011-05-29 13:32:00,2011-05-29 13:50:00,2,261,10.875,2.0920833333333335,222.05,9.252083333333333,21.913675098909803,193,0,0.0,0.0,111.025,274.20301170510754,Low Value
15898.0,2010-12-06 11:01:00,2011-12-08 15:23:00,5,570,6.627906976744186,3.322674418604651,1388.88,16.149767441860465,34.80485473158101,0,367,73.4,0.40871934604904636,277.776,1321.263640331891,High Value
15899.0,2010-12-06 10:36:00,2010-12-06 10:36:00,1,39,9.75,4.125,56.25,14.0625,4.262897097827564,368,0,0.0,0.0,56.25,85.94968474759,Low Value
15900.0,2011-11-16 12:19:00,2011-11-16 12:19:00,1,221,4.333333333333333,2.0315686274509805,351.11,6.884509803921569,5.945023570592632,23,0,0.0,0.0,351.11,338.30191315693696,Medium Value
15901.0,2011-07-08 12:18:00,2011-11-23 12:43:00,3,384,3.310344827586207,2.0995689655172414,363.88,3.136896551724138,2.8397251593261172,16,138,46.0,0.6521739130434783,121.29333333333334,532.1286890481465,Medium Value
15903.0,2011-02-17 14:04:00,2011-11-30 08:08:00,7,2410,32.567567567567565,2.245135135135135,5126.76,69.28054054054054,66.74122834760873,9,285,40.714285714285715,0.7368421052631579,732.3942857142857,4465.061439246033,VIP
15904.0,2011-12-01 14:50:00,2011-12-01 14:50:00,1,84,2.8,2.953333333333333,164.68,5.489333333333334,5.770402444181523,7,0,0.0,0.0,164.68,182.7434840026459,Low Value
15906.0,2011-03-29 13:28:00,2011-11-20 12:24:00,7,544,3.6266666666666665,3.3830666666666667,1567.69,10.451266666666667,9.53128295459884,19,235,33.57142857142857,0.8936170212765958,223.9557142857143,1402.2244936081406,High Value
15907.0,2011-05-13 13:01:00,2011-12-06 12:21:00,3,509,2.0441767068273093,2.590240963855422,967.45,3.8853413654618474,4.258605327879645,3,206,68.66666666666667,0.4368932038834952,322.48333333333335,967.1048042637013,High Value
15909.0,2011-06-19 10:38:00,2011-06-19 10:38:00,1,98,14.0,1.8599999999999999,191.94,27.419999999999998,23.99797491456311,173,0,0.0,0.0,191.94,157.6712000543679,Low Value
15910.0,2011-01-27 11:55:00,2011-12-09 10:51:00,8,1015,3.801498127340824,1.8127340823970037,1232.18,4.614906367041199,3.750641485312917,0,315,39.375,0.7619047619047619,154.0225,1257.3641801226556,High Value
15912.0,2011-04-20 17:10:00,2011-06-14 14:29:00,2,185,9.736842105263158,2.0957894736842104,264.62,13.927368421052632,11.909131809995063,177,54,27.0,1.1111111111111112,132.31,262.8444976276549,Low Value
15916.0,2010-12-08 13:07:00,2011-11-23 13:46:00,8,757,4.883870967741935,3.7222580645161294,1528.09,9.858645161290323,8.438047958343082,15,350,43.75,0.6857142857142857,191.01125,1691.8710020634926,VIP
15917.0,2011-04-06 10:40:00,2011-04-06 10:40:00,1,42,3.5,5.1499999999999995,123.1,10.258333333333333,8.055512887382644,247,0,0.0,0.0,123.1,150.51406613993015,Low Value
15918.0,2011-03-13 15:55:00,2011-06-02 11:42:00,2,153,3.825,2.5142499999999997,334.23,8.35575,7.600601152844123,190,80,40.0,0.75,167.115,286.9594222185133,Low Value
15919.0,2010-12-06 11:26:00,2011-11-20 11:28:00,2,545,3.8111888111888113,2.4646153846153847,639.89,4.4747552447552446,3.783150157703146,19,349,174.5,0.17191977077363899,319.945,752.8346583597682,High Value
15920.0,2011-07-08 15:16:00,2011-07-08 15:31:00,4,99,1.65,2.1593333333333335,167.5,2.7916666666666665,2.012346776284495,153,0,0.0,0.0,41.875,178.84194198880687,Low Value
15921.0,2011-06-20 11:03:00,2011-06-20 11:03:00,1,166,6.64,3.7872000000000003,336.03000000000003,13.441200000000002,17.263307263287263,172,0,0.0,0.0,336.03000000000003,340.637860360027,Medium Value
15922.0,2010-12-01 13:51:00,2010-12-01 13:51:00,1,138,12.545454545454545,4.409090909090909,369.5,33.59090909090909,17.00185016669977,368,0,0.0,0.0,369.5,372.9865094981962,Medium Value
15923.0,2010-12-02 12:16:00,2010-12-02 12:16:00,1,122,5.809523809523809,2.814761904761905,127.08,6.051428571428572,4.855696948651435,368,0,0.0,0.0,127.08,183.83355124295147,Low Value
15925.0,2011-05-29 15:35:00,2011-05-29 15:35:00,1,93,7.75,2.8958333333333335,207.15,17.2625,10.558002673543205,193,0,0.0,0.0,207.15,195.17405119883878,Low Value
15930.0,2011-10-03 14:52:00,2011-10-03 14:52:00,1,139,6.619047619047619,4.022857142857143,426.63,20.315714285714286,6.422272628461496,66,0,0.0,0.0,426.63,402.99402034764813,Medium Value
15932.0,2011-02-23 14:50:00,2011-12-05 17:13:00,8,2325,20.217391304347824,1.4927826086956522,2495.87,21.703217391304346,20.805847379321627,3,285,35.625,0.8421052631578947,311.98375,2285.0553025000004,VIP
15933.0,2011-09-14 12:05:00,2011-11-18 13:14:00,3,885,11.95945945945946,2.1356756756756754,1107.46,14.965675675675676,6.561754710416581,20,65,21.666666666666668,1.3846153846153848,369.15333333333336,1162.4859264495797,High Value
15935.0,2011-04-12 09:35:00,2011-04-14 13:27:00,2,115,9.583333333333334,27.295,416.86,34.73833333333334,86.47375869258975,238,2,1.0,30.0,208.43,448.460503051587,Medium Value
15937.0,2011-10-06 15:48:00,2011-10-06 15:48:00,1,73,10.428571428571429,2.3714285714285714,145.35000000000002,20.764285714285716,5.95599937637913,63,0,0.0,0.0,145.35000000000002,122.28111221668658,Low Value
15938.0,2011-01-20 10:11:00,2011-08-19 12:56:00,5,240,13.333333333333334,2.320555555555556,404.58000000000004,22.47666666666667,14.035652502697213,111,211,42.2,0.7109004739336493,80.91600000000001,416.8410866888812,Medium Value
15939.0,2011-01-12 12:43:00,2011-09-11 11:30:00,15,4728,62.21052631578947,1.7944736842105262,6115.01,80.46065789473684,78.65882630424511,89,241,16.066666666666666,1.8672199170124482,407.6673333333334,5726.356090108226,VIP
15940.0,2011-02-01 16:18:00,2011-02-01 16:18:00,1,4,4.0,8.95,35.8,35.8,0.0,310,0,0.0,0.0,35.8,40.57608782467535,Low Value
15942.0,2011-07-29 09:01:00,2011-07-29 09:01:00,1,232,16.571428571428573,2.657857142857143,337.44,24.102857142857143,11.99464972302326,133,0,0.0,0.0,337.44,342.5872549194009,Medium Value
15944.0,2011-03-08 10:33:00,2011-03-08 10:33:00,1,50,8.333333333333334,5.083333333333333,325.1,54.18333333333334,64.54540778914226,276,0,0.0,0.0,325.1,223.7508793903611,Low Value
15945.0,2010-12-09 13:14:00,2010-12-09 13:14:00,1,52,26.0,2.75,181.0,90.5,108.75302294649101,364,0,0.0,0.0,181.0,150.59343752435066,Low Value
15947.0,2011-09-18 10:46:00,2011-09-18 10:46:00,1,898,30.96551724137931,4.022068965517241,1708.24,58.9048275862069,61.26187130558508,82,0,0.0,0.0,1708.24,1741.797281690069,VIP
15948.0,2011-10-27 08:35:00,2011-12-01 15:32:00,2,567,9.45,2.5215,955.24,15.920666666666667,3.7011518439198645,7,35,17.5,1.7142857142857142,477.62,859.2412311097147,High Value
15949.0,2011-09-29 17:34:00,2011-11-23 09:09:00,2,284,14.947368421052632,1.8247368421052632,364.72,19.19578947368421,7.821237693890111,16,54,27.0,1.1111111111111112,182.36,374.6272035184486,Medium Value
15950.0,2010-12-15 11:56:00,2011-11-08 11:09:00,4,729,7.438775510204081,3.335,1765.51,18.015408163265306,11.520437435169926,31,327,81.75,0.36697247706422015,441.3775,1672.3852210578314,VIP
15951.0,2011-02-27 11:57:00,2011-12-01 08:34:00,2,313,7.634146341463414,3.700731707317073,708.22,17.273658536585366,4.937793918389851,8,276,138.0,0.2173913043478261,354.11,698.2108910876455,High Value
15952.0,2011-04-28 12:55:00,2011-11-06 11:18:00,4,399,4.384615384615385,3.2756043956043954,806.57,8.863406593406594,7.43148051942698,33,191,47.75,0.6282722513089005,201.6425,885.1299433269319,High Value
15953.0,2010-12-05 15:15:00,2011-11-24 15:32:00,8,892,9.10204081632653,2.719795918367347,1659.3799999999999,16.932448979591836,20.002460109584383,14,354,44.25,0.6779661016949152,207.42249999999999,1640.36106893542,High Value
15955.0,2010-12-02 11:22:00,2011-11-15 14:15:00,14,2135,11.666666666666666,2.833169398907104,4416.26,24.13256830601093,17.317424511722574,23,348,24.857142857142858,1.206896551724138,315.44714285714286,4413.77120547619,VIP
15957.0,2011-11-08 12:14:00,2011-11-08 12:14:00,1,211,5.023809523809524,2.787857142857143,428.89,10.211666666666666,9.218434583966078,31,0,0.0,0.0,428.89,423.25817448141015,Medium Value
15958.0,2011-09-26 13:41:00,2011-09-26 13:41:00,1,33,4.714285714285714,3.9842857142857144,104.35,14.907142857142857,14.863389826781008,73,0,0.0,0.0,104.35,112.51027970931415,Low Value
15963.0,2011-10-25 13:05:00,2011-11-20 11:33:00,2,298,10.642857142857142,2.41,470.76,16.812857142857144,6.801868946401508,19,25,12.5,2.4,235.38,486.86593128147234,Medium Value
15965.0,2010-12-07 13:18:00,2011-11-22 16:44:00,4,453,3.7131147540983607,2.287704918032787,845.64,6.931475409836065,8.018197038960109,16,350,87.5,0.34285714285714286,211.41,725.1135534054833,High Value
15967.0,2011-01-25 11:57:00,2011-11-16 15:41:00,2,211,2.511904761904762,2.8676190476190477,418.83,4.986071428571428,3.9433812223415594,22,295,147.5,0.20338983050847456,209.415,424.9336879015095,Medium Value
15969.0,2011-06-07 12:19:00,2011-12-07 11:06:00,3,124,6.2,7.0825000000000005,666.1,33.305,17.358191604815108,2,182,60.666666666666664,0.4945054945054945,222.03333333333333,635.5921854404762,Medium Value
15970.0,2011-02-09 12:08:00,2011-02-09 12:08:00,1,116,10.545454545454545,2.6,314.09999999999997,28.55454545454545,16.921073466914773,303,0,0.0,0.0,314.09999999999997,275.8291583647849,Low Value
15971.0,2011-02-01 16:47:00,2011-11-22 12:50:00,12,1717,49.05714285714286,2.3254285714285716,4199.85,119.9957142857143,145.23225333087353,17,293,24.416666666666668,1.228668941979522,349.9875,3493.119999920635,VIP
15973.0,2010-12-08 11:42:00,2010-12-08 11:42:00,1,106,26.5,4.4275,307.82000000000005,76.95500000000001,84.8068871024046,366,0,0.0,0.0,307.82000000000005,385.62519634920625,Medium Value
15974.0,2011-02-24 10:10:00,2011-10-31 13:13:00,7,2262,12.852272727272727,2.819545454545455,3442.15,19.557670454545455,16.415284575208098,38,249,35.57142857142857,0.8433734939759036,491.7357142857143,3535.5708034523823,VIP
15975.0,2011-09-16 13:33:00,2011-09-16 13:33:00,1,243,10.125,2.1433333333333335,371.01,15.45875,4.328026272221956,83,0,0.0,0.0,371.01,355.79900335579435,Medium Value
15976.0,2011-05-03 17:12:00,2011-06-27 13:00:00,2,277,2.826530612244898,2.4076530612244897,430.94,4.39734693877551,3.191531497741015,164,54,27.0,1.1111111111111112,215.47,472.2028927580752,Medium Value
15977.0,2011-10-31 16:24:00,2011-11-22 13:29:00,2,1016,15.63076923076923,2.9993846153846153,1054.73,16.226615384615386,12.898355185463943,16,21,10.5,2.857142857142857,527.365,1213.9499319261295,High Value
15978.0,2011-09-23 15:21:00,2011-09-23 15:21:00,1,888,18.122448979591837,1.9628571428571426,1098.78,22.42408163265306,12.995829446141453,76,0,0.0,0.0,1098.78,1153.8877193037522,High Value
15980.0,2011-03-30 15:05:00,2011-09-12 09:41:00,3,1560,36.27906976744186,2.072558139534884,2398.86,55.78744186046512,39.68539950380116,88,165,55.0,0.5454545454545454,799.62,2174.3062473015884,VIP
15981.0,2011-02-01 13:50:00,2011-11-15 08:00:00,8,1866,19.237113402061855,2.2077319587628867,3408.48,35.13896907216495,24.451872179708108,24,286,35.75,0.8391608391608392,426.06,3166.271681666667,VIP
15983.0,2010-12-01 12:15:00,2011-11-17 17:34:00,4,892,7.893805309734513,2.1008849557522122,1475.02,13.053274336283186,15.413203838782298,21,351,87.75,0.3418803418803419,368.755,1384.4140823826747,High Value
15984.0,2010-12-06 13:21:00,2011-12-07 12:16:00,10,1843,6.825925925925926,2.730962962962963,2837.67,10.50988888888889,18.82005966283092,2,365,36.5,0.8219178082191781,283.767,2946.4776923557006,VIP
15985.0,2011-04-17 11:04:00,2011-08-08 16:31:00,2,1086,29.35135135135135,1.8202702702702702,1142.42,30.876216216216218,24.383741777320868,122,113,56.5,0.5309734513274337,571.21,1153.4821985650458,High Value
15986.0,2011-11-09 15:17:00,2011-11-09 15:17:00,1,268,19.142857142857142,0.897142857142857,168.12,12.008571428571429,3.746594057669851,29,0,0.0,0.0,168.12,180.3459065873015,Low Value
15987.0,2010-12-06 08:34:00,2011-11-27 15:38:00,7,1556,11.114285714285714,2.154642857142857,1451.28,10.366285714285715,35.337367413902214,11,356,50.857142857142854,0.5898876404494382,207.32571428571427,1826.8461530525026,VIP
15988.0,2011-11-20 13:23:00,2011-11-20 13:23:00,1,181,6.703703703703703,3.451851851851852,158.03,5.852962962962963,5.5441353732603815,18,0,0.0,0.0,158.03,271.3254289763277,Low Value
15990.0,2011-02-25 15:35:00,2011-10-26 15:58:00,2,443,8.51923076923077,3.0548076923076923,792.11,15.232884615384616,10.466948604271664,43,243,121.5,0.2469135802469136,396.055,796.7457137244356,High Value
15992.0,2011-12-06 11:00:00,2011-12-06 11:00:00,1,17,5.666666666666667,6.109999999999999,41.989999999999995,13.996666666666664,0.8256108849411647,3,0,0.0,0.0,41.989999999999995,77.6960672802625,Low Value
15993.0,2011-10-26 16:21:00,2011-12-01 10:45:00,7,2051,3.7155797101449277,2.233713768115942,2797.57,5.068061594202899,4.944744708122369,8,35,5.0,6.0,399.65285714285716,3142.1297530014417,VIP
15994.0,2011-10-16 12:28:00,2011-10-16 12:28:00,1,177,5.057142857142857,3.388,427.07,12.202,12.651942143402334,54,0,0.0,0.0,427.07,387.61312402360716,Medium Value
15996.0,2010-12-08 15:59:00,2011-09-12 15:14:00,6,384,2.953846153846154,3.9843076923076928,1060.68,8.159076923076924,5.316126182751517,87,277,46.166666666666664,0.6498194945848376,176.78,1046.4001437054424,High Value
15998.0,2010-12-12 13:32:00,2011-11-03 12:45:00,5,2041,4.033596837944664,2.5529446640316205,3089.97,6.106660079051383,4.666555083526959,36,325,65.0,0.4615384615384615,617.9939999999999,3276.671972777776,VIP
16000.0,2011-12-07 12:14:00,2011-12-07 12:14:00,1,1860,620.0,1.38,2566.7999999999997,855.5999999999999,0.0,2,0,0.0,0.0,1786.2049999999992,2030.6359064285718,VIP
16003.0,2010-12-15 12:09:00,2011-11-10 09:57:00,5,1185,11.504854368932039,5.018446601941747,2735.37,26.556990291262135,39.503590326652365,29,329,65.8,0.45592705167173253,547.074,2755.9735212157293,VIP
16005.0,2011-03-14 11:46:00,2011-11-27 13:47:00,4,300,1.3761467889908257,2.3735779816513762,615.39,2.822889908256881,2.287278663319467,11,258,64.5,0.46511627906976744,153.8475,607.4881151974232,Medium Value
16006.0,2011-05-12 13:12:00,2011-05-12 13:12:00,1,84,10.5,1.5775000000000001,101.4,12.675,10.152576027787234,210,0,0.0,0.0,101.4,114.14142486905658,Low Value
16007.0,2011-05-08 13:32:00,2011-10-23 11:05:00,4,1393,3.618181818181818,1.78612987012987,1701.94,4.420623376623377,4.393605631337767,47,167,41.75,0.718562874251497,425.485,1674.2567709415584,VIP
16008.0,2011-05-19 10:54:00,2011-11-16 10:32:00,3,323,9.787878787878787,2.111515151515152,478.78,14.508484848484848,9.046642374802696,23,180,60.0,0.5,159.59333333333333,491.0531251212385,Medium Value
16009.0,2011-07-03 11:26:00,2011-11-17 16:51:00,4,378,4.2,3.313888888888889,992.71,11.030111111111111,10.889656827935958,21,137,34.25,0.8759124087591241,248.1775,934.0086144221281,High Value
16010.0,2010-12-12 12:18:00,2011-04-08 10:14:00,3,210,2.441860465116279,2.2238372093023258,407.5,4.738372093023256,5.774367469401531,245,116,38.666666666666664,0.7758620689655172,135.83333333333334,381.6790213320601,Medium Value
16011.0,2010-12-08 16:34:00,2011-12-01 16:31:00,16,2042,9.632075471698114,2.1162735849056604,3362.71,15.86183962264151,10.796439202040247,7,357,22.3125,1.3445378151260503,210.169375,3628.524114285715,VIP
16012.0,2011-07-07 18:02:00,2011-11-04 13:25:00,3,799,8.5,2.5875531914893615,1415.29,15.05627659574468,19.76716349539951,34,119,39.666666666666664,0.7563025210084033,471.7633333333333,1384.1818172304306,High Value
16013.0,2010-12-03 13:09:00,2011-12-06 10:36:00,30,12460,94.39393939393939,2.7943939393939394,16525.23879999992,216.14848484848486,204.82902478190596,3,367,8.340909090909092,3.596730245231608,648.4454545454546,16453.851214809456,VIP
16014.0,2011-02-21 17:42:00,2011-11-02 12:04:00,3,265,1.8275862068965518,2.8024137931034483,662.38,4.5681379310344825,4.067284103777719,37,253,84.33333333333333,0.3557312252964427,220.79333333333332,565.6891222818847,Medium Value
16015.0,2011-10-21 12:56:00,2011-12-06 10:58:00,3,909,4.9945054945054945,1.2462637362637363,705.39,3.875769230769231,6.74462046420107,3,45,15.0,2.0,235.13,754.3346265079366,High Value
16016.0,2010-12-08 12:36:00,2011-12-06 14:35:00,8,620,2.6382978723404253,2.9934468085106385,1508.76,6.420255319148936,5.676189052238815,2,363,45.375,0.6611570247933884,188.595,1392.9833940476192,High Value
16017.0,2011-10-23 12:56:00,2011-10-23 12:56:00,1,102,3.1875,2.675625,211.88,6.62125,4.243725349113639,46,0,0.0,0.0,211.88,210.57003886395978,Low Value
16018.0,2011-06-12 13:52:00,2011-10-31 14:13:00,2,190,6.785714285714286,3.3039285714285715,408.9,14.603571428571428,12.394102903094147,38,141,70.5,0.425531914893617,204.45,407.5794394993463,Medium Value
16019.0,2010-12-10 12:29:00,2011-10-24 11:51:00,9,1733,10.83125,3.3305,3786.24,23.663999999999998,28.15063722817303,46,317,35.22222222222222,0.8517350157728707,420.6933333333333,3633.5249400396833,VIP
16020.0,2011-10-05 13:54:00,2011-11-23 11:18:00,3,487,10.58695652173913,2.4445652173913044,851.01,18.500217391304346,13.39073618242277,16,48,16.0,1.875,283.67,807.8103186087425,High Value
16022.0,2011-03-24 13:16:00,2011-03-24 13:16:00,1,261,3.4342105263157894,3.3089473684210526,628.28,8.266842105263157,7.063697466252137,259,0,0.0,0.0,628.28,598.6584532124213,Medium Value
16023.0,2011-03-18 13:32:00,2011-10-24 16:34:00,3,358,3.5445544554455446,3.1293069306930694,719.81,7.126831683168317,5.225055584525979,45,220,73.33333333333333,0.4090909090909091,239.93666666666664,720.9169300608053,High Value
16024.0,2011-11-27 13:26:00,2011-11-27 13:26:00,1,398,6.21875,1.11484375,251.24,3.925625,3.334370731427922,11,0,0.0,0.0,251.24,291.00425352813863,Low Value
16025.0,2011-11-10 11:45:00,2011-11-10 11:45:00,1,338,12.071428571428571,1.9764285714285712,439.65999999999997,15.702142857142857,3.8117181477773565,29,0,0.0,0.0,439.65999999999997,439.11922504478053,Medium Value
16026.0,2011-10-27 13:53:00,2011-10-27 13:53:00,1,243,7.59375,1.285625,236.09,7.3778125,3.1489360562403177,42,0,0.0,0.0,236.09,235.5400161155941,Low Value
16027.0,2011-02-10 12:19:00,2011-09-09 10:47:00,6,1147,71.6875,13.510000000000002,934.62,58.41375,49.923430287457876,91,210,35.0,0.8571428571428571,155.77,4187.962642301587,VIP
16029.0,2010-12-01 09:57:00,2011-11-01 10:27:00,30,25471,112.70353982300885,2.4393362831858405,16525.23879999992,227.87827433628317,173.0149541722653,38,335,5.491803278688525,5.462686567164179,844.2703278688524,14295.644967722175,VIP
16030.0,2011-02-03 11:28:00,2011-02-03 11:28:00,1,283,9.758620689655173,2.3137931034482757,331.24,11.422068965517242,5.989089711008048,309,0,0.0,0.0,331.24,369.71186998236846,Medium Value
16031.0,2011-04-06 14:23:00,2011-09-08 13:07:00,2,423,4.23,2.7897000000000003,548.94,5.489400000000001,5.77302956370694,91,154,77.0,0.3896103896103896,274.47,620.0963141512663,Medium Value
16033.0,2010-12-05 10:36:00,2011-12-04 12:44:00,20,3539,3.1125769569041335,3.34532981530343,8816.4,7.754089709762533,7.650225330546956,5,364,18.2,1.6483516483516485,440.82,8291.753936908372,VIP
16034.0,2011-01-11 11:54:00,2011-05-27 16:17:00,3,242,11.0,2.5545454545454547,437.70000000000005,19.895454545454548,14.320705199207104,195,136,45.333333333333336,0.6617647058823529,145.9,437.22024206529585,Medium Value
16036.0,2011-03-21 13:01:00,2011-09-13 14:53:00,2,716,13.018181818181818,2.1336363636363638,758.9200000000001,13.798545454545456,12.18696547442174,86,176,88.0,0.34090909090909094,379.46000000000004,774.0290315877262,High Value
16037.0,2010-12-16 10:18:00,2011-03-15 09:13:00,3,428,10.974358974358974,3.1225641025641027,855.02,21.923589743589744,21.109467505211406,269,88,29.333333333333332,1.0227272727272727,285.00666666666666,831.7759384319291,High Value
16038.0,2011-05-22 11:29:00,2011-12-02 12:40:00,3,244,9.384615384615385,3.19,471.78,18.145384615384614,7.745664196578229,7,194,64.66666666666667,0.4639175257731959,157.26,486.84261237761416,Medium Value
16040.0,2011-03-16 09:58:00,2011-10-05 13:47:00,3,684,10.523076923076923,3.9113846153846157,1313.55,20.20846153846154,8.512741411916249,64,203,67.66666666666667,0.4433497536945813,437.84999999999997,1304.4207866266377,High Value
16041.0,2011-07-21 16:27:00,2011-11-09 12:25:00,3,864,172.8,6.178,2122.4,424.48,173.52893706814436,30,110,36.666666666666664,0.8181818181818182,707.4666666666667,2641.119222261904,VIP
16042.0,2011-01-11 13:25:00,2011-11-17 17:50:00,5,755,10.633802816901408,2.9728169014084505,1197.27,16.862957746478873,5.3163151562944675,21,310,62.0,0.48387096774193544,239.454,1264.1825012395939,High Value
16043.0,2011-01-26 11:14:00,2011-11-02 12:50:00,4,503,12.897435897435898,4.506923076923077,773.99,19.845897435897434,12.303190582752084,37,280,70.0,0.42857142857142855,193.4975,869.6115616206179,High Value
16045.0,2011-02-22 14:55:00,2011-08-12 12:41:00,4,897,10.80722891566265,2.8589156626506025,1340.7,16.15301204819277,6.907701558183174,119,170,42.5,0.7058823529411764,335.175,1361.4922470082747,High Value
16048.0,2010-12-01 15:27:00,2010-12-01 15:28:00,2,144,18.0,1.62125,256.44,32.055,19.987057955444214,368,0,0.0,0.0,128.22,227.90077900099902,Low Value
16049.0,2011-09-25 14:33:00,2011-10-30 13:19:00,3,793,2.5416666666666665,2.019967948717949,1111.79,3.563429487179487,3.784075972555658,39,34,11.333333333333334,2.6470588235294117,370.59666666666664,1074.9172906746035,High Value
16050.0,2011-06-19 11:44:00,2011-06-19 11:44:00,1,278,27.8,2.585,137.9,13.790000000000001,6.4492841980073,173,0,0.0,0.0,137.9,221.8986742989418,Low Value
16052.0,2011-10-16 15:13:00,2011-10-16 15:13:00,1,282,8.294117647058824,2.4885294117647057,362.06,10.648823529411764,9.841863510629166,53,0,0.0,0.0,362.06,390.7688944070115,Medium Value
16053.0,2011-08-09 14:57:00,2011-11-07 11:21:00,2,1793,21.345238095238095,2.883809523809524,1511.95,17.999404761904763,10.2994518922114,32,89,44.5,0.6741573033707865,755.975,2042.8302924999994,VIP
16054.0,2011-07-17 13:08:00,2011-07-17 13:08:00,1,380,5.428571428571429,3.998142857142857,783.9,11.198571428571428,7.048249096116778,144,0,0.0,0.0,783.9,850.7651655737832,High Value
16055.0,2011-05-03 09:26:00,2011-05-03 09:26:00,1,22,2.75,8.9875,134.8,16.85,4.517584689695527,220,0,0.0,0.0,134.8,134.18237753073424,Low Value
16056.0,2011-10-25 15:19:00,2011-10-25 15:19:00,1,347,5.102941176470588,3.7658823529411762,664.85,9.777205882352941,7.449651067775367,44,0,0.0,0.0,664.85,715.2401697567049,High Value
16057.0,2011-02-28 10:35:00,2011-11-23 15:23:00,7,863,7.132231404958677,4.028181818181818,2263.12,18.703471074380165,5.141650142179357,15,268,38.285714285714285,0.7835820895522387,323.30285714285714,2149.7301648268394,VIP
16059.0,2010-12-07 10:36:00,2011-10-05 09:56:00,6,643,3.5722222222222224,3.109333333333333,1459.8600000000001,8.110333333333333,5.463296720978325,65,301,50.166666666666664,0.5980066445182725,243.31000000000003,1391.9438757142862,High Value
16062.0,2010-12-10 12:00:00,2011-11-30 12:15:00,4,800,12.5,2.7225,1153.62,18.0253125,23.09531609001312,9,355,88.75,0.3380281690140845,288.405,1152.4250081290934,High Value
16063.0,2011-03-24 14:55:00,2011-03-24 14:56:00,1,262,11.391304347826088,2.242608695652174,335.32,14.57913043478261,2.9114709076083516,259,0,0.0,0.0,335.32,347.5893769608998,Medium Value
16065.0,2010-12-09 13:03:00,2010-12-09 13:03:00,1,231,3.1216216216216215,1.8732432432432433,372.09,5.028243243243243,6.034304980489175,364,0,0.0,0.0,372.09,360.47644623842,Medium Value
16066.0,2011-08-07 14:33:00,2011-11-23 11:54:00,5,936,9.176470588235293,3.1003921568627453,1521.87,14.920294117647058,17.17010292823265,16,107,21.4,1.4018691588785046,304.37399999999997,1637.7643478109396,High Value
16070.0,2011-11-07 16:36:00,2011-11-17 15:50:00,2,457,13.848484848484848,2.1045454545454545,852.15,25.82272727272727,28.136117166456092,21,9,4.5,6.666666666666667,426.075,628.8531358748147,Medium Value
16071.0,2011-10-26 11:14:00,2011-10-26 11:14:00,1,180,8.571428571428571,2.737142857142857,326.24,15.535238095238096,4.5110449111570805,44,0,0.0,0.0,326.24,313.0462693161124,Medium Value
16072.0,2011-02-24 14:32:00,2011-02-24 14:32:00,1,140,6.086956521739131,8.399565217391304,584.3199999999999,25.405217391304344,21.489417875605916,287,0,0.0,0.0,584.3199999999999,563.6393628373016,Medium Value
16073.0,2011-02-15 15:41:00,2011-02-15 15:41:00,1,48,48.0,2.55,122.4,122.4,0.0,296,0,0.0,0.0,122.4,130.6252917234849,Low Value
16076.0,2011-05-15 12:31:00,2011-12-06 14:59:00,10,1435,11.124031007751938,2.541007751937985,2234.73,17.323488372093024,12.323667565600829,2,205,20.5,1.4634146341463414,223.473,2307.6385870761196,VIP
16078.0,2011-03-01 09:47:00,2011-03-01 09:47:00,1,16,16.0,4.95,79.2,79.2,0.0,283,0,0.0,0.0,79.2,97.02973463152318,Low Value
16079.0,2011-10-30 13:06:00,2011-11-23 12:48:00,3,864,41.142857142857146,2.9714285714285715,1352.0,64.38095238095238,85.91805432531406,16,23,7.666666666666667,3.913043478260869,450.6666666666667,1486.0485068818684,High Value
16080.0,2011-03-10 14:44:00,2011-09-19 10:42:00,2,128,12.8,1.7919999999999998,217.16,21.716,12.433230741310428,81,192,96.0,0.3125,108.58,201.44814173577888,Low Value
16081.0,2010-12-08 11:16:00,2011-10-14 13:06:00,5,1477,6.506607929515418,2.7976211453744493,2806.9,12.365198237885464,11.019628076630061,55,310,62.0,0.48387096774193544,561.38,2580.590281872295,VIP
16083.0,2010-12-14 11:51:00,2011-08-31 10:47:00,2,908,29.29032258064516,1.5748387096774195,1317.62,42.50387096774193,38.28714855556795,100,259,129.5,0.23166023166023167,658.81,1149.1842920845818,High Value
16084.0,2011-02-13 16:05:00,2011-02-13 16:05:00,1,216,5.684210526315789,2.6457894736842107,436.18,11.47842105263158,9.479589318939984,298,0,0.0,0.0,436.18,418.2548960873043,Medium Value
16085.0,2011-01-23 12:07:00,2011-11-16 13:24:00,5,636,3.808383233532934,2.387125748502994,981.51,5.877305389221557,3.84909963452975,22,297,59.4,0.5050505050505051,196.302,1157.222891201299,High Value
16086.0,2010-12-07 13:45:00,2011-10-11 13:09:00,5,511,13.102564102564102,3.22025641025641,1121.39,28.753589743589746,17.964790049189858,58,307,61.4,0.488599348534202,224.27800000000002,1107.7229591869645,High Value
16091.0,2011-05-25 09:18:00,2011-07-08 08:45:00,2,154,8.555555555555555,2.841666666666667,315.06,17.503333333333334,4.082721122573263,154,43,21.5,1.3953488372093024,157.53,318.6540813489013,Medium Value
16092.0,2011-03-30 15:38:00,2011-08-17 10:46:00,3,628,12.313725490196079,2.176862745098039,817.86,16.036470588235293,4.575873172861946,114,139,46.333333333333336,0.6474820143884892,272.62,863.3371506722688,High Value
16093.0,2011-08-25 11:09:00,2011-08-25 11:09:00,1,20,20.0,0.85,17.0,17.0,0.0,106,0,0.0,0.0,17.0,33.71623984126985,Low Value
16094.0,2011-05-04 13:57:00,2011-11-28 12:45:00,4,647,10.26984126984127,3.607936507936508,1078.23,17.114761904761906,7.719785191968636,11,207,51.75,0.5797101449275363,269.5575,1103.0757500776813,High Value
16096.0,2011-03-20 13:38:00,2011-03-20 13:38:00,1,155,12.916666666666666,13.269166666666669,320.62,26.718333333333334,32.67056440877443,263,0,0.0,0.0,320.62,347.9022679743867,Medium Value
16097.0,2011-04-13 13:47:00,2011-04-13 13:47:00,1,87,8.7,5.359999999999999,185.04999999999998,18.505,4.7532708037027875,239,0,0.0,0.0,185.04999999999998,208.5282047063599,Low Value
16098.0,2010-12-01 09:45:00,2011-09-13 09:59:00,7,613,9.149253731343284,4.424626865671642,2005.63,29.934776119402986,35.43095185809055,87,286,40.857142857142854,0.7342657342657343,286.5185714285714,1812.5998947630142,VIP
16099.0,2011-04-28 08:34:00,2011-10-20 13:13:00,3,434,11.128205128205128,1.8684615384615386,731.9,18.766666666666666,8.462652729970088,49,175,58.333333333333336,0.5142857142857143,243.96666666666667,684.1812185342632,High Value
16101.0,2011-09-30 10:18:00,2011-09-30 10:18:00,1,757,9.960526315789474,2.4839473684210525,1290.7,16.982894736842105,4.332599163178142,70,0,0.0,0.0,1290.7,1263.8356492763494,High Value
16102.0,2011-08-03 12:50:00,2011-10-28 13:19:00,3,942,16.526315789473685,2.5987719298245615,1842.14,32.31824561403509,25.309771201963468,41,86,28.666666666666668,1.0465116279069768,614.0466666666667,1794.6661404004333,VIP
16103.0,2011-04-20 12:28:00,2011-12-02 14:16:00,6,558,11.625,4.607291666666667,1429.64,29.784166666666668,24.53111925813288,6,226,37.666666666666664,0.7964601769911505,238.27333333333334,1487.2568719308629,High Value
16104.0,2011-10-09 10:23:00,2011-10-09 10:23:00,1,123,4.241379310344827,3.3613793103448275,302.36,10.426206896551724,9.871347213668857,61,0,0.0,0.0,302.36,285.61609603140226,Low Value
16105.0,2011-04-05 10:13:00,2011-04-05 10:13:00,1,330,25.384615384615383,1.18,336.96,25.919999999999998,27.691175489675405,248,0,0.0,0.0,336.96,318.01858945165947,Medium Value
16106.0,2011-10-05 10:37:00,2011-10-05 10:37:00,1,74,12.333333333333334,1.5133333333333334,108.38,18.063333333333333,3.6404486902944635,65,0,0.0,0.0,108.38,98.35722561507936,Low Value
16107.0,2011-06-09 18:42:00,2011-11-22 09:40:00,7,1176,37.935483870967744,4.36483870967742,3204.1600000000003,103.36000000000001,75.62255712858874,17,165,23.571428571428573,1.2727272727272727,457.7371428571429,2890.144162194805,VIP
16108.0,2011-09-16 11:48:00,2011-09-16 11:48:00,1,615,12.8125,1.9610416666666666,842.5,17.552083333333332,6.113004957459881,84,0,0.0,0.0,842.5,815.5714773322901,High Value
16109.0,2011-02-04 12:37:00,2011-05-05 09:17:00,2,612,34.0,1.5788888888888888,611.88,33.99333333333333,37.28249234284261,218,89,44.5,0.6741573033707865,305.94,653.5565862740183,Medium Value
16110.0,2011-02-01 14:01:00,2011-10-25 14:35:00,3,733,2.0706214689265536,2.2664406779661017,1337.48,3.77819209039548,3.2429728094579255,44,266,88.66666666666667,0.3383458646616541,445.82666666666665,1067.257980313853,High Value
16112.0,2011-01-05 11:47:00,2011-07-19 14:28:00,4,574,35.875,0.5575,195.74,12.23375,11.676813991838701,142,195,48.75,0.6153846153846154,48.935,324.99134194083706,Medium Value
16113.0,2011-06-09 16:16:00,2011-06-09 16:16:00,1,176,5.866666666666666,2.6510000000000002,161.38,5.379333333333333,5.5091246775366844,182,0,0.0,0.0,161.38,220.49726100699468,Low Value
16114.0,2011-06-22 10:13:00,2011-06-22 10:13:00,1,43,5.375,3.34375,135.75000000000003,16.968750000000004,2.212454600018464,170,0,0.0,0.0,135.75000000000003,131.24109849890837,Low Value
16115.0,2011-02-20 12:14:00,2011-11-30 11:32:00,8,1001,3.5246478873239435,2.356901408450704,1667.97,5.873133802816901,4.357088660257094,9,282,35.25,0.851063829787234,208.49625,1616.1954159945087,High Value
16116.0,2011-05-12 12:01:00,2011-05-12 12:01:00,1,248,7.294117647058823,4.36735294117647,612.78,18.02294117647059,8.532941703635803,211,0,0.0,0.0,612.78,605.1548412861953,Medium Value
16117.0,2011-06-03 11:42:00,2011-06-03 11:42:00,1,130,4.333333333333333,2.449,232.21,7.740333333333334,6.053130557011792,189,0,0.0,0.0,232.21,227.72552696004612,Low Value
16119.0,2011-09-28 10:15:00,2011-12-01 15:11:00,2,240,15.0,2.131875,423.36,26.46,13.863090564516991,7,64,32.0,0.9375,211.68,390.8909100285827,Medium Value
16120.0,2011-10-11 14:10:00,2011-10-11 14:22:00,4,878,29.266666666666666,1.807,1309.14,43.638000000000005,36.95135183939311,58,0,0.0,0.0,327.285,1237.348420573593,High Value
16121.0,2011-05-08 11:52:00,2011-10-13 12:59:00,2,586,2.7641509433962264,1.965188679245283,867.11,4.090141509433963,3.9762958159446744,56,158,79.0,0.379746835443038,433.555,854.66936288241,High Value
16122.0,2010-12-08 11:41:00,2011-09-27 15:34:00,4,1128,29.68421052631579,1.583157894736842,684.42,18.011052631578945,19.14069314306969,72,293,73.25,0.40955631399317405,171.105,986.4811432142858,High Value
16123.0,2011-10-19 09:18:00,2011-10-19 09:18:00,1,170,10.625,3.1075,307.78000000000003,19.236250000000002,8.774122463243833,51,0,0.0,0.0,307.78000000000003,302.01266442730486,Low Value
16124.0,2011-01-26 14:45:00,2011-01-26 14:45:00,1,48,4.363636363636363,8.549999999999999,249.0,22.636363636363637,9.61844818328536,316,0,0.0,0.0,249.0,244.72107778336343,Low Value
16125.0,2010-12-07 15:48:00,2010-12-07 15:48:00,1,124,9.538461538461538,3.209230769230769,289.35,22.25769230769231,9.409344782224172,366,0,0.0,0.0,289.35,288.40084082553295,Low Value
16126.0,2011-02-16 11:18:00,2011-11-10 16:03:00,4,2125,18.162393162393162,3.6533333333333333,6287.77,53.741623931623934,27.937141695835948,28,267,66.75,0.449438202247191,1571.9425,5217.1819680952385,VIP
16127.0,2011-10-31 13:58:00,2011-10-31 13:58:00,1,323,8.075,3.10625,656.25,16.40625,6.071947133101497,38,0,0.0,0.0,656.25,616.8337708606556,Medium Value
16128.0,2011-03-02 12:21:00,2011-11-22 11:14:00,5,988,11.101123595505618,2.425056179775281,1880.22,21.126067415730336,11.954623926442698,17,264,52.8,0.5681818181818181,376.044,1734.6083454537697,VIP
16131.0,2011-04-14 08:32:00,2011-10-19 11:53:00,6,1802,23.102564102564102,3.2437179487179484,3506.54,44.95564102564102,33.60119859448985,51,188,31.333333333333332,0.9574468085106383,584.4233333333333,3542.9520326984125,VIP
16133.0,2011-01-25 15:55:00,2011-12-06 11:24:00,30,8887,26.292899408284022,3.2128106508875742,14589.04,43.16284023668639,49.298165634593595,3,314,9.515151515151516,3.1528662420382165,442.09212121212124,15178.33587786346,VIP
16134.0,2010-12-15 14:00:00,2011-11-18 10:05:00,2,371,10.6,2.047428571428571,618.09,17.659714285714287,6.183226116687311,21,337,168.5,0.17804154302670624,309.045,603.7048060892332,Medium Value
16135.0,2011-03-22 12:30:00,2011-03-22 12:30:00,1,209,9.952380952380953,3.4428571428571426,517.55,24.645238095238092,34.77526385508061,262,0,0.0,0.0,517.55,467.121270618699,Medium Value
16136.0,2011-03-07 09:52:00,2011-10-11 09:10:00,3,440,11.891891891891891,2.655675675675676,709.38,19.172432432432434,10.09732896622925,59,217,72.33333333333333,0.4147465437788018,236.46,720.8634482464845,High Value
16139.0,2011-05-17 10:23:00,2011-11-21 08:37:00,3,330,10.64516129032258,2.7732258064516127,635.4100000000001,20.49709677419355,8.658961906044084,18,187,62.333333333333336,0.48128342245989303,211.80333333333337,617.2414765544095,Medium Value
16140.0,2010-12-03 14:40:00,2011-10-05 12:15:00,2,730,20.857142857142858,1.7917142857142858,725.1800000000001,20.719428571428573,19.246471631239345,65,305,152.5,0.19672131147540986,362.59000000000003,773.5317415043291,High Value
16141.0,2011-09-12 13:11:00,2011-09-12 13:11:00,1,238,7.933333333333334,4.6883333333333335,620.4,20.68,7.811716664176916,87,0,0.0,0.0,620.4,611.7940518933842,Medium Value
16142.0,2011-04-04 10:16:00,2011-04-04 10:16:00,1,422,11.405405405405405,2.8767567567567567,535.34,14.46864864864865,7.183616453106706,249,0,0.0,0.0,535.34,567.5605760201645,Medium Value
16143.0,2010-12-05 15:18:00,2011-12-06 14:13:00,6,919,7.854700854700854,4.138119658119658,2424.94,20.725982905982907,24.06622271909788,2,365,60.833333333333336,0.4931506849315069,404.1566666666667,2283.152082896826,VIP
16144.0,2011-04-07 10:09:00,2011-04-07 10:09:00,1,16,16.0,10.95,175.2,175.2,0.0,246,0,0.0,0.0,175.2,177.42789175932256,Low Value
16145.0,2010-12-15 09:09:00,2011-12-01 10:33:00,11,3123,13.941964285714286,2.2435267857142858,3799.4900000000002,16.96200892857143,8.86093583310956,8,351,31.90909090909091,0.9401709401709403,345.40818181818184,4309.598302694804,VIP
16146.0,2011-04-21 15:25:00,2011-07-05 14:20:00,3,427,14.724137931034482,2.0944827586206896,734.13,25.314827586206896,21.41344180994226,156,74,24.666666666666668,1.2162162162162162,244.71,705.3914497462694,High Value
16147.0,2011-07-29 09:57:00,2011-07-29 09:57:00,1,246,11.181818181818182,3.9104545454545456,375.0,17.045454545454547,6.229591997090697,133,0,0.0,0.0,375.0,398.8866180328007,Medium Value
16148.0,2011-02-16 14:01:00,2011-02-16 14:01:00,1,72,72.0,1.06,76.32000000000001,76.32000000000001,0.0,295,0,0.0,0.0,76.32000000000001,75.70838047619046,Low Value
16149.0,2011-07-20 14:54:00,2011-12-05 11:29:00,2,308,17.11111111111111,1.2538888888888888,280.52,15.584444444444443,5.122612180865887,4,137,68.5,0.43795620437956206,140.26,325.3218922263994,Medium Value
16150.0,2010-12-02 18:27:00,2011-10-28 12:39:00,5,1047,8.948717948717949,3.028974358974359,2053.02,17.547179487179488,6.0361726921312275,42,329,65.8,0.45592705167173253,410.604,1880.4422840455372,VIP
16152.0,2011-03-16 09:47:00,2011-03-16 09:47:00,1,642,22.137931034482758,5.976206896551724,1829.04,63.070344827586204,31.857442557515796,268,0,0.0,0.0,1786.2049999999992,1685.055729960317,VIP
16153.0,2010-12-20 09:22:00,2011-10-21 10:50:00,5,1073,12.0561797752809,2.9908988764044944,1824.23,20.496966292134832,11.75680309867966,49,305,61.0,0.49180327868852464,364.846,1812.9670057656406,VIP
16156.0,2011-02-02 12:02:00,2011-12-01 12:42:00,9,1308,10.061538461538461,3.077,3122.04,24.01569230769231,18.97547797146825,8,302,33.55555555555556,0.8940397350993378,346.8933333333333,2784.86089257841,VIP
16157.0,2011-09-28 11:48:00,2011-11-24 11:41:00,3,347,19.27777777777778,3.445555555555556,656.69,36.482777777777784,25.85647439812036,15,56,18.666666666666668,1.6071428571428572,218.89666666666668,790.723675952381,High Value
16159.0,2011-03-03 12:27:00,2011-03-03 12:27:00,1,236,16.857142857142858,1.8714285714285714,348.2,24.87142857142857,9.216909925318168,281,0,0.0,0.0,348.2,339.7831899055103,Medium Value
16160.0,2011-09-15 10:53:00,2011-10-05 14:19:00,2,1162,58.1,1.741,1025.44,51.272000000000006,46.637716112718536,64,20,10.0,3.0,512.72,1428.446936666667,High Value
16161.0,2010-12-06 10:03:00,2011-12-08 12:10:00,19,2599,5.4831223628691985,3.1820464135021096,5575.56,11.762784810126583,7.96272464498034,1,367,19.31578947368421,1.553133514986376,293.4505263157895,5512.4127846825395,VIP
16162.0,2011-04-01 15:03:00,2011-04-01 15:03:00,1,4,2.0,9.35,37.4,18.7,9.616652224137045,251,0,0.0,0.0,37.4,47.6953830952381,Low Value
16163.0,2010-12-09 16:28:00,2011-04-21 15:15:00,2,192,32.0,4.791666666666667,856.6,142.76666666666668,159.71269726188544,231,132,66.0,0.45454545454545453,428.3,831.0375152380955,High Value
16164.0,2011-10-28 09:12:00,2011-11-22 15:04:00,3,433,12.735294117647058,2.433529411764706,822.48,24.19058823529412,18.43226435738332,16,25,8.333333333333334,3.5999999999999996,274.16,720.111662273259,High Value
16168.0,2010-12-05 11:38:00,2011-11-29 12:45:00,27,1892,19.306122448979593,3.3155102040816327,3787.6,38.648979591836735,43.49170629526745,10,359,13.296296296296296,2.256267409470752,140.28148148148148,4350.812203030305,VIP
16169.0,2011-09-25 11:33:00,2011-12-01 15:28:00,4,1325,15.588235294117647,2.0698823529411765,1822.97,21.44670588235294,13.25105003819871,7,67,16.75,1.791044776119403,455.7425,1858.11265994228,VIP
16170.0,2011-04-05 13:42:00,2011-10-20 08:21:00,6,1770,14.16,2.08032,1885.05,15.0804,7.969443397409642,50,197,32.833333333333336,0.9137055837563453,314.175,1923.975430460096,VIP
16171.0,2011-10-11 14:51:00,2011-10-11 14:51:00,1,24,8.0,3.4166666666666665,73.19999999999999,24.399999999999995,0.8660254037844386,58,0,0.0,0.0,73.19999999999999,89.28663627755432,Low Value
16172.0,2011-04-12 12:02:00,2011-09-05 13:22:00,5,787,11.405797101449275,1.9330434782608694,1140.21,16.524782608695652,10.096100092827871,94,146,29.2,1.0273972602739727,228.042,1119.704867222222,High Value
16173.0,2011-09-02 15:23:00,2011-11-24 10:53:00,6,575,6.845238095238095,4.0340476190476195,1418.32,16.884761904761906,6.142775652236699,15,82,13.666666666666666,2.1951219512195124,236.38666666666666,1398.8857103938549,High Value
16174.0,2011-07-11 09:23:00,2011-08-05 13:26:00,3,651,28.304347826086957,3.7252173913043474,1009.55,43.893478260869564,67.39894675523806,125,25,8.333333333333334,3.5999999999999996,336.51666666666665,1264.62578469697,High Value
16175.0,2011-04-13 14:38:00,2011-09-06 14:32:00,4,533,9.189655172413794,3.5925862068965517,1037.5900000000001,17.88948275862069,6.576407173123868,93,145,36.25,0.8275862068965518,259.39750000000004,1057.2087109280023,High Value
16177.0,2011-10-20 12:57:00,2011-10-20 12:57:00,1,95,6.333333333333333,5.41,331.95,22.13,8.840891196189283,49,0,0.0,0.0,331.95,311.8778196240661,Medium Value
16178.0,2011-07-24 16:05:00,2011-07-24 16:05:00,1,94,11.75,3.19375,197.9,24.7375,11.809280551450081,137,0,0.0,0.0,197.9,192.22916959336555,Low Value
16179.0,2011-10-10 09:41:00,2011-10-10 09:41:00,1,99,9.0,3.732727272727273,215.83,19.62090909090909,11.197438505788236,60,0,0.0,0.0,215.83,217.42533476670204,Low Value
16180.0,2011-04-01 10:23:00,2011-08-31 16:28:00,8,5867,36.21604938271605,2.43179012345679,10254.18,63.29740740740741,67.74122131528485,99,152,19.0,1.5789473684210527,1281.7725,9516.644389833335,VIP
16181.0,2011-09-27 13:38:00,2011-09-27 13:38:00,1,152,13.818181818181818,2.411818181818182,305.54,27.776363636363637,38.32879838260712,72,0,0.0,0.0,305.54,291.7700187246691,Low Value
16182.0,2011-02-18 10:11:00,2011-09-28 13:23:00,4,3791,135.39285714285714,2.12,6617.65,236.34464285714284,143.5490646145755,71,222,55.5,0.5405405405405405,1654.4125,5700.251052658729,VIP
16183.0,2011-10-03 14:59:00,2011-10-03 14:59:00,1,113,7.533333333333333,3.5153333333333334,338.71000000000004,22.58066666666667,17.585301275564802,66,0,0.0,0.0,338.71000000000004,310.32002889778033,Low Value
16184.0,2011-05-12 13:33:00,2011-10-06 17:43:00,6,561,12.466666666666667,4.008,1158.79,25.750888888888888,11.520007461768065,63,147,24.5,1.2244897959183672,193.13166666666666,1235.7082779626096,High Value
16185.0,2011-04-21 11:59:00,2011-11-23 09:41:00,2,260,8.387096774193548,3.302258064516129,529.41,17.07774193548387,5.079383630374471,16,215,107.5,0.27906976744186046,264.705,541.9834883981414,Medium Value
16186.0,2010-12-02 14:40:00,2011-11-17 12:43:00,12,3020,13.853211009174313,1.8390366972477066,4006.94,18.38045871559633,9.762425464027068,22,349,29.083333333333332,1.0315186246418337,333.9116666666667,4078.7468290187594,VIP
16187.0,2011-02-28 13:34:00,2011-11-08 09:50:00,15,5048,17.11186440677966,2.1664745762711863,6911.4400000000005,23.428610169491527,14.632523825505219,31,252,16.8,1.7857142857142856,460.7626666666667,7056.086654722222,VIP
16188.0,2011-04-11 09:44:00,2011-10-26 12:19:00,4,782,11.671641791044776,2.2217910447761198,981.86,14.654626865671641,6.076603499154275,44,198,49.5,0.6060606060606061,245.465,1011.6776636219344,High Value
16189.0,2011-09-15 15:21:00,2011-11-24 11:47:00,2,134,12.181818181818182,3.9436363636363634,215.48,19.58909090909091,13.731234798477123,15,69,34.5,0.8695652173913044,107.74,255.68062851190479,Low Value
16190.0,2011-10-30 15:59:00,2011-10-30 15:59:00,1,88,14.666666666666666,7.1866666666666665,215.08,35.84666666666667,27.552543016329118,39,0,0.0,0.0,215.08,272.49519591741574,Low Value
16191.0,2010-12-14 12:38:00,2011-12-07 11:26:00,13,3351,25.007462686567163,2.2528358208955224,5180.52,38.66059701492538,47.64310562848108,2,357,27.46153846153846,1.0924369747899159,398.5015384615385,5323.134189716116,VIP
16193.0,2011-04-17 11:45:00,2011-04-17 11:45:00,1,219,11.526315789473685,2.3473684210526318,314.45,16.55,5.6995545634919775,236,0,0.0,0.0,314.45,331.27007911051396,Medium Value
16198.0,2011-09-25 14:58:00,2011-09-25 14:58:00,1,129,8.6,4.1794,400.68100000000004,26.71206666666667,11.272979124986481,74,0,0.0,0.0,400.68100000000004,385.35563330409366,Medium Value
16200.0,2011-06-28 15:47:00,2011-12-05 14:40:00,2,523,2.921787709497207,2.595251396648045,1080.6200000000001,6.036983240223464,5.67923082451704,3,159,79.5,0.37735849056603776,540.3100000000001,971.0935864243188,High Value
16201.0,2011-08-22 10:47:00,2011-12-06 16:02:00,4,1286,11.585585585585585,2.0225225225225225,1863.47,16.78801801801802,7.127969087248015,2,106,26.5,1.1320754716981132,465.8675,1779.5326384740263,VIP
16202.0,2010-12-14 10:43:00,2010-12-14 10:43:00,1,191,10.61111111111111,3.4850000000000003,365.27,20.292777777777776,13.968688854028269,360,0,0.0,0.0,365.27,377.5439304957851,Medium Value
16203.0,2010-12-02 15:39:00,2011-10-12 12:31:00,4,262,7.485714285714286,2.875714285714286,592.9,16.939999999999998,3.696675772191264,58,313,78.25,0.38338658146964855,148.225,569.8164351390637,Medium Value
16204.0,2011-11-16 13:40:00,2011-11-16 13:40:00,1,231,4.052631578947368,2.056140350877193,405.71,7.117719298245614,6.107271724739247,22,0,0.0,0.0,405.71,377.01443827726223,Medium Value
16205.0,2011-06-13 11:33:00,2011-11-09 09:32:00,4,517,5.275510204081633,2.2246938775510205,761.38,7.769183673469388,11.618780448935054,30,148,37.0,0.8108108108108107,190.345,823.3683758268693,High Value
16206.0,2011-01-16 11:07:00,2011-10-16 10:41:00,4,272,4.317460317460317,2.346031746031746,537.0600000000001,8.524761904761906,11.079828643303873,54,272,68.0,0.4411764705882353,134.26500000000001,512.0770227821281,Medium Value
16207.0,2011-11-14 13:51:00,2011-11-14 13:51:00,1,140,7.368421052631579,4.256842105263158,394.38,20.756842105263157,15.12107471659324,24,0,0.0,0.0,394.38,386.47055412182664,Medium Value
16208.0,2011-02-23 13:37:00,2011-10-26 11:36:00,2,333,5.045454545454546,3.159242424242424,664.26,10.064545454545454,8.634417388357111,44,244,122.0,0.24590163934426232,332.13,643.365613205494,Medium Value
16209.0,2011-04-07 12:23:00,2011-09-12 11:58:00,5,819,18.2,2.463777777777778,1042.22,23.160444444444444,22.9863568187301,88,157,31.4,0.9554140127388535,208.44400000000002,1206.4293079040406,High Value
16210.0,2010-12-01 12:27:00,2011-12-08 12:36:00,18,3719,32.060344827586206,3.7798275862068964,8068.7,69.55775862068965,117.38405344691498,1,372,20.666666666666668,1.4516129032258065,448.2611111111111,8339.388973455989,VIP
16211.0,2011-09-12 12:11:00,2011-09-12 12:11:00,1,154,6.695652173913044,3.8082608695652174,547.02,23.783478260869565,33.953742277170356,88,0,0.0,0.0,547.02,458.02597143994325,Medium Value
16212.0,2011-03-01 12:51:00,2011-11-20 13:00:00,2,244,5.951219512195122,4.468048780487805,690.34,16.837560975609758,3.694687930318206,18,264,132.0,0.22727272727272727,345.17,655.3235821031744,Medium Value
16213.0,2011-09-22 10:03:00,2011-09-22 10:03:00,1,48,8.0,3.8166666666666664,159.0,26.5,25.00615924127494,78,0,0.0,0.0,159.0,151.63342652842894,Low Value
16214.0,2011-03-15 13:23:00,2011-06-22 11:30:00,3,420,9.545454545454545,4.525454545454545,1062.75,24.15340909090909,18.135403374330632,170,98,32.666666666666664,0.9183673469387755,354.25,1044.3714000618538,High Value
16215.0,2011-09-20 10:18:00,2011-09-20 10:18:00,1,104,7.428571428571429,4.285714285714286,242.35,17.310714285714287,3.9949091917776367,80,0,0.0,0.0,242.35,252.56498080143854,Low Value
16216.0,2011-03-17 15:34:00,2011-03-17 15:34:00,1,254,6.864864864864865,8.991621621621622,914.9300000000001,24.72783783783784,26.350530474855844,266,0,0.0,0.0,914.9300000000001,897.7771256349204,High Value
16217.0,2011-03-02 15:28:00,2011-04-18 13:31:00,2,91,6.066666666666666,4.21,304.25,20.283333333333335,13.256193521017513,234,46,23.0,1.3043478260869565,152.125,289.62527790114854,Low Value
16218.0,2010-12-01 11:29:00,2011-11-10 09:59:00,7,2088,24.857142857142858,1.6713095238095237,3084.68,36.72238095238095,27.483163460213923,29,343,49.0,0.6122448979591837,440.6685714285714,2967.250391428571,VIP
16221.0,2010-12-07 13:13:00,2011-11-03 11:43:00,3,717,7.391752577319588,2.2505154639175258,864.86,8.916082474226805,8.399832532643758,36,330,110.0,0.2727272727272727,288.2866666666667,876.1279375974029,High Value
16222.0,2011-01-25 13:38:00,2011-01-25 13:38:00,1,365,2.664233576642336,3.224963503649635,846.72,6.18043795620438,5.096358975463172,317,0,0.0,0.0,846.72,733.9981218766466,High Value
16224.0,2011-04-04 12:00:00,2011-10-13 17:51:00,4,1116,11.625,2.4532291666666666,1295.3,13.492708333333333,6.555541565675428,56,192,48.0,0.625,323.825,1388.7986124891772,High Value
16225.0,2011-03-07 12:17:00,2011-10-26 08:30:00,5,493,3.6791044776119404,2.393358208955224,1096.32,8.181492537313432,7.850729146488424,44,232,46.4,0.646551724137931,219.26399999999998,856.220759214286,High Value
16226.0,2011-04-18 12:58:00,2011-05-20 14:41:00,3,192,24.0,1.7675,255.12,31.89,21.785347631575025,202,32,10.666666666666666,2.8125,85.04,269.98726807308975,Low Value
16227.0,2011-04-28 13:33:00,2011-04-28 13:33:00,1,90,15.0,3.313333333333334,314.22,52.370000000000005,62.26902119031582,224,0,0.0,0.0,314.22,235.38639227495355,Low Value
16229.0,2011-05-11 10:18:00,2011-09-13 17:16:00,2,318,6.76595744680851,3.3648936170212767,1010.6,21.50212765957447,15.898372754600336,86,125,62.5,0.48,505.3,876.0020340443625,High Value
16230.0,2011-05-03 15:12:00,2011-06-03 10:06:00,2,365,10.428571428571429,1.9505714285714284,542.03,15.486571428571429,6.526899517452707,189,30,15.0,2.0,271.015,538.9663100994468,Medium Value
16232.0,2011-05-08 14:05:00,2011-10-27 12:16:00,4,550,14.864864864864865,2.445945945945946,990.88,26.78054054054054,17.624825601335107,43,171,42.75,0.7017543859649122,247.72,990.1394530440643,High Value
16233.0,2010-12-08 12:51:00,2011-09-29 17:27:00,3,174,7.909090909090909,3.6286363636363634,536.6800000000001,24.394545454545458,18.149483195389895,70,295,98.33333333333333,0.30508474576271183,178.89333333333335,422.59357844554563,Medium Value
16235.0,2011-01-11 15:42:00,2011-10-30 10:56:00,5,330,7.173913043478261,4.824565217391305,867.3100000000001,18.854565217391304,7.079750374294198,40,291,58.2,0.5154639175257733,173.46200000000002,859.5307173809528,High Value
16236.0,2011-09-22 14:10:00,2011-09-22 14:10:00,1,184,9.2,2.8775000000000004,432.2,21.61,9.484872165717363,77,0,0.0,0.0,432.2,398.3851450280592,Medium Value
16239.0,2011-06-03 09:30:00,2011-10-14 08:29:00,2,228,12.0,2.331578947368421,414.2,21.8,11.771009585701078,56,132,66.0,0.45454545454545453,207.1,401.4752711454487,Medium Value
16240.0,2011-09-23 13:44:00,2011-11-15 14:30:00,2,1641,12.155555555555555,4.088148148148148,3718.8,27.546666666666667,38.93381580879064,23,53,26.5,1.1320754716981132,1786.2049999999992,3746.942190595237,VIP
16241.0,2010-12-05 11:04:00,2011-11-30 11:08:00,13,1453,2.194864048338369,2.22,2607.87,3.939380664652568,4.421311311782075,9,360,27.692307692307693,1.0833333333333333,200.6053846153846,2512.674459137945,VIP
16242.0,2011-03-07 17:04:00,2011-12-01 15:12:00,7,1982,6.741496598639456,2.41608843537415,3603.21,12.255816326530612,9.703743965205293,7,268,38.285714285714285,0.7835820895522387,514.7442857142858,3312.6975334523804,VIP
16243.0,2011-10-16 12:09:00,2011-11-06 12:32:00,2,110,2.156862745098039,5.841372549019608,409.1,8.02156862745098,11.782344312156049,33,21,10.5,2.857142857142857,204.55,404.82572488095224,Medium Value
16244.0,2010-12-02 11:41:00,2011-05-12 10:18:00,2,855,9.395604395604396,2.567252747252747,1522.75,16.733516483516482,4.739304537265727,211,160,80.0,0.375,761.375,1501.109733231279,High Value
16245.0,2011-03-28 09:30:00,2011-11-16 10:14:00,3,1014,11.266666666666667,2.924444444444444,1413.66,15.707333333333334,5.373322952378891,23,233,77.66666666666667,0.38626609442060084,471.22,1415.9361564997507,High Value
16247.0,2011-06-22 14:23:00,2011-06-22 14:23:00,1,182,11.375,2.7112499999999997,114.56,7.16,5.27503428108924,169,0,0.0,0.0,114.56,167.26923388608472,Low Value
16248.0,2011-10-09 11:32:00,2011-10-09 11:32:00,1,78,11.142857142857142,2.0314285714285716,152.94,21.84857142857143,5.91686693155375,61,0,0.0,0.0,152.94,134.99403220622835,Low Value
16249.0,2011-04-14 13:50:00,2011-10-18 10:07:00,5,950,13.768115942028986,3.4831884057971014,1800.07,26.08797101449275,19.841713530405514,52,186,37.2,0.8064516129032258,360.014,1855.3182459391535,VIP
16250.0,2010-12-01 09:59:00,2011-03-23 15:07:00,2,208,8.666666666666666,3.0883333333333334,389.44,16.226666666666667,4.731409999113388,260,112,56.0,0.5357142857142857,194.72,396.0723340529279,Medium Value
16253.0,2011-03-29 13:33:00,2011-10-04 09:09:00,2,3233,26.284552845528456,1.7190243902439024,3683.86,29.95008130081301,18.890410634175275,66,188,94.0,0.3191489361702128,1786.2049999999992,3959.6670857467525,VIP
16255.0,2010-12-09 14:25:00,2011-11-23 12:40:00,8,1767,6.544444444444444,2.851,2619.91,9.70337037037037,7.811898472417364,16,348,43.5,0.6896551724137931,327.48875,2818.3818459271274,VIP
16256.0,2011-03-18 12:18:00,2011-03-18 12:18:00,1,581,44.69230769230769,2.3407692307692307,752.4300000000001,57.87923076923077,34.54542962089642,266,0,0.0,0.0,752.4300000000001,809.96880015318,High Value
16257.0,2011-06-16 10:11:00,2011-06-16 10:11:00,1,2,1.0,23.475,46.95,23.475,2.1566756826189692,176,0,0.0,0.0,46.95,82.30514166666673,Low Value
16258.0,2011-05-04 14:33:00,2011-10-25 13:30:00,5,2994,22.177777777777777,3.034148148148148,5203.51,38.54451851851852,46.74498654127583,44,173,34.6,0.8670520231213873,1040.702,5062.146479087302,VIP
16260.0,2011-10-20 09:40:00,2011-10-20 09:40:00,1,311,17.27777777777778,5.366666666666666,1035.45,57.525000000000006,54.69743044292687,50,0,0.0,0.0,1035.45,1050.6232087698413,High Value
16261.0,2011-04-07 19:05:00,2011-11-22 17:23:00,4,306,2.467741935483871,3.3495161290322577,746.83,6.022822580645162,5.263820301205998,16,228,57.0,0.5263157894736842,186.7075,738.6129551770663,High Value
16265.0,2010-12-10 10:21:00,2011-11-30 16:41:00,9,2646,10.255813953488373,3.743875968992248,5447.0,21.112403100775193,14.14195110206029,8,355,39.44444444444444,0.7605633802816901,605.2222222222222,5385.916887182538,VIP
16266.0,2011-05-17 14:50:00,2011-09-27 12:08:00,7,398,6.524590163934426,3.9349180327868853,861.89,14.129344262295081,9.561681314645533,73,132,18.857142857142858,1.5909090909090908,123.12714285714286,895.8873011933053,High Value
16268.0,2011-09-29 18:30:00,2011-09-29 18:30:00,2,533,11.844444444444445,4.259111111111111,667.65,14.836666666666666,9.331341860048367,70,0,0.0,0.0,333.825,790.1311255952384,High Value
16270.0,2010-12-21 14:26:00,2010-12-21 14:26:00,1,688,12.74074074074074,3.222777777777778,1141.24,21.134074074074075,17.68536443402343,352,0,0.0,0.0,1141.24,1236.8646683524807,High Value
16271.0,2010-12-16 16:36:00,2011-12-07 12:45:00,5,1038,7.804511278195489,1.6585714285714286,1429.24,10.746165413533834,10.504117282357525,2,355,71.0,0.4225352112676056,285.848,1300.314386132756,High Value
16272.0,2011-08-15 10:53:00,2011-08-15 10:54:00,1,224,8.96,1.7372,411.7,16.468,8.921157903172286,116,0,0.0,0.0,411.7,356.3475190713767,Medium Value
16274.0,2010-12-01 15:35:00,2010-12-01 15:35:00,1,155,2.3134328358208953,4.277611940298508,357.95,5.342537313432835,5.06367256328172,368,0,0.0,0.0,357.95,389.87865316205534,Medium Value
16275.0,2011-05-27 12:41:00,2011-05-27 12:41:00,1,336,10.181818181818182,4.386969696969698,559.87,16.965757575757575,8.725363541961674,196,0,0.0,0.0,559.87,523.4643450577202,Medium Value
16276.0,2011-06-16 09:34:00,2011-06-16 09:34:00,1,420,70.0,1.9916666666666665,810.6,135.1,198.47086436049,176,0,0.0,0.0,810.6,725.4148603174602,High Value
16278.0,2011-08-31 17:12:00,2011-08-31 17:12:00,1,114,4.956521739130435,9.835217391304349,566.38,24.625217391304346,42.77734296963173,99,0,0.0,0.0,566.38,548.9741234126984,Medium Value
16279.0,2011-06-16 11:50:00,2011-11-18 15:00:00,3,1054,9.850467289719626,2.1885981308411218,1509.58,14.10822429906542,8.279318608947271,20,155,51.666666666666664,0.5806451612903225,503.1933333333333,1499.0126719143361,High Value
16281.0,2011-09-28 14:57:00,2011-09-28 14:57:00,1,934,54.94117647058823,2.373529411764706,2062.06,121.29764705882353,82.89864530930313,71,0,0.0,0.0,1786.2049999999992,1802.9016873845594,VIP
16282.0,2011-01-04 11:42:00,2011-01-04 11:42:00,1,114,10.363636363636363,2.731818181818182,168.3,15.3,11.149327333969527,339,0,0.0,0.0,168.3,193.92619122672917,Low Value
16283.0,2011-05-15 13:37:00,2011-12-04 12:08:00,5,1236,7.445783132530121,2.4171686746987953,1570.81,9.462710843373493,7.3023196315095795,5,202,40.4,0.7425742574257426,314.162,1622.316783661616,High Value
16284.0,2011-10-20 13:54:00,2011-11-08 16:12:00,2,544,4.990825688073395,2.118440366972477,823.97,7.559357798165138,6.569421344835502,30,19,9.5,3.1578947368421053,411.985,771.7106793466245,High Value
16287.0,2011-06-23 09:08:00,2011-06-23 09:08:00,1,298,37.25,2.2375000000000003,142.5,17.8125,5.923326165014288,169,0,0.0,0.0,142.5,259.1311874735449,Low Value
16292.0,2011-08-10 12:24:00,2011-08-10 12:24:00,1,191,11.235294117647058,2.360588235294118,302.25,17.779411764705884,6.990579795864785,121,0,0.0,0.0,302.25,306.9010949173883,Low Value
16293.0,2010-12-07 15:02:00,2011-11-18 09:58:00,10,982,8.322033898305085,4.160847457627119,2248.9900000000002,19.059237288135595,8.528286584236676,21,345,34.5,0.8695652173913043,224.89900000000003,2265.031349652015,VIP
16295.0,2011-10-06 10:45:00,2011-11-30 08:17:00,4,841,10.645569620253164,3.7668354430379747,1328.55,16.817088607594936,5.7493328825709975,9,54,13.5,2.2222222222222223,332.1375,1471.061558304473,High Value
16297.0,2011-03-16 08:29:00,2011-03-16 08:29:00,1,206,10.3,2.7915,301.9,15.094999999999999,4.146397929465246,268,0,0.0,0.0,301.9,311.5259601684749,Medium Value
16298.0,2011-06-06 10:06:00,2011-11-17 11:59:00,3,198,7.333333333333333,4.071111111111112,598.2,22.15555555555556,17.196565250370682,22,164,54.666666666666664,0.5487804878048781,199.4,606.9887258490121,Medium Value
16302.0,2011-08-05 09:44:00,2011-08-05 09:44:00,1,158,14.363636363636363,1.7618181818181817,233.22,21.201818181818183,10.81502826457871,126,0,0.0,0.0,233.22,238.49073841130058,Low Value
16303.0,2011-01-10 14:16:00,2011-11-14 10:49:00,3,2659,16.41358024691358,2.858703703703704,5360.63,33.09030864197531,19.338542001310408,25,307,102.33333333333333,0.2931596091205212,1786.2049999999992,4928.199649285713,VIP
16305.0,2011-07-24 12:18:00,2011-07-24 12:18:00,1,256,11.636363636363637,1.6831818181818183,361.22,16.41909090909091,4.590098981286641,138,0,0.0,0.0,361.22,350.0962420938073,Medium Value
16306.0,2010-12-07 15:18:00,2011-05-10 12:12:00,6,487,11.878048780487806,1.6270731707317072,632.27,15.42121951219512,9.82146277168578,213,153,25.5,1.1764705882352942,105.37833333333333,668.0020558730159,Medium Value
16308.0,2011-03-23 14:46:00,2011-08-24 10:52:00,3,5000,1666.6666666666667,0.32,1600.0,533.3333333333334,184.75208614068023,107,153,51.0,0.5882352941176471,533.3333333333334,3018.2645191450224,VIP
16309.0,2011-04-13 11:46:00,2011-08-25 15:35:00,2,467,11.119047619047619,2.4180952380952383,706.57,16.823095238095238,14.141509990802847,105,134,67.0,0.44776119402985076,353.285,699.1050766391237,High Value
16311.0,2011-10-21 13:13:00,2011-11-22 08:54:00,2,394,10.64864864864865,2.4735135135135136,616.26,16.655675675675674,6.6974761168918215,17,31,15.5,1.9354838709677418,308.13,621.1716824835707,Medium Value
16313.0,2011-10-21 09:04:00,2011-12-06 13:02:00,2,165,10.3125,3.098125,274.15000000000003,17.134375000000002,3.1895286354987733,2,46,23.0,1.3043478260869565,137.07500000000002,280.13745422447914,Low Value
16315.0,2011-01-13 11:57:00,2011-01-13 11:57:00,1,75,5.357142857142857,5.351428571428571,226.37,16.169285714285714,2.598098311297098,330,0,0.0,0.0,226.37,230.83792376859492,Low Value
16316.0,2010-12-16 14:26:00,2011-10-06 13:48:00,8,1484,9.827814569536423,5.010463576158941,2938.91,19.46298013245033,28.551330635534352,63,293,36.625,0.8191126279863481,367.36375,3025.7468532655125,VIP
16317.0,2011-02-15 14:30:00,2011-08-12 12:46:00,3,890,12.898550724637682,2.979420289855072,1341.65,19.444202898550724,10.238127759363541,119,177,59.0,0.5084745762711864,447.2166666666667,1375.5604420930458,High Value
16318.0,2011-11-04 13:05:00,2011-11-04 13:05:00,1,199,10.473684210526315,2.473684210526316,328.15000000000003,17.27105263157895,6.517717643075205,34,0,0.0,0.0,328.15000000000003,327.10352620218526,Medium Value
16319.0,2011-05-06 11:27:00,2011-05-06 11:27:00,1,72,24.0,5.616666666666667,404.40000000000003,134.8,13.856406460551028,217,0,0.0,0.0,404.40000000000003,338.84184838744585,Medium Value
16320.0,2011-05-10 15:31:00,2011-06-20 15:25:00,2,732,13.071428571428571,2.4805357142857143,1038.46,18.543928571428573,7.902579942035371,171,40,20.0,1.5,519.23,1119.3483547428962,High Value
16321.0,2011-01-20 12:11:00,2011-09-28 14:55:00,5,135,11.25,3.6750000000000003,373.65000000000003,31.137500000000003,13.771283115104549,71,251,50.2,0.597609561752988,74.73,355.94791126112386,Medium Value
16322.0,2011-11-03 14:33:00,2011-12-08 15:41:00,2,231,6.243243243243243,2.437837837837838,326.75,8.83108108108108,5.854592586538738,0,35,17.5,1.7142857142857142,163.375,334.55725435897443,Medium Value
16323.0,2011-05-27 14:48:00,2011-05-27 14:48:00,1,50,50.0,4.15,207.50000000000003,207.50000000000003,0.0,195,0,0.0,0.0,207.50000000000003,207.95965029189966,Low Value
16324.0,2011-06-15 14:26:00,2011-08-03 12:58:00,3,282,2.389830508474576,2.1305932203389832,428.68,3.6328813559322035,3.366620995296948,127,48,16.0,1.875,142.89333333333335,426.8150002702268,Medium Value
16325.0,2011-04-08 09:20:00,2011-10-24 08:48:00,3,194,10.777777777777779,3.690555555555556,594.24,33.013333333333335,18.465894795222766,46,198,66.0,0.4545454545454546,198.08,574.3311424711403,Medium Value
16326.0,2011-01-09 12:01:00,2011-12-04 10:11:00,14,709,2.2225705329153604,4.954984326018809,3110.96,9.752225705329154,9.008921594791364,5,328,23.428571428571427,1.2804878048780488,222.21142857142857,2739.5347461904753,VIP
16327.0,2010-12-05 12:43:00,2011-11-25 13:23:00,6,2571,8.059561128526646,2.090062695924765,3844.2200000000003,12.050846394984326,10.228470420497775,13,355,59.166666666666664,0.5070422535211268,640.7033333333334,3814.858709107142,VIP
16330.0,2011-08-19 17:08:00,2011-11-22 12:24:00,3,147,3.769230769230769,2.6733333333333333,251.91,6.4592307692307696,17.64067748200991,17,94,31.333333333333332,0.9574468085106383,83.97,282.5308346503903,Low Value
16332.0,2011-02-07 14:16:00,2011-11-11 14:22:00,7,801,5.235294117647059,2.786797385620915,1593.2,10.413071895424837,8.955658625831417,27,277,39.57142857142857,0.7581227436823106,227.6,1526.3217706362636,High Value
16333.0,2011-02-03 10:50:00,2011-12-02 12:17:00,17,21256,607.3142857142857,0.9774285714285714,12474.64,356.4182857142857,135.6841704210817,7,302,17.764705882352942,1.6887417218543046,733.8023529411764,13284.54362210472,VIP
16337.0,2011-11-03 10:03:00,2011-11-03 10:03:00,1,87,8.7,3.04,151.05,15.105,3.813605031113387,36,0,0.0,0.0,151.05,175.8600466619534,Low Value
16338.0,2011-07-05 13:56:00,2011-07-05 13:56:00,1,94,8.545454545454545,3.7345454545454544,214.8,19.527272727272727,14.201185929991263,156,0,0.0,0.0,214.8,214.1002736803568,Low Value
16339.0,2011-02-28 13:41:00,2011-02-28 13:41:00,1,23,1.15,5.2575,109.95,5.4975000000000005,2.6160675087861005,283,0,0.0,0.0,109.95,111.28817799121025,Low Value
16340.0,2011-08-24 14:53:00,2011-08-24 14:53:00,1,501,3.2745098039215685,1.5188888888888887,549.07,3.5886928104575166,4.424078359686382,106,0,0.0,0.0,549.07,553.0508566666667,Medium Value
16341.0,2011-05-22 13:20:00,2011-11-15 09:12:00,4,1398,18.155844155844157,1.8232467532467531,1971.8700000000001,25.608701298701302,22.488418735841588,24,176,44.0,0.6818181818181819,492.96750000000003,1791.6631159523804,VIP
16342.0,2011-06-13 10:10:00,2011-09-25 14:36:00,4,157,10.466666666666667,5.6033333333333335,322.41,21.494000000000003,9.931672136582613,74,104,26.0,1.1538461538461537,80.6025,357.7554541810967,Medium Value
16343.0,2011-11-23 17:43:00,2011-11-23 17:45:00,2,195,4.148936170212766,2.735106382978723,370.48,7.882553191489362,6.427968597933735,15,0,0.0,0.0,185.24,377.3072459602374,Medium Value
16344.0,2011-07-04 15:50:00,2011-07-04 15:50:00,1,18,9.0,5.7,101.10000000000001,50.550000000000004,21.001071401240463,157,0,0.0,0.0,101.10000000000001,105.63343417267501,Low Value
16345.0,2011-10-26 16:03:00,2011-10-26 16:03:00,1,289,7.605263157894737,4.295526315789473,575.41,15.14236842105263,15.774856907597991,43,0,0.0,0.0,575.41,596.6343655049881,Medium Value
16347.0,2011-11-03 13:01:00,2011-11-28 13:14:00,2,353,3.8369565217391304,3.762282608695652,887.65,9.648369565217392,10.046161617579923,10,25,12.5,2.4,443.825,791.5428438367525,High Value
16348.0,2011-04-13 15:49:00,2011-11-07 15:44:00,7,819,3.4851063829787234,2.867106382978723,1469.45,6.252978723404255,7.549929335406452,31,207,29.571428571428573,1.0144927536231882,209.92142857142858,1499.2671203686596,High Value
16349.0,2011-02-22 12:40:00,2011-02-22 12:40:00,1,9,1.0,5.944444444444445,53.5,5.944444444444445,6.061353213415118,290,0,0.0,0.0,53.5,52.3216981060606,Low Value
16350.0,2011-01-10 09:44:00,2011-11-18 15:53:00,4,545,9.56140350877193,3.4387719298245614,1116.47,19.58719298245614,7.12799504829523,20,312,78.0,0.3846153846153846,279.1175,1114.0548367191107,High Value
16351.0,2011-01-11 10:26:00,2011-01-11 10:26:00,1,90,11.25,1.9875,153.9,19.2375,3.0061544015093906,332,0,0.0,0.0,153.9,151.47533465186567,Low Value
16352.0,2011-11-02 08:44:00,2011-11-22 10:32:00,2,300,10.714285714285714,1.9617857142857142,494.44,17.658571428571427,7.454696612693342,17,20,10.0,3.0,247.22,467.88394262964505,Medium Value
16353.0,2010-12-05 12:09:00,2011-12-06 12:23:00,23,2006,21.340425531914892,3.010851063829787,6675.71,71.0181914893617,99.7528381245287,3,366,15.91304347826087,1.8852459016393444,290.24826086956523,5972.685860436506,VIP
16354.0,2011-09-27 16:28:00,2011-10-07 14:28:00,2,150,3.8461538461538463,3.1382051282051284,395.8,10.148717948717948,7.311634628772786,62,9,4.5,6.666666666666667,197.9,374.38008399029684,Medium Value
16356.0,2011-03-07 12:31:00,2011-05-26 11:51:00,3,93,3.0,2.201290322580645,211.77,6.831290322580646,4.7520071141469495,197,79,26.333333333333332,1.139240506329114,70.59,198.0692747361837,Low Value
16357.0,2011-05-10 10:35:00,2011-11-06 16:04:00,3,246,7.235294117647059,4.5797058823529415,658.88,19.378823529411765,6.779097001056456,32,180,60.0,0.5,219.62666666666667,659.0740647496948,Medium Value
16358.0,2011-06-08 15:05:00,2011-12-08 15:09:00,4,1302,11.944954128440367,1.8883486238532112,2027.5,18.60091743119266,12.222363878569329,0,183,45.75,0.6557377049180328,506.875,1671.3145523412697,VIP
16359.0,2011-01-12 10:49:00,2011-12-02 17:04:00,9,1183,17.924242424242426,8.14318181818182,1750.92,26.52909090909091,39.004978093621794,6,324,36.0,0.8333333333333333,194.54666666666668,2508.113602301588,VIP
16360.0,2011-09-12 13:50:00,2011-12-05 12:16:00,6,2144,3.2386706948640485,2.278761329305136,3512.53,5.305936555891239,5.158309948712114,4,83,13.833333333333334,2.1686746987951806,585.4216666666667,3371.036814321789,VIP
16361.0,2011-09-29 13:13:00,2011-11-30 12:32:00,4,421,3.9716981132075473,3.087735849056604,896.66,8.459056603773584,6.967078301117934,9,61,15.25,1.9672131147540985,224.165,887.3546740698688,High Value
16362.0,2011-09-09 14:47:00,2011-11-07 13:01:00,5,351,4.333333333333333,2.8769135802469137,734.77,9.071234567901234,8.92108925282054,31,58,11.6,2.586206896551724,146.954,708.4457845634919,High Value
16363.0,2011-10-17 14:14:00,2011-10-17 14:14:00,1,52,10.4,2.9560000000000004,109.36000000000001,21.872000000000003,11.89999663865499,52,0,0.0,0.0,109.36000000000001,113.73069551276201,Low Value
16364.0,2011-07-25 14:35:00,2011-11-28 11:27:00,2,280,5.283018867924528,3.453584905660377,707.04,13.340377358490565,9.726554643833419,11,125,62.5,0.48,353.52,677.6095314239267,High Value
16365.0,2010-12-07 17:19:00,2011-11-22 11:24:00,9,504,9.882352941176471,5.143137254901961,1540.42,30.2043137254902,66.00035337041467,17,349,38.77777777777778,0.7736389684813754,171.1577777777778,1673.1621072943717,VIP
16366.0,2011-11-21 08:19:00,2011-11-21 08:19:00,1,256,14.222222222222221,2.828888888888889,327.3,18.183333333333334,7.864533193581244,18,0,0.0,0.0,327.3,379.8337323146056,Medium Value
16367.0,2010-12-12 12:01:00,2011-11-02 13:13:00,2,647,4.976923076923077,2.3376153846153844,804.49,6.188384615384615,4.589620207530671,36,325,162.5,0.1846153846153846,402.245,851.2462528599182,High Value
16368.0,2011-11-11 15:08:00,2011-12-07 13:12:00,2,260,3.4210526315789473,2.4098684210526318,497.43,6.545131578947369,9.772244572382341,1,25,12.5,2.4,248.715,469.9126934229335,Medium Value
16369.0,2011-05-27 09:39:00,2011-11-21 16:25:00,3,1035,8.771186440677965,2.3270338983050847,1553.66,13.166610169491527,11.156780792038763,17,178,59.333333333333336,0.5056179775280899,517.8866666666667,1509.3677491393328,High Value
16370.0,2011-04-28 16:40:00,2011-09-18 15:55:00,4,647,2.837719298245614,2.8847368421052635,1320.56,5.791929824561404,5.2237198549316375,81,142,35.5,0.8450704225352113,330.14,1290.8605748556997,High Value
16372.0,2011-11-06 12:50:00,2011-11-06 13:08:00,2,166,1.711340206185567,2.657731958762887,367.93,3.7930927835051547,3.016614189515271,32,0,0.0,0.0,183.965,324.89365915801807,Medium Value
16374.0,2011-03-22 13:46:00,2011-10-04 15:21:00,2,240,2.1621621621621623,2.5635135135135134,473.03,4.261531531531531,4.050673613610051,65,196,98.0,0.30612244897959184,236.515,458.18806572896057,Medium Value
16376.0,2011-11-22 16:47:00,2011-12-01 11:38:00,2,694,5.552,2.5507199999999997,987.01,7.8960799999999995,11.267314553681944,8,8,4.0,7.5,493.505,1141.3726911760464,High Value
16377.0,2011-03-17 15:41:00,2011-03-17 15:41:00,1,1500,300.0,0.534,676.2,135.24,155.87394907424397,266,0,0.0,0.0,676.2,649.9523931746031,Medium Value
16378.0,2011-02-02 12:42:00,2011-04-06 15:07:00,3,267,11.608695652173912,1.8021739130434784,362.95,15.780434782608696,8.909274268097807,246,63,21.0,1.4285714285714286,120.98333333333333,368.76131877584675,Medium Value
16379.0,2011-09-22 09:33:00,2011-12-05 15:38:00,4,1410,13.055555555555555,1.9833333333333334,2157.4,19.975925925925928,9.510036315568609,3,74,18.5,1.6216216216216215,539.35,2056.678032943724,VIP
16380.0,2011-10-09 15:40:00,2011-10-09 15:40:00,1,1524,47.625,1.8,1780.59,55.6434375,133.9045081659212,60,0,0.0,0.0,1780.59,1771.626588571429,VIP
16383.0,2011-03-16 13:00:00,2011-09-26 12:45:00,2,475,4.6568627450980395,2.2834313725490194,668.36,6.552549019607843,5.541289781997359,74,193,96.5,0.31088082901554404,334.18,629.8288052169695,Medium Value
16384.0,2011-03-21 10:13:00,2011-09-11 11:19:00,2,260,7.878787878787879,3.503030303030303,584.5,17.71212121212121,5.815080479653611,89,174,87.0,0.3448275862068966,292.25,575.619709860592,Medium Value
16385.0,2010-12-08 12:56:00,2011-10-10 13:12:00,3,261,4.423728813559322,2.5457627118644073,555.89,9.42186440677966,10.376702431919682,59,306,102.0,0.29411764705882354,185.29666666666665,507.1632747979797,Medium Value
16386.0,2011-03-31 12:19:00,2011-11-11 12:28:00,2,224,2.5454545454545454,1.658977272727273,317.2,3.6045454545454545,4.292411349499537,28,225,112.5,0.26666666666666666,158.6,315.45063058342976,Medium Value
16387.0,2011-01-21 11:34:00,2011-01-21 11:34:00,1,44,11.0,3.16,94.36,23.59,12.049912862755482,322,0,0.0,0.0,94.36,105.75486160691777,Low Value
16389.0,2011-03-01 15:47:00,2011-10-17 14:41:00,4,1242,36.529411764705884,2.7785294117647057,1382.0700000000002,40.64911764705883,33.188884627751875,52,229,57.25,0.5240174672489083,345.51750000000004,1832.6084061904764,VIP
16392.0,2011-03-15 12:11:00,2011-03-15 12:11:00,1,203,4.511111111111111,1.9917777777777776,221.19,4.915333333333333,4.039428739989672,269,0,0.0,0.0,221.19,291.4672386806224,Low Value
16393.0,2010-12-05 13:10:00,2011-12-07 12:51:00,13,1576,4.775757575757575,1.9769696969696968,3046.21,9.230939393939394,8.684726909101828,1,366,28.153846153846153,1.0655737704918034,234.32384615384615,2539.972736616161,VIP
16394.0,2011-02-23 10:58:00,2011-10-14 09:48:00,5,2604,31.373493975903614,1.231566265060241,1555.34,18.73903614457831,14.727909262851101,56,232,46.4,0.646551724137931,311.068,1569.1961436291479,High Value
16395.0,2011-01-13 12:10:00,2011-10-10 12:50:00,5,1476,7.0285714285714285,1.9833809523809522,1486.9,7.080476190476191,6.467459346154967,60,270,54.0,0.5555555555555556,297.38,1700.9581263028645,VIP
16398.0,2011-03-31 09:38:00,2011-07-08 15:16:00,2,758,9.24390243902439,5.544634146341464,1705.8,20.802439024390242,11.700690974739889,153,99,49.5,0.6060606060606061,852.9,1721.4167870541546,VIP
16399.0,2011-04-18 13:46:00,2011-11-20 16:12:00,2,264,3.6164383561643834,2.766164383561644,408.57,5.596849315068493,4.507265084995904,18,216,108.0,0.2777777777777778,204.285,442.1118136358038,Medium Value
16400.0,2011-09-06 12:27:00,2011-09-06 12:27:00,1,172,5.931034482758621,3.0141379310344827,303.93,10.480344827586206,8.59497963213685,94,0,0.0,0.0,303.93,319.485359771118,Medium Value
16401.0,2011-01-16 10:56:00,2011-12-08 18:15:00,12,3882,20.870967741935484,1.4426344086021505,4098.32,22.033978494623653,25.05839390637601,0,326,27.166666666666668,1.1042944785276072,341.52666666666664,3521.526601060606,VIP
16402.0,2010-12-05 13:42:00,2011-03-20 12:25:00,2,149,2.4833333333333334,2.6683333333333334,299.6,4.993333333333334,7.324150130987413,264,104,52.0,0.5769230769230769,149.8,293.29944100233627,Low Value
16403.0,2011-01-31 13:39:00,2011-01-31 13:39:00,1,114,11.4,1.6099999999999999,177.5,17.75,3.4983329363188607,311,0,0.0,0.0,177.5,171.21600927200583,Low Value
16404.0,2011-09-30 14:55:00,2011-09-30 14:55:00,1,157,6.826086956521739,5.165217391304347,443.05,19.26304347826087,6.070592628538014,69,0,0.0,0.0,443.05,424.8945855562722,Medium Value
16405.0,2011-02-02 17:08:00,2011-02-10 15:24:00,2,187,37.4,2.33,167.25,33.45,43.5710196116639,301,7,3.5,8.571428571428571,83.625,242.69969610339282,Low Value
16406.0,2011-11-21 11:57:00,2011-11-21 11:57:00,1,122,1.967741935483871,1.7908064516129032,163.07,2.6301612903225804,2.0551107759504883,18,0,0.0,0.0,163.07,162.50104805298454,Low Value
16407.0,2011-01-31 14:02:00,2011-11-27 11:05:00,10,1124,6.534883720930233,2.9607558139534884,2126.93,12.365872093023254,10.239900678310939,12,299,29.9,1.0033444816053512,212.69299999999998,2161.976380254205,VIP
16409.0,2011-01-26 14:51:00,2011-11-03 16:45:00,5,1306,5.629310344827586,2.707844827586207,2028.88,8.745172413793103,7.25715714589912,35,281,56.2,0.5338078291814946,405.776,2045.1437096536806,VIP
16411.0,2010-12-05 13:26:00,2011-11-20 13:23:00,2,132,2.933333333333333,2.0353333333333334,214.65,4.7700000000000005,4.157233564414071,18,349,174.5,0.17191977077363899,107.325,222.75769881261724,Low Value
16412.0,2011-10-17 12:35:00,2011-10-17 12:35:00,1,73,2.085714285714286,2.072857142857143,151.83,4.338,3.7942036287567102,53,0,0.0,0.0,151.83,123.91519346064453,Low Value
16413.0,2011-10-14 12:08:00,2011-10-14 12:08:00,1,148,4.774193548387097,2.5261290322580647,262.2,8.458064516129031,6.578374885108956,56,0,0.0,0.0,262.2,273.85892452803114,Low Value
16414.0,2011-03-04 13:27:00,2011-11-18 09:42:00,2,27,3.857142857142857,7.064285714285714,126.25,18.035714285714285,7.224767256096346,21,258,129.0,0.23255813953488372,63.125,141.52506736685828,Low Value
16415.0,2011-10-26 13:35:00,2011-10-26 13:35:00,1,187,3.462962962962963,1.8175925925925926,210.35,3.89537037037037,5.610979033047103,43,0,0.0,0.0,210.35,238.05604604315525,Low Value
16416.0,2011-10-14 13:35:00,2011-11-13 12:50:00,3,672,9.464788732394366,3.0419718309859154,1051.4,14.808450704225354,16.536769130627604,26,29,9.666666666666666,3.103448275862069,350.4666666666667,1082.9936826770454,High Value
16418.0,2011-04-27 16:54:00,2011-10-26 12:39:00,3,288,2.823529411764706,3.7622549019607843,675.27,6.620294117647059,5.844758582091767,44,181,60.333333333333336,0.4972375690607735,225.09,701.8554513875629,High Value
16419.0,2011-02-01 12:25:00,2011-08-19 12:33:00,6,436,8.549019607843137,4.315882352941176,972.23,19.063333333333333,17.03779359737248,112,199,33.166666666666664,0.9045226130653266,162.03833333333333,976.1001017163094,High Value
16422.0,2010-12-05 15:35:00,2011-11-22 14:00:00,30,33704,91.33875338753387,1.8139295392953931,16525.23879999992,93.99566395663958,72.1044032579919,16,351,6.882352941176471,4.3589743589743595,680.086274509804,16488.518189999937,VIP
16423.0,2011-11-15 09:21:00,2011-11-15 09:21:00,1,230,12.777777777777779,1.9155555555555557,346.12,19.22888888888889,12.445157285839382,24,0,0.0,0.0,346.12,338.3631604752029,Medium Value
16424.0,2011-06-01 13:40:00,2011-06-01 13:40:00,1,88,17.6,3.9979999999999998,133.56,26.712,10.47471813463255,190,0,0.0,0.0,133.56,156.94758967311472,Low Value
16425.0,2011-02-10 14:30:00,2011-02-10 14:30:00,1,199,9.476190476190476,4.171904761904762,302.7,14.414285714285715,4.929861632367152,301,0,0.0,0.0,302.7,324.40692307414815,Medium Value
16426.0,2011-03-08 15:45:00,2011-12-07 14:01:00,10,1243,3.3413978494623655,2.086666666666667,1908.25,5.129704301075269,6.593889082149501,1,273,27.3,1.098901098901099,190.825,1888.9724105844152,VIP
16427.0,2011-02-28 15:18:00,2011-03-21 17:10:00,2,156,17.333333333333332,1.488888888888889,241.06,26.784444444444446,15.147761477451967,262,21,10.5,2.857142857142857,120.53,232.84267208180708,Low Value
16429.0,2011-08-25 13:54:00,2011-08-25 13:54:00,1,9,4.5,19.950000000000003,284.55,142.275,194.2068774528853,105,0,0.0,0.0,284.55,202.59212440476193,Low Value
16430.0,2011-10-13 14:47:00,2011-10-13 14:47:00,1,103,17.166666666666668,4.358333333333333,300.85,50.14166666666667,35.47523666822629,56,0,0.0,0.0,300.85,323.93981473266496,Medium Value
16431.0,2011-02-15 14:02:00,2011-05-10 14:09:00,3,453,5.457831325301205,1.8336144578313254,642.81,7.744698795180722,8.771113528516233,212,84,28.0,1.0714285714285714,214.26999999999998,639.4530018586651,Medium Value
16432.0,2011-10-06 13:59:00,2011-10-06 13:59:00,1,276,34.5,3.1675,287.40000000000003,35.925000000000004,43.98165169379483,63,0,0.0,0.0,287.40000000000003,393.77276873949575,Medium Value
16433.0,2011-11-11 14:09:00,2011-11-11 14:09:00,1,106,6.235294117647059,1.906470588235294,184.26,10.838823529411764,14.297052966587616,27,0,0.0,0.0,184.26,163.8277339405208,Low Value
16434.0,2011-02-13 12:17:00,2011-11-10 14:28:00,7,767,7.036697247706422,3.2576146788990825,1522.25,13.965596330275229,8.891545446553968,28,270,38.57142857142857,0.7777777777777778,217.46428571428572,1535.4047923609887,High Value
16438.0,2011-09-18 13:31:00,2011-12-04 10:51:00,5,463,3.507575757575758,2.194015151515152,798.35,6.04810606060606,5.531303579299839,5,76,15.2,1.973684210526316,159.67000000000002,767.6876003571432,High Value
16440.0,2011-05-09 12:25:00,2011-12-02 12:02:00,5,2018,7.156028368794326,2.2190425531914895,3640.67,12.91017730496454,12.778953684235058,7,206,41.2,0.7281553398058253,728.134,3334.9975633189024,VIP
16441.0,2011-02-21 17:35:00,2011-10-03 17:48:00,2,173,7.208333333333333,3.2916666666666665,381.2,15.883333333333333,7.090128880086165,66,224,112.0,0.26785714285714285,190.6,359.32896340977493,Medium Value
16442.0,2010-12-14 10:46:00,2011-12-08 11:43:00,3,446,2.5632183908045976,2.237528735632184,616.79,3.5447701149425286,4.040298120978817,1,359,119.66666666666667,0.25069637883008355,205.59666666666666,669.8553668422305,Medium Value
16444.0,2011-03-20 12:14:00,2011-10-24 13:50:00,4,407,4.845238095238095,2.3755952380952383,654.67,7.793690476190475,8.415584049309505,45,218,54.5,0.5504587155963303,163.6675,691.8484612641295,High Value
16445.0,2011-11-06 12:32:00,2011-11-06 12:32:00,1,111,1.7619047619047619,2.6320634920634918,230.51,3.658888888888889,2.6148484882469685,33,0,0.0,0.0,230.51,245.51072249959682,Low Value
16446.0,2011-05-18 09:52:00,2011-05-18 09:52:00,1,2,1.0,1.45,2.9,1.45,0.28284271247461895,205,0,0.0,0.0,2.9,11.217029999999996,Low Value
16447.0,2011-07-27 12:45:00,2011-07-27 12:45:00,1,223,6.194444444444445,2.9544444444444444,259.01,7.194722222222222,8.506616075943011,135,0,0.0,0.0,259.01,347.7504253788318,Medium Value
16448.0,2011-05-25 16:28:00,2011-05-25 16:28:00,1,78,3.9,2.9195,188.89000000000001,9.444500000000001,8.841455866660494,197,0,0.0,0.0,188.89000000000001,175.71678476712026,Low Value
16449.0,2011-03-04 12:15:00,2011-05-26 10:25:00,2,367,9.175,3.2979999999999996,707.69,17.69225,6.621208150465811,197,82,41.0,0.7317073170731707,353.845,739.539683701313,High Value
16450.0,2011-07-13 11:47:00,2011-07-13 11:47:00,1,200,18.181818181818183,1.4845454545454544,311.92,28.35636363636364,18.234446124150452,149,0,0.0,0.0,311.92,282.4566045454545,Low Value
16451.0,2011-09-13 09:17:00,2011-09-13 09:17:00,1,120,8.571428571428571,2.6149999999999998,266.97,19.069285714285716,11.15314268528121,87,0,0.0,0.0,266.97,255.10390153767406,Low Value
16454.0,2011-10-06 16:57:00,2011-10-26 11:40:00,2,3,1.5,1.975,6.9,3.45,3.464823227814083,44,19,9.5,3.1578947368421053,3.45,14.272411904761903,Low Value
16455.0,2010-12-03 16:44:00,2011-10-07 12:17:00,7,988,9.97979797979798,2.1015151515151516,1841.18,18.59777777777778,7.510294778795242,63,307,43.857142857142854,0.6840390879478828,263.0257142857143,1684.1326164454167,VIP
16456.0,2010-12-01 14:11:00,2011-09-01 13:50:00,5,1148,10.342342342342342,2.1282882882882883,2158.37,19.444774774774775,22.17814980588887,98,273,54.6,0.5494505494505495,431.674,1893.0268626442987,VIP
16457.0,2011-05-05 13:19:00,2011-05-05 13:19:00,1,140,15.555555555555555,2.67,208.36,23.151111111111113,11.313081415384188,217,0,0.0,0.0,208.36,229.11282588040376,Low Value
16458.0,2010-12-14 11:51:00,2011-12-07 09:34:00,18,2154,10.663366336633663,1.7633663366336634,3482.7400000000002,17.241287128712873,8.024880794622014,2,357,19.833333333333332,1.5126050420168067,193.48555555555558,3434.6360589682527,VIP
16460.0,2011-09-19 10:15:00,2011-11-11 13:46:00,3,879,6.511111111111111,1.6751851851851853,814.72,6.034962962962963,6.841903906500165,27,53,17.666666666666668,1.6981132075471699,271.5733333333333,872.8901374603178,High Value
16461.0,2011-06-15 12:07:00,2011-06-15 12:07:00,1,49,1.4848484848484849,4.073939393939394,151.42,4.588484848484848,3.7350979916965708,177,0,0.0,0.0,151.42,152.28553147228763,Low Value
16462.0,2011-03-01 08:58:00,2011-09-27 10:24:00,3,16,5.333333333333333,8.5,136.0,45.333333333333336,19.629909152447276,73,210,70.0,0.42857142857142855,45.333333333333336,176.47741228118286,Low Value
16463.0,2011-05-19 14:45:00,2011-11-18 14:01:00,4,1163,14.182926829268293,1.993170731707317,1422.4,17.346341463414635,7.9958372676260945,20,182,45.5,0.6593406593406593,355.6,1450.0946822008552,High Value
16464.0,2011-07-20 13:53:00,2011-11-20 12:11:00,3,963,4.080508474576271,2.5087711864406783,1314.68,5.570677966101695,4.925612562197125,19,122,40.666666666666664,0.7377049180327869,438.2266666666667,1445.7543595797224,High Value
16466.0,2011-02-20 11:39:00,2011-11-06 11:35:00,7,789,5.331081081081081,2.8899324324324325,1603.46,10.834189189189189,11.035056199426812,33,258,36.857142857142854,0.813953488372093,229.06571428571428,1565.59982721635,High Value
16468.0,2011-09-26 14:13:00,2011-09-26 14:13:00,1,31,15.5,7.29,74.9,37.45,35.28462838120873,73,0,0.0,0.0,74.9,96.8112364326755,Low Value
16469.0,2011-04-07 13:11:00,2011-11-16 12:25:00,4,273,1.5,2.9048351648351654,650.43,3.5737912087912087,2.7483985131535436,23,222,55.5,0.5405405405405405,162.6075,639.5609258188052,Medium Value
16470.0,2010-12-16 11:53:00,2011-10-19 12:11:00,4,531,3.123529411764706,1.9055882352941176,762.39,4.484647058823529,5.056053509767312,51,307,76.75,0.39087947882736157,190.5975,835.6109502777778,High Value
16471.0,2011-03-10 09:41:00,2011-03-10 09:41:00,1,141,10.846153846153847,2.2961538461538464,223.95000000000002,17.22692307692308,4.815280165984435,274,0,0.0,0.0,223.95000000000002,221.23445872877883,Low Value
16473.0,2011-01-07 10:55:00,2011-06-28 09:10:00,3,196,10.88888888888889,2.6505555555555556,316.11,17.561666666666667,6.92454139488037,164,171,57.0,0.5263157894736842,105.37,345.76755209249086,Medium Value
16474.0,2011-07-17 14:51:00,2011-12-02 13:02:00,7,943,2.6194444444444445,2.199777777777778,1871.5,5.198611111111111,6.644167590309662,6,137,19.571428571428573,1.5328467153284673,267.35714285714283,1627.5487231978311,High Value
16475.0,2011-03-11 09:39:00,2011-09-12 14:37:00,4,319,11.392857142857142,5.110714285714286,544.3,19.439285714285713,14.380422372762478,87,185,46.25,0.6486486486486486,136.075,626.812004636875,Medium Value
16477.0,2010-12-03 12:48:00,2011-10-07 09:44:00,7,1415,9.691780821917808,2.32513698630137,2494.46,17.085342465753424,5.410327055495405,63,307,43.857142857142854,0.6840390879478828,356.3514285714286,2412.45871850469,VIP
16478.0,2011-10-05 12:02:00,2011-11-14 15:51:00,3,224,13.176470588235293,2.942941176470588,331.0,19.470588235294116,9.505777500149735,24,40,13.333333333333334,2.25,110.33333333333333,380.1376663433707,Medium Value
16479.0,2011-11-29 13:04:00,2011-11-29 13:40:00,2,102,2.914285714285714,3.177142857142857,300.83,8.595142857142857,6.795277067211318,9,0,0.0,0.0,150.415,263.6402193822753,Low Value
16480.0,2011-09-25 11:40:00,2011-09-25 11:40:00,1,455,8.584905660377359,3.3305660377358492,769.29,14.514905660377357,15.729580979142147,75,0,0.0,0.0,769.29,798.6015211760464,High Value
16482.0,2011-11-24 12:33:00,2011-11-24 12:33:00,1,346,19.22222222222222,1.3616666666666668,220.62,12.256666666666668,4.411076966002747,15,0,0.0,0.0,220.62,343.0069246681097,Medium Value
16483.0,2011-05-31 13:08:00,2011-05-31 13:08:00,1,44,2.3157894736842106,4.410526315789474,139.35,7.334210526315789,4.102135373178589,191,0,0.0,0.0,139.35,149.83805429711,Low Value
16484.0,2011-06-02 10:39:00,2011-06-19 12:06:00,2,200,8.0,3.2872000000000003,404.3,16.172,4.077812935058859,173,17,8.5,3.5294117647058822,202.15,409.9209389715035,Medium Value
16485.0,2011-09-23 15:50:00,2011-09-23 15:50:00,1,235,5.595238095238095,3.0811904761904763,363.65,8.658333333333333,8.015280198886792,76,0,0.0,0.0,363.65,438.22667420769636,Medium Value
16488.0,2011-07-14 11:46:00,2011-11-06 13:42:00,3,728,25.103448275862068,4.441034482758622,498.8,17.2,12.430350529478815,32,115,38.333333333333336,0.7826086956521738,166.26666666666668,1109.0935462698417,High Value
16491.0,2011-10-24 10:18:00,2011-10-24 10:18:00,1,478,12.256410256410257,2.54974358974359,731.5,18.756410256410255,9.592886203953288,46,0,0.0,0.0,731.5,697.5843399037509,High Value
16493.0,2011-01-14 08:16:00,2011-09-21 11:10:00,4,1164,20.785714285714285,1.8078571428571428,1351.63,24.13625,12.462175873417934,79,250,62.5,0.48,337.9075,1340.0777465875792,High Value
16494.0,2011-02-16 12:49:00,2011-02-16 12:49:00,1,675,13.5,1.4991999999999999,826.53,16.5306,11.80480849968714,296,0,0.0,0.0,826.53,734.9453433411178,High Value
16495.0,2011-03-08 16:38:00,2011-12-06 13:20:00,3,337,3.4742268041237114,3.218144329896907,684.41,7.055773195876288,8.089864779856175,2,272,90.66666666666667,0.33088235294117646,228.13666666666666,686.6707539286085,High Value
16496.0,2011-01-27 09:42:00,2011-12-01 10:31:00,3,1111,11.694736842105263,2.8450526315789477,1599.52,16.837052631578945,8.590652871145451,8,308,102.66666666666667,0.2922077922077922,533.1733333333333,1679.7850213675213,VIP
16497.0,2011-01-10 13:20:00,2011-10-21 10:55:00,6,1396,10.264705882352942,3.6586029411764707,2965.69,21.80654411764706,13.491061149196996,49,283,47.166666666666664,0.6360424028268551,494.2816666666667,2907.590413823763,VIP
16498.0,2011-06-30 19:52:00,2011-07-01 15:07:00,2,45,3.0,2.3680000000000003,100.97,6.731333333333334,6.965797940823504,160,0,0.0,0.0,50.485,103.93893871748293,Low Value
16499.0,2010-12-10 10:27:00,2010-12-14 13:31:00,2,127,6.684210526315789,4.302631578947368,365.45,19.23421052631579,7.320975432724095,359,4,2.0,15.0,182.725,366.52853661887553,Medium Value
16500.0,2011-01-13 10:28:00,2011-12-05 12:04:00,6,123,11.181818181818182,17.12,400.86,36.441818181818185,43.58494552438533,4,326,54.333333333333336,0.5521472392638036,66.81,582.9221868831169,Medium Value
16503.0,2010-12-14 13:50:00,2011-08-25 11:46:00,4,569,6.773809523809524,4.173571428571428,1431.93,17.046785714285715,5.610062852280752,106,253,63.25,0.4743083003952569,357.9825,1381.896121812388,High Value
16504.0,2011-11-14 15:18:00,2011-11-14 15:18:00,1,524,6.093023255813954,1.2338372093023255,484.38,5.632325581395349,6.530407009100917,24,0,0.0,0.0,484.38,448.6539705916306,Medium Value
16505.0,2011-11-08 12:14:00,2011-11-08 12:14:00,1,576,144.0,1.35,777.6,194.4,110.36451603663203,31,0,0.0,0.0,777.6,696.972425873016,High Value
16506.0,2011-10-30 15:50:00,2011-11-20 12:17:00,2,42,14.0,2.183333333333333,90.30000000000001,30.100000000000005,8.921322771876378,19,20,10.0,3.0,45.150000000000006,87.83313961652146,Low Value
16509.0,2011-02-16 09:25:00,2011-02-16 09:25:00,1,64,4.923076923076923,7.623076923076923,363.70000000000005,27.97692307692308,16.100642008222003,296,0,0.0,0.0,363.70000000000005,329.39167531024526,Medium Value
16510.0,2010-12-02 13:39:00,2010-12-02 13:39:00,1,92,7.076923076923077,5.346153846153846,248.1,19.084615384615383,6.260204489983554,368,0,0.0,0.0,248.1,253.15009112759958,Low Value
16511.0,2011-03-18 11:24:00,2011-11-18 10:41:00,3,417,2.467455621301775,3.032721893491124,950.26,5.6228402366863905,5.118174454058878,21,244,81.33333333333333,0.36885245901639346,316.75333333333333,886.063883309972,High Value
16513.0,2011-10-27 14:56:00,2011-12-05 10:18:00,4,407,11.628571428571428,2.5905714285714287,874.59,24.988285714285716,19.314303977913895,4,38,9.5,3.1578947368421053,218.6475,819.2419333007933,High Value
16515.0,2011-02-01 13:09:00,2011-10-18 13:10:00,5,833,7.371681415929204,2.5943362831858408,1627.13,14.399380530973453,18.202481742254754,51,259,51.8,0.5791505791505792,325.42600000000004,1567.3219273310233,High Value
16516.0,2011-11-09 14:59:00,2011-11-09 14:59:00,1,58,9.666666666666666,2.1166666666666667,101.69999999999999,16.95,1.694402549573153,29,0,0.0,0.0,101.69999999999999,105.47693492359247,Low Value
16517.0,2011-03-07 13:50:00,2011-03-07 13:50:00,1,96,5.647058823529412,2.8852941176470592,162.70000000000002,9.57058823529412,6.050724616304475,276,0,0.0,0.0,162.70000000000002,185.83061508798454,Low Value
16518.0,2011-02-28 16:36:00,2011-10-09 15:04:00,2,327,8.175,2.3545000000000003,484.32,12.108,9.698069117890666,60,222,111.0,0.27027027027027023,242.16,485.49129912727875,Medium Value
16519.0,2010-12-09 14:08:00,2011-11-14 15:41:00,2,54,4.153846153846154,6.617692307692308,215.07999999999998,16.544615384615383,13.075439836696772,24,340,170.0,0.1764705882352941,107.53999999999999,221.21258798397594,Low Value
16520.0,2010-12-09 13:08:00,2011-06-06 13:24:00,3,558,3.576923076923077,2.7175641025641024,1046.57,6.708782051282051,5.970986014964494,185,179,59.666666666666664,0.5027932960893855,348.8566666666666,1014.7162402935078,High Value
16523.0,2011-01-28 12:06:00,2011-12-08 09:06:00,21,4265,14.706896551724139,3.613206896551724,9418.470000000001,32.477482758620695,22.83208463538272,1,313,14.904761904761905,2.012779552715655,448.4985714285715,8971.11949535714,VIP
16525.0,2010-12-08 11:31:00,2011-12-07 15:07:00,26,7397,40.4207650273224,3.657595628415301,13027.45,71.18825136612023,40.857441010622146,1,364,14.0,2.142857142857143,501.0557692307693,13634.349727119046,VIP
16526.0,2011-06-21 12:02:00,2011-06-21 12:02:00,1,106,7.066666666666666,5.615333333333334,290.36,19.357333333333333,15.402448073818226,171,0,0.0,0.0,290.36,306.5810673284157,Low Value
16527.0,2011-09-19 16:21:00,2011-09-19 16:21:00,1,106,7.571428571428571,2.922857142857143,228.06,16.29,9.759812419382786,80,0,0.0,0.0,228.06,233.55309825613492,Low Value
16528.0,2011-12-06 12:45:00,2011-12-06 12:45:00,1,171,10.058823529411764,3.2235294117647055,244.41,14.377058823529412,5.046401892321254,3,0,0.0,0.0,244.41,265.0382352577238,Low Value
16529.0,2011-06-02 17:23:00,2011-06-02 17:23:00,1,198,6.6,3.12,455.25,15.175,10.552886106294041,189,0,0.0,0.0,455.25,430.7668512939877,Medium Value
16531.0,2010-12-14 13:19:00,2011-11-17 16:29:00,7,915,11.883116883116884,2.795194805194805,1244.59,16.163506493506492,5.983179661226122,21,338,48.285714285714285,0.621301775147929,177.79857142857142,1279.0095021699701,High Value
16532.0,2011-07-27 10:41:00,2011-07-27 10:41:00,1,576,576.0,0.65,374.4,374.4,0.0,135,0,0.0,0.0,374.4,404.9049391630592,Medium Value
16533.0,2011-10-02 15:07:00,2011-11-20 13:08:00,3,612,3.457627118644068,2.650677966101695,1095.56,6.189604519774011,6.231108116975183,18,48,16.0,1.875,365.18666666666667,1105.8929714291266,High Value
16535.0,2011-12-04 15:18:00,2011-12-04 15:18:00,1,356,11.483870967741936,3.0245161290322584,593.75,19.153225806451612,15.304811963801182,4,0,0.0,0.0,593.75,604.615843666443,Medium Value
16536.0,2011-08-21 15:54:00,2011-08-21 15:54:00,1,251,4.5636363636363635,3.6401818181818184,548.97,9.981272727272728,7.889376601797074,109,0,0.0,0.0,548.97,581.487115179498,Medium Value
16539.0,2010-12-01 15:40:00,2011-12-07 08:41:00,4,477,10.6,3.893333333333333,1388.81,30.862444444444442,22.470972503488255,2,370,92.5,0.3243243243243243,347.2025,1314.9788628751803,High Value
16542.0,2011-10-17 10:47:00,2011-10-17 10:47:00,1,46,9.2,3.0780000000000003,119.62,23.924,16.68088366963813,53,0,0.0,0.0,119.62,117.52938491590616,Low Value
16545.0,2011-06-28 10:37:00,2011-06-28 10:37:00,1,78,26.0,3.766666666666667,339.3,113.10000000000001,110.82919290511865,164,0,0.0,0.0,339.3,290.23613607786365,Low Value
16546.0,2010-12-02 12:07:00,2011-02-22 11:20:00,2,549,21.96,1.8880000000000001,787.15,31.486,20.2607251433243,290,81,40.5,0.7407407407407407,393.575,767.1794823201946,High Value
16549.0,2011-01-09 14:03:00,2011-11-29 15:06:00,10,2365,2.4108053007135575,2.03638124362895,4154.64,4.235107033639144,5.038497135197087,9,324,32.4,0.9259259259259258,415.46400000000006,3902.5721371157997,VIP
16550.0,2010-12-06 13:53:00,2011-08-23 11:12:00,5,1540,6.135458167330677,2.5740637450199206,2298.97,9.159243027888445,6.250607124488083,108,259,51.8,0.5791505791505792,459.794,2372.8599364466104,VIP
16551.0,2011-01-07 10:24:00,2011-09-05 09:38:00,3,970,30.3125,1.95125,922.12,28.81625,21.631312541269065,95,240,80.0,0.375,307.37333333333333,1073.2655995093792,High Value
16552.0,2010-12-01 12:36:00,2011-04-11 10:04:00,2,219,12.882352941176471,4.11,379.73,22.337058823529414,18.437844154315425,242,130,65.0,0.46153846153846156,189.865,433.3421241285029,Medium Value
16553.0,2010-12-14 13:58:00,2011-06-29 15:42:00,12,4600,54.76190476190476,2.1411904761904763,5719.82,68.09309523809523,50.31734171288326,162,197,16.416666666666668,1.8274111675126905,476.65166666666664,6097.361826655844,VIP
16554.0,2011-01-12 12:41:00,2011-10-28 14:51:00,3,402,7.730769230769231,3.4196153846153843,837.1,16.098076923076924,6.546503044497412,41,289,96.33333333333333,0.31141868512110726,279.03333333333336,855.8280773936276,High Value
16555.0,2011-08-22 12:32:00,2011-11-04 14:31:00,2,175,10.294117647058824,2.827058823529412,285.89,16.81705882352941,4.374448200496096,34,74,37.0,0.8108108108108107,142.945,294.73776979793433,Low Value
16556.0,2010-12-14 13:32:00,2011-10-04 11:36:00,7,1890,9.130434782608695,3.882898550724638,3313.79,16.008647342995168,9.177355844542557,66,293,41.857142857142854,0.7167235494880545,473.3985714285714,3395.9273475396826,VIP
16557.0,2011-07-25 13:28:00,2011-11-15 14:04:00,2,111,10.090909090909092,6.818181818181818,281.85,25.622727272727275,13.963333478012396,23,113,56.5,0.5309734513274337,140.925,317.24335617063497,Medium Value
16558.0,2010-12-08 12:01:00,2011-12-09 10:20:00,20,5377,11.689130434782609,3.041195652173913,8338.49,18.127152173913043,16.808100156473326,0,365,18.25,1.6438356164383563,416.92449999999997,10093.935222759737,VIP
16560.0,2010-12-16 14:36:00,2011-11-13 10:35:00,2,500,8.928571428571429,3.930535714285714,841.41,15.02517857142857,7.712658777754787,26,331,165.5,0.18126888217522658,420.705,883.5436709884558,High Value
16561.0,2011-10-11 09:53:00,2011-12-04 11:50:00,2,244,7.870967741935484,2.8583870967741936,511.12,16.48774193548387,3.696610798806044,5,54,27.0,1.1111111111111112,255.56,506.8321744698719,Medium Value
16563.0,2011-10-17 11:51:00,2011-10-17 11:51:00,1,486,25.57894736842105,3.415263157894737,1077.74,56.72315789473684,65.70661974536944,53,0,0.0,0.0,1077.74,1061.3579611904759,High Value
16565.0,2010-12-10 15:21:00,2010-12-10 15:21:00,1,46,15.333333333333334,5.116666666666667,173.7,57.9,69.36863484313353,363,0,0.0,0.0,173.7,197.24026410411952,Low Value
16566.0,2011-02-20 10:29:00,2011-11-24 16:34:00,5,362,20.11111111111111,2.6955555555555555,614.66,34.147777777777776,30.91612116214481,14,277,55.4,0.5415162454873647,122.93199999999999,675.7337949471723,Medium Value
16567.0,2011-01-07 09:31:00,2011-05-29 13:57:00,2,996,28.457142857142856,2.1654285714285715,865.6,24.731428571428573,18.32720111856516,193,142,71.0,0.4225352112676056,432.8,1054.7426460894662,High Value
16569.0,2011-12-06 15:32:00,2011-12-06 15:32:00,1,93,18.6,2.592,124.2,24.84,19.659043720384776,2,0,0.0,0.0,124.2,151.37548904784657,Low Value
16570.0,2011-02-01 10:37:00,2011-11-24 17:02:00,10,2112,16.761904761904763,3.17515873015873,3738.4,29.66984126984127,20.45318412312868,14,296,29.6,1.0135135135135134,373.84000000000003,3866.1219473015885,VIP
16571.0,2011-03-03 09:41:00,2011-11-13 11:46:00,3,1239,14.241379310344827,2.0289655172413794,1421.69,16.34126436781609,7.099897281372537,26,255,85.0,0.35294117647058826,473.8966666666667,1487.2603273412697,High Value
16572.0,2011-03-09 12:04:00,2011-08-04 16:34:00,3,532,9.333333333333334,3.7794736842105263,1009.6,17.712280701754388,6.50368000704872,126,148,49.333333333333336,0.6081081081081081,336.53333333333336,1039.9026761336304,High Value
16573.0,2011-02-22 15:14:00,2011-09-16 09:13:00,2,360,8.571428571428571,3.7616666666666667,663.61,15.800238095238095,6.292944747927204,84,205,102.5,0.29268292682926833,331.805,688.316192414587,High Value
16574.0,2011-09-29 13:39:00,2011-09-29 13:39:00,1,416,14.857142857142858,1.4257142857142857,451.44,16.122857142857143,5.6245617818720115,70,0,0.0,0.0,451.44,458.2779247619048,Medium Value
16581.0,2011-06-10 10:05:00,2011-06-10 10:05:00,1,134,14.88888888888889,1.1855555555555555,105.84,11.76,5.536442901358236,182,0,0.0,0.0,105.84,109.29320995686679,Low Value
16582.0,2011-08-18 17:02:00,2011-08-18 17:02:00,1,164,27.333333333333332,1.6216666666666668,313.62,52.27,64.6616903583567,112,0,0.0,0.0,313.62,284.94647207792207,Low Value
16583.0,2010-12-01 12:03:00,2010-12-01 12:03:00,1,111,7.928571428571429,2.564285714285714,233.45,16.675,1.976472187432018,368,0,0.0,0.0,233.45,223.82008458284523,Low Value
16584.0,2011-03-30 13:14:00,2011-09-20 13:45:00,2,646,23.071428571428573,2.709285714285714,936.08,33.431428571428576,26.370765198280786,79,174,87.0,0.3448275862068966,468.04,998.604726580087,High Value
16586.0,2011-04-05 09:32:00,2011-04-05 09:32:00,1,95,11.875,4.68125,463.95,57.99375,38.07324179882019,248,0,0.0,0.0,463.95,401.48471850649383,Medium Value
16587.0,2011-04-21 15:51:00,2011-04-21 15:51:00,1,71,5.461538461538462,6.707692307692308,225.15,17.31923076923077,5.252639751493944,231,0,0.0,0.0,225.15,235.61802005040465,Low Value
16589.0,2011-07-01 13:31:00,2011-09-29 14:50:00,3,368,11.151515151515152,1.8603030303030303,459.24,13.916363636363636,3.892705372056351,70,90,30.0,1.0,153.08,488.2756031301739,Medium Value
16591.0,2011-10-02 10:43:00,2011-10-02 10:43:00,1,41,4.1,4.443,213.5,21.35,30.849113079273085,68,0,0.0,0.0,213.5,181.90820300090184,Low Value
16592.0,2011-02-25 10:19:00,2011-12-05 13:49:00,16,2927,13.550925925925926,2.1810185185185187,4113.68,19.044814814814817,10.303633405789231,3,283,17.6875,1.696113074204947,257.105,4350.361435079364,VIP
16593.0,2011-01-16 12:11:00,2011-10-20 12:41:00,3,116,4.296296296296297,4.8348148148148145,330.03,12.223333333333333,14.182367438261009,50,277,92.33333333333333,0.3249097472924188,110.00999999999999,409.9478521782106,Medium Value
16594.0,2011-09-25 14:08:00,2011-09-25 14:08:00,1,64,1.2075471698113207,3.0179245283018865,181.09,3.416792452830189,3.25945180241243,74,0,0.0,0.0,181.09,173.18734688263393,Low Value
16595.0,2011-10-09 13:15:00,2011-10-09 13:15:00,1,335,3.9411764705882355,1.7484705882352942,360.16,4.237176470588236,3.855120161108163,60,0,0.0,0.0,360.16,361.77950905452315,Medium Value
16596.0,2010-12-08 16:18:00,2011-11-24 10:02:00,2,97,8.083333333333334,4.104166666666667,250.15,20.845833333333335,9.226874245015663,15,350,175.0,0.17142857142857143,125.075,246.09837264984705,Low Value
16597.0,2011-12-05 15:44:00,2011-12-05 15:44:00,1,184,26.285714285714285,1.6214285714285714,90.04,12.862857142857143,8.5364350761617,3,0,0.0,0.0,90.04,155.92188119047617,Low Value
16598.0,2011-02-27 11:42:00,2011-02-27 11:42:00,1,73,7.3,2.56,145.05,14.505,3.241180340554965,285,0,0.0,0.0,145.05,140.31121904244864,Low Value
16600.0,2011-01-05 12:13:00,2011-12-05 16:00:00,6,1145,18.467741935483872,1.4333870967741935,813.52,13.121290322580645,5.5733839042218545,3,334,55.666666666666664,0.5389221556886228,135.58666666666667,1162.641987380952,High Value
16601.0,2011-10-30 11:09:00,2011-10-30 11:09:00,1,134,4.32258064516129,3.0725806451612905,244.8,7.896774193548388,7.502764551415596,40,0,0.0,0.0,244.8,274.7296834785056,Low Value
16602.0,2011-11-03 15:54:00,2011-11-03 15:54:00,1,336,11.586206896551724,2.5113793103448274,528.08,18.209655172413793,12.213573094471172,35,0,0.0,0.0,528.08,499.6551820464013,Medium Value
16603.0,2011-09-09 13:02:00,2011-09-26 10:06:00,2,480,14.117647058823529,2.1564705882352944,482.47,14.19029411764706,5.180918068459061,74,16,8.0,3.75,241.235,520.1790058091351,Medium Value
16607.0,2010-12-16 08:41:00,2011-11-22 10:24:00,14,2859,16.622093023255815,4.347848837209303,3347.71,19.46343023255814,29.66225808719492,17,341,24.357142857142858,1.2316715542521994,239.12214285714285,4900.1095523015865,VIP
16609.0,2011-04-01 10:11:00,2011-11-24 13:32:00,7,2420,8.768115942028986,3.5644202898550725,5493.46,19.903840579710145,9.183289909392348,14,237,33.857142857142854,0.8860759493670886,784.78,4977.195495873017,VIP
16610.0,2011-05-04 13:13:00,2011-05-04 13:13:00,1,66,11.0,1.2966666666666666,75.66,12.61,3.0782787398154836,218,0,0.0,0.0,75.66,84.59186464285716,Low Value
16611.0,2011-06-06 15:46:00,2011-06-06 15:46:00,1,47,4.7,3.7870000000000004,129.49,12.949000000000002,5.568693144116789,185,0,0.0,0.0,129.49,135.61834875788867,Low Value
16612.0,2011-02-01 10:38:00,2011-11-07 07:38:00,4,506,7.666666666666667,3.23469696969697,1187.66,17.994848484848486,5.989432807979847,32,278,69.5,0.4316546762589928,296.915,1098.4467444489821,High Value
16613.0,2011-09-30 15:52:00,2011-09-30 15:52:00,1,293,9.766666666666667,2.897,618.59,20.619666666666667,7.109744882824599,69,0,0.0,0.0,618.59,600.690175146877,Medium Value
16614.0,2011-06-10 11:36:00,2011-06-10 11:36:00,1,223,8.576923076923077,4.756538461538462,506.19,19.468846153846155,10.609141841609274,182,0,0.0,0.0,506.19,515.8309132666006,Medium Value
16616.0,2011-07-05 13:38:00,2011-11-24 16:31:00,2,370,11.212121212121213,2.83969696969697,500.42,15.164242424242424,13.614212709128427,14,142,71.0,0.4225352112676056,250.21,551.1411397363868,Medium Value
16617.0,2011-04-18 10:35:00,2011-04-18 10:35:00,1,91,18.2,3.91,151.85,30.369999999999997,24.093609111131524,235,0,0.0,0.0,151.85,171.46116312549563,Low Value
16618.0,2011-01-21 11:55:00,2011-11-08 13:52:00,5,1363,14.197916666666666,3.626041666666667,2647.59,27.579062500000003,23.130917158330025,30,291,58.2,0.5154639175257733,529.518,2409.5006494794375,VIP
16619.0,2011-03-21 08:18:00,2011-03-21 08:18:00,1,133,9.5,2.6757142857142857,226.21,16.157857142857143,4.642193080151514,263,0,0.0,0.0,226.21,233.9177312996747,Low Value
16620.0,2011-03-24 10:37:00,2011-12-06 12:19:00,2,88,9.777777777777779,2.9177777777777774,178.96,19.884444444444444,6.951811114938163,3,257,128.5,0.23346303501945526,89.48,220.99707093769396,Low Value
16621.0,2011-03-07 11:32:00,2011-10-19 11:38:00,4,302,10.413793103448276,4.59103448275862,813.48,28.05103448275862,27.48187290155713,51,226,56.5,0.5309734513274337,203.37,797.9170658134698,High Value
16623.0,2011-04-08 10:09:00,2011-04-08 10:09:00,1,39,7.8,3.1900000000000004,129.45000000000002,25.890000000000004,22.486896184222495,245,0,0.0,0.0,129.45000000000002,117.52009276513856,Low Value
16624.0,2011-05-26 14:20:00,2011-09-20 12:39:00,2,488,10.166666666666666,3.07375,810.57,16.886875,18.642391426844952,80,116,58.0,0.5172413793103449,405.285,820.514155324568,High Value
16625.0,2011-03-10 12:50:00,2011-03-10 12:50:00,1,164,7.130434782608695,2.737391304347826,333.08,14.481739130434782,4.127152498640628,274,0,0.0,0.0,333.08,311.1827207524058,Low Value
16626.0,2011-03-18 12:27:00,2011-12-09 11:56:00,17,2690,15.027932960893855,4.136648044692738,4413.1,24.65418994413408,23.39907111350693,0,265,15.588235294117647,1.9245283018867922,259.59411764705885,5634.094719761904,VIP
16627.0,2011-09-21 14:38:00,2011-09-21 14:38:00,1,162,8.1,5.0675,322.8,16.14,5.033051810414412,78,0,0.0,0.0,322.8,346.94642978923616,Medium Value
16628.0,2011-04-19 08:55:00,2011-11-10 12:45:00,5,1205,10.2991452991453,2.440512820512821,2188.05,18.701282051282053,13.431280431583216,29,205,41.0,0.7317073170731707,437.61,1845.3118129148622,VIP
16629.0,2011-09-04 16:12:00,2011-09-27 10:34:00,2,493,7.703125,2.45296875,417.73,6.52703125,7.514072021761188,73,22,11.0,2.7272727272727275,208.865,569.2450674836277,Medium Value
16633.0,2011-04-19 14:36:00,2011-11-22 13:41:00,6,1138,7.4868421052631575,4.659407894736842,2883.1,18.967763157894737,8.081331704349214,16,216,36.0,0.8333333333333333,480.51666666666665,2876.2699350596627,VIP
16634.0,2010-12-02 17:41:00,2011-05-01 12:09:00,2,82,9.11111111111111,4.5055555555555555,217.9,24.211111111111112,12.18015234350996,222,149,74.5,0.40268456375838924,108.95,248.82506978844077,Low Value
16637.0,2011-04-28 10:20:00,2011-11-07 13:17:00,4,927,13.434782608695652,2.7930434782608695,1154.47,16.73144927536232,9.372026473589044,31,193,48.25,0.6217616580310881,288.6175,1228.0415090916028,High Value
16638.0,2010-12-06 10:19:00,2011-11-17 11:09:00,10,1255,13.351063829787234,3.7991489361702127,1680.72,17.88,15.527057548970193,22,346,34.6,0.8670520231213873,168.072,2019.1342829761923,VIP
16639.0,2011-04-18 09:31:00,2011-11-08 13:20:00,3,510,10.2,3.3548,1257.51,25.150199999999998,18.313236039676273,30,204,68.0,0.4411764705882353,419.17,1172.234000193458,High Value
16641.0,2011-08-26 12:49:00,2011-08-26 12:49:00,1,256,21.333333333333332,2.138333333333333,231.1,19.258333333333333,5.126717598359922,105,0,0.0,0.0,231.1,264.35697071496395,Low Value
16642.0,2011-05-16 12:35:00,2011-12-05 11:31:00,2,479,14.088235294117647,3.3020588235294115,688.33,20.245,10.321043595930158,4,202,101.0,0.297029702970297,344.165,715.9542040739814,High Value
16643.0,2011-04-08 08:24:00,2011-04-08 08:24:00,1,269,9.962962962962964,3.635925925925926,487.51,18.055925925925926,6.925101642830433,245,0,0.0,0.0,487.51,497.6547387430114,Medium Value
16644.0,2011-05-11 12:53:00,2011-06-15 12:39:00,2,826,13.32258064516129,1.5379032258064516,833.78,13.448064516129032,4.064032899178536,177,34,17.0,1.7647058823529411,416.89,824.1816452164505,High Value
16647.0,2011-05-19 09:31:00,2011-06-23 11:47:00,2,146,10.428571428571429,3.2507142857142854,214.06,15.290000000000001,8.01268417525037,169,35,17.5,1.7142857142857142,107.03,243.83590983625822,Low Value
16648.0,2011-10-28 08:58:00,2011-10-28 08:58:00,1,281,14.789473684210526,1.2542105263157894,290.66,15.297894736842107,5.633301359817912,42,0,0.0,0.0,290.66,278.67465935407074,Low Value
16650.0,2011-09-29 09:51:00,2011-09-29 09:51:00,1,372,15.5,2.2529166666666667,518.42,21.60083333333333,16.879446188284387,71,0,0.0,0.0,518.42,522.1077565645586,Medium Value
16652.0,2011-03-11 13:13:00,2011-10-12 09:38:00,7,3283,27.822033898305083,3.9659322033898308,6773.97,57.406525423728816,34.00587795789696,58,214,30.571428571428573,0.9813084112149533,967.71,6825.8310406746,VIP
16653.0,2011-09-29 13:38:00,2011-11-23 14:51:00,2,733,10.623188405797102,3.3256521739130434,1212.66,17.574782608695653,6.817155394490746,15,55,27.5,1.090909090909091,606.33,1271.3599867676771,High Value
16654.0,2010-12-06 15:09:00,2011-07-21 15:23:00,4,282,9.724137931034482,4.256206896551724,601.27,20.733448275862067,9.092648630256228,140,227,56.75,0.5286343612334802,150.3175,629.7562656014661,Medium Value
16655.0,2011-01-12 10:16:00,2011-11-22 11:25:00,6,2367,9.068965517241379,2.5755172413793104,3794.52,14.538390804597702,19.46435872248181,17,314,52.333333333333336,0.5732484076433121,632.42,3785.6805021194077,VIP
16656.0,2010-12-10 11:23:00,2011-11-17 14:43:00,15,8894,121.83561643835617,2.2016438356164385,8625.8,118.16164383561643,106.30855755004573,21,342,22.8,1.3157894736842104,575.0533333333333,11552.773275518177,VIP
16657.0,2011-03-30 12:02:00,2011-11-30 11:48:00,4,1229,5.908653846153846,1.5751923076923076,933.62,4.488557692307692,5.06243557473538,9,244,61.0,0.49180327868852464,233.405,1085.2362198015876,High Value
16658.0,2010-12-06 13:47:00,2010-12-06 13:47:00,1,40,5.0,3.02125,123.24,15.405,23.994521398495472,367,0,0.0,0.0,123.24,108.22012872065704,Low Value
16659.0,2011-06-03 15:03:00,2011-06-03 15:03:00,1,72,36.0,0.62,39.12,19.56,1.1879393923933996,188,0,0.0,0.0,39.12,57.20684753968254,Low Value
16660.0,2011-01-24 12:44:00,2011-11-23 14:53:00,4,571,35.6875,2.499375,1267.65,79.228125,109.90782569764234,15,303,75.75,0.39603960396039606,316.9125,1146.1946094841273,High Value
16665.0,2010-12-12 14:03:00,2010-12-12 14:03:00,1,59,6.555555555555555,5.388888888888889,135.4,15.044444444444444,15.348848581498803,361,0,0.0,0.0,135.4,146.0339450982517,Low Value
16666.0,2011-11-20 14:01:00,2011-11-20 14:01:00,1,233,7.28125,0.7559375,118.98,3.718125,2.988363925564104,18,0,0.0,0.0,118.98,146.84818928571417,Low Value
16667.0,2011-02-28 12:57:00,2011-10-02 15:26:00,2,237,4.471698113207547,3.581509433962264,570.13,10.757169811320754,7.63186598247478,67,216,108.0,0.2777777777777778,285.065,561.6544500301933,Medium Value
16668.0,2011-02-28 12:46:00,2011-11-24 17:43:00,6,318,15.9,1.283,306.72,15.336000000000002,7.5943929454911885,14,269,44.833333333333336,0.6691449814126395,51.120000000000005,326.0135020748842,Medium Value
16669.0,2011-09-22 14:13:00,2011-11-16 12:26:00,3,888,5.55,2.7496875,1374.87,8.5929375,7.525886863209557,23,54,18.0,1.6666666666666665,458.28999999999996,1457.0622899439913,High Value
16670.0,2010-12-16 10:30:00,2011-11-23 09:34:00,11,2556,10.142857142857142,2.9523809523809526,4095.9,16.25357142857143,5.311087097593509,16,341,31.0,0.9677419354838709,372.3545454545455,4230.216549583334,VIP
16671.0,2011-06-28 11:20:00,2011-11-11 13:40:00,3,875,145.83333333333334,2.8033333333333332,1692.27,282.045,277.77587308835876,27,136,45.333333333333336,0.6617647058823529,564.09,1634.1697800396826,High Value
16672.0,2011-03-18 10:15:00,2011-12-07 16:29:00,20,2832,24.842105263157894,3.634912280701754,8134.9400000000005,71.35912280701754,44.584298151945816,1,264,13.2,2.2727272727272725,406.747,7890.601279563494,VIP
16674.0,2011-09-02 13:59:00,2011-10-16 11:31:00,2,188,1.9183673469387754,2.0144897959183674,319.61,3.261326530612245,3.137154675703586,54,43,21.5,1.3953488372093024,159.805,304.0480173611111,Low Value
16676.0,2011-01-06 13:00:00,2011-11-06 12:01:00,4,636,7.146067415730337,4.986741573033708,1592.12,17.888988764044942,9.595490897118836,33,303,75.75,0.39603960396039606,398.03,1575.8046452964525,High Value
16678.0,2011-03-02 09:24:00,2011-12-07 12:17:00,12,2397,14.705521472392638,1.8485276073619632,3109.99,19.07969325153374,13.017784483862355,2,280,23.333333333333332,1.2857142857142856,259.1658333333333,3171.233430595237,VIP
16679.0,2010-12-08 13:51:00,2010-12-08 13:51:00,1,29,9.666666666666666,6.916666666666667,129.75,43.25,50.891428551377885,365,0,0.0,0.0,129.75,120.57867388267523,Low Value
16680.0,2011-10-27 17:35:00,2011-10-27 17:35:00,1,94,9.4,3.03,183.7,18.369999999999997,3.5412019302930338,42,0,0.0,0.0,183.7,188.80186451620716,Low Value
16681.0,2011-03-31 13:46:00,2011-09-28 11:11:00,6,1407,31.977272727272727,1.9406818181818182,1770.3400000000001,40.23500000000001,26.484250387818253,72,180,30.0,1.0,295.0566666666667,1818.2180426984132,VIP
16682.0,2011-06-05 11:02:00,2011-12-05 12:13:00,5,1040,34.666666666666664,1.7696666666666665,1028.0,34.266666666666666,24.54310231540357,4,183,36.6,0.819672131147541,205.6,1185.0398432142856,High Value
16684.0,2010-12-16 17:34:00,2011-12-05 14:06:00,27,48701,180.3740740740741,2.3656296296296295,16525.23879999992,217.01392592592595,146.71964298388238,3,353,13.074074074074074,2.2946175637393766,1786.2049999999992,16376.578893999935,VIP
16685.0,2011-10-09 13:44:00,2011-10-09 13:58:00,2,396,6.387096774193548,2.2548387096774194,324.24,5.2296774193548385,4.210928781837952,60,0,0.0,0.0,162.12,410.68336059414037,Medium Value
16686.0,2010-12-19 14:41:00,2011-10-23 13:49:00,7,2030,3.47008547008547,2.7322051282051283,3062.83,5.235606837606838,5.292758203427884,46,307,43.857142857142854,0.6840390879478828,437.54714285714283,3195.680638498168,VIP
16688.0,2011-10-10 12:23:00,2011-12-08 15:24:00,4,804,12.96774193548387,2.7750000000000004,1260.8600000000001,20.33645161290323,10.57003452338209,0,59,14.75,2.0338983050847457,315.21500000000003,1313.5173021223218,High Value
16689.0,2011-09-18 13:29:00,2011-09-25 11:39:00,2,330,25.384615384615383,3.5399999999999996,422.6,32.50769230769231,18.422917862382782,75,6,3.0,10.0,211.3,480.0510052272728,Medium Value
16690.0,2011-05-22 10:53:00,2011-09-28 15:02:00,2,138,11.5,3.486666666666667,225.58,18.798333333333336,13.278520477094053,71,129,64.5,0.46511627906976744,112.79,240.85430667293224,Low Value
16692.0,2011-02-23 15:41:00,2011-03-28 14:46:00,2,2,1.0,79.25,158.5,79.25,100.05560953789647,255,32,16.0,1.875,79.25,235.34433099206345,Low Value
16693.0,2011-03-13 11:06:00,2011-10-02 11:10:00,2,204,3.4,4.349833333333334,482.01,8.0335,5.76612780947962,68,203,101.5,0.2955665024630542,241.005,515.6818027424238,Medium Value
16696.0,2011-04-05 15:20:00,2011-07-27 14:23:00,4,146,14.6,3.9300000000000006,657.9,65.78999999999999,60.473142799097175,134,112,28.0,1.0714285714285714,164.475,535.3163260714289,Medium Value
16697.0,2011-04-12 17:12:00,2011-04-12 17:12:00,1,27,1.2857142857142858,4.640476190476191,112.75,5.369047619047619,3.2293759532793715,240,0,0.0,0.0,112.75,113.0452681261732,Low Value
16698.0,2011-03-31 13:33:00,2011-04-27 10:52:00,2,840,168.0,2.37,1998.0,399.6,244.37021095051662,226,26,13.0,2.3076923076923075,999.0,1666.135574105339,VIP
16700.0,2010-12-08 16:34:00,2011-12-01 11:00:00,13,4024,13.064935064935066,2.037077922077922,5076.55,16.482305194805196,7.369215008935539,8,357,27.46153846153846,1.0924369747899159,390.50384615384615,5051.030335079366,VIP
16701.0,2010-12-13 11:51:00,2011-12-01 11:10:00,13,6393,44.395833333333336,2.1824999999999997,5398.3,37.488194444444446,29.59970035410554,8,352,27.076923076923077,1.1079545454545456,415.25384615384615,6961.221084896827,VIP
16705.0,2010-12-16 10:51:00,2011-12-09 12:08:00,20,5476,20.28148148148148,4.505185185185185,14034.99,51.98144444444444,40.37760931003165,0,358,17.9,1.675977653631285,701.7495,12886.263985016167,VIP
16706.0,2011-08-17 15:53:00,2011-11-02 13:50:00,3,249,2.024390243902439,2.8052032520325203,531.35,4.319918699186992,4.885485276487754,36,76,25.333333333333332,1.1842105263157896,177.11666666666667,513.9605918675524,Medium Value
16708.0,2011-10-25 12:20:00,2011-10-25 12:20:00,1,285,10.555555555555555,3.3644444444444446,656.63,24.31962962962963,18.10230382309676,45,0,0.0,0.0,656.63,637.0448439116034,Medium Value
16709.0,2011-03-03 10:55:00,2011-09-16 10:56:00,5,851,10.772151898734178,5.439240506329114,3029.87,38.35278481012658,28.271109741068905,84,197,39.4,0.7614213197969544,605.9739999999999,2332.4201445144727,VIP
16710.0,2010-12-06 13:13:00,2011-11-20 14:50:00,10,1836,4.567164179104478,2.356865671641791,2483.04,6.1767164179104475,5.476776739610649,18,349,34.9,0.8595988538681949,248.304,2897.657487721999,VIP
16711.0,2010-12-17 12:43:00,2011-12-06 16:32:00,5,833,37.86363636363637,3.4931818181818177,1651.03,75.04681818181818,67.3632701520971,2,354,70.8,0.423728813559322,330.206,1711.2950220327816,VIP
16712.0,2011-03-08 15:07:00,2011-11-30 13:48:00,11,1749,3.912751677852349,2.9700671140939594,3645.43,8.155324384787471,13.355495545784226,8,266,24.181818181818183,1.2406015037593985,331.40272727272725,3461.5419579365075,VIP
16713.0,2010-12-08 13:01:00,2011-11-21 12:36:00,15,4276,6.852564102564102,3.077740384615385,6923.13,11.094759615384616,13.813876729987994,18,347,23.133333333333333,1.2968299711815563,461.54200000000003,7121.995553560606,VIP
16714.0,2011-01-26 13:40:00,2011-05-05 11:09:00,3,610,6.559139784946237,3.536989247311828,1161.53,12.489569892473117,25.889524317341454,218,98,32.666666666666664,0.9183673469387755,387.1766666666667,1220.8606895588077,High Value
16715.0,2011-09-22 18:15:00,2011-09-22 18:15:00,1,642,33.78947368421053,0.4531578947368421,301.71999999999997,15.879999999999999,22.93674296358962,77,0,0.0,0.0,301.71999999999997,407.49125249639246,Medium Value
16716.0,2011-02-01 15:35:00,2011-03-18 10:03:00,2,120,60.0,7.300000000000001,901.2,450.6,401.3538090014844,266,44,22.0,1.3636363636363638,450.6,801.19366234127,High Value
16717.0,2010-12-08 16:48:00,2011-11-16 12:16:00,6,1866,9.376884422110553,3.5104020100502513,3858.38,19.38884422110553,10.539677326767555,23,342,57.0,0.5263157894736842,643.0633333333334,3770.971190003054,VIP
16718.0,2010-12-05 13:03:00,2010-12-05 13:03:00,1,413,9.177777777777777,2.336888888888889,623.75,13.86111111111111,10.542443269992496,368,0,0.0,0.0,623.75,575.8187696461171,Medium Value
16719.0,2010-12-06 12:06:00,2011-11-25 09:27:00,7,1204,5.990049751243781,3.86592039800995,1790.42,8.907562189054726,6.399968947374917,14,353,50.42857142857143,0.5949008498583569,255.77428571428572,2713.6388086255424,VIP
16720.0,2011-11-13 16:22:00,2011-11-13 16:22:00,1,182,6.7407407407407405,2.2966666666666664,155.24,5.74962962962963,5.269731770638135,25,0,0.0,0.0,155.24,196.23178327731677,Low Value
16721.0,2011-03-22 16:08:00,2011-03-22 16:08:00,1,172,4.648648648648648,2.363243243243243,292.47,7.904594594594595,5.760922280809344,261,0,0.0,0.0,292.47,261.01411114649846,Low Value
16722.0,2010-12-06 12:59:00,2011-11-22 13:28:00,13,5001,22.226666666666667,1.2201777777777778,4730.81,21.025822222222224,19.797546798883136,16,351,27.0,1.1111111111111112,363.90846153846155,4147.066970573593,VIP
16723.0,2011-08-24 11:31:00,2011-09-09 13:01:00,2,399,9.279069767441861,6.873953488372094,589.15,13.701162790697675,25.218080834922347,90,16,8.0,3.75,294.575,819.5735943650792,High Value
16725.0,2010-12-03 16:02:00,2011-02-10 16:52:00,7,294,1.9470198675496688,3.6432450331125827,781.02,5.172317880794702,4.88349566652258,301,69,9.857142857142858,3.0434782608695654,111.57428571428571,779.9261695103428,High Value
16726.0,2010-12-13 13:28:00,2011-11-13 14:53:00,5,977,5.281081081081081,2.1744324324324324,1382.02,7.470378378378379,6.620774072008005,25,335,67.0,0.44776119402985076,276.404,1434.7706483823692,High Value
16727.0,2010-12-10 13:48:00,2010-12-10 13:48:00,1,177,3.847826086956522,1.663695652173913,272.82,5.9308695652173915,4.537624354506298,363,0,0.0,0.0,272.82,245.24580506230836,Low Value
16728.0,2011-03-20 13:28:00,2011-10-24 14:36:00,4,677,2.516728624535316,2.304646840148699,1054.67,3.9207063197026026,4.916937360462674,45,218,54.5,0.5504587155963303,263.6675,1028.4775217424246,High Value
16729.0,2011-04-12 14:22:00,2011-11-01 14:29:00,21,5783,8.762121212121212,2.134439393939394,7239.92,10.969575757575758,8.942247791852084,37,203,9.666666666666666,3.103448275862069,344.7580952380952,7579.337843817464,VIP
16730.0,2011-01-24 14:01:00,2011-10-18 14:11:00,3,994,12.121951219512194,1.4010975609756098,743.11,9.062317073170732,7.774700391000826,51,267,89.0,0.33707865168539325,247.70333333333335,802.7372579365084,High Value
16732.0,2011-11-08 09:54:00,2011-11-08 09:54:00,1,317,11.321428571428571,3.3810714285714285,603.75,21.5625,12.499331426564826,31,0,0.0,0.0,603.75,609.5881209675863,Medium Value
16734.0,2011-08-17 15:00:00,2011-10-18 13:44:00,3,346,6.528301886792453,3.5356603773584903,650.51,12.27377358490566,10.885560341468434,51,61,20.333333333333332,1.4754098360655739,216.83666666666667,690.4842932285834,High Value
16735.0,2011-01-09 12:53:00,2011-09-22 11:49:00,5,1573,12.584,2.52744,2300.56,18.40448,11.579504589659072,78,255,51.0,0.5882352941176471,460.11199999999997,2341.149894752887,VIP
16737.0,2011-10-17 13:03:00,2011-10-17 13:03:00,1,288,288.0,1.45,417.6,417.6,0.0,52,0,0.0,0.0,417.6,401.6678132205294,Medium Value
16738.0,2011-02-15 09:46:00,2011-02-15 09:46:00,1,3,3.0,1.25,3.75,3.75,0.0,297,0,0.0,0.0,3.75,12.635453571428563,Low Value
16739.0,2011-06-16 09:17:00,2011-06-16 09:17:00,1,172,13.23076923076923,2.9038461538461537,323.0,24.846153846153847,11.821792403904986,176,0,0.0,0.0,323.0,334.1104500483193,Medium Value
16742.0,2011-10-24 12:02:00,2011-10-24 12:02:00,1,1,1.0,464.9,464.9,464.9,0.0,46,0,0.0,0.0,464.9,594.8279476839828,Medium Value
16743.0,2010-12-16 12:15:00,2011-11-10 13:13:00,7,2047,10.717277486910994,1.4706282722513089,2238.09,11.717748691099477,9.21462017149554,28,329,47.0,0.6382978723404256,319.7271428571429,2104.9720078174614,VIP
16744.0,2011-06-19 15:13:00,2011-11-28 13:06:00,7,805,3.3264462809917354,2.498595041322314,1304.76,5.391570247933884,6.1315631289059125,10,161,23.0,1.3043478260869565,186.3942857142857,1350.6653978667828,High Value
16745.0,2011-02-01 11:31:00,2011-09-14 11:58:00,17,6735,18.865546218487395,1.922408963585434,7194.3,20.152100840336136,21.74888733589268,86,225,13.235294117647058,2.2666666666666666,423.1941176470588,7520.0562157380955,VIP
16746.0,2010-12-16 11:43:00,2011-12-05 12:33:00,18,4665,10.389755011135858,2.782026726057907,6697.66,14.91683741648107,12.595516945270525,4,354,19.666666666666668,1.5254237288135593,372.09222222222223,6903.862166190477,VIP
16747.0,2011-10-03 10:18:00,2011-11-02 11:37:00,2,583,13.880952380952381,2.828095238095238,836.0600000000001,19.906190476190478,9.894460128330731,37,30,15.0,2.0,418.03000000000003,838.3583493262295,High Value
16748.0,2011-01-09 13:50:00,2011-11-22 10:17:00,5,880,12.753623188405797,1.7210144927536233,1515.9,21.969565217391306,9.800124614271136,17,316,63.2,0.4746835443037975,303.18,1197.6793512121212,High Value
16750.0,2011-04-21 16:53:00,2011-10-26 12:48:00,5,214,2.2526315789473683,3.8141052631578947,623.93,6.567684210526315,8.250087743264102,44,187,37.4,0.8021390374331551,124.78599999999999,612.0612673104117,Medium Value
16751.0,2011-11-09 10:48:00,2011-11-09 10:48:00,1,815,33.958333333333336,1.28125,846.72,35.28,51.63427105930796,30,0,0.0,0.0,846.72,881.0684592857148,High Value
16752.0,2010-12-02 12:18:00,2010-12-02 12:18:00,1,54,6.0,13.594444444444443,207.5,23.055555555555557,21.528984016385394,368,0,0.0,0.0,207.5,233.59145793956046,Low Value
16753.0,2011-10-12 13:14:00,2011-10-12 13:14:00,1,189,5.5588235294117645,2.1223529411764703,223.92000000000002,6.5858823529411765,9.676220498585948,57,0,0.0,0.0,223.92000000000002,246.31923384616348,Low Value
16754.0,2010-12-02 17:38:00,2010-12-02 17:38:00,1,2880,2880.0,0.18,518.4,518.4,0.0,368,0,0.0,0.0,518.4,1510.167926547619,High Value
16755.0,2011-01-28 10:47:00,2011-08-17 13:21:00,3,1064,6.258823529411765,2.7503529411764704,1496.83,8.804882352941176,8.162620550192953,113,201,67.0,0.44776119402985076,498.9433333333333,1654.0985118528688,VIP
16756.0,2011-05-09 09:33:00,2011-05-09 09:33:00,1,106,8.153846153846153,3.6584615384615384,239.4,18.415384615384617,4.898594382379186,214,0,0.0,0.0,239.4,248.8296429946677,Low Value
16757.0,2011-01-25 11:59:00,2011-01-25 11:59:00,1,81,11.571428571428571,1.3628571428571428,106.83000000000001,15.261428571428572,12.399242488382681,318,0,0.0,0.0,106.83000000000001,105.35095993939395,Low Value
16758.0,2011-10-05 14:47:00,2011-10-05 14:47:00,1,203,9.227272727272727,4.041363636363636,369.34000000000003,16.78818181818182,15.482706062345398,64,0,0.0,0.0,369.34000000000003,381.64084677309415,Medium Value
16759.0,2011-11-09 09:06:00,2011-12-02 12:42:00,3,609,14.5,2.9404761904761907,789.79,18.804523809523808,7.934746127581863,7,23,7.666666666666667,3.913043478260869,263.2633333333333,862.2781907075733,High Value
16761.0,2011-09-04 11:15:00,2011-09-04 11:15:00,1,341,26.23076923076923,1.196923076923077,316.62,24.355384615384615,15.18204675232373,96,0,0.0,0.0,316.62,303.5270608802308,Low Value
16762.0,2011-07-18 12:52:00,2011-11-20 11:43:00,3,618,6.943820224719101,3.2635955056179773,1501.38,16.869438202247192,11.482716494361759,19,124,41.333333333333336,0.7258064516129031,500.46000000000004,1350.913043965561,High Value
16763.0,2011-05-25 11:52:00,2011-05-25 11:52:00,1,319,13.869565217391305,4.6673913043478255,611.8499999999999,26.602173913043476,25.65242979037653,198,0,0.0,0.0,611.8499999999999,577.2405106752458,Medium Value
16764.0,2011-07-19 17:17:00,2011-12-06 11:41:00,13,1259,1.7832861189801699,2.3620679886685556,2799.25,3.9649433427762037,3.921023467443977,3,139,10.692307692307692,2.805755395683453,215.32692307692307,1931.922712916667,VIP
16765.0,2011-02-18 15:41:00,2011-02-18 15:41:00,1,4,4.0,8.5,34.0,34.0,0.0,293,0,0.0,0.0,34.0,40.541180284992805,Low Value
16766.0,2011-03-11 13:34:00,2011-03-11 15:22:00,2,536,15.764705882352942,2.835294117647059,1145.6,33.69411764705882,9.115253322714345,272,0,0.0,0.0,572.8,924.386047102897,High Value
16767.0,2011-01-27 13:38:00,2011-11-09 09:42:00,11,4435,19.97747747747748,1.6122972972972973,5580.6,25.13783783783784,25.994782278587003,30,285,25.90909090909091,1.1578947368421053,507.32727272727277,4233.868377976189,VIP
16768.0,2011-03-13 10:25:00,2011-10-23 10:38:00,3,196,3.6296296296296298,4.027962962962963,478.09000000000003,8.85351851851852,10.533725739380193,47,224,74.66666666666667,0.4017857142857143,159.36333333333334,566.266195625513,Medium Value
16769.0,2011-03-24 13:41:00,2011-03-24 13:41:00,1,83,2.075,4.69375,380.39,9.50975,7.265441729560633,259,0,0.0,0.0,380.39,326.262653380306,Medium Value
16770.0,2010-12-02 15:49:00,2011-10-13 12:21:00,5,464,3.2,2.2877241379310345,770.1,5.311034482758621,6.558420025278144,57,314,62.8,0.47770700636942676,154.02,792.0203896031749,High Value
16771.0,2011-01-05 13:57:00,2011-11-06 13:28:00,5,1489,5.8392156862745095,2.856039215686274,2246.81,8.811019607843138,6.102763842339147,32,304,60.8,0.493421052631579,449.36199999999997,2453.4677227056277,VIP
16773.0,2011-10-13 14:37:00,2011-10-13 14:37:00,1,171,6.576923076923077,2.77,171.59,6.599615384615385,5.928234462818913,56,0,0.0,0.0,171.59,279.0230593654396,Low Value
16774.0,2011-06-14 12:45:00,2011-10-03 12:41:00,4,322,6.708333333333333,2.4722916666666666,661.52,13.781666666666666,13.266060733159883,67,110,27.5,1.090909090909091,165.38,607.2835481546051,Medium Value
16775.0,2010-12-07 15:15:00,2011-11-29 15:22:00,11,440,2.7848101265822787,4.644873417721519,1695.66,10.732025316455697,10.105454020849725,9,357,32.45454545454545,0.9243697478991596,154.1509090909091,1696.911251168831,VIP
16776.0,2011-10-10 13:04:00,2011-10-10 13:04:00,1,262,3.4473684210526314,1.9368421052631577,388.28,5.1089473684210525,6.127271405543659,59,0,0.0,0.0,388.28,380.63891887072924,Medium Value
16777.0,2011-03-27 14:34:00,2011-09-20 13:41:00,2,64,1.28,3.6038,226.35,4.527,3.9800631981445336,79,176,88.0,0.34090909090909094,113.175,198.57964038995982,Low Value
16778.0,2011-03-10 15:21:00,2011-09-26 13:48:00,2,194,12.125,2.365,245.94,15.37125,5.219169633827461,73,199,99.5,0.3015075376884422,122.97,294.0850646786869,Low Value
16779.0,2010-12-08 09:56:00,2011-12-07 14:54:00,22,5325,15.99099099099099,2.3734234234234233,10629.72,31.92108108108108,34.43051103881567,1,364,16.545454545454547,1.8131868131868132,483.16909090909087,9846.040165775612,VIP
16780.0,2011-03-25 17:34:00,2011-08-31 16:09:00,2,271,4.516666666666667,2.5930000000000004,425.19,7.0865,5.378104330192999,99,158,79.0,0.379746835443038,212.595,449.37402154068167,Medium Value
16781.0,2010-12-02 14:26:00,2010-12-02 14:26:00,1,113,6.647058823529412,5.008823529411765,311.25,18.308823529411764,5.514051235653488,368,0,0.0,0.0,311.25,331.7470336551734,Medium Value
16782.0,2010-12-09 11:28:00,2011-11-29 13:20:00,13,712,3.7473684210526317,3.6426315789473684,2279.9,11.999473684210527,11.227203863822595,9,355,27.307692307692307,1.0985915492957745,175.37692307692308,2135.4198900901865,VIP
16784.0,2011-11-20 12:20:00,2011-11-20 12:20:00,1,24,8.0,4.483333333333333,107.6,35.86666666666667,10.161364737737413,19,0,0.0,0.0,107.6,107.8600963920815,Low Value
16788.0,2011-03-30 13:05:00,2011-08-08 14:53:00,2,311,2.0064516129032257,2.313870967741935,597.48,3.854709677419355,4.01064092906841,122,131,65.5,0.45801526717557256,298.74,574.7553256627914,Medium Value
16789.0,2011-12-01 15:12:00,2011-12-01 15:12:00,1,32,6.4,2.8899999999999997,80.80000000000001,16.160000000000004,2.9904849105120066,7,0,0.0,0.0,80.80000000000001,77.40849261556922,Low Value
16790.0,2011-11-02 11:23:00,2011-12-06 11:53:00,6,898,9.655913978494624,2.3633333333333333,1545.6200000000001,16.61956989247312,4.910496945094187,3,34,5.666666666666667,5.294117647058823,257.60333333333335,1533.4808483170023,High Value
16791.0,2011-01-11 15:42:00,2011-11-10 19:12:00,7,763,2.384375,2.92228125,1721.78,5.3805625,4.745019067632328,28,303,43.285714285714285,0.6930693069306931,245.96857142857144,1524.1538052686208,High Value
16792.0,2011-03-02 14:39:00,2011-03-02 14:41:00,2,44,3.6666666666666665,4.001666666666666,110.38,9.198333333333332,6.777813851535066,281,0,0.0,0.0,55.19,126.9485962042341,Low Value
16793.0,2011-10-13 15:08:00,2011-10-13 15:08:00,1,146,9.125,2.426875,243.84,15.24,5.501602190877369,56,0,0.0,0.0,243.84,252.12785221313877,Low Value
16794.0,2011-06-12 14:15:00,2011-12-08 17:54:00,10,937,3.287719298245614,1.771719298245614,1222.71,4.290210526315789,3.7424803420261528,0,179,17.9,1.675977653631285,122.271,1206.260625598846,High Value
16795.0,2010-12-09 14:08:00,2010-12-09 14:08:00,1,239,3.621212121212121,2.2053030303030305,414.88,6.286060606060606,5.551657515148171,364,0,0.0,0.0,414.88,391.49107890562533,Medium Value
16796.0,2011-09-11 14:01:00,2011-09-11 14:01:00,1,186,10.333333333333334,1.7455555555555555,305.62,16.97888888888889,9.269285072303797,88,0,0.0,0.0,305.62,286.40706622831414,Low Value
16800.0,2011-11-28 14:06:00,2011-11-28 14:06:00,1,540,3.292682926829268,3.6933536585365854,1201.49,7.326158536585366,5.593083963263088,10,0,0.0,0.0,1201.49,1200.3579948635515,High Value
16801.0,2011-03-11 13:56:00,2011-06-29 15:33:00,4,499,6.565789473684211,5.979210526315789,1619.73,21.312236842105264,12.930496520364478,162,110,27.5,1.090909090909091,404.9325,1340.9615213387633,High Value
16803.0,2011-10-05 14:28:00,2011-10-05 14:28:00,1,245,10.208333333333334,2.1033333333333335,332.3,13.845833333333333,4.360204339713676,64,0,0.0,0.0,332.3,326.0434535889006,Medium Value
16804.0,2011-03-14 15:48:00,2011-11-16 16:43:00,3,246,4.1,3.2141666666666664,536.99,8.949833333333334,8.570780177621367,22,247,82.33333333333333,0.3643724696356276,178.99666666666667,554.5479404428456,Medium Value
16805.0,2010-12-14 13:35:00,2011-06-19 11:23:00,2,539,5.5,1.7842857142857145,460.59000000000003,4.699897959183674,4.420997343954589,173,186,93.0,0.3225806451612903,230.29500000000002,551.802313599456,Medium Value
16806.0,2011-04-14 19:59:00,2011-08-28 15:27:00,4,378,3.6699029126213594,2.8590291262135925,801.49,7.781456310679611,7.564062012759843,102,135,33.75,0.8888888888888888,200.3725,784.8818280137513,High Value
16807.0,2011-03-14 09:46:00,2011-07-20 12:00:00,3,778,11.611940298507463,2.5701492537313433,1121.59,16.740149253731342,6.428016917567759,142,128,42.666666666666664,0.703125,373.8633333333333,1154.1484658824506,High Value
16808.0,2011-03-10 19:05:00,2011-09-01 19:34:00,2,196,8.521739130434783,2.332173913043478,288.42,12.540000000000001,13.777480967803287,98,175,87.5,0.34285714285714286,144.21,331.6219951390913,Medium Value
16809.0,2011-03-22 15:20:00,2011-11-16 15:45:00,5,652,4.375838926174497,1.5418120805369127,914.69,6.138859060402685,5.003362049419308,22,239,47.8,0.6276150627615062,182.93800000000002,874.8397921031747,High Value
16810.0,2011-05-31 15:32:00,2011-05-31 15:32:00,1,114,7.6,3.5353333333333334,309.54,20.636000000000003,12.244121504974192,191,0,0.0,0.0,309.54,295.3111708123727,Low Value
16811.0,2011-11-22 17:19:00,2011-12-05 11:39:00,2,477,17.035714285714285,2.3685714285714283,547.07,19.538214285714286,7.48846473588072,4,12,6.0,5.0,273.535,572.6225194749135,Medium Value
16812.0,2010-12-14 12:35:00,2010-12-14 12:35:00,1,81,5.4,5.533333333333333,479.35,31.956666666666667,32.94393433583502,360,0,0.0,0.0,479.35,426.88370619047623,Medium Value
16813.0,2011-05-19 13:28:00,2011-12-01 14:03:00,10,1525,3.3964365256124722,1.750445434298441,1692.98,3.7705567928730512,3.9850160648991078,7,196,19.6,1.530612244897959,169.298,1968.7245053066365,VIP
16814.0,2010-12-05 11:45:00,2011-11-25 13:27:00,21,2769,8.546296296296296,3.2728703703703705,6509.1,20.089814814814815,20.649016842455904,13,355,16.904761904761905,1.7746478873239435,309.95714285714286,6720.190828214284,VIP
16816.0,2010-12-16 17:01:00,2011-08-28 14:16:00,4,274,9.785714285714286,2.2528571428571427,417.06,14.895,4.981727723502271,102,254,63.5,0.47244094488188976,104.265,435.276784806256,Medium Value
16817.0,2010-12-06 14:19:00,2011-12-07 11:03:00,9,822,9.55813953488372,3.5644186046511632,1604.75,18.65988372093023,11.508894615923712,2,365,40.55555555555556,0.7397260273972603,178.30555555555554,1693.5594913924965,VIP
16818.0,2011-05-18 11:42:00,2011-11-29 10:41:00,11,2164,11.51063829787234,2.5258510638297875,3349.57,17.81686170212766,8.481907655598334,10,194,17.636363636363637,1.7010309278350515,304.50636363636363,3384.020809404761,VIP
16820.0,2011-09-05 12:06:00,2011-09-05 12:06:00,1,307,11.807692307692308,3.7388461538461537,497.61,19.138846153846153,7.655362213206153,95,0,0.0,0.0,497.61,560.0221007966875,Medium Value
16823.0,2011-04-26 15:00:00,2011-04-26 15:00:00,1,136,3.5789473684210527,3.273157894736842,358.38,9.431052631578947,7.728474129835296,226,0,0.0,0.0,358.38,279.96258664685666,Low Value
16824.0,2011-06-28 13:36:00,2011-11-24 12:38:00,2,236,9.076923076923077,3.383076923076923,460.64,17.716923076923077,7.160926068173456,15,148,74.0,0.4054054054054054,230.32,454.314971242497,Medium Value
16825.0,2011-06-07 09:44:00,2011-11-01 11:51:00,2,566,20.214285714285715,3.3082142857142856,775.18,27.685,22.41156951550132,38,147,73.5,0.4081632653061224,387.59,894.1578913492064,High Value
16826.0,2011-10-19 14:05:00,2011-10-19 14:05:00,1,158,7.181818181818182,3.985,341.7,15.531818181818181,4.447351953009723,50,0,0.0,0.0,341.7,345.7079724237916,Medium Value
16828.0,2011-08-19 13:24:00,2011-09-07 15:10:00,2,59,7.375,3.75,128.5,16.0625,4.369680439443731,92,19,9.5,3.1578947368421053,64.25,146.21116059272913,Low Value
16829.0,2011-07-06 10:48:00,2011-07-06 10:48:00,1,99,9.0,3.019090909090909,197.22,17.92909090909091,8.409287073879042,156,0,0.0,0.0,197.22,197.7239610617432,Low Value
16830.0,2011-11-01 11:35:00,2011-11-01 11:35:00,1,264,11.478260869565217,2.13,325.91,14.170000000000002,3.9468779376293677,38,0,0.0,0.0,325.91,338.9653557684694,Medium Value
16832.0,2011-05-06 14:12:00,2011-06-08 15:36:00,3,33,2.75,8.083333333333334,199.15,16.595833333333335,15.434001106372746,183,33,11.0,2.727272727272727,66.38333333333334,187.2727739167893,Low Value
16833.0,2011-01-09 13:02:00,2011-12-08 14:39:00,4,440,9.361702127659575,3.1982978723404254,1106.53,23.5431914893617,15.743837870650129,0,333,83.25,0.3603603603603604,276.6325,1030.4457578304093,High Value
16834.0,2011-04-26 09:37:00,2011-04-26 09:37:00,1,358,14.916666666666666,1.5062499999999999,413.46,17.2275,6.10750589527915,227,0,0.0,0.0,413.46,405.3343831024532,Medium Value
16835.0,2010-12-01 17:15:00,2011-08-03 13:50:00,2,61,6.1,4.297,180.85,18.085,3.396898094831027,127,244,122.0,0.24590163934426232,90.425,183.44461883659088,Low Value
16836.0,2011-08-15 12:38:00,2011-10-31 10:05:00,2,165,15.0,2.174545454545455,251.87,22.89727272727273,18.029640091199322,39,76,38.0,0.7894736842105263,125.935,260.45151047619066,Low Value
16837.0,2011-04-08 08:48:00,2011-11-08 14:27:00,11,1563,9.472727272727273,4.203090909090909,3170.98,19.218060606060607,16.5472184272533,30,214,19.454545454545453,1.542056074766355,288.2709090909091,3437.6443653095234,VIP
16838.0,2011-02-24 15:01:00,2011-05-26 13:13:00,2,185,7.4,11.256799999999998,588.85,23.554000000000002,30.357400113755897,196,90,45.0,0.6666666666666666,294.425,558.3055129960318,Medium Value
16839.0,2010-12-05 11:15:00,2011-12-01 09:03:00,30,8975,33.7406015037594,2.9833082706766914,16525.23879999992,62.38477443609022,58.43263511882774,8,360,10.588235294117647,2.8333333333333335,488.06911764705876,15022.3519896118,VIP
16841.0,2011-02-25 12:40:00,2011-11-03 11:51:00,6,2250,19.396551724137932,1.2737931034482757,1869.82,16.119137931034484,14.335251143155157,36,250,41.666666666666664,0.72,311.63666666666666,1856.773411984127,VIP
16842.0,2011-02-10 14:51:00,2011-08-31 10:42:00,3,693,11.0,3.161111111111111,1264.19,20.066507936507936,10.432182396042109,100,201,67.0,0.44776119402985076,421.3966666666667,1233.8980648834504,High Value
16843.0,2011-01-16 16:10:00,2011-10-28 09:06:00,16,10159,26.875661375661377,1.8746825396825397,10196.57,26.97505291005291,18.373502461500458,42,284,17.75,1.6901408450704225,637.285625,10599.052505970561,VIP
16846.0,2011-10-20 13:55:00,2011-10-20 13:55:00,1,135,12.272727272727273,2.661818181818182,214.32,19.483636363636364,6.749298145329294,49,0,0.0,0.0,214.32,207.422826664989,Low Value
16847.0,2011-10-27 13:29:00,2011-10-27 13:29:00,1,78,6.5,3.3074999999999997,193.44,16.12,3.6378415178634307,42,0,0.0,0.0,193.44,190.19063594052426,Low Value
16848.0,2011-10-18 08:42:00,2011-10-18 08:42:00,1,182,13.0,1.7100000000000002,281.42,20.101428571428574,9.800368797725348,52,0,0.0,0.0,281.42,267.25286825414776,Low Value
16849.0,2011-06-06 09:16:00,2011-06-06 09:16:00,1,33,4.125,5.1049999999999995,124.57,15.57125,3.1688728843459235,186,0,0.0,0.0,124.57,128.78522062288926,Low Value
16850.0,2011-01-10 11:09:00,2011-01-10 11:09:00,1,249,13.105263157894736,2.1210526315789475,332.41,17.495263157894737,5.999257702620895,333,0,0.0,0.0,332.41,331.0012433470641,Medium Value
16851.0,2011-10-19 09:48:00,2011-12-05 13:32:00,3,271,13.55,1.9634999999999998,342.45,17.1225,8.670908939788566,3,47,15.666666666666666,1.9148936170212767,114.14999999999999,354.74134583048186,Medium Value
16852.0,2011-06-16 15:49:00,2011-11-29 13:22:00,2,56,6.222222222222222,8.315555555555555,144.91,16.10111111111111,10.186382385867473,9,165,82.5,0.36363636363636365,72.455,175.40654624604718,Low Value
16855.0,2011-10-27 16:31:00,2011-11-16 12:03:00,2,164,8.631578947368421,3.7394736842105263,328.40000000000003,17.284210526315793,4.943347174390011,23,19,9.5,3.1578947368421053,164.20000000000002,333.8995120121397,Medium Value
16856.0,2011-11-25 08:59:00,2011-11-25 08:59:00,1,12,6.0,2.95,35.400000000000006,17.700000000000003,0.0,14,0,0.0,0.0,35.400000000000006,32.07338091991342,Low Value
16858.0,2010-12-06 09:52:00,2010-12-06 09:52:00,1,91,9.1,5.349,375.69000000000005,37.569,21.05358900520289,368,0,0.0,0.0,375.69000000000005,369.3643789149479,Medium Value
16859.0,2011-03-23 13:39:00,2011-07-18 12:19:00,2,827,15.903846153846153,2.820576923076923,747.81,14.380961538461538,6.299761981067185,144,116,58.0,0.5172413793103449,373.905,1038.8177608369406,High Value
16861.0,2011-07-04 15:38:00,2011-10-11 09:05:00,2,140,23.333333333333332,1.8950000000000002,173.76,28.959999999999997,9.24441452986613,59,98,49.0,0.6122448979591837,86.88,187.95325532163744,Low Value
16863.0,2010-12-08 08:58:00,2011-11-08 15:26:00,2,409,15.73076923076923,1.68,502.8,19.338461538461537,10.279230590781664,30,335,167.5,0.17910447761194032,251.4,544.7614263484882,Medium Value
16866.0,2011-07-01 12:34:00,2011-07-22 10:06:00,3,60,5.454545454545454,3.808181818181818,207.74,18.885454545454547,18.94801116932137,140,20,6.666666666666667,4.5,69.24666666666667,185.43974299485043,Low Value
16869.0,2011-06-17 13:01:00,2011-11-17 12:02:00,4,585,4.5703125,2.29875,825.4200000000001,6.448593750000001,6.203322291781127,22,152,38.0,0.7894736842105263,206.35500000000002,860.487226699885,High Value
16871.0,2011-03-14 10:31:00,2011-11-17 19:27:00,6,1253,9.145985401459853,3.4572992700729923,2812.34,20.528029197080293,12.538281489304012,21,248,41.333333333333336,0.7258064516129031,468.72333333333336,2641.689895056637,VIP
16872.0,2011-06-08 14:32:00,2011-09-23 16:05:00,3,600,85.71428571428571,9.68142857142857,680.02,97.14571428571428,62.36540971220689,76,107,35.666666666666664,0.8411214953271028,226.67333333333332,1780.695522817461,VIP
16873.0,2010-12-10 15:45:00,2011-12-05 12:05:00,6,3840,13.763440860215054,3.503727598566308,7123.62,25.53268817204301,23.42395676783507,4,359,59.833333333333336,0.5013927576601671,1187.27,8255.763748134921,VIP
16875.0,2011-01-04 10:37:00,2011-10-03 13:39:00,5,1069,9.544642857142858,3.585267857142857,2095.53,18.710089285714286,7.854192602260125,66,272,54.4,0.5514705882352942,419.10600000000005,2197.959434110334,VIP
16877.0,2011-05-15 16:13:00,2011-11-27 13:47:00,6,463,2.911949685534591,2.525786163522013,853.72,5.369308176100629,5.739311267229538,11,195,32.5,0.9230769230769231,142.28666666666666,863.4039107936509,High Value
16878.0,2011-09-16 17:39:00,2011-09-16 17:39:00,1,12,4.0,1.5833333333333333,13.3,4.433333333333334,4.435744958102679,83,0,0.0,0.0,13.3,19.619028145743137,Low Value
16880.0,2011-06-03 16:45:00,2011-11-09 11:33:00,7,753,4.230337078651686,3.7406179775280903,1519.08,8.534157303370787,7.88782159482826,30,158,22.571428571428573,1.3291139240506329,217.01142857142855,1705.597920263348,VIP
16881.0,2011-10-04 10:33:00,2011-10-04 10:33:00,1,600,600.0,0.72,432.0,432.0,0.0,66,0,0.0,0.0,432.0,435.92706349206355,Medium Value
16882.0,2011-01-26 17:43:00,2011-10-04 10:42:00,3,424,10.871794871794872,2.767179487179487,705.12,18.080000000000002,18.97854300879923,66,250,83.33333333333333,0.36,235.04,729.1833016491411,High Value
16883.0,2010-12-03 10:33:00,2011-06-05 12:51:00,2,104,2.736842105263158,3.683947368421053,276.73,7.282368421052632,5.859729923769215,186,184,92.0,0.32608695652173914,138.365,276.0890020158808,Low Value
16884.0,2011-11-02 10:16:00,2011-11-02 11:52:00,2,320,12.307692307692308,1.9965384615384614,429.84,16.53230769230769,7.139338517085353,37,0,0.0,0.0,214.92,437.3914585306985,Medium Value
16885.0,2010-12-17 17:23:00,2011-11-24 13:40:00,3,184,1.8217821782178218,3.452673267326733,471.51,4.668415841584158,4.025666586460748,14,341,113.66666666666667,0.26392961876832843,157.17,452.29624009573774,Medium Value
16887.0,2011-11-04 14:07:00,2011-11-04 14:07:00,1,157,4.243243243243243,1.9683783783783784,194.88,5.2670270270270265,6.629006069651126,34,0,0.0,0.0,194.88,199.8543566139102,Low Value
16889.0,2011-01-07 10:47:00,2011-05-29 11:05:00,3,925,6.851851851851852,3.099037037037037,1578.67,11.693851851851852,7.270906242679012,194,142,47.333333333333336,0.6338028169014085,526.2233333333334,1630.3287169305697,High Value
16891.0,2010-12-03 11:35:00,2011-12-08 11:15:00,5,283,1.3940886699507389,3.1253201970443354,809.7,3.9886699507389163,3.3738498890283384,1,369,73.8,0.4065040650406504,161.94,768.2295848412697,High Value
16892.0,2011-06-09 11:35:00,2011-12-08 13:18:00,5,239,2.414141414141414,3.2438383838383835,525.54,5.308484848484848,5.114354022615725,0,182,36.4,0.8241758241758242,105.10799999999999,530.735522724914,Medium Value
16893.0,2010-12-08 12:06:00,2010-12-08 12:06:00,1,62,1.3777777777777778,2.5971111111111114,145.93,3.242888888888889,2.5058165265331107,366,0,0.0,0.0,145.93,147.0647546186213,Low Value
16895.0,2011-10-06 12:15:00,2011-10-06 12:15:00,1,102,1.4782608695652173,2.430869565217391,219.14,3.175942028985507,2.689001191586691,64,0,0.0,0.0,219.14,196.86009061336284,Low Value
16897.0,2011-01-30 11:52:00,2011-02-13 15:02:00,2,73,1.972972972972973,5.09972972972973,289.78,7.831891891891891,4.507397523231385,298,14,7.0,4.285714285714286,144.89,277.8325802191708,Low Value
16898.0,2010-12-06 12:23:00,2011-11-13 15:44:00,3,419,2.5864197530864197,2.055740740740741,508.81,3.1408024691358025,3.7540044008344675,25,342,114.0,0.2631578947368421,169.60333333333332,649.345852986919,Medium Value
16899.0,2010-12-14 13:11:00,2011-12-02 12:03:00,6,522,4.176,3.38856,1281.56,10.25248,9.451182436349502,7,352,58.666666666666664,0.5113636363636364,213.59333333333333,1270.8581417676774,High Value
16900.0,2011-10-07 13:17:00,2011-11-23 10:32:00,3,833,10.544303797468354,2.1250632911392406,887.11,11.229240506329115,7.27782190792454,16,46,15.333333333333334,1.9565217391304346,295.7033333333333,1140.3425428781516,High Value
16902.0,2011-08-15 14:17:00,2011-08-15 14:17:00,1,629,14.295454545454545,3.8652272727272727,1706.88,38.79272727272728,40.91703309185758,115,0,0.0,0.0,1706.88,1585.6960379120878,High Value
16903.0,2011-11-10 15:32:00,2011-11-10 15:32:00,1,262,4.366666666666666,2.3445000000000005,373.24,6.220666666666667,5.7386125609152066,28,0,0.0,0.0,373.24,389.63038449422316,Medium Value
16904.0,2010-12-07 13:29:00,2011-12-05 13:10:00,16,2034,2.8647887323943664,2.7468450704225353,3754.27,5.287704225352113,6.990997571820948,3,362,22.625,1.3259668508287292,234.641875,3751.006125,VIP
16905.0,2010-12-03 10:43:00,2011-12-04 14:01:00,7,1408,6.769230769230769,3.5751442307692307,3102.43,14.915528846153846,16.504570987671464,4,366,52.285714285714285,0.5737704918032788,443.2042857142857,2916.977530452381,VIP
16906.0,2011-04-05 12:30:00,2011-09-19 11:49:00,4,281,3.021505376344086,3.269462365591398,579.77,6.234086021505376,11.269135246766325,81,166,41.5,0.7228915662650602,144.9425,651.8608076848932,Medium Value
16907.0,2010-12-09 16:52:00,2011-11-10 18:04:00,5,298,1.9735099337748345,3.786622516556291,981.65,6.500993377483444,10.01184636684409,28,336,67.2,0.44642857142857145,196.32999999999998,877.3710992307692,High Value
16909.0,2011-09-28 16:45:00,2011-09-28 16:45:00,1,436,24.22222222222222,3.238888888888889,379.14,21.063333333333333,16.130471347184894,71,0,0.0,0.0,379.14,511.4923468253968,Medium Value
16910.0,2011-09-09 14:14:00,2011-12-05 12:51:00,8,886,1.6197440585009142,2.173400365630713,1510.06,2.7606215722120657,2.6427176837107527,3,86,10.75,2.7906976744186047,188.7575,1503.404546457905,High Value
16912.0,2011-01-20 15:42:00,2011-11-11 12:18:00,11,1029,10.188118811881187,4.062871287128713,2575.38,25.49881188118812,14.826310281869107,28,294,26.727272727272727,1.1224489795918366,234.12545454545455,2583.8064769752473,VIP
16913.0,2011-02-22 12:56:00,2011-02-22 12:56:00,1,82,10.25,2.07125,113.44,14.18,22.61163227822605,289,0,0.0,0.0,113.44,128.27219597544388,Low Value
16914.0,2011-11-03 15:27:00,2011-11-03 15:27:00,1,121,3.1842105263157894,2.649736842105263,208.46,5.4857894736842105,9.197461057293298,35,0,0.0,0.0,208.46,227.99518101462155,Low Value
16915.0,2011-03-01 09:52:00,2011-11-30 16:39:00,6,132,2.3157894736842106,5.300175438596492,621.6800000000001,10.906666666666668,20.2710186625894,8,274,45.666666666666664,0.6569343065693432,103.61333333333334,520.4805503066382,Medium Value
16916.0,2010-12-02 13:14:00,2011-11-16 12:08:00,2,440,3.076923076923077,2.22041958041958,576.26,4.029790209790209,3.4475158373292314,23,348,174.0,0.1724137931034483,288.13,611.0703201263024,Medium Value
16917.0,2011-03-08 11:55:00,2011-03-08 11:55:00,1,232,25.77777777777778,3.873333333333333,391.52,43.50222222222222,37.558641408395545,276,0,0.0,0.0,391.52,488.1864921626986,Medium Value
16918.0,2011-01-26 17:37:00,2011-10-21 12:50:00,6,721,5.6328125,2.080625,1068.82,8.35015625,6.406334584615399,49,267,44.5,0.6741573033707865,178.13666666666666,1113.100826345599,High Value
16919.0,2010-12-06 12:52:00,2011-07-06 13:35:00,11,1413,4.321100917431193,2.794954128440367,2596.45,7.940214067278287,8.29954427845941,155,212,19.272727272727273,1.5566037735849056,236.04090909090908,2579.6979694932857,VIP
16921.0,2011-10-09 16:22:00,2011-10-09 16:22:00,1,171,2.85,1.5675,169.79,2.829833333333333,2.3965720516750704,60,0,0.0,0.0,169.79,204.72680646369903,Low Value
16923.0,2010-12-12 11:06:00,2011-11-27 13:00:00,19,3417,5.084821428571429,3.108511904761905,7247.61,10.785133928571428,13.055322602991337,11,350,18.42105263157895,1.6285714285714286,381.4531578947368,7299.750920238097,VIP
16924.0,2011-09-16 12:54:00,2011-11-18 12:53:00,3,493,5.9397590361445785,2.6796385542168673,846.75,10.201807228915662,9.399977574516363,20,62,20.666666666666668,1.4516129032258063,282.25,837.2402819349986,High Value
16926.0,2010-12-03 13:42:00,2010-12-03 13:42:00,1,35,2.5,6.978571428571429,230.25,16.446428571428573,9.16123657016374,368,0,0.0,0.0,230.25,188.10560022461118,Low Value
16927.0,2010-12-13 11:57:00,2011-08-16 11:10:00,3,993,165.5,2.9066666666666667,543.05,90.50833333333333,88.0855176329609,115,245,81.66666666666667,0.3673469387755102,181.01666666666665,1262.7589305952383,High Value
16928.0,2010-12-01 15:21:00,2011-09-20 15:10:00,17,2114,10.114832535885167,1.8953588516746411,2847.6,13.62488038277512,13.712130126490752,79,292,17.176470588235293,1.7465753424657535,167.50588235294117,3615.8547962698417,VIP
16929.0,2011-07-07 12:39:00,2011-12-06 08:37:00,7,929,12.064935064935066,2.0796103896103895,1295.39,16.823246753246753,6.436505557643438,3,151,21.571428571428573,1.390728476821192,185.0557142857143,1325.1091085816142,High Value
16930.0,2011-10-02 14:25:00,2011-11-13 16:13:00,3,341,6.314814814814815,1.6248148148148147,380.55,7.0472222222222225,9.215928257522341,25,42,14.0,2.142857142857143,126.85000000000001,384.35124419164174,Medium Value
16931.0,2010-12-05 11:40:00,2011-12-04 13:15:00,21,3158,3.516703786191537,2.0643652561247214,4604.22,5.127193763919822,3.8207678298585948,4,364,17.333333333333332,1.7307692307692308,219.24857142857144,4610.504488849207,VIP
16932.0,2011-10-17 14:12:00,2011-10-17 14:12:00,1,87,1.6415094339622642,2.1841509433962267,161.94,3.0554716981132075,2.42834350475138,52,0,0.0,0.0,161.94,163.3435122866853,Low Value
16933.0,2011-04-14 13:33:00,2011-12-08 12:54:00,2,288,6.545454545454546,2.8868181818181817,563.23,12.800681818181818,12.273643229659402,0,237,118.5,0.2531645569620253,281.615,549.2005123340286,Medium Value
16934.0,2011-10-16 12:25:00,2011-10-16 12:40:00,2,399,6.435483870967742,4.025645161290322,950.9300000000001,15.33758064516129,9.045636695727651,54,0,0.0,0.0,475.46500000000003,908.72686759528,High Value
16936.0,2011-11-14 11:04:00,2011-11-14 11:04:00,1,173,3.0350877192982457,1.87,262.68,4.608421052631579,4.855319538356757,25,0,0.0,0.0,262.68,227.9767057242769,Low Value
16938.0,2011-02-04 09:34:00,2011-12-01 10:20:00,4,2540,10.53941908713693,2.8477593360995854,2736.38,11.354273858921163,53.50874722486678,8,300,75.0,0.4,684.095,3520.032560039682,VIP
16940.0,2011-02-23 12:27:00,2011-10-18 13:15:00,3,2169,7.111475409836066,2.0787868852459015,3049.88,9.99960655737705,6.681214077936733,51,237,79.0,0.37974683544303794,1016.6266666666667,3183.647661096679,VIP
16942.0,2011-04-26 11:59:00,2011-11-27 12:40:00,9,811,2.886120996441281,2.976725978647687,1920.59,6.834839857651246,5.82682191550223,12,215,23.88888888888889,1.255813953488372,213.39888888888888,1738.5045265079368,VIP
16943.0,2011-01-25 14:00:00,2011-05-12 11:57:00,3,145,4.393939393939394,6.822424242424242,816.73,24.74939393939394,13.81855001876869,211,106,35.333333333333336,0.8490566037735849,272.24333333333334,655.4308478888889,Medium Value
16945.0,2010-12-16 17:49:00,2011-11-18 11:39:00,19,2725,10.943775100401606,2.2293172690763052,4345.5,17.451807228915662,6.972637097377269,21,336,17.68421052631579,1.6964285714285716,228.71052631578948,4510.029125873017,VIP
16947.0,2011-04-18 09:38:00,2011-04-18 09:38:00,1,312,14.857142857142858,2.610952380952381,406.48,19.356190476190477,5.465340315287307,235,0,0.0,0.0,406.48,431.5376293657406,Medium Value
16948.0,2011-01-18 10:58:00,2011-07-24 12:46:00,3,1614,84.94736842105263,1.1131578947368421,435.02,22.89578947368421,15.68907380446995,138,187,62.333333333333336,0.48128342245989303,145.00666666666666,1120.0530247619047,High Value
16949.0,2011-01-27 12:11:00,2011-12-06 11:07:00,6,791,13.183333333333334,6.3966666666666665,1286.27,21.437833333333334,43.55813769702245,3,312,52.0,0.5769230769230769,214.37833333333333,2054.3219354761904,VIP
16950.0,2010-12-07 15:20:00,2011-10-14 09:06:00,3,644,15.333333333333334,3.0883333333333334,1178.56,28.06095238095238,29.837142494575108,56,310,103.33333333333333,0.29032258064516125,392.8533333333333,1162.5681198102138,High Value
16951.0,2011-02-08 14:58:00,2011-07-28 12:05:00,3,1318,15.325581395348838,1.4517441860465115,1277.75,14.857558139534884,7.25933102347212,134,169,56.333333333333336,0.5325443786982248,425.9166666666667,1236.8232700396834,High Value
16952.0,2011-08-22 12:58:00,2011-08-22 13:03:00,2,92,5.75,5.236875,167.61,10.475625,8.54923229984229,108,0,0.0,0.0,83.805,228.43894348568094,Low Value
16953.0,2011-11-09 15:54:00,2011-11-09 15:54:00,1,10,10.0,2.08,20.8,20.8,0.0,29,0,0.0,0.0,20.8,23.33058501082251,Low Value
16954.0,2010-12-15 10:41:00,2011-12-09 09:46:00,9,1054,19.51851851851852,3.3449999999999998,2085.08,38.61259259259259,35.49224327616224,0,358,39.77777777777778,0.7541899441340782,231.67555555555555,2184.0214161843705,VIP
16955.0,2010-12-01 13:31:00,2011-06-08 10:36:00,4,266,10.64,4.1983999999999995,518.67,20.746799999999997,9.649975699451268,184,188,47.0,0.6382978723404256,129.6675,549.0680856022632,Medium Value
16956.0,2011-11-22 08:56:00,2011-11-22 08:56:00,1,114,7.125,4.229375,308.74,19.29625,12.119123661937497,17,0,0.0,0.0,308.74,323.2082276371381,Medium Value
16957.0,2011-03-03 09:25:00,2011-04-14 13:56:00,2,172,10.75,3.329375,416.64,26.04,17.91356283192524,238,42,21.0,1.4285714285714286,208.32,376.3859724833842,Medium Value
16959.0,2011-09-13 15:03:00,2011-09-13 15:03:00,1,49,7.0,3.007142857142857,117.35000000000001,16.764285714285716,9.243813890277934,86,0,0.0,0.0,117.35000000000001,120.90830923498632,Low Value
16960.0,2011-04-01 11:54:00,2011-11-01 11:35:00,3,304,3.00990099009901,2.0174257425742574,507.05,5.02029702970297,4.13133718194135,38,213,71.0,0.4225352112676057,169.01666666666668,481.4280540922383,Medium Value
16961.0,2011-08-15 13:46:00,2011-08-15 13:46:00,1,125,8.928571428571429,2.674285714285714,234.17000000000002,16.726428571428574,3.752118595679507,115,0,0.0,0.0,234.17000000000002,234.71620580801482,Low Value
16963.0,2011-06-05 13:48:00,2011-06-05 13:48:00,1,35,5.0,3.342857142857143,110.55000000000001,15.792857142857144,1.9685926807892862,186,0,0.0,0.0,110.55000000000001,108.65419108171531,Low Value
16965.0,2011-04-27 12:08:00,2011-04-27 12:08:00,1,291,11.192307692307692,2.335769230769231,201.19,7.738076923076923,8.33288714395234,226,0,0.0,0.0,201.19,296.3133285512391,Low Value
16966.0,2011-04-13 14:17:00,2011-12-01 13:40:00,7,1981,70.75,1.2935714285714286,2154.97,76.96321428571427,61.485139851992265,7,231,33.0,0.9090909090909091,307.8528571428571,2133.8257189713077,VIP
16967.0,2011-06-03 14:24:00,2011-06-03 14:24:00,1,333,15.857142857142858,1.1404761904761904,319.02,15.19142857142857,6.26828069386996,188,0,0.0,0.0,319.02,298.0528517532467,Low Value
16968.0,2011-08-24 10:51:00,2011-12-05 15:02:00,2,326,10.516129032258064,2.803548387096774,439.43,14.175161290322581,5.541722879494994,3,103,51.5,0.5825242718446603,219.715,471.9380172515263,Medium Value
16969.0,2011-06-01 12:10:00,2011-10-31 13:12:00,3,816,19.428571428571427,2.382142857142857,650.41,15.48595238095238,7.376782317754184,38,152,50.666666666666664,0.5921052631578948,216.8033333333333,796.1382923953823,High Value
16971.0,2011-11-01 15:06:00,2011-11-01 15:06:00,1,72,1.7560975609756098,7.760731707317073,357.21,8.712439024390243,19.17886203356286,37,0,0.0,0.0,357.21,331.1258286904761,Medium Value
16976.0,2011-03-17 16:33:00,2011-03-17 16:33:00,1,88,44.0,6.005,251.51999999999998,125.75999999999999,69.91871852372581,266,0,0.0,0.0,251.51999999999998,329.2174962698412,Medium Value
16978.0,2011-09-23 12:50:00,2011-09-23 12:50:00,1,166,4.256410256410256,2.944871794871795,344.33,8.828974358974358,4.622866958974471,77,0,0.0,0.0,344.33,354.3519072304127,Medium Value
16979.0,2011-02-15 09:20:00,2011-12-06 12:21:00,6,865,9.719101123595506,3.4710112359550562,1852.0,20.808988764044944,22.639495459210202,3,294,49.0,0.6122448979591836,308.6666666666667,1816.7003076058206,VIP
16980.0,2011-02-21 12:58:00,2011-03-29 16:36:00,2,788,9.057471264367816,2.3197701149425285,1078.96,12.401839080459771,25.70957388992884,254,36,18.0,1.6666666666666667,539.48,1021.3115348655566,High Value
16982.0,2011-10-10 12:28:00,2011-10-10 12:28:00,1,182,8.272727272727273,2.453181818181818,384.06,17.457272727272727,4.304214083251305,60,0,0.0,0.0,384.06,281.7256142526191,Low Value
16983.0,2010-12-05 12:34:00,2011-11-27 12:10:00,7,1379,9.317567567567568,2.3687837837837837,1931.25,13.048986486486486,12.612057331072716,12,356,50.857142857142854,0.5898876404494382,275.89285714285717,2145.731558851009,VIP
16984.0,2011-08-01 17:37:00,2011-09-12 13:43:00,2,2423,5.953316953316953,3.5025307125307124,4481.35,11.010687960687962,12.9453240704546,87,41,20.5,1.4634146341463414,1786.2049999999992,4511.476610714286,VIP
16985.0,2010-12-16 10:38:00,2011-11-22 13:33:00,10,1832,15.266666666666667,4.208,5464.12,45.53433333333333,36.510610009274004,16,341,34.1,0.8797653958944281,546.412,5134.020197619048,VIP
16986.0,2011-11-09 15:52:00,2011-11-09 15:52:00,1,40,20.0,2.08,83.2,41.6,29.41564209736038,29,0,0.0,0.0,83.2,83.37366073787321,Low Value
16987.0,2011-05-18 15:55:00,2011-12-06 17:26:00,7,402,3.116279069767442,4.745038759689923,1625.05,12.597286821705426,18.879158016842357,2,202,28.857142857142858,1.0396039603960396,232.15,1460.7498398475352,High Value
16988.0,2011-12-04 16:02:00,2011-12-04 16:02:00,1,43,6.142857142857143,5.977142857142858,126.12,18.017142857142858,7.996534070636924,4,0,0.0,0.0,126.12,153.4154720325824,Low Value
16989.0,2011-07-12 09:11:00,2011-12-02 16:39:00,6,1233,102.75,1.5,1133.25,94.4375,47.80505453021012,6,143,23.833333333333332,1.2587412587412588,188.875,1252.3348725793655,High Value
16990.0,2011-05-05 08:30:00,2011-05-05 08:30:00,1,100,100.0,1.79,179.0,179.0,0.0,218,0,0.0,0.0,179.0,171.61324842324353,Low Value
16992.0,2011-02-28 10:37:00,2011-11-29 11:50:00,5,860,9.24731182795699,3.8163440860215054,1614.31,17.358172043010754,5.98522146374547,10,274,54.8,0.5474452554744526,322.86199999999997,1736.8777720899466,VIP
16996.0,2010-12-21 13:22:00,2011-11-09 16:43:00,6,544,14.702702702702704,2.984054054054054,1456.96,39.3772972972973,19.242897340266826,29,323,53.833333333333336,0.5572755417956656,242.82666666666668,1134.0363551984133,High Value
16997.0,2011-01-18 11:51:00,2011-02-24 17:28:00,3,360,30.0,1.95,702.0,58.5,34.28291384666977,287,37,12.333333333333334,2.4324324324324325,234.0,623.8306433044731,Medium Value
16998.0,2011-02-08 15:42:00,2011-07-13 09:44:00,4,76,19.0,3.85,295.0,73.75,86.43026090438465,149,154,38.5,0.7792207792207791,73.75,266.3349045337495,Low Value
16999.0,2011-09-26 15:43:00,2011-11-16 13:53:00,2,294,12.782608695652174,2.427391304347826,484.82,21.07913043478261,34.68812947511315,22,50,25.0,1.2,242.41,505.2050353408308,Medium Value
17001.0,2010-12-16 09:35:00,2011-12-09 09:38:00,11,2164,12.804733727810651,3.05698224852071,3989.57,23.606923076923078,11.483723419319565,0,358,32.54545454545455,0.9217877094972067,362.6881818181818,4097.283181944445,VIP
17002.0,2011-02-22 11:46:00,2011-09-15 12:40:00,3,679,13.857142857142858,3.438775510204082,1493.73,30.484285714285715,18.257143122624633,85,205,68.33333333333333,0.43902439024390244,497.91,1416.837728928571,High Value
17004.0,2011-09-08 12:16:00,2011-10-24 14:25:00,2,819,18.613636363636363,2.652727272727273,1412.94,32.11227272727273,44.9603997780598,45,46,23.0,1.3043478260869565,706.47,1460.454697790404,High Value
17006.0,2011-09-25 12:15:00,2011-12-05 12:09:00,4,272,6.181818181818182,3.7497727272727275,781.78,17.76772727272727,14.208804323235054,4,70,17.5,1.7142857142857142,195.445,725.2196267423225,High Value
17007.0,2010-12-17 13:57:00,2011-10-20 10:47:00,6,597,11.48076923076923,3.3242307692307693,889.9300000000001,17.114038461538463,10.978682956050426,50,306,51.0,0.5882352941176471,148.3216666666667,1002.6559647638933,High Value
17010.0,2011-11-21 14:49:00,2011-11-21 14:49:00,1,118,10.727272727272727,2.5500000000000003,195.36,17.76,8.527855533485544,17,0,0.0,0.0,195.36,221.031194334392,Low Value
17011.0,2011-11-09 13:30:00,2011-11-09 13:30:00,1,186,12.4,1.79,270.9,18.06,5.983047479575701,29,0,0.0,0.0,270.9,276.4177696247788,Low Value
17014.0,2011-10-04 11:36:00,2011-12-01 14:09:00,3,245,3.310810810810811,2.9335135135135135,586.33,7.923378378378379,10.640131871289482,7,58,19.333333333333332,1.5517241379310345,195.44333333333336,526.7432989827017,Medium Value
17015.0,2011-06-07 13:19:00,2011-11-11 10:45:00,3,1981,9.129032258064516,1.417142857142857,1842.56,8.491059907834101,7.313073673673719,28,156,52.0,0.5769230769230769,614.1866666666666,1758.5899809920625,VIP
17017.0,2010-12-02 10:17:00,2011-12-07 09:32:00,20,6673,26.48015873015873,1.6860714285714284,8694.26,34.50103174603175,24.02678672245124,2,369,18.45,1.6260162601626016,434.713,6350.872651984127,VIP
17018.0,2011-01-18 08:46:00,2011-10-30 11:42:00,2,176,11.0,6.223125,920.1,57.50625,21.232065961653376,40,285,142.5,0.21052631578947367,460.05,926.8996433333335,High Value
17019.0,2010-12-06 12:55:00,2011-11-28 13:06:00,4,827,3.534188034188034,2.1226495726495727,1272.61,5.4385042735042735,5.7375275351600585,10,357,89.25,0.3361344537815126,318.1525,1208.9529250036076,High Value
17022.0,2011-11-08 17:09:00,2011-11-08 17:09:00,1,108,15.428571428571429,0.9585714285714285,71.0,10.142857142857142,5.191370128349915,30,0,0.0,0.0,71.0,80.68296206349206,Low Value
17024.0,2011-07-05 09:31:00,2011-10-25 13:47:00,3,69,23.0,1.3833333333333335,95.85,31.95,7.32512798523002,44,112,37.333333333333336,0.8035714285714286,31.95,102.14340797619046,Low Value
17025.0,2010-12-01 15:45:00,2011-10-10 09:06:00,3,235,26.11111111111111,2.006666666666667,357.77,39.75222222222222,28.005741276467663,60,312,104.0,0.28846153846153844,119.25666666666666,360.91885511968337,Medium Value
17026.0,2010-12-05 12:47:00,2011-06-07 14:28:00,2,97,24.25,4.035,154.83,38.7075,55.32806001478816,184,184,92.0,0.32608695652173914,77.415,216.47447924362675,Low Value
17027.0,2011-01-26 14:19:00,2011-09-22 12:24:00,6,421,2.7516339869281046,2.642156862745098,890.29,5.818888888888889,5.4580991914425425,78,238,39.666666666666664,0.7563025210084033,148.38166666666666,898.255352730159,High Value
17029.0,2011-04-17 10:57:00,2011-08-21 11:06:00,2,400,200.0,1.79,716.0,358.0,0.0,110,126,63.0,0.47619047619047616,358.0,704.5120447619048,High Value
17030.0,2011-10-07 08:49:00,2011-10-07 08:49:00,1,146,13.272727272727273,2.661818181818182,146.87,13.351818181818182,7.166989351438745,63,0,0.0,0.0,146.87,164.09093501333462,Low Value
17031.0,2011-07-08 09:38:00,2011-11-28 10:23:00,2,235,10.681818181818182,1.606818181818182,380.35,17.288636363636364,10.924305925627952,11,143,71.5,0.4195804195804196,190.175,367.3219465134636,Medium Value
17033.0,2010-12-15 13:21:00,2011-09-14 14:34:00,3,750,26.785714285714285,2.2567857142857144,1030.14,36.79071428571429,52.213331767717285,85,273,91.0,0.32967032967032966,343.38000000000005,1143.2385050396827,High Value
17034.0,2011-02-25 10:10:00,2011-11-23 15:14:00,3,410,13.666666666666666,3.3606666666666665,745.52,24.850666666666665,18.403631563162847,15,271,90.33333333333333,0.33210332103321033,248.50666666666666,878.6463365079363,High Value
17035.0,2011-02-01 12:27:00,2011-04-08 11:23:00,2,229,8.178571428571429,3.3057142857142856,433.53000000000003,15.483214285714286,6.343387372673085,245,65,32.5,0.9230769230769231,216.76500000000001,429.1613368981191,Medium Value
17037.0,2011-09-13 12:49:00,2011-09-13 12:49:00,1,656,8.746666666666666,2.7634666666666665,1267.32,16.8976,5.3271032745102,87,0,0.0,0.0,1267.32,1222.704016868687,High Value
17038.0,2011-11-09 13:50:00,2011-11-09 13:50:00,1,28,1.2727272727272727,4.440909090909091,112.4,5.109090909090909,2.6572289703497143,29,0,0.0,0.0,112.4,113.39932662589241,Low Value
17040.0,2011-07-25 10:19:00,2011-07-25 10:19:00,1,181,12.066666666666666,3.3006666666666664,449.73,29.982000000000003,46.29976831166961,137,0,0.0,0.0,449.73,395.5139379300335,Medium Value
17041.0,2010-12-14 11:43:00,2011-11-13 11:21:00,3,951,13.585714285714285,1.929142857142857,1081.57,15.450999999999999,7.198381490790587,26,333,111.0,0.2702702702702703,360.5233333333333,1111.6185758333331,High Value
17042.0,2011-04-06 14:53:00,2011-12-07 12:26:00,5,994,10.142857142857142,1.8227551020408164,1044.38,10.656938775510206,7.666506806542967,2,244,48.8,0.6147540983606558,208.87600000000003,1193.2892377777782,High Value
17043.0,2011-03-18 14:53:00,2011-11-07 15:33:00,4,998,9.784313725490197,3.143627450980392,1735.18,17.01156862745098,19.394643730572565,31,234,58.5,0.5128205128205129,433.795,1711.943103308859,VIP
17044.0,2011-11-14 14:28:00,2011-11-14 14:28:00,1,504,84.0,2.236666666666667,948.48,158.08,55.496525296634566,24,0,0.0,0.0,948.48,889.7263778119103,High Value
17045.0,2011-04-06 12:08:00,2011-08-18 17:09:00,3,106,4.818181818181818,4.968181818181819,339.44,15.42909090909091,14.431529935424598,112,134,44.666666666666664,0.6716417910447761,113.14666666666666,338.76029121933624,Medium Value
17046.0,2011-07-05 14:24:00,2011-07-05 14:24:00,1,510,23.181818181818183,2.169090909090909,642.02,29.182727272727274,27.279709044290147,156,0,0.0,0.0,642.02,686.2444649841824,High Value
17047.0,2011-05-18 16:50:00,2011-09-15 13:27:00,3,533,8.2,3.536923076923077,1100.9,16.93692307692308,5.494198907449147,84,119,39.666666666666664,0.7563025210084033,366.9666666666667,1113.5369351892157,High Value
17048.0,2011-01-12 16:51:00,2011-08-14 11:49:00,3,485,11.279069767441861,3.7065116279069765,925.35,21.519767441860466,11.203740975646971,117,213,71.0,0.4225352112676057,308.45,903.6379444047618,High Value
17049.0,2011-03-09 08:33:00,2011-12-07 10:48:00,9,2676,8.415094339622641,3.9271069182389935,5659.9800000000005,17.79867924528302,16.24666296677868,2,273,30.333333333333332,0.989010989010989,628.8866666666668,5427.51584515873,VIP
17050.0,2011-02-13 12:41:00,2011-09-04 13:48:00,6,1614,5.1075949367088604,2.778924050632911,3228.84,10.217848101265822,9.359475283201167,95,203,33.833333333333336,0.8866995073891626,538.14,2983.2435228848935,VIP
17051.0,2011-05-29 14:13:00,2011-05-29 14:13:00,1,184,4.27906976744186,1.8213953488372092,247.14,5.747441860465116,4.3404827979337,193,0,0.0,0.0,247.14,244.1492382435938,Low Value
17052.0,2011-11-11 14:50:00,2011-11-11 14:50:00,1,261,2.8369565217391304,1.8638043478260868,413.75,4.497282608695652,5.994983636205819,27,0,0.0,0.0,413.75,384.4009789256743,Medium Value
17053.0,2011-08-01 10:23:00,2011-08-01 10:23:00,1,122,9.384615384615385,4.499230769230769,498.48,38.34461538461539,16.529364081024923,130,0,0.0,0.0,498.48,452.188491664502,Medium Value
17054.0,2011-04-08 13:14:00,2011-11-11 12:56:00,5,804,9.686746987951807,4.77144578313253,1356.33,16.34132530120482,8.673253077932424,27,216,43.2,0.6944444444444444,271.26599999999996,1557.0957008333335,High Value
17058.0,2011-04-14 09:18:00,2011-09-19 10:13:00,3,592,9.548387096774194,3.765322580645161,1179.89,19.030483870967743,8.679344129375735,81,158,52.666666666666664,0.569620253164557,393.2966666666667,1117.8471698345825,High Value
17059.0,2010-12-05 12:35:00,2011-11-10 12:27:00,5,1855,3.5949612403100777,2.6577325581395352,3095.04,5.9981395348837205,5.81567911101015,29,339,67.8,0.44247787610619466,619.008,3041.794392355699,VIP
17060.0,2011-03-18 13:27:00,2011-03-18 13:27:00,1,216,43.2,1.7719999999999998,234.24,46.848,59.477546351543445,265,0,0.0,0.0,234.24,279.97582430742546,Low Value
17061.0,2011-04-21 13:29:00,2011-09-27 11:24:00,11,1526,15.414141414141413,5.0870707070707075,5232.2300000000005,52.850808080808086,63.89261749818137,73,158,14.363636363636363,2.088607594936709,475.65727272727275,4269.246223452381,VIP
17062.0,2010-12-05 11:59:00,2011-01-30 11:01:00,4,430,6.142857142857143,2.162,538.37,7.691,5.751783630104338,313,55,13.75,2.181818181818182,134.5925,723.0131995271397,High Value
17063.0,2011-02-23 13:44:00,2011-11-18 16:19:00,7,770,9.871794871794872,2.656025641025641,1461.14,18.732564102564105,7.6206217893867745,20,268,38.285714285714285,0.7835820895522387,208.73428571428573,1466.2437784004435,High Value
17064.0,2011-01-16 16:10:00,2011-10-12 10:18:00,3,318,5.129032258064516,3.687741935483871,859.35,13.860483870967743,10.539122654159014,58,268,89.33333333333333,0.33582089552238803,286.45,795.0319638437118,High Value
17068.0,2010-12-06 13:58:00,2011-11-27 13:14:00,21,2164,7.3108108108108105,2.5016554054054057,4552.14,15.378851351351353,8.7550076729892,11,355,16.904761904761905,1.7746478873239435,216.76857142857145,4431.730469880953,VIP
17069.0,2010-12-01 16:49:00,2011-11-11 17:13:00,9,1506,10.531468531468532,2.8552447552447555,2709.7000000000003,18.948951048951052,9.982373882427607,27,345,38.333333333333336,0.782608695652174,301.0777777777778,2717.494422182539,VIP
17070.0,2011-08-17 17:01:00,2011-08-17 17:01:00,1,133,2.078125,2.5853125,312.14,4.8771875,4.8774842164527845,113,0,0.0,0.0,312.14,263.06526187544796,Low Value
17071.0,2011-02-03 08:18:00,2011-11-11 16:31:00,9,1197,8.55,3.376714285714286,2429.03,17.350214285714287,11.01845433465939,27,281,31.22222222222222,0.9608540925266903,269.89222222222224,2460.484267644023,VIP
17073.0,2011-08-22 14:37:00,2011-11-22 11:47:00,4,759,4.362068965517241,3.1235632183908044,1446.09,8.310862068965516,6.503015383584061,17,91,22.75,1.3186813186813187,361.5225,1471.9832307422403,High Value
17075.0,2011-01-26 13:20:00,2011-11-22 11:58:00,4,292,3.792207792207792,3.8464935064935064,834.12,10.832727272727272,9.364262782734949,17,299,74.75,0.4013377926421405,208.53,821.8577465848404,High Value
17076.0,2010-12-10 10:08:00,2011-11-03 17:53:00,3,295,11.8,5.8696,841.0799999999999,33.6432,24.242211587779416,35,328,109.33333333333333,0.27439024390243905,280.35999999999996,792.9782975721499,High Value
17078.0,2011-11-03 18:49:00,2011-11-03 19:17:00,2,788,28.142857142857142,0.6025,378.2,13.507142857142856,17.697888523805833,35,0,0.0,0.0,189.1,400.7977799567101,Medium Value
17079.0,2011-09-22 15:34:00,2011-09-22 15:34:00,1,24,12.0,4.95,118.80000000000001,59.400000000000006,0.0,77,0,0.0,0.0,118.80000000000001,109.79697597732144,Low Value
17080.0,2011-03-15 12:05:00,2011-11-17 12:59:00,2,166,20.75,3.76375,287.62,35.9525,23.181194194555946,21,247,123.5,0.24291497975708504,143.81,321.0154035714286,Medium Value
17081.0,2011-10-24 13:08:00,2011-11-14 12:56:00,2,78,1.21875,3.7953125,290.16,4.53375,3.5627265731347726,24,20,10.0,3.0,145.08,257.01794255909937,Low Value
17082.0,2011-01-25 14:36:00,2011-11-06 15:17:00,2,1049,12.950617283950617,4.224567901234568,2003.8500000000001,24.73888888888889,28.960048428826916,32,285,142.5,0.21052631578947367,1001.9250000000001,2138.466635321069,VIP
17083.0,2011-02-09 11:38:00,2011-08-22 15:43:00,3,772,14.846153846153847,2.0717307692307694,1405.78,27.034230769230767,22.510559208230916,108,194,64.66666666666667,0.4639175257731959,468.5933333333333,1242.9571912698414,High Value
17084.0,2011-11-04 14:49:00,2011-11-04 14:54:00,2,1816,11.209876543209877,2.892283950617284,2949.75,18.208333333333332,11.133439209585706,34,0,0.0,0.0,1474.875,2874.9721214826836,VIP
17085.0,2010-12-12 12:24:00,2011-08-08 14:15:00,5,786,4.2032085561497325,2.732192513368984,1566.65,8.377807486631017,6.470860989175549,122,239,47.8,0.6276150627615062,313.33000000000004,1530.0474210235234,High Value
17086.0,2011-10-07 11:22:00,2011-12-02 13:54:00,6,1859,19.364583333333332,2.1609374999999997,2050.08,21.355,27.4117883208551,6,56,9.333333333333334,3.2142857142857144,341.68,2133.8231186507946,VIP
17088.0,2011-03-31 09:48:00,2011-11-11 14:23:00,4,868,7.547826086956522,3.8090434782608695,1991.01,17.313130434782607,5.921995628137497,27,225,56.25,0.5333333333333333,497.7525,1914.5614038888898,VIP
17090.0,2010-12-20 13:52:00,2011-12-05 13:44:00,7,921,14.619047619047619,2.742063492063492,2043.95,32.4436507936508,36.138498295272015,3,349,49.857142857142854,0.6017191977077364,291.99285714285713,1961.781394292928,VIP
17091.0,2010-12-07 09:55:00,2011-12-07 10:43:00,9,1746,8.953846153846154,3.139846153846154,3827.76,19.629538461538463,7.442866251203691,2,365,40.55555555555556,0.7397260273972603,425.3066666666667,3752.0917242063506,VIP
17092.0,2011-03-07 14:51:00,2011-10-20 19:51:00,4,1131,9.048,2.2588000000000004,1777.78,14.22224,9.882770349484254,49,227,56.75,0.5286343612334802,444.445,1609.604438792042,High Value
17094.0,2011-01-21 13:09:00,2011-01-21 13:09:00,1,152,10.857142857142858,2.1464285714285714,302.0,21.571428571428573,19.028093747098044,321,0,0.0,0.0,302.0,268.81871896727574,Low Value
17095.0,2011-01-09 11:05:00,2011-11-17 12:21:00,3,618,8.35135135135135,3.755135135135135,1324.16,17.894054054054056,14.130745738294415,22,312,104.0,0.28846153846153844,441.3866666666667,1346.927047207491,High Value
17096.0,2011-03-23 12:05:00,2011-11-24 15:01:00,4,339,7.0625,4.555416666666667,1022.13,21.294375,10.196185750386416,14,246,61.5,0.48780487804878053,255.5325,988.2962865656568,High Value
17097.0,2010-12-09 14:55:00,2011-12-07 17:05:00,8,459,2.175355450236967,2.5918009478672985,954.42,4.523317535545024,4.626575138585427,1,363,45.375,0.6611570247933884,119.3025,979.0576127896829,High Value
17100.0,2011-11-21 16:36:00,2011-11-21 16:36:00,2,800,12.307692307692308,1.9433846153846153,971.74,14.949846153846154,4.540519825797652,17,0,0.0,0.0,485.87,955.0206685364641,High Value
17101.0,2011-06-14 14:49:00,2011-11-29 13:57:00,4,815,19.404761904761905,2.8811904761904765,1621.73,38.61261904761905,36.516195208228936,9,167,41.75,0.718562874251497,405.4325,1545.6473096031746,High Value
17102.0,2011-03-23 10:08:00,2011-03-23 10:08:00,1,2,2.0,12.75,25.5,25.5,0.0,261,0,0.0,0.0,25.5,33.460914682539695,Low Value
17105.0,2011-02-06 14:46:00,2011-07-03 15:53:00,2,693,7.7,1.9445555555555554,665.78,7.397555555555555,4.124410291143195,158,147,73.5,0.4081632653061224,332.89,737.0693895536635,High Value
17107.0,2011-03-06 15:17:00,2011-11-06 14:14:00,6,4837,11.57177033492823,3.343612440191388,10815.43,25.874234449760767,36.41765440072188,32,244,40.666666666666664,0.7377049180327869,1786.2049999999992,10243.845497020202,VIP
17109.0,2011-04-21 15:46:00,2011-11-10 16:59:00,6,589,5.034188034188034,2.3304273504273505,885.04,7.564444444444444,8.550158038914923,28,203,33.833333333333336,0.8866995073891626,147.50666666666666,958.0497845634918,High Value
17110.0,2011-06-27 12:58:00,2011-06-27 12:58:00,1,50,4.166666666666667,5.166666666666667,163.29999999999998,13.608333333333333,7.60994664099479,164,0,0.0,0.0,163.29999999999998,164.84529953356426,Low Value
17111.0,2011-10-23 15:59:00,2011-10-23 15:59:00,1,302,10.066666666666666,1.8419999999999999,248.61,8.287,5.390098297357147,46,0,0.0,0.0,248.61,303.233309562297,Low Value
17114.0,2011-01-09 11:39:00,2011-12-04 12:17:00,8,219,1.7244094488188977,5.023464566929134,808.62,6.367086614173228,4.460699124903476,5,329,41.125,0.729483282674772,101.0775,756.6197263736263,High Value
17115.0,2011-04-20 14:46:00,2011-12-01 14:30:00,3,372,9.538461538461538,4.382307692307692,837.5,21.474358974358974,14.034248671107516,7,224,74.66666666666667,0.4017857142857143,279.1666666666667,874.8227921608946,High Value
17117.0,2011-02-24 13:54:00,2011-02-24 13:54:00,1,68,7.555555555555555,3.966666666666667,116.2,12.911111111111111,4.861376976856568,287,0,0.0,0.0,116.2,139.55313823227002,Low Value
17118.0,2011-01-26 12:19:00,2011-01-26 12:19:00,1,154,15.4,1.3579999999999999,157.02,15.702000000000002,6.476668896894451,317,0,0.0,0.0,157.02,162.66350728354976,Low Value
17119.0,2011-10-11 11:03:00,2011-12-06 14:40:00,2,334,9.542857142857143,3.578857142857143,606.91,17.340285714285713,5.99062428530876,2,56,28.0,1.0714285714285714,303.455,604.5872045931492,Medium Value
17120.0,2011-04-20 15:21:00,2011-04-20 15:21:00,1,120,6.666666666666667,4.396111111111111,307.46,17.08111111111111,3.730700752482724,232,0,0.0,0.0,307.46,316.35580235191526,Medium Value
17122.0,2011-08-12 14:33:00,2011-08-12 14:33:00,1,80,11.428571428571429,1.97,138.32,19.759999999999998,5.037975783983088,118,0,0.0,0.0,138.32,138.47816019185376,Low Value
17123.0,2011-07-01 10:47:00,2011-07-01 10:47:00,1,246,27.333333333333332,1.7722222222222221,345.3,38.36666666666667,18.387359788724424,161,0,0.0,0.0,345.3,332.6944948842406,Medium Value
17124.0,2011-06-07 14:02:00,2011-06-07 14:02:00,1,130,4.0625,3.435625,298.89,9.3403125,7.593073025047874,184,0,0.0,0.0,298.89,283.6014401081828,Low Value
17125.0,2011-10-20 14:41:00,2011-10-20 14:41:00,1,291,7.275,3.4685,259.35,6.483750000000001,6.621204742612159,49,0,0.0,0.0,259.35,453.57276304532706,Medium Value
17126.0,2010-12-12 11:26:00,2011-07-10 13:52:00,5,792,3.046153846153846,1.8555384615384616,1004.75,3.8644230769230767,3.8827847017819623,151,210,42.0,0.7142857142857143,200.95,1067.9307939971143,High Value
17128.0,2011-01-09 12:02:00,2011-01-09 12:02:00,1,76,5.428571428571429,3.985,157.09,11.220714285714285,7.111962256849873,334,0,0.0,0.0,157.09,191.12708203511423,Low Value
17131.0,2011-09-25 12:42:00,2011-12-04 12:52:00,5,983,7.335820895522388,3.519402985074627,2463.17,18.38186567164179,15.07564725317361,4,70,14.0,2.142857142857143,492.634,2002.5595336507943,VIP
17133.0,2011-03-18 13:47:00,2011-11-24 12:27:00,7,2730,101.11111111111111,2.1211111111111114,4892.240000000001,181.1940740740741,161.46231911595345,15,250,35.714285714285715,0.84,698.8914285714287,4361.054726349207,VIP
17134.0,2011-03-20 11:56:00,2011-08-25 09:53:00,2,102,4.25,5.45,425.0,17.708333333333332,7.134753684951397,106,157,78.5,0.38216560509554137,212.5,393.8395477669553,Medium Value
17135.0,2010-12-03 09:31:00,2011-11-23 16:48:00,7,1224,23.53846153846154,5.040961538461539,1139.73,21.917884615384615,17.302986066282163,15,355,50.714285714285715,0.5915492957746479,162.81857142857143,1697.7953997979794,VIP
17138.0,2011-03-09 11:54:00,2011-03-09 11:54:00,1,126,5.25,4.90625,380.5,15.854166666666666,3.709327744867064,275,0,0.0,0.0,380.5,373.7778726339722,Medium Value
17139.0,2011-02-24 09:32:00,2011-11-24 10:12:00,12,5182,10.841004184100418,3.764456066945607,10668.47,22.31897489539749,17.12569014341486,15,273,22.75,1.3186813186813187,889.0391666666666,10277.082416984125,VIP
17140.0,2011-04-06 13:33:00,2011-04-06 13:33:00,1,302,15.1,2.5025,465.32,23.266,43.17676682759156,246,0,0.0,0.0,465.32,462.38419010874793,Medium Value
17142.0,2011-04-14 18:22:00,2011-04-14 18:22:00,1,81,5.4,19.186666666666667,579.0,38.6,46.343018429347666,238,0,0.0,0.0,579.0,525.3285053968253,Medium Value
17144.0,2011-09-16 12:50:00,2011-12-08 17:57:00,2,483,10.0625,5.275833333333334,984.57,20.511875,17.38363165742601,0,83,41.5,0.7228915662650602,492.285,1050.8623103924879,High Value
17146.0,2010-12-16 12:20:00,2011-08-26 12:44:00,3,212,6.057142857142857,7.031142857142857,749.78,21.422285714285714,26.171901758960356,105,253,84.33333333333333,0.3557312252964427,249.92666666666665,736.1254491053389,High Value
17147.0,2011-02-01 09:36:00,2011-11-17 12:32:00,4,882,10.88888888888889,3.190987654320988,1714.59,21.167777777777776,16.544429349481955,22,289,72.25,0.4152249134948097,428.6475,1696.1869308793111,VIP
17148.0,2011-10-19 09:59:00,2011-10-19 09:59:00,1,82,9.11111111111111,1.62,124.88,13.875555555555556,4.187944337951232,51,0,0.0,0.0,124.88,128.14756329739285,Low Value
17152.0,2011-03-21 16:20:00,2011-05-29 12:19:00,3,517,36.92857142857143,3.482857142857143,1689.5,120.67857142857143,189.48459214231815,194,68,22.666666666666668,1.3235294117647058,563.1666666666666,1425.085690332723,High Value
17153.0,2011-11-15 13:42:00,2011-11-15 13:42:00,1,104,7.428571428571429,2.789285714285714,213.78,15.27,4.696928620017389,23,0,0.0,0.0,213.78,222.67431799280516,Low Value
17154.0,2011-09-25 13:42:00,2011-09-25 13:42:00,1,490,21.304347826086957,1.1069565217391304,329.34,14.319130434782608,6.322728059831221,74,0,0.0,0.0,329.34,351.806289285714,Medium Value
17155.0,2011-06-15 10:22:00,2011-11-22 12:38:00,2,242,12.1,2.568,251.7,12.584999999999999,19.882093371727866,17,160,80.0,0.375,125.85,281.8656870813397,Low Value
17157.0,2011-06-16 15:08:00,2011-12-02 09:10:00,2,172,13.23076923076923,2.5461538461538464,319.0,24.53846153846154,19.630181628533926,7,168,84.0,0.35714285714285715,159.5,310.34425276844075,Low Value
17158.0,2010-12-14 13:03:00,2011-11-07 15:15:00,3,778,11.611940298507463,3.2455223880597015,1266.97,18.91,8.54484817319947,31,328,109.33333333333333,0.27439024390243905,422.3233333333333,1283.9539330749808,High Value
17159.0,2011-06-21 09:49:00,2011-11-18 10:52:00,3,1111,11.0,2.389108910891089,1538.88,15.236435643564358,6.68784009739444,21,150,50.0,0.6,512.96,1509.2955577602959,High Value
17160.0,2011-04-12 12:00:00,2011-11-08 14:05:00,6,2856,12.471615720524017,1.6480349344978165,3518.03,15.362576419213974,5.794832687559663,30,210,35.0,0.8571428571428571,586.3383333333334,3411.515477878788,VIP
17162.0,2011-02-07 12:27:00,2011-11-11 11:34:00,10,1001,9.625,3.83,1715.46,16.494807692307692,5.63700464093139,28,276,27.6,1.0869565217391306,171.546,1885.0855252380948,VIP
17163.0,2011-09-22 15:54:00,2011-11-18 08:57:00,2,66,13.2,4.529999999999999,293.1,58.620000000000005,29.210135227348744,21,56,28.0,1.0714285714285714,146.55,280.6185477976191,Low Value
17164.0,2011-03-11 14:26:00,2011-11-07 09:14:00,7,1501,10.42361111111111,2.4883333333333333,2467.35,17.134375,6.506924522346215,32,240,34.285714285714285,0.875,352.4785714285714,2445.22171114899,VIP
17165.0,2011-02-28 16:39:00,2011-02-28 16:39:00,1,100,10.0,3.0669999999999997,158.68,15.868,2.6211142668720115,283,0,0.0,0.0,158.68,180.0353710359419,Low Value
17166.0,2011-05-20 08:18:00,2011-11-01 09:46:00,2,78,6.5,3.115,206.34,17.195,12.872979100002102,38,165,82.5,0.36363636363636365,103.17,212.54759488129366,Low Value
17169.0,2011-06-09 13:16:00,2011-10-13 10:25:00,2,526,9.74074074074074,2.830740740740741,835.78,15.477407407407407,4.808587909141736,57,125,62.5,0.48,417.89,833.769029699625,High Value
17171.0,2011-02-23 16:37:00,2011-02-23 16:37:00,1,185,11.5625,2.38,224.91,14.056875,9.06409452639001,288,0,0.0,0.0,224.91,240.00761730680867,Low Value
17172.0,2011-09-22 09:36:00,2011-09-22 09:36:00,1,480,32.0,0.8446666666666667,317.76,21.184,12.67876334663598,78,0,0.0,0.0,317.76,334.7050237373737,Medium Value
17173.0,2011-07-31 15:26:00,2011-12-04 14:40:00,8,1122,13.046511627906977,3.7151162790697674,3766.6,43.79767441860465,21.862159716487763,4,125,15.625,1.92,470.825,3408.378297612553,VIP
17174.0,2011-05-06 11:47:00,2011-05-06 11:47:00,1,41,10.25,1.6625,59.9,14.975,5.225179422756696,217,0,0.0,0.0,59.9,69.38104619047621,Low Value
17175.0,2011-02-16 14:56:00,2011-10-26 15:31:00,4,866,13.746031746031745,4.0947619047619055,1443.69,22.915714285714287,15.52180066398659,43,252,63.0,0.47619047619047616,360.9225,1556.390982880545,High Value
17176.0,2011-05-22 12:41:00,2011-05-22 12:41:00,1,170,11.333333333333334,2.772666666666667,306.13,20.408666666666665,17.401567608640757,201,0,0.0,0.0,306.13,299.8617727104704,Low Value
17179.0,2010-12-13 14:24:00,2011-06-14 16:48:00,3,290,3.625,2.314375,711.79,8.897375,9.804552771415347,177,183,61.0,0.49180327868852464,237.26333333333332,592.1329121338384,Medium Value
17180.0,2011-01-27 18:05:00,2011-10-14 15:46:00,4,683,5.3359375,1.8921875,796.03,6.218984375,7.219564608313453,55,259,64.75,0.46332046332046334,199.0075,954.0155230020123,High Value
17181.0,2010-12-01 12:38:00,2011-10-13 14:48:00,2,241,10.478260869565217,3.039565217391304,239.92000000000002,10.431304347826087,21.672137391831818,56,316,158.0,0.189873417721519,119.96000000000001,306.4583659126984,Low Value
17183.0,2011-08-26 15:25:00,2011-12-02 10:07:00,6,1296,17.753424657534246,4.032465753424658,3347.31,45.85356164383562,41.30307290726627,7,97,16.166666666666668,1.8556701030927836,557.885,3170.6760555952374,VIP
17186.0,2011-10-10 12:52:00,2011-10-24 10:20:00,2,200,100.0,0.72,144.0,72.0,0.0,46,13,6.5,4.615384615384615,72.0,161.51651805194805,Low Value
17187.0,2011-04-27 12:39:00,2011-04-27 12:39:00,1,144,14.4,3.7649999999999997,203.95,20.395,12.152193446269505,226,0,0.0,0.0,203.95,223.7721691666666,Low Value
17188.0,2010-12-12 12:56:00,2011-11-28 13:53:00,7,1328,15.80952380952381,2.6591666666666667,2474.23,29.455119047619046,33.71844329232811,10,351,50.142857142857146,0.5982905982905983,353.4614285714286,2367.5171203643577,VIP
17189.0,2010-12-15 17:28:00,2011-08-25 19:39:00,2,227,3.721311475409836,2.3147540983606554,384.4,6.301639344262295,6.896191021215472,105,253,126.5,0.23715415019762845,192.2,390.4909840986756,Medium Value
17190.0,2011-05-16 15:29:00,2011-10-12 11:33:00,2,161,8.473684210526315,12.313684210526317,444.74,23.40736842105263,44.166006641874,58,148,74.0,0.4054054054054054,222.37,473.5793221428571,Medium Value
17191.0,2010-12-06 14:36:00,2011-11-11 16:58:00,7,1167,4.924050632911392,2.56506329113924,2095.13,8.840210970464135,8.50959943724859,27,340,48.57142857142857,0.6176470588235293,299.30428571428575,2027.6661878571426,VIP
17193.0,2011-06-16 10:04:00,2011-11-04 12:47:00,7,1254,39.1875,2.4309375,1699.3,53.103125,33.86035082011541,35,141,20.142857142857142,1.4893617021276595,242.75714285714284,1713.4865578174606,VIP
17194.0,2010-12-14 12:06:00,2011-03-11 12:05:00,2,119,4.103448275862069,3.9117241379310346,262.62,9.055862068965517,17.327652037225143,273,86,43.0,0.6976744186046512,131.31,276.594278455755,Low Value
17197.0,2011-11-10 10:32:00,2011-11-10 10:32:00,1,191,6.586206896551724,5.508965517241379,1013.01,34.93137931034483,26.552396007589266,29,0,0.0,0.0,1013.01,823.6385656349208,High Value
17198.0,2010-12-03 14:54:00,2011-11-16 10:39:00,3,357,3.71875,2.8972916666666664,692.22,7.210625,9.321285749633244,23,347,115.66666666666667,0.25936599423631124,230.74,716.4626504007105,High Value
17201.0,2011-10-17 11:55:00,2011-10-17 11:55:00,1,268,6.7,1.9490000000000003,342.63,8.56575,14.223372943314656,53,0,0.0,0.0,342.63,342.6883957354971,Medium Value
17203.0,2011-10-10 14:37:00,2011-11-04 12:27:00,6,2850,18.75,1.7332236842105262,3563.85,23.446381578947367,38.13131477264479,35,24,4.0,7.5,593.975,3548.407746489899,VIP
17204.0,2011-03-21 12:42:00,2011-06-17 14:46:00,4,646,11.333333333333334,4.6410526315789475,1564.56,27.448421052631577,20.154001710886252,174,88,22.0,1.3636363636363638,391.14,1496.195163997947,High Value
17205.0,2011-10-17 12:46:00,2011-10-17 12:46:00,1,884,68.0,0.5253846153846153,384.08,29.544615384615383,18.51897433057269,53,0,0.0,0.0,384.08,445.4749919047618,Medium Value
17206.0,2011-10-17 13:25:00,2011-10-17 13:25:00,1,76,10.857142857142858,2.7885714285714287,204.24,29.177142857142858,9.70626896097863,52,0,0.0,0.0,204.24,177.89323074185347,Low Value
17211.0,2010-12-05 12:44:00,2011-11-13 12:03:00,8,1323,6.270142180094787,3.2573933649289097,2317.2200000000003,10.982085308056874,7.661236031838796,26,342,42.75,0.7017543859649122,289.65250000000003,2420.761960866372,VIP
17212.0,2011-03-31 19:42:00,2011-03-31 19:42:00,1,147,36.75,1.385,226.85,56.7125,46.865132294702846,252,0,0.0,0.0,226.85,203.82040101370842,Low Value
17213.0,2010-12-08 13:03:00,2011-10-30 14:53:00,7,1176,7.490445859872612,4.155414012738853,2781.23,17.71484076433121,5.943606628144437,39,326,46.57142857142857,0.6441717791411042,397.31857142857143,2794.570609772728,VIP
17214.0,2010-12-15 15:14:00,2011-10-10 13:17:00,6,276,2.679611650485437,5.273495145631068,1069.1200000000001,10.37980582524272,9.625697528132857,59,298,49.666666666666664,0.6040268456375839,178.1866666666667,973.6426399206347,High Value
17217.0,2011-04-19 17:19:00,2011-04-19 17:19:00,1,24,2.6666666666666665,3.716666666666667,113.5,12.61111111111111,20.432905106986407,233,0,0.0,0.0,113.5,101.2613718299801,Low Value
17218.0,2010-12-06 15:25:00,2011-12-05 13:52:00,10,958,3.4963503649635035,2.9099270072992702,1960.72,7.155912408759124,6.380779753553789,3,363,36.3,0.8264462809917356,196.072,1905.0249787057387,VIP
17219.0,2011-11-08 11:25:00,2011-11-08 11:25:00,1,89,3.56,1.8852000000000002,114.23,4.5692,3.1973516645290463,31,0,0.0,0.0,114.23,135.6006088782016,Low Value
17220.0,2010-12-10 14:54:00,2011-11-15 13:47:00,14,1905,4.036016949152542,2.460635593220339,3198.25,6.775953389830509,5.383949641183464,23,339,24.214285714285715,1.238938053097345,228.44642857142858,3174.432049880951,VIP
17221.0,2011-11-03 17:39:00,2011-12-02 13:35:00,2,288,4.571428571428571,1.9444444444444444,335.13,5.319523809523809,10.560243830972146,6,28,14.0,2.142857142857143,167.565,395.6867018700157,Medium Value
17222.0,2011-10-05 13:58:00,2011-10-05 13:58:00,1,128,4.571428571428571,2.9910714285714284,354.15,12.648214285714285,11.600283857820488,64,0,0.0,0.0,354.15,298.1698058628998,Low Value
17223.0,2010-12-06 14:08:00,2011-02-02 15:57:00,2,112,2.2857142857142856,4.364285714285714,426.79,8.71,12.231514113142332,309,58,29.0,1.0344827586206897,213.395,402.9967234898408,Medium Value
17226.0,2011-02-04 11:52:00,2011-02-04 11:52:00,1,406,19.333333333333332,2.5752380952380953,393.49,18.73761904761905,25.481036655670405,308,0,0.0,0.0,393.49,553.9873738298244,Medium Value
17227.0,2010-12-06 11:16:00,2011-11-21 10:51:00,6,741,15.76595744680851,1.3721276595744683,939.32,19.985531914893617,34.94462867280866,18,349,58.166666666666664,0.5157593123209169,156.55333333333334,841.8296257106782,High Value
17228.0,2010-12-02 16:00:00,2011-11-24 10:24:00,8,1532,7.365384615384615,1.7266346153846153,1906.09,9.16389423076923,6.550087784075646,15,356,44.5,0.6741573033707865,238.26125,1894.2184326082238,VIP
17229.0,2011-07-20 12:38:00,2011-09-04 13:56:00,2,185,3.9361702127659575,2.008936170212766,318.76,6.782127659574468,7.086697561712003,95,46,23.0,1.3043478260869565,159.38,287.30219799340506,Low Value
17230.0,2010-12-15 11:22:00,2011-03-20 16:12:00,8,1651,23.92753623188406,3.736521739130435,3638.41,52.73057971014492,43.6590399265267,263,95,11.875,2.5263157894736845,454.80125,3746.09117234127,VIP
17231.0,2010-12-13 14:16:00,2011-11-27 15:18:00,10,1742,3.21996303142329,2.7424584103512015,3174.32,5.867504621072089,5.027934030335378,11,349,34.9,0.8595988538681949,317.432,3075.2389296428564,VIP
17232.0,2011-11-25 12:24:00,2011-12-07 12:21:00,2,203,5.638888888888889,2.656388888888889,421.52,11.708888888888888,8.696425136728893,2,11,5.5,5.454545454545455,210.76,400.14051341625316,Medium Value
17233.0,2011-11-04 14:06:00,2011-11-04 14:06:00,1,131,5.24,2.4748,190.88,7.6352,7.087515502628547,34,0,0.0,0.0,190.88,210.1832236795492,Low Value
17234.0,2011-06-10 11:20:00,2011-06-10 11:20:00,1,55,3.9285714285714284,3.697857142857143,149.89,10.706428571428571,8.78977781039111,182,0,0.0,0.0,149.89,147.53669788484007,Low Value
17235.0,2010-12-02 13:38:00,2011-11-14 15:51:00,2,224,7.724137931034483,3.179310344827586,550.0600000000001,18.967586206896552,20.25760750490196,24,347,173.5,0.1729106628242075,275.03000000000003,502.1049522547973,Medium Value
17236.0,2010-12-12 11:49:00,2011-11-27 12:00:00,6,474,4.514285714285714,2.6937142857142855,916.13,8.725047619047618,9.824220572314118,12,350,58.333333333333336,0.5142857142857143,152.68833333333333,926.7892893174607,High Value
17237.0,2011-11-17 12:55:00,2011-11-28 15:02:00,2,105,5.526315789473684,3.2257894736842103,314.69,16.562631578947368,20.465086758266914,10,11,5.5,5.454545454545455,157.345,300.4242261288944,Low Value
17238.0,2010-12-03 15:05:00,2011-12-07 11:35:00,17,1822,3.2190812720848054,2.688268551236749,3744.65,6.615989399293286,5.499909475672797,2,368,21.647058823529413,1.3858695652173911,220.2735294117647,3219.7866581746034,VIP
17239.0,2011-01-31 09:41:00,2011-01-31 09:41:00,1,150,10.0,4.066666666666666,382.5,25.5,16.23953509186763,312,0,0.0,0.0,382.5,356.9709502142073,Medium Value
17242.0,2011-06-12 13:04:00,2011-08-23 14:55:00,2,611,15.275,2.14775,1135.04,28.375999999999998,17.18384763337884,107,72,36.0,0.8333333333333334,567.52,830.7774110671521,High Value
17243.0,2010-12-05 10:03:00,2011-12-08 13:26:00,26,3370,8.425,4.198025,8676.85,21.692125,26.86324901428313,0,368,14.153846153846153,2.119565217391304,333.725,8419.698069177492,VIP
17244.0,2011-10-17 15:19:00,2011-10-17 15:19:00,1,616,19.870967741935484,1.7067741935483869,954.9,30.80322580645161,32.691776579347575,52,0,0.0,0.0,954.9,779.3493569102125,High Value
17245.0,2011-05-19 10:43:00,2011-05-19 10:43:00,1,75,8.333333333333334,2.9055555555555554,171.45000000000002,19.05,7.198437330421097,204,0,0.0,0.0,171.45000000000002,160.05021529077163,Low Value
17247.0,2011-11-24 15:21:00,2011-11-24 15:21:00,1,106,1.9272727272727272,3.282,282.19,5.130727272727273,5.365418369157645,14,0,0.0,0.0,282.19,270.55591109182376,Low Value
17248.0,2011-08-11 13:34:00,2011-08-11 13:34:00,1,213,3.0869565217391304,1.905217391304348,318.65,4.618115942028985,7.162895051288377,119,0,0.0,0.0,318.65,329.9277960701433,Medium Value
17250.0,2011-03-23 16:45:00,2011-12-06 12:15:00,2,168,2.9473684210526314,3.0140350877192983,384.52,6.7459649122807015,8.317515910854532,3,257,128.5,0.23346303501945526,192.26,364.83044623963457,Medium Value
17251.0,2010-12-12 11:06:00,2010-12-12 11:06:00,1,110,2.8205128205128207,3.503589743589744,283.28000000000003,7.263589743589744,4.332513848600267,362,0,0.0,0.0,283.28000000000003,273.44308693771507,Low Value
17252.0,2011-06-06 16:41:00,2011-08-15 09:45:00,2,193,2.218390804597701,2.7728735632183907,353.86,4.067356321839081,3.0798366989969845,116,69,34.5,0.8695652173913044,176.93,365.79893489126175,Medium Value
17253.0,2011-11-21 12:59:00,2011-11-21 12:59:00,1,43,2.388888888888889,5.614444444444445,178.26,9.903333333333332,4.937136583796201,17,0,0.0,0.0,178.26,189.07186641624116,Low Value
17254.0,2011-11-24 14:09:00,2011-12-05 12:46:00,2,252,2.25,1.5055357142857144,272.44,2.4325,2.841762395682213,4,10,5.0,6.0,136.22,262.9759944841269,Low Value
17255.0,2011-02-13 15:18:00,2011-10-30 12:18:00,2,232,2.9743589743589745,1.9242307692307692,298.41,3.825769230769231,3.7549612269880788,40,258,129.0,0.23255813953488372,149.205,334.2764794528081,Medium Value
17256.0,2011-01-31 14:53:00,2011-08-24 13:30:00,2,141,8.8125,2.448125,240.0,15.0,23.111555551282137,106,204,102.0,0.29411764705882354,120.0,257.5621971326587,Low Value
17259.0,2010-12-06 12:55:00,2011-07-14 15:01:00,2,410,3.306451612903226,2.3345967741935483,603.37,4.865887096774194,4.92000016724449,147,220,110.0,0.27272727272727276,301.685,610.0160058056232,Medium Value
17262.0,2010-12-08 13:30:00,2011-10-18 12:56:00,5,367,30.583333333333332,4.0275,1253.3600000000001,104.44666666666667,121.72664437794694,51,313,62.6,0.4792332268370607,250.67200000000003,1188.2781018362198,High Value
17263.0,2011-05-15 14:32:00,2011-05-15 14:32:00,1,36,1.565217391304348,2.011304347826087,63.440000000000005,2.7582608695652175,1.8700356150568438,207,0,0.0,0.0,63.440000000000005,66.78255147907649,Low Value
17265.0,2011-06-12 12:00:00,2011-07-24 10:49:00,2,394,3.1023622047244093,2.3281889763779526,562.9,4.432283464566929,3.709289323319157,138,41,20.5,1.4634146341463414,281.45,575.4356288720843,Medium Value
17266.0,2011-07-15 11:57:00,2011-12-07 14:12:00,3,161,2.0125,2.5951250000000003,310.64,3.883,3.3025269956447025,1,145,48.333333333333336,0.6206896551724138,103.54666666666667,306.92834589842585,Low Value
17267.0,2011-08-04 17:19:00,2011-08-04 17:22:00,2,159,4.184210526315789,3.401315789473684,317.62,8.358421052631579,11.01961777095391,126,0,0.0,0.0,158.81,365.38591791978877,Medium Value
17268.0,2011-04-08 13:20:00,2011-08-24 10:06:00,4,844,140.66666666666666,1.0066666666666666,763.64,127.27333333333333,104.56173959277201,107,137,34.25,0.8759124087591241,190.91,756.0032188888889,High Value
17272.0,2011-03-22 12:05:00,2011-10-28 16:37:00,4,1778,15.596491228070175,1.8583333333333334,2148.63,18.847631578947368,17.67160540821837,41,220,55.0,0.5454545454545455,537.1575,2033.9344131349217,VIP
17274.0,2011-11-04 13:16:00,2011-11-04 13:16:00,1,79,2.925925925925926,1.744074074074074,111.98,4.147407407407408,5.333642565821505,34,0,0.0,0.0,111.98,118.87596699499414,Low Value
17277.0,2011-01-21 12:37:00,2011-04-26 12:47:00,2,430,6.231884057971015,3.351594202898551,1065.3500000000001,15.43985507246377,11.93004579311186,227,95,47.5,0.6315789473684211,532.6750000000001,1002.0173141202181,High Value
17278.0,2011-04-12 13:10:00,2011-04-12 13:10:00,1,179,11.933333333333334,4.753333333333334,246.04000000000002,16.40266666666667,8.768160310925847,240,0,0.0,0.0,246.04000000000002,299.0144990415142,Low Value
17279.0,2011-10-13 11:58:00,2011-10-13 11:58:00,1,48,5.333333333333333,6.736666666666666,187.82999999999998,20.869999999999997,26.1326562943762,57,0,0.0,0.0,187.82999999999998,220.14130205556506,Low Value
17282.0,2011-02-13 11:36:00,2011-08-01 14:29:00,3,1877,19.96808510638298,2.3886170212765956,1703.41,18.121382978723407,44.88672173805283,129,169,56.333333333333336,0.5325443786982248,567.8033333333334,1901.6924460714297,VIP
17284.0,2011-01-07 14:31:00,2011-10-10 14:38:00,6,1364,4.671232876712328,1.6184246575342465,1652.58,5.659520547945205,5.456245745817502,59,276,46.0,0.6521739130434783,275.43,1744.0462980952382,VIP
17286.0,2011-11-18 12:47:00,2011-11-18 12:47:00,1,118,2.6222222222222222,1.8722222222222222,153.92,3.420444444444444,3.241695653060402,21,0,0.0,0.0,153.92,162.41704554858282,Low Value
17287.0,2010-12-02 12:22:00,2011-11-13 13:27:00,7,559,4.508064516129032,3.17258064516129,1064.11,8.581532258064515,9.178108989599504,25,346,49.42857142857143,0.6069364161849711,152.01571428571427,1139.6648207756132,High Value
17288.0,2010-12-16 13:33:00,2011-11-30 16:09:00,7,1203,8.471830985915492,2.674647887323944,1419.73,9.998098591549295,12.05714043071977,8,349,49.857142857142854,0.6017191977077364,202.81857142857143,1938.787085842681,VIP
17289.0,2011-06-12 13:51:00,2011-11-08 12:01:00,3,520,4.684684684684685,2.1884684684684688,944.41,8.508198198198198,12.437301534145961,31,148,49.333333333333336,0.6081081081081081,314.80333333333334,856.470729949261,High Value
17290.0,2011-11-23 15:53:00,2011-12-06 12:38:00,2,404,3.9607843137254903,2.572941176470588,525.24,5.149411764705882,5.284667121138885,3,12,6.0,5.0,262.62,568.2946900268779,Medium Value
17291.0,2011-02-04 13:04:00,2011-02-04 13:04:00,1,72,72.0,7.65,550.8000000000001,550.8000000000001,0.0,307,0,0.0,0.0,550.8000000000001,548.1053038827841,Medium Value
17293.0,2010-12-13 14:55:00,2011-12-01 14:37:00,9,1140,8.444444444444445,2.766074074074074,1875.11,13.889703703703702,13.945266994695526,7,352,39.111111111111114,0.7670454545454546,208.34555555555553,1917.5120165561334,VIP
17295.0,2011-10-06 12:22:00,2011-11-11 10:49:00,3,294,4.260869565217392,2.9497101449275362,556.95,8.071739130434784,6.4239425672570345,28,35,11.666666666666666,2.571428571428571,185.65,575.5329735485185,Medium Value
17297.0,2011-11-22 14:43:00,2011-11-22 14:43:00,1,67,1.3137254901960784,2.2054901960784314,131.78,2.583921568627451,2.5328608950602653,16,0,0.0,0.0,131.78,132.5006046305585,Low Value
17298.0,2011-08-07 12:21:00,2011-08-30 16:43:00,2,387,12.9,2.0803333333333334,498.42,16.614,17.440858212038012,100,23,11.5,2.608695652173913,249.21,533.5654493452381,Medium Value
17299.0,2011-06-19 16:04:00,2011-11-28 12:01:00,4,678,11.894736842105264,1.6266666666666667,669.11,11.738771929824562,11.295614362311381,11,161,40.25,0.7453416149068324,167.2775,708.8620867466014,High Value
17301.0,2011-11-18 13:43:00,2011-11-18 13:43:00,1,149,2.257575757575758,1.910909090909091,197.63,2.994393939393939,2.709168551866835,20,0,0.0,0.0,197.63,199.88320837496585,Low Value
17302.0,2011-02-07 10:14:00,2011-11-25 09:36:00,5,575,7.2784810126582276,2.506582278481013,1135.63,14.375063291139242,14.714734188544917,14,290,58.0,0.5172413793103449,227.12600000000003,1136.1248313708518,High Value
17303.0,2010-12-13 13:32:00,2010-12-13 13:32:00,1,144,2.7169811320754715,2.940943396226415,250.04,4.717735849056604,4.045409383823667,360,0,0.0,0.0,250.04,281.40206908793823,Low Value
17306.0,2010-12-21 13:34:00,2011-11-29 12:14:00,19,11491,174.1060606060606,1.558030303030303,8631.31,130.77742424242425,71.67516742618113,10,342,18.0,1.6666666666666665,454.2794736842105,15562.041879095186,VIP
17309.0,2011-09-05 15:20:00,2011-09-05 15:20:00,1,41,3.4166666666666665,2.9375,82.75,6.895833333333333,3.87600182553042,94,0,0.0,0.0,82.75,97.28791769525986,Low Value
17311.0,2011-01-27 10:56:00,2011-09-22 14:11:00,2,1005,18.272727272727273,3.0627272727272725,1384.85,25.179090909090906,21.06399915185529,77,238,119.0,0.25210084033613445,692.425,1437.7298070310248,High Value
17312.0,2011-07-03 13:12:00,2011-07-24 11:52:00,3,372,26.571428571428573,2.305,644.3,46.021428571428565,85.21574365710228,138,20,6.666666666666667,4.5,214.76666666666665,643.9139436904759,Medium Value
17313.0,2011-11-08 15:45:00,2011-11-08 15:45:00,1,1402,58.416666666666664,2.1425,2328.84,97.03500000000001,63.955690979737305,30,0,0.0,0.0,1786.2049999999992,1803.4311504761904,VIP
17314.0,2011-01-31 11:25:00,2011-11-15 09:41:00,8,1896,14.473282442748092,2.458091603053435,2527.92,19.297099236641223,11.842505808676554,24,287,35.875,0.8362369337979094,315.99,2632.739280595238,VIP
17315.0,2010-12-17 12:24:00,2011-12-08 12:15:00,30,3888,8.219873150105709,2.75061310782241,6292.26,13.302875264270613,20.281803164331727,1,355,9.342105263157896,3.2112676056338025,165.58578947368423,6121.193959523808,VIP
17317.0,2011-09-11 12:45:00,2011-10-24 17:19:00,3,1146,127.33333333333333,3.2244444444444444,2600.34,288.9266666666667,204.6930560619974,45,43,14.333333333333334,2.0930232558139537,866.7800000000001,2298.5594158766235,VIP
17320.0,2010-12-06 15:38:00,2011-08-31 13:31:00,3,634,8.684931506849315,3.742191780821918,1200.6200000000001,16.446849315068494,11.628478079065724,99,267,89.0,0.33707865168539325,400.2066666666667,1247.2920004945631,High Value
17321.0,2011-10-03 11:34:00,2011-12-01 13:41:00,2,373,3.485981308411215,2.766728971962617,700.86,6.550093457943925,7.763100855769141,7,59,29.5,1.0169491525423728,350.43,625.5931190180657,Medium Value
17323.0,2011-02-20 14:38:00,2011-11-24 17:29:00,7,776,3.88,1.4286500000000002,921.0699999999999,4.60535,3.211510998262313,14,277,39.57142857142857,0.7581227436823106,131.58142857142857,882.475439325397,High Value
17324.0,2010-12-08 12:45:00,2011-11-22 10:34:00,4,844,16.88,2.7656,990.23,19.8046,31.038361597433926,17,348,87.0,0.3448275862068966,247.5575,1109.0232605158726,High Value
17325.0,2011-03-04 13:09:00,2011-03-04 13:09:00,1,60,10.0,1.633333333333333,96.8,16.133333333333333,3.4644864939362474,279,0,0.0,0.0,96.8,99.26776249819625,Low Value
17329.0,2011-01-28 15:29:00,2011-11-25 14:24:00,2,142,4.303030303030303,4.12939393939394,523.11,15.851818181818182,16.10725350085821,13,300,150.0,0.2,261.555,484.80705340359464,Medium Value
17330.0,2011-10-03 11:26:00,2011-11-17 08:56:00,2,120,20.0,4.488333333333333,363.9,60.65,21.53859326882793,22,44,22.0,1.3636363636363638,181.95,464.8762988492064,Medium Value
17331.0,2011-08-08 11:55:00,2011-08-08 11:55:00,1,16,16.0,10.95,175.2,175.2,0.0,123,0,0.0,0.0,175.2,180.1732798545606,Low Value
17333.0,2011-09-15 10:11:00,2011-09-15 10:11:00,1,375,13.392857142857142,1.772142857142857,494.25,17.651785714285715,9.9163647212935,85,0,0.0,0.0,494.25,487.3265420418471,Medium Value
17334.0,2011-02-04 09:03:00,2011-02-10 14:59:00,2,315,28.636363636363637,1.3527272727272728,307.02000000000004,27.910909090909094,18.252919467605974,301,6,3.0,10.0,153.51000000000002,335.11670687229423,Medium Value
17337.0,2011-02-02 17:06:00,2011-07-11 14:55:00,4,1269,2.3370165745856353,2.2972375690607736,2027.8700000000001,3.7345672191528547,4.516596797335172,150,158,39.5,0.759493670886076,506.96750000000003,1919.686219642857,VIP
17338.0,2010-12-13 12:57:00,2011-11-22 14:23:00,8,3128,4.154050464807437,2.779442231075697,6643.93,8.8232802124834,6.9744036004722885,16,344,43.0,0.6976744186046512,830.49125,5923.26583501443,VIP
17339.0,2010-12-09 14:44:00,2011-09-06 13:29:00,2,152,16.88888888888889,2.9522222222222223,243.36,27.040000000000003,22.97435962110805,93,270,135.0,0.2222222222222222,121.68,325.7416196484169,Medium Value
17340.0,2010-12-08 15:56:00,2011-11-10 10:45:00,11,5967,14.660933660933662,3.148869778869779,12353.29,30.352063882063884,25.578436166331997,29,336,30.545454545454547,0.9821428571428572,1123.0263636363636,11775.594237079367,VIP
17341.0,2010-12-08 12:46:00,2011-07-06 12:33:00,3,489,2.6721311475409837,2.1207650273224044,781.36,4.2697267759562845,6.414963570999148,156,209,69.66666666666667,0.43062200956937796,260.4533333333333,762.2584166183665,High Value
17343.0,2010-12-19 15:07:00,2010-12-19 15:07:00,1,56,3.2941176470588234,4.70235294117647,193.64,11.390588235294118,9.636694499793636,354,0,0.0,0.0,193.64,176.45563575960492,Low Value
17344.0,2011-10-24 12:56:00,2011-10-24 12:56:00,1,66,2.0625,2.8334375,160.57,5.0178125,5.625475311459354,45,0,0.0,0.0,160.57,165.37293141732235,Low Value
17345.0,2011-05-27 12:26:00,2011-11-24 15:03:00,4,346,3.9770114942528734,2.7472413793103447,537.74,6.180919540229885,6.924445680473134,14,181,45.25,0.6629834254143646,134.435,612.5102318130579,Medium Value
17346.0,2010-12-01 14:34:00,2011-12-06 12:18:00,15,1657,3.314,2.39966,2676.56,5.35312,5.976819975508656,3,369,24.6,1.2195121951219512,178.43733333333333,2839.2371914341215,VIP
17347.0,2011-09-14 13:12:00,2011-09-14 13:12:00,1,216,216.0,1.06,228.96,228.96,0.0,85,0,0.0,0.0,228.96,218.07242490842492,Low Value
17348.0,2011-02-15 10:49:00,2011-11-25 11:25:00,5,1401,6.5162790697674415,1.6951627906976743,1159.52,5.393116279069767,5.755465672144907,14,283,56.6,0.5300353356890459,231.904,1391.0785788028634,High Value
17349.0,2011-06-13 14:29:00,2011-06-13 14:29:00,1,112,12.444444444444445,3.0877777777777777,110.75,12.305555555555555,12.013987796638457,178,0,0.0,0.0,110.75,127.59334039682538,Low Value
17350.0,2011-10-19 16:05:00,2011-12-01 15:47:00,4,795,11.19718309859155,2.4407042253521127,1286.07,18.113661971830986,17.56060796534892,7,42,10.5,2.857142857142857,321.5175,1231.2501373446003,High Value
17351.0,2011-03-11 16:05:00,2011-11-03 18:45:00,3,113,4.185185185185185,5.725555555555555,587.15,21.746296296296297,27.646901084952358,35,237,79.0,0.37974683544303794,195.71666666666667,538.7391445992064,Medium Value
17353.0,2011-07-08 16:17:00,2011-08-02 17:19:00,2,1200,150.0,1.45,1740.0,217.5,0.0,128,25,12.5,2.4,870.0,1592.7997913492063,High Value
17354.0,2011-10-20 10:34:00,2011-10-20 10:34:00,1,1006,62.875,1.4068749999999999,1393.06,87.06625,69.00435724165057,50,0,0.0,0.0,1393.06,1223.3597357967028,High Value
17356.0,2011-02-01 11:07:00,2011-02-01 11:07:00,1,166,8.736842105263158,1.121578947368421,178.22,9.38,8.282790055960074,311,0,0.0,0.0,178.22,163.75127033846874,Low Value
17357.0,2011-11-15 16:29:00,2011-11-15 16:30:00,2,153,3.4,3.4548888888888887,388.14,8.625333333333334,14.945527242136846,23,0,0.0,0.0,194.07,374.1517318578246,Medium Value
17358.0,2010-12-19 14:16:00,2011-02-09 16:57:00,2,202,3.4237288135593222,2.692372881355932,365.85,6.200847457627119,4.8765672239929945,302,52,26.0,1.1538461538461537,182.925,369.3831516671694,Medium Value
17359.0,2011-11-28 14:37:00,2011-11-28 14:37:00,1,161,10.733333333333333,2.104,127.86,8.524,9.331778884160142,10,0,0.0,0.0,127.86,152.16606026076187,Low Value
17360.0,2011-06-08 17:09:00,2011-11-22 13:11:00,3,335,2.537878787878788,2.8299242424242426,585.79,4.43780303030303,3.9440401098857616,16,166,55.333333333333336,0.5421686746987951,195.26333333333332,621.3563146130077,Medium Value
17361.0,2011-02-21 09:55:00,2011-10-21 15:43:00,3,157,5.413793103448276,4.833793103448276,488.2,16.834482758620688,11.847656364448172,48,242,80.66666666666667,0.37190082644628103,162.73333333333332,480.4780558038286,Medium Value
17362.0,2011-02-03 10:26:00,2011-04-14 14:43:00,2,191,5.457142857142857,2.991142857142857,312.23,8.920857142857143,7.438521109906256,238,70,35.0,0.8571428571428571,156.115,345.1513556587397,Medium Value
17364.0,2011-01-12 16:57:00,2011-12-09 09:00:00,11,2701,6.571776155717761,2.703065693430657,4481.18,10.903114355231144,10.162038351033058,0,330,30.0,1.0,407.38000000000005,4453.5139978968255,VIP
17365.0,2011-01-11 12:11:00,2011-11-27 12:13:00,8,4777,10.207264957264957,1.9343803418803418,4801.56,10.259743589743591,8.82562234543378,12,320,40.0,0.75,600.195,5399.983495266957,VIP
17367.0,2011-04-15 14:21:00,2011-04-15 14:21:00,1,150,4.411764705882353,1.8961764705882354,168.4,4.952941176470588,4.465538434678002,237,0,0.0,0.0,168.4,185.9385446139079,Low Value
17368.0,2011-01-06 11:57:00,2011-11-16 15:26:00,8,1391,12.531531531531531,2.488468468468468,1912.67,17.231261261261263,39.11950264875139,22,314,39.25,0.7643312101910827,239.08375,2164.515050239899,VIP
17370.0,2011-06-23 11:50:00,2011-09-28 10:14:00,4,540,16.363636363636363,1.396969696969697,446.18,13.520606060606061,5.09686542113995,72,96,24.0,1.25,111.545,504.1957844444443,Medium Value
17371.0,2010-12-13 15:20:00,2011-11-22 13:30:00,3,152,1.7471264367816093,3.1804597701149424,423.89,4.872298850574713,7.499046094554591,16,343,114.33333333333333,0.26239067055393583,141.29666666666665,406.4015057234433,Medium Value
17372.0,2010-12-12 12:00:00,2011-10-30 11:37:00,8,749,2.960474308300395,2.326600790513834,1342.68,5.30703557312253,4.63159854328825,40,321,40.125,0.7476635514018692,167.835,1275.6872641075595,High Value
17373.0,2011-01-31 11:46:00,2011-10-30 15:28:00,4,408,7.157894736842105,1.8789473684210525,646.92,11.349473684210526,8.080599655314803,39,272,68.0,0.4411764705882353,161.73,641.3491528192484,Medium Value
17374.0,2011-03-03 12:53:00,2011-05-05 09:05:00,2,85,3.0357142857142856,7.0996428571428565,495.77,17.706071428571427,5.553556977813418,218,62,31.0,0.9677419354838709,247.885,418.19959763347754,Medium Value
17375.0,2010-12-13 15:16:00,2011-05-24 15:45:00,3,367,5.318840579710145,2.7102898550724634,400.1,5.798550724637681,4.109335596563427,198,162,54.0,0.5555555555555555,133.36666666666667,538.3018552098188,Medium Value
17376.0,2011-02-01 14:12:00,2011-09-30 12:36:00,2,86,3.5833333333333335,3.454166666666667,203.2,8.466666666666667,4.636543565187764,70,240,120.0,0.25,101.6,230.07939241266183,Low Value
17377.0,2010-12-01 12:35:00,2011-11-16 11:17:00,20,2076,4.966507177033493,2.604186602870813,4100.92,9.810813397129186,13.306493062042302,23,349,17.45,1.7191977077363898,205.046,4237.048568214286,VIP
17379.0,2011-11-28 13:56:00,2011-11-28 13:56:00,1,663,7.9879518072289155,1.3718072289156626,404.66,4.875421686746988,4.983323971789979,10,0,0.0,0.0,404.66,495.9789442424241,Medium Value
17381.0,2010-12-02 12:58:00,2011-12-01 11:59:00,29,25493,236.0462962962963,1.2689814814814815,16525.23879999992,175.45935185185186,143.8697331101419,8,363,12.517241379310345,2.396694214876033,653.4348275862069,15716.461894933274,VIP
17382.0,2011-10-05 13:05:00,2011-10-05 13:05:00,1,25,12.5,8.55,65.4,32.7,25.031580054003786,64,0,0.0,0.0,65.4,91.66675690443414,Low Value
17383.0,2011-12-05 17:36:00,2011-12-05 17:36:00,1,150,2.9411764705882355,1.8564705882352943,199.29,3.9076470588235295,3.9525928645562747,3,0,0.0,0.0,199.29,195.7770978217246,Low Value
17384.0,2011-05-04 16:07:00,2011-11-20 15:48:00,2,88,5.866666666666666,3.2493333333333334,336.4,22.426666666666666,53.12512166932846,18,199,99.5,0.3015075376884422,168.2,293.7894673764588,Low Value
17385.0,2011-11-25 11:02:00,2011-11-25 11:02:00,1,201,4.276595744680851,1.92,261.11,5.555531914893617,4.533361267848489,14,0,0.0,0.0,261.11,272.72679325662637,Low Value
17386.0,2011-06-27 12:11:00,2011-12-02 11:28:00,6,1902,67.92857142857143,1.6421428571428573,2686.42,95.94357142857143,156.34576639056772,7,157,26.166666666666668,1.1464968152866242,447.7366666666667,2489.4408295238095,VIP
17387.0,2011-11-06 11:25:00,2011-11-20 11:00:00,2,542,6.948717948717949,2.417692307692308,784.11,10.052692307692308,8.782879992862874,19,13,6.5,4.615384615384615,392.055,768.1530993890754,High Value
17388.0,2011-02-25 12:28:00,2011-09-23 10:31:00,4,1068,71.2,4.6979999999999995,1259.56,83.97066666666666,142.26548569822683,77,209,52.25,0.5741626794258373,314.89,2058.4080377344876,VIP
17389.0,2011-01-12 15:48:00,2011-12-09 09:38:00,30,7516,35.45283018867924,5.664009433962264,16525.23879999992,145.20037735849056,162.83604001516068,0,330,9.705882352941176,3.090909090909091,905.3670588235294,15386.655534074565,VIP
17391.0,2011-06-28 12:21:00,2011-06-29 09:58:00,2,480,160.0,1.06,508.8,169.6,58.75116339273632,163,0,0.0,0.0,254.4,395.8397459523809,Medium Value
17392.0,2010-12-16 19:04:00,2011-02-06 12:48:00,2,320,5.161290322580645,3.4179032258064517,457.91,7.385645161290323,7.284604835523359,306,51,25.5,1.1764705882352942,228.955,654.3664594708792,Medium Value
17394.0,2011-05-04 13:22:00,2011-05-04 13:22:00,1,241,60.25,3.4425,203.86999999999998,50.967499999999994,70.36217893868836,218,0,0.0,0.0,203.86999999999998,395.20065083333327,Medium Value
17396.0,2010-12-03 09:45:00,2011-10-31 14:12:00,8,1893,72.8076923076923,4.165,6104.4,234.78461538461536,154.6135891629392,38,332,41.5,0.7228915662650602,763.05,4680.669137738096,VIP
17397.0,2011-11-17 13:58:00,2011-11-17 14:08:00,2,254,2.760869565217391,3.074782608695652,696.41,7.569673913043478,7.933330502350937,21,0,0.0,0.0,348.205,622.3712105142307,Medium Value
17398.0,2011-03-29 13:04:00,2011-08-17 09:48:00,3,310,8.157894736842104,4.841578947368421,653.38,17.19421052631579,8.113940833304905,114,140,46.666666666666664,0.6428571428571428,217.79333333333332,679.0959283848669,High Value
17400.0,2010-12-21 17:16:00,2011-08-05 15:38:00,5,1097,5.150234741784038,3.355680751173709,2129.96,9.99981220657277,8.214042564266766,125,226,45.2,0.6637168141592921,425.992,2143.533420394328,VIP
17402.0,2010-12-05 13:53:00,2011-12-05 10:15:00,13,701,11.88135593220339,5.860169491525424,2633.85,44.641525423728815,64.55136884719607,4,364,28.0,1.0714285714285714,202.60384615384615,2655.188161803751,VIP
17403.0,2011-11-03 15:18:00,2011-11-03 15:18:00,1,117,3.5454545454545454,3.1360606060606058,281.62,8.533939393939393,7.731289082113806,35,0,0.0,0.0,281.62,270.12571357422695,Low Value
17404.0,2010-12-17 10:54:00,2011-12-05 16:26:00,14,32508,165.01522842639594,2.17994923857868,16525.23879999992,155.93309644670052,122.84081926464023,3,353,25.214285714285715,1.1898016997167138,1786.2049999999992,16123.635880161843,VIP
17405.0,2011-07-12 14:17:00,2011-12-08 17:12:00,3,726,8.853658536585366,3.1534146341463414,1031.41,12.578170731707319,8.139991374407536,0,149,49.666666666666664,0.6040268456375839,343.80333333333334,1149.3334555844156,High Value
17406.0,2010-12-08 10:35:00,2011-01-10 15:07:00,3,787,6.964601769911504,6.764955752212389,2200.42,19.47274336283186,39.634488459452555,332,33,11.0,2.727272727272727,733.4733333333334,2169.1574090873014,VIP
17408.0,2011-06-29 12:53:00,2011-06-29 12:53:00,1,3,1.5,11.35,32.65,16.325,5.055813485483814,162,0,0.0,0.0,32.65,30.76002238095238,Low Value
17409.0,2011-04-05 16:42:00,2011-06-08 10:36:00,2,105,8.076923076923077,7.625384615384615,771.85,59.37307692307692,39.13133130553559,184,63,31.5,0.9523809523809523,385.925,617.6232257142858,Medium Value
17410.0,2011-05-08 15:21:00,2011-11-23 15:46:00,5,616,9.625,3.48953125,1214.72,18.98,10.461742396381874,15,199,39.8,0.7537688442211055,242.94400000000002,1206.1569654716823,High Value
17411.0,2011-03-23 13:44:00,2011-11-27 14:25:00,3,306,7.463414634146342,4.144146341463415,778.94,18.998536585365855,9.545889576402928,11,249,83.0,0.36144578313253006,259.6466666666667,778.6935532163013,High Value
17412.0,2010-12-02 16:29:00,2011-12-07 11:36:00,7,738,11.181818181818182,2.721060606060606,1258.06,19.061515151515152,7.501900526876608,2,369,52.714285714285715,0.5691056910569106,179.72285714285712,1298.9577956543462,High Value
17414.0,2011-06-08 11:43:00,2011-10-27 12:13:00,2,2100,350.0,0.425,778.0,129.66666666666666,152.52507553404675,43,141,70.5,0.425531914893617,389.0,945.0781903571427,High Value
17415.0,2011-09-21 12:50:00,2011-09-21 12:50:00,1,114,8.142857142857142,13.96642857142857,507.84,36.27428571428571,42.50745757453096,79,0,0.0,0.0,507.84,519.7866439502162,Medium Value
17416.0,2011-03-03 13:45:00,2011-11-10 12:47:00,7,4302,15.992565055762082,2.3484758364312266,6893.42,25.626096654275095,26.796062837432615,29,251,35.857142857142854,0.8366533864541832,984.7742857142857,6393.572732528859,VIP
17418.0,2011-01-20 11:39:00,2011-10-28 13:00:00,2,289,9.633333333333333,2.941666666666667,463.46000000000004,15.448666666666668,8.125170229870129,41,281,140.5,0.21352313167259784,231.73000000000002,501.20727283203263,Medium Value
17419.0,2010-12-07 15:03:00,2011-11-28 13:47:00,12,1876,9.106796116504855,4.12121359223301,4226.57,20.517330097087378,10.934805390788023,10,355,29.583333333333332,1.0140845070422535,352.21416666666664,4321.296061984125,VIP
17420.0,2010-12-01 09:56:00,2011-10-20 14:52:00,3,265,8.833333333333334,3.881333333333333,598.83,19.961000000000002,5.365604603268927,49,323,107.66666666666667,0.2786377708978328,199.61,593.201445696423,Medium Value
17422.0,2011-02-16 14:44:00,2011-11-23 13:27:00,6,2253,19.256410256410255,1.4844444444444445,1979.37,16.917692307692306,10.800051834535202,15,279,46.5,0.6451612903225806,329.895,2000.934193214286,VIP
17423.0,2011-05-06 09:14:00,2011-10-24 13:36:00,2,459,17.653846153846153,2.2849999999999997,698.41,26.861923076923077,25.352882916028427,45,171,85.5,0.3508771929824561,349.205,670.1320755405532,Medium Value
17425.0,2011-10-10 11:37:00,2011-11-20 15:30:00,2,407,9.465116279069768,2.670930232558139,759.1700000000001,17.65511627906977,9.428552979947723,18,41,20.5,1.4634146341463414,379.58500000000004,739.7772847923006,High Value
17426.0,2011-03-02 16:34:00,2011-12-01 18:07:00,6,3094,11.416974169741698,3.014686346863469,5037.26,18.58767527675277,16.093826563764583,7,274,45.666666666666664,0.6569343065693432,839.5433333333334,5095.013033831169,VIP
17427.0,2011-09-29 11:29:00,2011-09-29 11:29:00,1,34,17.0,4.165,100.8,50.4,28.84995667241114,71,0,0.0,0.0,100.8,108.35770080344417,Low Value
17428.0,2010-12-06 09:37:00,2011-12-09 09:45:00,28,9474,28.884146341463413,3.572774390243903,16525.23879999992,52.61234756097561,55.11506386191242,0,368,13.142857142857142,2.282608695652174,616.3160714285714,16176.448801173688,VIP
17429.0,2011-05-05 09:53:00,2011-08-03 13:22:00,3,624,16.0,2.086153846153846,524.9200000000001,13.459487179487182,7.029301435951007,127,90,30.0,1.0,174.97333333333336,635.7825473321125,Medium Value
17430.0,2010-12-09 13:05:00,2011-11-07 09:24:00,2,190,13.571428571428571,1.997857142857143,265.76,18.982857142857142,8.27028734369325,32,332,166.0,0.18072289156626506,132.88,286.9293852359731,Low Value
17431.0,2011-01-30 14:36:00,2011-01-30 14:36:00,1,292,6.790697674418604,1.9611627906976743,403.3,9.37906976744186,8.21637876843839,312,0,0.0,0.0,403.3,358.7648671697727,Medium Value
17432.0,2011-11-02 17:30:00,2011-11-21 17:33:00,2,207,4.3125,2.5272916666666667,365.76,7.62,7.420088030675831,17,19,9.5,3.1578947368421053,182.88,369.49968784626805,Medium Value
17433.0,2011-09-12 14:24:00,2011-09-12 14:24:00,1,185,3.425925925925926,2.4059259259259256,303.16,5.614074074074074,2.9655560543329202,87,0,0.0,0.0,303.16,284.1333496120123,Low Value
17434.0,2011-09-15 13:54:00,2011-12-07 13:16:00,7,1693,12.634328358208956,2.741044776119403,2373.82,17.715074626865672,12.168506605245677,1,82,11.714285714285714,2.5609756097560976,339.1171428571429,2440.75147741342,VIP
17436.0,2011-04-27 11:33:00,2011-12-08 12:30:00,2,90,10.0,2.4277777777777776,216.3,24.033333333333335,10.93503543661382,1,225,112.5,0.26666666666666666,108.15,195.92425974792425,Low Value
17438.0,2011-03-31 10:26:00,2011-03-31 10:26:00,1,103,6.0588235294117645,5.238235294117647,388.45000000000005,22.85,8.582048852109851,253,0,0.0,0.0,388.45000000000005,350.44664766366395,Medium Value
17440.0,2011-04-06 12:05:00,2011-07-06 11:54:00,3,246,49.2,0.678,186.42000000000002,37.284000000000006,37.60304881256306,156,90,30.0,1.0,62.14000000000001,204.4091049025974,Low Value
17442.0,2011-02-22 13:02:00,2011-11-03 09:17:00,6,1496,11.08148148148148,2.5273333333333334,2248.56,16.656,6.002087597027225,36,253,42.166666666666664,0.7114624505928854,374.76,2240.4444865458167,VIP
17443.0,2011-05-04 10:47:00,2011-05-04 10:47:00,1,504,504.0,1.06,534.24,534.24,0.0,219,0,0.0,0.0,534.24,471.95415888888886,Medium Value
17444.0,2011-06-20 09:04:00,2011-07-15 12:05:00,3,2119,15.696296296296296,6.547407407407408,2940.04,21.778074074074073,47.08854353326321,147,25,8.333333333333334,3.5999999999999996,980.0133333333333,4170.924723015872,VIP
17446.0,2011-02-02 14:40:00,2011-06-16 10:42:00,2,198,22.0,0.7722222222222223,120.89999999999999,13.433333333333332,0.7000000000000003,176,133,66.5,0.45112781954887216,60.449999999999996,134.96060900432897,Low Value
17447.0,2011-09-29 10:10:00,2011-10-30 14:18:00,2,443,12.305555555555555,1.6922222222222223,541.53,15.042499999999999,7.787466624555861,39,31,15.5,1.9354838709677418,270.765,536.286982742127,Medium Value
17449.0,2010-12-15 10:57:00,2011-12-07 16:56:00,7,1122,4.050541516245487,3.4911552346570396,2520.86,9.10057761732852,6.069630598906197,1,357,51.0,0.5882352941176471,360.1228571428572,2497.635414198768,VIP
17450.0,2010-12-07 09:23:00,2011-12-01 13:29:00,30,27439,102.00371747211896,3.37,16525.23879999992,255.57267657992566,221.47007896416002,7,359,9.205128205128204,3.2590529247910864,1762.7961538461539,16491.240341333265,VIP
17451.0,2011-08-26 11:54:00,2011-12-08 15:02:00,7,1203,12.03,2.2744,1721.4,17.214000000000002,7.543136287414211,0,104,14.857142857142858,2.019230769230769,245.91428571428574,1724.9480712554114,VIP
17453.0,2011-10-06 17:02:00,2011-11-22 09:42:00,2,219,11.526315789473685,3.4231578947368417,486.72,25.61684210526316,18.632280844643912,17,46,23.0,1.3043478260869565,243.36,460.9085430497201,Medium Value
17454.0,2010-12-15 10:54:00,2011-05-31 13:58:00,4,243,3.9836065573770494,2.6434426229508197,517.53,8.484098360655738,7.946580475703407,191,167,41.75,0.718562874251497,129.3825,500.4964426190474,Medium Value
17455.0,2011-05-20 12:31:00,2011-05-20 12:31:00,1,66,8.25,2.825,131.7,16.4625,2.2990292982660563,203,0,0.0,0.0,131.7,139.11878373527514,Low Value
17456.0,2010-12-09 15:23:00,2010-12-09 15:23:00,1,222,13.058823529411764,1.5076470588235293,249.86,14.69764705882353,7.008098466606122,364,0,0.0,0.0,249.86,255.38139143193763,Low Value
17457.0,2011-01-04 14:33:00,2011-08-05 12:48:00,5,826,43.473684210526315,3.221052631578947,1737.7,91.4578947368421,98.41166324165192,126,212,42.4,0.7075471698113208,347.54,1666.7169013750126,VIP
17458.0,2011-11-24 13:01:00,2011-11-24 13:01:00,1,170,3.1481481481481484,2.4331481481481485,316.5,5.861111111111111,4.214459237751231,14,0,0.0,0.0,316.5,283.04807771520785,Low Value
17459.0,2011-10-10 17:00:00,2011-10-27 13:25:00,2,537,4.837837837837838,1.9172072072072073,657.3,5.921621621621621,6.205466291254178,42,16,8.0,3.75,328.65,701.4580741801335,High Value
17460.0,2010-12-01 16:24:00,2011-09-06 15:04:00,6,236,8.137931034482758,4.310689655172414,622.4300000000001,21.463103448275863,8.538635765678045,93,278,46.333333333333336,0.6474820143884892,103.73833333333334,630.2297645905483,Medium Value
17461.0,2011-11-10 12:01:00,2011-11-17 10:21:00,3,799,7.198198198198198,2.4001801801801803,757.46,6.823963963963965,5.005901295521894,22,6,2.0,15.0,252.48666666666668,1025.5817227760524,High Value
17462.0,2011-02-28 17:01:00,2011-10-10 13:56:00,2,227,8.407407407407407,3.8862962962962966,675.69,25.025555555555556,22.00111436571642,59,223,111.5,0.26905829596412556,337.845,637.9482088059161,Medium Value
17463.0,2011-01-30 15:48:00,2011-11-23 13:40:00,5,1095,5.093023255813954,2.794604651162791,1896.41,8.820511627906978,6.325084035391998,15,296,59.2,0.5067567567567567,379.28200000000004,1875.0744754945063,VIP
17464.0,2011-07-04 13:19:00,2011-07-04 13:19:00,1,220,24.444444444444443,2.7211111111111115,289.96000000000004,32.21777777777778,25.30143463213983,157,0,0.0,0.0,289.96000000000004,341.50268447510825,Medium Value
17466.0,2011-09-22 09:16:00,2011-11-29 13:15:00,2,306,7.463414634146342,4.690975609756098,763.28,18.61658536585366,7.6398892694057094,9,68,34.0,0.8823529411764706,381.64,781.002502610576,High Value
17468.0,2011-11-25 12:52:00,2011-11-29 15:33:00,2,116,23.2,1.17,137.0,27.4,5.813776741499453,9,4,2.0,15.0,68.5,137.20702351551233,Low Value
17469.0,2011-05-19 08:55:00,2011-11-23 13:15:00,5,787,8.943181818181818,3.0990909090909096,1870.97,21.261022727272728,7.520719279579326,15,188,37.6,0.7978723404255319,374.194,1596.0868170404847,High Value
17470.0,2010-12-07 09:57:00,2011-10-26 12:42:00,5,1675,21.474358974358974,1.2026923076923077,1125.07,14.423974358974359,7.436190258309397,44,323,64.6,0.46439628482972134,225.01399999999998,1221.5570728751802,High Value
17472.0,2011-02-13 14:40:00,2011-06-01 14:57:00,3,462,2.552486187845304,2.055303867403315,710.29,3.9242541436464085,3.7415757407730057,190,108,36.0,0.8333333333333333,236.76333333333332,711.3693682717802,High Value
17475.0,2011-09-21 14:55:00,2011-09-21 14:55:00,1,178,12.714285714285714,1.7764285714285715,194.37,13.883571428571429,5.753291508937575,78,0,0.0,0.0,194.37,202.1186692517653,Low Value
17480.0,2011-09-23 11:39:00,2011-09-23 11:39:00,1,338,11.655172413793103,1.8,511.82,17.64896551724138,8.02829564941917,77,0,0.0,0.0,511.82,459.6176422016582,Medium Value
17481.0,2011-09-07 09:57:00,2011-12-06 12:28:00,4,1061,12.939024390243903,2.549390243902439,1255.59,15.312073170731706,6.56916322871065,3,90,22.5,1.3333333333333333,313.8975,1295.8499035711511,High Value
17483.0,2011-06-09 19:40:00,2011-10-05 13:10:00,3,191,9.095238095238095,3.264761904761905,414.04,19.716190476190476,8.955987090315883,64,117,39.0,0.7692307692307693,138.01333333333335,413.27353944338086,Medium Value
17486.0,2011-03-23 14:00:00,2011-03-23 14:00:00,1,191,7.958333333333333,2.89625,396.87,16.53625,4.668632434059018,260,0,0.0,0.0,396.87,396.6006324233774,Medium Value
17489.0,2011-05-11 11:34:00,2011-10-12 08:56:00,2,428,14.758620689655173,1.076896551724138,376.64,12.987586206896552,5.257246465031734,58,153,76.5,0.3921568627450981,188.32,370.6477874206347,Medium Value
17490.0,2011-06-16 09:15:00,2011-12-09 09:08:00,7,1134,14.921052631578947,3.0061842105263157,2092.32,27.530526315789476,27.485666562518812,0,175,25.0,1.2,298.90285714285716,2041.1966248351641,VIP
17491.0,2010-12-07 12:18:00,2011-12-08 16:18:00,10,2013,18.46788990825688,3.312935779816514,3558.87,32.65018348623853,25.929737003624478,0,366,36.6,0.819672131147541,355.887,4353.820006111112,VIP
17492.0,2011-04-05 15:21:00,2011-04-05 15:21:00,1,155,12.916666666666666,3.5233333333333334,374.57,31.214166666666667,17.300076961643494,247,0,0.0,0.0,374.57,367.08659368160596,Medium Value
17495.0,2011-11-01 12:06:00,2011-12-02 12:08:00,2,229,8.481481481481481,3.68,497.56,18.42814814814815,6.573525009774517,7,31,15.5,1.9354838709677418,248.78,514.5529456705922,Medium Value
17496.0,2010-12-16 08:39:00,2010-12-16 08:39:00,1,79,7.9,5.165,271.05,27.105,9.22281139349602,358,0,0.0,0.0,271.05,266.38908253809666,Low Value
17498.0,2011-09-25 12:25:00,2011-09-25 12:25:00,1,394,23.176470588235293,2.0194117647058825,272.21999999999997,16.012941176470587,6.715187790287292,75,0,0.0,0.0,272.21999999999997,380.66929132756127,Medium Value
17499.0,2011-02-23 09:14:00,2011-02-23 09:14:00,1,711,17.775,1.73825,622.88,15.572,9.36152359942355,289,0,0.0,0.0,622.88,662.0343274242425,Medium Value
17500.0,2011-11-10 09:08:00,2011-11-22 14:25:00,3,17,3.4,54.3,1138.0,227.6,213.46000796402123,16,12,4.0,7.5,379.3333333333333,705.8418722619048,High Value
17501.0,2011-05-03 09:46:00,2011-05-03 09:47:00,2,160,8.88888888888889,3.4944444444444445,288.6,16.033333333333335,4.6310016703288115,220,0,0.0,0.0,144.3,312.57467916952464,Medium Value
17502.0,2011-11-10 16:39:00,2011-11-30 13:13:00,4,376,13.428571428571429,2.8096428571428573,689.1,24.610714285714288,9.33146407018329,8,19,4.75,6.315789473684211,172.275,714.8580261063493,High Value
17503.0,2011-11-01 11:12:00,2011-12-07 09:18:00,2,486,12.789473684210526,2.3276315789473685,558.96,14.709473684210527,10.293772440988597,2,35,17.5,1.7142857142857142,279.48,590.1148599655096,Medium Value
17504.0,2011-01-21 11:09:00,2011-05-17 12:59:00,9,1664,13.10236220472441,3.409527559055118,2997.03,23.598661417322838,20.40508485345051,205,116,12.88888888888889,2.3275862068965516,333.00333333333333,3219.2000021544022,VIP
17505.0,2011-05-18 09:01:00,2011-07-01 12:50:00,2,556,10.692307692307692,2.9532692307692305,1145.8400000000001,22.03538461538462,10.767887891926254,161,44,22.0,1.3636363636363638,572.9200000000001,958.83344752886,High Value
17506.0,2011-09-25 11:39:00,2011-09-25 11:39:00,1,139,9.928571428571429,3.6342857142857143,302.2,21.585714285714285,7.825667545166517,75,0,0.0,0.0,302.2,314.89556529911965,Medium Value
17507.0,2011-02-03 18:08:00,2011-03-23 11:48:00,2,359,4.079545454545454,2.6617045454545454,605.58,6.881590909090909,4.212801750538672,261,47,23.5,1.2765957446808511,302.79,611.1505767891713,Medium Value
17508.0,2011-03-04 08:10:00,2011-03-04 08:10:00,1,289,13.136363636363637,1.622272727272727,387.31,17.605,9.685149530522047,280,0,0.0,0.0,387.31,363.42024629866506,Medium Value
17509.0,2011-10-07 13:14:00,2011-10-13 10:26:00,8,3534,9.655737704918034,2.259207650273224,6115.14,16.708032786885248,3.8385463799791264,57,5,0.625,48.0,764.3925,5902.469975674601,VIP
17510.0,2011-11-15 10:00:00,2011-11-15 10:00:00,1,214,10.7,2.211,308.48,15.424000000000001,5.4115572231056905,24,0,0.0,0.0,308.48,318.6862427900185,Medium Value
17511.0,2010-12-01 10:19:00,2011-12-07 10:12:00,30,64549,67.02907580477674,2.3066251298027,16525.23879999992,94.5611422637591,82.04277007616697,2,370,11.935483870967742,2.5135135135135136,1786.2049999999992,16523.81622239993,VIP
17512.0,2011-02-11 12:22:00,2011-11-11 12:11:00,10,2753,26.21904761904762,1.9543809523809526,2924.9900000000002,27.85704761904762,25.192441667317052,28,272,27.2,1.1029411764705883,292.499,3442.341148095239,VIP
17513.0,2011-09-28 16:42:00,2011-09-28 16:42:00,1,254,42.333333333333336,2.77,513.2,85.53333333333335,61.52380569069721,71,0,0.0,0.0,513.2,504.1237796825395,Medium Value
17514.0,2011-08-03 15:45:00,2011-08-03 15:45:00,1,135,3.375,2.228,208.65,5.2162500000000005,3.266044959807991,127,0,0.0,0.0,208.65,209.11145499943785,Low Value
17515.0,2011-01-25 14:33:00,2011-11-08 14:04:00,4,243,2.793103448275862,3.7408045977011493,639.02,7.345057471264368,4.8582985521929425,30,286,71.5,0.4195804195804196,159.755,630.3983555239024,Medium Value
17516.0,2011-02-27 12:41:00,2011-11-24 16:51:00,5,416,3.0364963503649633,2.759124087591241,768.08,5.606423357664234,4.5554911495433785,14,270,54.0,0.5555555555555556,153.616,834.6004820497839,High Value
17517.0,2011-02-04 11:48:00,2011-02-04 11:48:00,1,102,9.272727272727273,2.5381818181818185,153.94,13.994545454545454,5.913469985780538,308,0,0.0,0.0,153.94,162.23652922755227,Low Value
17519.0,2010-12-06 15:18:00,2011-11-22 16:43:00,6,1236,15.073170731707316,3.1192682926829267,1844.02,22.488048780487805,15.990563454817012,16,351,58.5,0.5128205128205129,307.33666666666664,1994.459690086581,VIP
17520.0,2011-10-17 12:04:00,2011-10-17 12:04:00,1,365,12.166666666666666,3.2976666666666663,546.81,18.226999999999997,7.678954288541976,53,0,0.0,0.0,546.81,619.5063077499037,Medium Value
17521.0,2011-05-24 15:14:00,2011-11-10 11:22:00,3,519,11.533333333333333,1.9406666666666665,723.21,16.071333333333335,6.437890535373721,29,169,56.333333333333336,0.5325443786982248,241.07000000000002,747.5976352374527,High Value
17522.0,2011-05-05 16:31:00,2011-12-08 12:31:00,5,1034,14.164383561643836,1.9445205479452052,1070.71,14.667260273972603,14.945725537226165,1,216,43.2,0.6944444444444444,214.142,1181.6640698565325,High Value
17523.0,2011-11-20 13:40:00,2011-11-28 13:20:00,4,872,26.424242424242426,3.128181818181818,652.74,19.78,38.17857211512762,10,7,1.75,17.142857142857142,163.185,1271.6748602584914,High Value
17524.0,2010-12-13 14:32:00,2010-12-13 14:32:00,1,90,15.0,1.5916666666666668,145.0,24.166666666666668,11.150231686681073,360,0,0.0,0.0,145.0,143.0651226001506,Low Value
17525.0,2010-12-15 12:05:00,2010-12-15 12:05:00,1,82,9.11111111111111,6.005555555555556,422.7,46.96666666666667,24.642544511474462,359,0,0.0,0.0,422.7,413.16446058913317,Medium Value
17526.0,2010-12-09 12:20:00,2011-12-05 11:05:00,4,310,16.31578947368421,5.22578947368421,1195.8999999999999,62.942105263157885,70.38369694269856,4,360,90.0,0.3333333333333333,298.97499999999997,1229.8782092460317,High Value
17527.0,2011-05-05 13:43:00,2011-10-17 12:32:00,4,488,10.382978723404255,3.408936170212766,939.37,19.98659574468085,12.894872468745042,53,164,41.0,0.7317073170731707,234.8425,928.9311018711841,High Value
17528.0,2011-09-29 13:04:00,2011-12-08 13:27:00,8,2138,8.450592885375494,3.161818181818182,3628.5,14.34189723320158,12.28773883801661,0,70,8.75,3.4285714285714284,453.5625,3710.679177178934,VIP
17530.0,2010-12-09 20:01:00,2011-12-08 18:42:00,10,1526,3.8730964467005076,2.3262690355329947,2385.0,6.053299492385787,5.552067654793969,0,363,36.3,0.8264462809917356,238.5,2452.2121827634865,VIP
17531.0,2011-06-02 19:17:00,2011-06-02 19:17:00,1,136,9.714285714285714,4.1242857142857146,296.7,21.192857142857143,8.703267669781745,189,0,0.0,0.0,296.7,296.8060682195794,Low Value
17534.0,2011-10-17 12:47:00,2011-10-17 12:47:00,1,103,11.444444444444445,2.677777777777778,223.36,24.817777777777778,8.757016869028199,53,0,0.0,0.0,223.36,218.11929446097986,Low Value
17535.0,2011-03-04 15:20:00,2011-03-04 15:20:00,1,136,10.461538461538462,1.473076923076923,164.4,12.646153846153847,2.6490927329356198,279,0,0.0,0.0,164.4,147.98484077100358,Low Value
17536.0,2011-06-15 13:23:00,2011-06-15 13:23:00,1,6,2.0,12.75,76.5,25.5,0.0,176,0,0.0,0.0,76.5,70.61422108946611,Low Value
17537.0,2011-02-09 13:37:00,2011-11-10 10:56:00,2,700,9.333333333333334,2.6604,897.62,11.968266666666667,10.544871351506371,29,273,136.5,0.21978021978021978,448.81,1201.8989284307359,High Value
17538.0,2011-11-14 12:12:00,2011-11-14 12:12:00,1,134,14.88888888888889,1.1933333333333334,98.42,10.935555555555556,3.7581880977111535,25,0,0.0,0.0,98.42,108.34543134214817,Low Value
17540.0,2011-01-27 14:35:00,2011-11-15 11:56:00,2,194,7.76,3.534,578.9,23.156,12.759721130703966,24,291,145.5,0.2061855670103093,289.45,550.1599171515913,Medium Value
17542.0,2011-03-15 11:45:00,2011-03-15 11:45:00,1,134,5.36,2.5839999999999996,170.75,6.83,7.9313481409741,269,0,0.0,0.0,170.75,207.03591388755635,Low Value
17545.0,2011-10-27 13:48:00,2011-10-27 14:04:00,3,341,2.3517241379310345,2.4860689655172417,645.96,4.454896551724138,8.787133990895232,42,0,0.0,0.0,215.32000000000002,560.7796471750471,Medium Value
17548.0,2011-04-20 12:01:00,2011-04-20 12:01:00,1,58,11.6,2.43,103.3,20.66,6.103523572494826,233,0,0.0,0.0,103.3,105.58627585497838,Low Value
17549.0,2011-10-19 10:05:00,2011-11-16 09:59:00,2,210,35.0,1.7666666666666666,148.86,24.810000000000002,16.10736850016166,23,27,13.5,2.2222222222222223,74.43,234.1533185317461,Low Value
17550.0,2011-04-10 15:19:00,2011-05-26 14:09:00,3,86,2.0476190476190474,2.978095238095238,267.16,6.360952380952382,9.330848341826423,196,45,15.0,2.0,89.05333333333334,248.71485555474675,Low Value
17551.0,2010-12-15 14:12:00,2010-12-15 14:12:00,1,150,3.488372093023256,2.5411627906976744,306.84,7.1358139534883716,5.38672408292043,358,0,0.0,0.0,306.84,293.88648955227717,Low Value
17552.0,2010-12-02 18:45:00,2011-10-10 17:00:00,4,719,14.673469387755102,2.2583673469387753,930.41,18.987959183673468,7.803955455299531,59,311,77.75,0.3858520900321543,232.6025,966.1993809920635,High Value
17553.0,2011-08-02 10:00:00,2011-08-02 10:00:00,1,48,48.0,4.95,237.6,237.6,0.0,129,0,0.0,0.0,237.6,293.68134052128426,Low Value
17554.0,2011-07-14 20:01:00,2011-12-08 14:15:00,5,1763,20.03409090909091,3.0594318181818183,1952.45,22.18693181818182,18.016070881806783,0,146,29.2,1.0273972602739727,390.49,3039.4049707539684,VIP
17555.0,2011-01-09 12:31:00,2011-11-20 12:22:00,2,349,3.292452830188679,2.184622641509434,483.26,4.559056603773585,2.31396115878909,19,314,157.0,0.19108280254777069,241.63,560.1443013054811,Medium Value
17556.0,2011-05-18 10:48:00,2011-05-18 10:48:00,1,101,16.833333333333332,4.778333333333333,157.9,26.316666666666666,24.319429817877445,205,0,0.0,0.0,157.9,171.99229936171105,Low Value
17557.0,2011-09-19 14:23:00,2011-11-25 12:57:00,3,306,9.0,2.702058823529412,541.46,15.92529411764706,11.280888433552892,13,66,22.0,1.3636363636363635,180.48666666666668,563.5122933809556,Medium Value
17560.0,2011-02-02 11:14:00,2011-09-06 09:18:00,4,635,24.423076923076923,3.4342307692307696,854.95,32.88269230769231,20.884099512824065,94,215,53.75,0.5581395348837209,213.7375,1078.79447969697,High Value
17561.0,2011-11-20 12:53:00,2011-11-20 12:53:00,1,146,3.1739130434782608,2.0943478260869566,167.62,3.643913043478261,2.9747048243935956,18,0,0.0,0.0,167.62,187.65950606259258,Low Value
17562.0,2011-06-19 13:06:00,2011-11-25 14:21:00,7,817,12.968253968253968,1.8968253968253967,1122.38,17.81555555555556,7.760598949652512,13,159,22.714285714285715,1.3207547169811322,160.34,1138.1529634956712,High Value
17564.0,2011-09-20 14:00:00,2011-11-15 13:27:00,3,146,2.979591836734694,3.722448979591837,454.01,9.265510204081632,4.6491007469296735,23,55,18.333333333333332,1.6363636363636365,151.33666666666667,376.86397603800174,Medium Value
17566.0,2011-11-14 13:42:00,2011-12-01 19:54:00,2,518,3.4078947368421053,2.6539473684210524,901.21,5.929013157894737,5.335691363914479,7,17,8.5,3.5294117647058822,450.605,884.0972386973233,High Value
17567.0,2010-12-02 15:18:00,2011-12-02 15:48:00,8,2632,15.951515151515151,2.3494545454545457,4331.48,26.251393939393935,29.32292894765929,6,365,45.625,0.6575342465753425,541.435,4186.212644166666,VIP
17569.0,2011-01-11 14:15:00,2011-01-11 14:15:00,1,159,5.482758620689655,3.3531034482758617,344.14,11.866896551724137,9.532123172068628,331,0,0.0,0.0,344.14,339.09968927944357,Medium Value
17571.0,2011-02-14 15:15:00,2011-10-20 15:57:00,4,905,3.0267558528428093,2.758227424749164,1498.51,5.0117391304347825,5.868682064998994,49,248,62.0,0.48387096774193544,374.6275,1553.5301556339098,High Value
17572.0,2010-12-01 12:51:00,2011-09-29 17:53:00,4,95,7.916666666666667,3.158333333333333,226.75000000000003,18.895833333333336,3.697939127119156,70,302,75.5,0.3973509933774835,56.68750000000001,227.06556939997418,Low Value
17573.0,2011-09-07 10:36:00,2011-11-10 13:01:00,3,308,12.32,2.2028,380.6,15.224,5.029856691132793,28,64,21.333333333333332,1.40625,126.86666666666667,425.94761394376246,Medium Value
17574.0,2011-04-11 09:47:00,2011-04-11 09:47:00,1,77,9.625,3.3162499999999997,185.65,23.20625,7.1713934439947895,242,0,0.0,0.0,185.65,178.47703729844739,Low Value
17576.0,2010-12-09 16:57:00,2011-12-01 17:56:00,19,1994,4.851581508515815,3.015547445255475,3622.68,8.814306569343065,7.666692338174596,7,357,18.789473684210527,1.5966386554621848,190.66736842105263,3979.2605947619036,VIP
17578.0,2011-05-05 18:38:00,2011-05-05 18:38:00,1,138,27.6,1.286,143.45999999999998,28.691999999999997,12.192289366644806,217,0,0.0,0.0,143.45999999999998,149.08885645382395,Low Value
17579.0,2011-06-13 14:12:00,2011-12-05 12:28:00,3,258,5.16,2.476,448.90000000000003,8.978000000000002,7.944212628430478,4,174,58.0,0.5172413793103449,149.63333333333335,473.81366689627384,Medium Value
17580.0,2010-12-16 15:27:00,2011-04-01 12:41:00,3,88,1.9555555555555555,2.1575555555555557,215.72,4.793777777777778,7.691224423413553,252,105,35.0,0.8571428571428571,71.90666666666667,192.47379383024756,Low Value
17581.0,2010-12-02 14:47:00,2011-12-09 12:21:00,25,5927,13.470454545454546,3.117909090909091,11045.04,25.102363636363638,21.50147384585543,0,371,14.84,2.0215633423180592,441.8016,11942.634191854839,VIP
17582.0,2011-04-17 13:18:00,2011-04-17 13:18:00,1,123,4.241379310344827,2.134137931034483,175.27,6.043793103448277,10.876793584046299,235,0,0.0,0.0,175.27,181.4305777599996,Low Value
17584.0,2011-08-04 14:12:00,2011-12-02 17:12:00,2,458,13.085714285714285,3.982857142857143,1242.3,35.494285714285716,25.073394533755856,6,120,60.0,0.5,621.15,1185.7653488095243,High Value
17585.0,2011-01-05 15:09:00,2011-08-22 13:30:00,4,1671,7.808411214953271,1.380981308411215,1133.07,5.294719626168224,6.706717021569229,108,228,57.0,0.5263157894736842,283.2675,1397.076082301587,High Value
17588.0,2011-04-21 10:31:00,2011-08-31 13:37:00,3,676,29.391304347826086,5.203043478260869,1240.2,53.92173913043479,61.09175808510387,99,132,44.0,0.6818181818181818,413.40000000000003,1362.3548691450226,High Value
17589.0,2011-04-13 13:47:00,2011-10-10 16:58:00,4,1631,6.446640316205533,2.1748221343873517,2404.17,9.502648221343874,9.66776983148904,59,180,45.0,0.6666666666666666,601.0425,2374.7620167857144,VIP
17590.0,2011-10-30 14:05:00,2011-12-07 12:55:00,3,828,4.119402985074627,2.668407960199005,1479.22,7.359303482587065,7.619195660464286,1,37,12.333333333333334,2.4324324324324325,493.0733333333333,1415.955983664037,High Value
17591.0,2010-12-07 15:39:00,2011-09-27 13:42:00,7,1009,6.078313253012048,3.532228915662651,2225.9700000000003,13.409457831325303,15.298100545830264,72,293,41.857142857142854,0.7167235494880545,317.9957142857143,1995.7155699855698,VIP
17593.0,2010-12-22 10:29:00,2011-12-06 10:30:00,5,3101,14.55868544600939,2.497136150234742,3927.34,18.438215962441316,14.803220347318128,3,349,69.8,0.42979942693409745,785.4680000000001,4370.969116547619,VIP
17594.0,2011-03-30 10:32:00,2011-09-15 16:34:00,2,550,11.0,1.9409999999999998,993.1800000000001,19.8636,8.483858084621644,84,169,84.5,0.35502958579881655,496.59000000000003,897.4137122126731,High Value
17595.0,2011-11-02 16:19:00,2011-11-27 16:08:00,2,229,2.7590361445783134,2.497710843373494,388.79,4.68421686746988,4.848283357372025,11,24,12.0,2.5,194.395,385.3718065722839,Medium Value
17596.0,2010-12-06 12:34:00,2011-11-16 14:11:00,7,4400,16.296296296296298,1.9154814814814818,2827.93,10.473814814814814,15.845615341216233,22,345,49.285714285714285,0.6086956521739131,403.98999999999995,5024.783266219337,VIP
17597.0,2011-05-10 11:54:00,2011-05-10 11:54:00,1,1176,21.381818181818183,3.3992727272727272,2044.3700000000001,37.17036363636364,37.50401267240596,213,0,0.0,0.0,1786.2049999999992,2156.9101410714284,VIP
17600.0,2011-11-22 09:43:00,2011-11-22 09:43:00,1,144,11.076923076923077,3.5307692307692307,161.67000000000002,12.436153846153847,5.956925295348177,17,0,0.0,0.0,161.67000000000002,177.12852988095233,Low Value
17601.0,2011-04-14 18:02:00,2011-04-14 18:02:00,1,103,11.444444444444445,1.6122222222222222,116.00999999999999,12.889999999999999,9.227792260340498,238,0,0.0,0.0,116.00999999999999,128.56237620429144,Low Value
17602.0,2011-01-19 16:18:00,2011-12-07 13:53:00,6,4151,7.4125,1.9664464285714287,5102.97,9.11244642857143,13.846178780185788,1,321,53.5,0.5607476635514019,850.495,5074.770503690477,VIP
17603.0,2011-09-22 14:18:00,2011-09-22 14:18:00,1,74,6.7272727272727275,13.392727272727273,394.72,35.88363636363636,71.09981199310266,77,0,0.0,0.0,394.72,344.48646043040293,Medium Value
17604.0,2011-01-31 15:09:00,2011-05-06 13:43:00,2,169,2.6825396825396823,2.5342857142857143,309.36,4.91047619047619,4.376239521579048,216,94,47.0,0.6382978723404256,154.68,279.827411765888,Low Value
17608.0,2011-11-06 13:00:00,2011-11-06 13:06:00,2,232,3.9322033898305087,1.153050847457627,193.42,3.2783050847457624,2.625637625378127,32,0,0.0,0.0,96.71,180.12626032106775,Low Value
17609.0,2011-01-16 16:23:00,2011-10-30 12:28:00,5,723,3.050632911392405,2.3075105485232066,1112.22,4.692911392405064,3.807474301380739,40,286,57.2,0.5244755244755245,222.44400000000002,1161.3608119264072,High Value
17611.0,2010-12-13 13:52:00,2011-12-02 13:29:00,15,2560,4.444444444444445,2.5292881944444447,3984.22,6.9170486111111105,6.184599046107281,6,353,23.533333333333335,1.2747875354107647,265.61466666666666,4184.354809047618,VIP
17612.0,2011-02-15 10:40:00,2011-10-17 14:59:00,6,1808,13.392592592592592,2.5762962962962965,2048.45,15.173703703703703,15.291857736909588,52,244,40.666666666666664,0.7377049180327869,341.4083333333333,2200.2719033261183,VIP
17613.0,2011-02-07 11:20:00,2011-11-17 10:51:00,14,2496,8.0,2.6451602564102563,4559.150000000001,14.612660256410258,12.867884559199998,22,282,20.142857142857142,1.4893617021276595,325.65357142857147,4516.197939920637,VIP
17614.0,2011-10-13 16:01:00,2011-10-13 16:01:00,1,238,2.38,2.2116,390.07,3.9007,3.161252550314303,56,0,0.0,0.0,390.07,380.5213612481073,Medium Value
17615.0,2011-05-01 15:33:00,2011-08-01 14:06:00,3,140,10.0,3.9107142857142856,329.6,23.542857142857144,21.29127536324226,129,91,30.333333333333332,0.989010989010989,109.86666666666667,330.6805953203026,Medium Value
17616.0,2010-12-07 10:04:00,2011-06-19 10:11:00,3,224,74.66666666666667,2.55,571.1999999999999,190.39999999999998,124.64605890279886,173,194,64.66666666666667,0.4639175257731959,190.39999999999998,522.8506948917744,Medium Value
17618.0,2010-12-12 16:05:00,2011-12-04 11:50:00,3,331,4.243589743589744,4.282820512820513,971.58,12.456153846153846,12.968687086796596,5,356,118.66666666666667,0.25280898876404495,323.86,865.1708555158735,High Value
17619.0,2011-01-31 14:18:00,2011-01-31 14:18:00,1,127,1.6493506493506493,1.8036363636363635,218.52,2.837922077922078,2.743737528523311,311,0,0.0,0.0,218.52,174.90494422007865,Low Value
17620.0,2011-10-11 12:08:00,2011-10-11 12:08:00,1,60,15.0,2.7575,81.44,20.36,11.169768723359196,59,0,0.0,0.0,81.44,100.83225742035744,Low Value
17621.0,2010-12-20 13:31:00,2011-11-18 17:11:00,3,514,19.76923076923077,3.1365384615384615,1379.9,53.073076923076925,38.10525630610357,20,333,111.0,0.2702702702702703,459.9666666666667,1084.993003134921,High Value
17623.0,2011-11-07 11:32:00,2011-11-07 11:32:00,1,265,8.030303030303031,2.8709090909090906,527.05,15.971212121212119,6.889263729517726,32,0,0.0,0.0,527.05,532.0067234745226,Medium Value
17624.0,2011-05-05 17:59:00,2011-11-25 10:52:00,2,554,11.08,2.958,843.48,16.869600000000002,6.0975498458355375,14,203,101.5,0.2955665024630542,421.74,859.4806510008347,High Value
17625.0,2011-03-27 12:21:00,2011-11-21 13:36:00,4,1198,3.803174603174603,2.539587301587302,2047.0,6.498412698412698,5.474196798934874,17,239,59.75,0.502092050209205,511.75,1966.7159477380953,VIP
17628.0,2011-09-19 15:21:00,2011-09-19 15:21:00,1,79,15.8,2.41,75.75,15.15,2.9355578686171415,80,0,0.0,0.0,75.75,96.21821222703224,Low Value
17629.0,2010-12-15 09:58:00,2011-12-04 10:56:00,8,1629,13.24390243902439,2.0857723577235774,1814.1200000000001,14.748943089430895,13.21722360004006,5,354,44.25,0.6779661016949152,226.76500000000001,2001.892608928572,VIP
17630.0,2011-04-21 14:03:00,2011-06-23 11:58:00,2,158,6.076923076923077,7.825000000000001,503.6,19.36923076923077,7.797397988086499,169,62,31.0,0.9677419354838709,251.8,522.7999749221611,Medium Value
17631.0,2011-04-21 13:22:00,2011-12-08 09:47:00,3,334,8.564102564102564,3.712820512820513,528.33,13.546923076923077,4.352621807507549,1,230,76.66666666666667,0.3913043478260869,176.11,551.1865886915209,Medium Value
17633.0,2011-08-11 15:43:00,2011-11-08 13:25:00,4,644,9.2,2.797428571428571,1324.84,18.92628571428571,9.965915124312989,30,88,22.0,1.3636363636363638,331.21,1187.2556638936069,High Value
17634.0,2011-01-06 12:45:00,2011-11-03 13:09:00,9,840,2.8282828282828283,3.7267003367003366,2361.9700000000003,7.952760942760944,9.842018157141165,35,301,33.44444444444444,0.8970099667774086,262.4411111111111,2206.4207959920627,VIP
17636.0,2011-11-20 14:40:00,2011-11-20 14:40:00,1,182,9.1,2.3905000000000003,285.56,14.278,3.8729569826521035,18,0,0.0,0.0,285.56,269.33604230117766,Low Value
17637.0,2011-08-16 13:25:00,2011-11-08 12:51:00,2,280,8.0,3.432857142857143,547.0600000000001,15.630285714285716,6.108236717606754,30,83,41.5,0.7228915662650602,273.53000000000003,558.2897939749664,Medium Value
17639.0,2011-03-08 15:22:00,2011-03-08 15:22:00,1,49,7.0,5.514285714285714,108.5,15.5,10.28943633052851,275,0,0.0,0.0,108.5,122.91980692642714,Low Value
17640.0,2011-09-14 09:13:00,2011-09-14 09:13:00,1,250,50.0,2.566,621.66,124.332,76.69451036417144,86,0,0.0,0.0,621.66,531.528973199023,Medium Value
17642.0,2011-06-16 12:55:00,2011-08-12 09:11:00,2,474,11.85,2.3432500000000003,712.29,17.80725,10.146126705072463,119,56,28.0,1.0714285714285714,356.145,689.9139841416411,High Value
17643.0,2010-12-01 14:38:00,2010-12-01 14:38:00,1,71,8.875,4.01875,101.55,12.69375,2.691579130229263,368,0,0.0,0.0,101.55,126.84737856057731,Low Value
17644.0,2011-03-24 09:44:00,2011-12-08 13:43:00,11,1793,11.420382165605096,2.771783439490446,2895.64,18.443566878980892,11.419053466361124,0,259,23.545454545454547,1.2741312741312742,263.24,3013.134794642856,VIP
17646.0,2010-12-09 14:28:00,2011-05-04 13:17:00,3,323,6.333333333333333,4.756666666666667,1008.39,19.77235294117647,10.127347251523531,218,145,48.333333333333336,0.6206896551724138,336.13,882.7812956993009,High Value
17647.0,2011-10-05 15:38:00,2011-10-05 15:38:00,1,30,4.285714285714286,7.097142857142857,133.06,19.00857142857143,3.6017608127665777,64,0,0.0,0.0,133.06,130.90018151162352,Low Value
17648.0,2011-04-04 10:29:00,2011-10-10 09:41:00,4,487,5.351648351648351,5.536483516483516,1797.5,19.752747252747252,8.188620839777066,60,188,47.0,0.6382978723404256,449.375,1335.6555632142856,High Value
17649.0,2011-07-24 15:53:00,2011-07-24 15:53:00,1,399,7.673076923076923,3.581153846153846,868.49,16.70173076923077,3.4692824150122346,137,0,0.0,0.0,868.49,846.9001562662336,High Value
17650.0,2011-11-18 14:52:00,2011-11-18 14:52:00,1,150,18.75,1.89625,166.07999999999998,20.759999999999998,9.423834524377916,20,0,0.0,0.0,166.07999999999998,192.97219571576082,Low Value
17651.0,2011-06-15 15:57:00,2011-11-28 10:29:00,10,3112,13.413793103448276,2.0029310344827587,3945.0,17.004310344827587,7.127525538469684,11,165,16.5,1.8181818181818181,394.5,4044.396733333332,VIP
17652.0,2011-03-03 14:05:00,2011-11-14 12:55:00,12,2509,9.687258687258687,3.3447490347490345,4867.72,18.794285714285714,8.785993068351509,24,255,21.25,1.411764705882353,405.6433333333334,4538.716209155845,VIP
17653.0,2011-08-11 15:24:00,2011-11-03 12:46:00,4,1409,32.02272727272727,4.069090909090909,1207.56,27.44454545454545,33.248005602333045,36,83,20.75,1.4457831325301205,301.89,2053.8005895079355,VIP
17654.0,2011-03-07 13:17:00,2011-03-07 13:17:00,1,41,1.8636363636363635,3.1568181818181817,117.55,5.343181818181818,4.309521447704502,276,0,0.0,0.0,117.55,118.41479213720831,Low Value
17655.0,2010-12-08 16:45:00,2011-11-29 11:34:00,7,1116,12.263736263736265,4.826153846153846,2638.94,28.99934065934066,28.021256487102697,10,355,50.714285714285715,0.5915492957746479,376.99142857142857,2664.8465426358116,VIP
17656.0,2011-08-03 10:45:00,2011-09-27 13:04:00,5,1399,17.0609756097561,2.772560975609756,1674.69,20.423048780487804,13.916274040948469,72,55,11.0,2.7272727272727275,334.938,1858.0356571067823,VIP
17658.0,2011-05-12 15:23:00,2011-11-14 12:07:00,2,616,32.421052631578945,2.561052631578947,595.42,31.337894736842102,16.77886487318938,25,185,92.5,0.3243243243243243,297.71,763.1312992604622,High Value
17659.0,2010-12-02 16:46:00,2011-11-22 13:29:00,12,1525,9.651898734177216,4.0412025316455695,2999.46,18.98392405063291,8.15502008928337,16,354,29.5,1.0169491525423728,249.955,3139.264185960317,VIP
17660.0,2011-07-21 13:37:00,2011-07-21 13:37:00,1,130,2.888888888888889,2.0037777777777777,196.0,4.355555555555555,7.474458191235352,140,0,0.0,0.0,196.0,194.90425656379063,Low Value
17663.0,2011-02-25 14:11:00,2011-11-14 08:56:00,7,797,9.267441860465116,3.9981395348837214,1802.91,20.96406976744186,10.194013742550602,25,261,37.285714285714285,0.8045977011494253,257.55857142857144,1846.7026550000003,VIP
17664.0,2011-05-11 14:17:00,2011-11-21 11:29:00,2,604,14.046511627906977,1.9167441860465118,604.64,14.061395348837209,5.805649375678071,18,193,96.5,0.31088082901554404,302.32,644.4004128900343,Medium Value
17666.0,2011-10-05 11:06:00,2011-12-06 09:06:00,2,596,33.111111111111114,1.8988888888888888,728.16,40.45333333333333,33.63322656855516,3,61,30.5,0.9836065573770493,364.08,756.4692448490547,High Value
17667.0,2011-02-14 09:24:00,2011-10-04 14:32:00,5,1033,8.905172413793103,3.6650862068965515,2055.51,17.71991379310345,6.786684596958275,65,232,46.4,0.646551724137931,411.10200000000003,2190.423357882117,VIP
17668.0,2011-11-01 14:45:00,2011-12-08 13:25:00,2,93,6.2,7.336666666666667,347.75,23.183333333333334,9.649309128982585,0,36,18.0,1.6666666666666667,173.875,338.3219863482572,Medium Value
17669.0,2011-04-04 10:11:00,2011-10-28 08:53:00,7,1916,28.176470588235293,1.8576470588235294,3406.7200000000003,50.09882352941177,55.52925313579447,42,206,29.428571428571427,1.0194174757281553,486.67428571428576,2952.615399880952,VIP
17670.0,2011-04-26 09:12:00,2011-04-26 09:12:00,1,110,10.0,2.590909090909091,205.7,18.7,5.739512174392524,227,0,0.0,0.0,205.7,229.95268056683483,Low Value
17671.0,2010-12-09 14:27:00,2011-11-24 12:21:00,4,772,14.566037735849056,3.197358490566038,1572.71,29.67377358490566,34.426971773396104,15,349,87.25,0.34383954154727797,393.1775,1526.4067603144085,High Value
17672.0,2011-02-03 13:29:00,2011-10-20 14:18:00,2,1690,15.363636363636363,3.331818181818182,3178.17,28.892454545454545,30.506014241934455,49,259,129.5,0.23166023166023167,1589.085,3430.936974526862,VIP
17673.0,2011-01-23 15:16:00,2011-12-08 12:50:00,6,1487,6.5506607929515415,1.6033920704845817,1629.12,7.176740088105727,8.012553200758093,1,318,53.0,0.5660377358490566,271.52,1695.2676940806414,VIP
17674.0,2010-12-06 10:20:00,2011-09-26 13:35:00,2,672,24.88888888888889,0.7588888888888888,551.04,20.40888888888889,30.90041539841935,73,294,147.0,0.2040816326530612,275.52,520.4978205086582,Medium Value
17675.0,2010-12-07 13:22:00,2011-12-08 18:03:00,30,8360,11.858156028368795,3.53868085106383,16525.23879999992,28.89968794326241,20.651981336935183,0,366,11.806451612903226,2.540983606557377,657.2348387096774,15448.043894324486,VIP
17676.0,2010-12-08 13:49:00,2011-12-05 15:16:00,6,932,11.948717948717949,1.9006410256410255,1387.68,17.790769230769232,8.858483170155266,3,362,60.333333333333336,0.4972375690607735,231.28,1393.7168644733038,High Value
17677.0,2010-12-06 08:42:00,2011-12-08 09:56:00,30,9775,32.1546052631579,2.732993421052632,16363.23,53.82641447368421,63.749718704919474,1,367,12.233333333333333,2.452316076294278,545.441,16103.065353789572,VIP
17678.0,2011-03-21 11:52:00,2011-03-21 11:52:00,1,207,12.9375,2.235625,298.11,18.631875,6.678851416972833,263,0,0.0,0.0,298.11,308.7577006087885,Low Value
17679.0,2011-09-15 10:35:00,2011-10-18 07:43:00,2,729,24.3,5.309,1992.1100000000001,66.40366666666667,35.523218097787655,52,32,16.0,1.875,996.0550000000001,1863.337621150794,VIP
17680.0,2011-11-16 12:42:00,2011-11-16 12:42:00,1,96,8.727272727272727,2.8000000000000003,184.4,16.763636363636365,8.7460016838865,23,0,0.0,0.0,184.4,188.93794214428817,Low Value
17682.0,2010-12-06 13:35:00,2011-11-29 15:59:00,6,1367,11.584745762711865,2.400762711864407,2474.33,20.968898305084746,7.96539124903815,9,358,59.666666666666664,0.5027932960893855,412.3883333333333,2304.326131185066,VIP
17684.0,2011-10-27 11:10:00,2011-10-27 11:10:00,1,145,9.666666666666666,2.916,239.41,15.960666666666667,5.447954356147513,43,0,0.0,0.0,239.41,291.28524943343933,Low Value
17685.0,2010-12-02 14:42:00,2011-11-23 11:36:00,7,1956,15.046153846153846,2.000923076923077,3191.53,24.550230769230772,29.910180488348065,16,355,50.714285714285715,0.5915492957746479,455.9328571428572,2984.1461638095234,VIP
17686.0,2011-02-10 10:18:00,2011-12-02 15:39:00,7,2478,8.664335664335665,3.8588811188811194,5739.46,20.06804195804196,10.032774240440018,6,295,42.142857142857146,0.711864406779661,819.9228571428572,4940.512434761908,VIP
17690.0,2010-12-01 16:15:00,2011-11-09 15:17:00,15,1773,6.92578125,5.7077734375,4757.95,18.5857421875,20.278548277214306,29,342,22.8,1.3157894736842104,317.19666666666666,4849.336894577923,VIP
17691.0,2010-12-06 11:10:00,2010-12-16 17:20:00,2,134,7.052631578947368,3.4026315789473687,290.40000000000003,15.28421052631579,2.1007969804853537,357,10,5.0,6.0,145.20000000000002,289.70091719952666,Low Value
17692.0,2010-12-15 13:37:00,2011-08-04 14:01:00,4,672,14.608695652173912,1.6482608695652174,740.94,16.10739130434783,9.56414913094907,126,232,58.0,0.5172413793103449,185.235,753.6219438533834,High Value
17693.0,2011-07-25 15:48:00,2011-07-25 15:48:00,1,231,14.4375,2.0825,200.47,12.529375,4.770877583492021,136,0,0.0,0.0,200.47,236.06573230115583,Low Value
17694.0,2011-07-21 12:00:00,2011-07-21 12:00:00,1,184,12.266666666666667,2.6086666666666667,283.12,18.874666666666666,9.731860684419622,141,0,0.0,0.0,283.12,283.786788313492,Low Value
17695.0,2011-06-21 12:35:00,2011-07-31 10:40:00,2,779,22.257142857142856,1.2517142857142858,765.34,21.866857142857143,19.574073454358924,131,39,19.5,1.5384615384615383,382.67,738.2611751190477,High Value
17696.0,2010-12-10 09:51:00,2011-11-01 13:43:00,8,1756,15.269565217391305,2.3863478260869564,2285.71,19.875739130434784,16.984639864738345,37,326,40.75,0.7361963190184049,285.71375,2388.2076425144305,VIP
17697.0,2011-04-17 15:40:00,2011-04-17 15:40:00,1,93,4.894736842105263,5.084210526315789,338.95,17.839473684210525,6.3940636302434735,235,0,0.0,0.0,338.95,326.4791170601268,Medium Value
17698.0,2011-03-24 11:34:00,2011-03-24 11:34:00,1,93,11.625,2.1375,154.95,19.36875,5.525585780194323,260,0,0.0,0.0,154.95,151.53468074595847,Low Value
17700.0,2011-03-03 16:34:00,2011-11-23 11:51:00,4,1266,8.915492957746478,3.167887323943662,2534.64,17.84957746478873,10.964102798442184,16,264,66.0,0.45454545454545453,633.66,2282.999700938989,VIP
17701.0,2011-04-01 12:25:00,2011-04-01 12:25:00,1,109,4.541666666666667,5.754166666666666,417.95,17.414583333333333,3.6797175921490255,252,0,0.0,0.0,417.95,396.940612142857,Medium Value
17702.0,2011-05-17 16:23:00,2011-11-09 16:03:00,4,1353,18.283783783783782,1.7451351351351354,1824.37,24.653648648648648,37.85743952779808,29,175,43.75,0.6857142857142857,456.0925,1803.3612799206346,VIP
17703.0,2011-07-24 13:30:00,2011-11-04 15:51:00,3,590,10.727272727272727,1.6427272727272726,798.74,14.522545454545455,6.090084296133078,34,103,34.333333333333336,0.8737864077669903,266.24666666666667,745.5882539652163,High Value
17704.0,2011-04-14 09:28:00,2011-06-24 09:40:00,2,343,11.064516129032258,3.918709677419355,885.19,28.554516129032258,20.546334926811916,168,71,35.5,0.8450704225352113,442.595,834.0637419706463,High Value
17705.0,2011-02-11 10:57:00,2011-12-06 13:45:00,9,963,9.349514563106796,2.987378640776699,1823.52,17.70407766990291,7.993820828920838,2,298,33.111111111111114,0.9060402684563759,202.61333333333334,1871.6367410451148,VIP
17706.0,2010-12-08 11:02:00,2011-12-05 13:34:00,17,3899,10.206806282722512,4.205471204188481,10504.49,27.498664921465966,19.600741416899307,3,362,21.294117647058822,1.408839779005525,617.9111764705882,9448.67011715007,VIP
17707.0,2011-01-07 13:30:00,2011-06-07 15:03:00,2,144,28.8,1.7700000000000002,152.4,30.48,18.76451438220558,184,151,75.5,0.3973509933774835,76.2,177.24648454906205,Low Value
17708.0,2011-01-19 10:09:00,2011-06-05 10:12:00,2,91,2.6,3.144,267.08,7.630857142857143,8.416433634625205,187,137,68.5,0.43795620437956206,133.54,251.25257349259962,Low Value
17709.0,2011-06-23 11:55:00,2011-06-23 11:55:00,1,17,2.4285714285714284,13.007142857142858,137.45,19.635714285714283,13.755959747375991,169,0,0.0,0.0,137.45,143.39714114837133,Low Value
17711.0,2011-02-23 11:32:00,2011-11-29 11:40:00,2,246,10.695652173913043,2.4530434782608697,385.1,16.743478260869566,7.200521198746439,10,279,139.5,0.2150537634408602,192.55,383.6129761694008,Medium Value
17712.0,2011-10-26 12:28:00,2011-10-26 12:28:00,1,215,7.413793103448276,4.665172413793103,522.91,18.031379310344825,12.815959560568537,44,0,0.0,0.0,522.91,551.0670828234325,Medium Value
17714.0,2011-01-23 10:32:00,2011-01-23 10:32:00,1,92,9.2,2.05,153.0,15.3,0.848528137423858,320,0,0.0,0.0,153.0,150.4775339874299,Low Value
17715.0,2011-05-23 12:32:00,2011-05-23 12:32:00,1,384,384.0,0.85,326.4,326.4,0.0,200,0,0.0,0.0,326.4,344.2522332395383,Medium Value
17716.0,2011-03-17 10:38:00,2011-11-17 12:00:00,11,3072,12.538775510204081,2.530040816326531,5655.99,23.085673469387753,17.541695084863314,22,245,22.272727272727273,1.3469387755102042,514.180909090909,5395.162931150797,VIP
17718.0,2011-04-21 13:39:00,2011-04-21 13:39:00,1,83,13.833333333333334,4.191666666666666,139.35,23.224999999999998,6.685637591135194,231,0,0.0,0.0,139.35,161.77159251201527,Low Value
17719.0,2011-03-29 11:29:00,2011-11-02 10:36:00,15,2466,9.0,4.476167883211679,5396.04,19.693576642335767,11.553176988001285,37,217,14.466666666666667,2.0737327188940093,359.736,5383.257345266956,VIP
17720.0,2010-12-07 10:43:00,2011-11-13 15:04:00,4,576,11.52,5.4342,1195.94,23.9188,21.677954252452622,25,341,85.25,0.3519061583577712,298.985,1486.3794623160177,High Value
17722.0,2010-12-08 12:41:00,2011-09-04 15:22:00,4,1595,13.869565217391305,3.3454782608695655,2424.04,21.078608695652175,28.886355058636386,95,270,67.5,0.4444444444444444,606.01,2706.7600171495183,VIP
17723.0,2011-05-09 14:44:00,2011-08-04 18:37:00,6,792,79.2,4.07,3276.4000000000005,327.64000000000004,295.3639908843174,126,87,14.5,2.0689655172413794,546.0666666666667,2536.132370357142,VIP
17724.0,2011-07-24 13:26:00,2011-09-29 15:26:00,3,300,7.5,4.37125,1033.0,25.825,14.356232453412359,70,67,22.333333333333332,1.3432835820895521,344.3333333333333,979.5799085678211,High Value
17725.0,2011-03-17 19:47:00,2011-11-23 16:34:00,11,2162,11.260416666666666,2.5801041666666666,3439.08,17.911875,10.846018094575232,15,250,22.727272727272727,1.3199999999999998,312.64363636363635,3446.9235950396815,VIP
17727.0,2011-11-24 17:06:00,2011-11-24 17:06:00,1,645,9.772727272727273,3.1312121212121213,1060.25,16.064393939393938,4.09150983183014,14,0,0.0,0.0,1060.25,1056.7569653427129,High Value
17728.0,2011-09-14 11:39:00,2011-12-06 08:52:00,3,1469,8.903030303030302,3.3267272727272728,2876.01,17.430363636363637,4.475032755147748,3,82,27.333333333333332,1.0975609756097562,958.6700000000001,2572.585788095238,VIP
17730.0,2011-01-17 14:49:00,2011-12-06 15:43:00,13,3576,16.40366972477064,1.9898165137614678,5298.4800000000005,24.304954128440368,25.6017361387047,2,323,24.846153846153847,1.2074303405572755,407.5753846153847,5177.7637066666675,VIP
17731.0,2011-06-09 14:18:00,2011-09-21 15:02:00,4,493,7.358208955223881,5.1274626865671635,1240.11,18.509104477611938,6.887570872174172,78,104,26.0,1.1538461538461537,310.0275,1141.7147013601311,High Value
17732.0,2010-12-02 09:29:00,2010-12-02 09:29:00,1,93,5.166666666666667,4.9494444444444445,303.97,16.887222222222224,2.574638308248492,368,0,0.0,0.0,303.97,287.39058561750727,Low Value
17733.0,2011-03-23 09:54:00,2011-11-01 08:16:00,2,463,13.228571428571428,2.959142857142857,692.19,19.776857142857143,16.16155346556042,38,222,111.0,0.27027027027027023,346.095,698.5411466341545,High Value
17734.0,2011-04-20 10:04:00,2011-10-17 12:33:00,3,422,9.813953488372093,2.8969767441860466,700.63,16.293720930232556,7.951112837134009,53,180,60.0,0.5,233.54333333333332,754.4699449610716,High Value
17735.0,2010-12-07 10:32:00,2011-12-07 16:47:00,19,8439,12.230434782608695,2.192463768115942,13110.02,19.000028985507246,8.730463556041435,1,365,19.210526315789473,1.5616438356164384,690.001052631579,12385.882590054682,VIP
17736.0,2011-08-18 14:33:00,2011-11-30 15:36:00,3,238,9.52,5.2212,377.44,15.0976,8.855617463885094,8,104,34.666666666666664,0.8653846153846153,125.81333333333333,422.422341111111,Medium Value
17737.0,2011-10-12 14:42:00,2011-11-30 15:16:00,2,108,10.8,2.414,168.24,16.824,5.304409486455585,8,49,24.5,1.2244897959183674,84.12,188.36493378857517,Low Value
17738.0,2011-03-02 16:26:00,2011-11-20 15:05:00,4,1029,10.608247422680412,3.5612371134020617,1879.05,19.371649484536082,13.116905732712233,18,262,65.5,0.45801526717557256,469.7625,2125.710119058442,VIP
17739.0,2010-12-14 14:26:00,2011-11-28 09:12:00,7,861,18.319148936170212,4.5727659574468085,2791.35,59.39042553191489,43.25527240833578,11,348,49.714285714285715,0.603448275862069,398.7642857142857,2501.0868635714296,VIP
17742.0,2011-01-11 10:04:00,2011-08-18 15:28:00,2,89,5.933333333333334,8.895333333333333,355.11,23.674,14.105812783590826,112,219,109.5,0.273972602739726,177.555,364.04082421356435,Medium Value
17744.0,2010-12-16 14:17:00,2011-12-06 12:11:00,6,3412,25.08823529411765,0.8940441176470588,2322.4,17.076470588235296,11.197382467239699,3,354,59.0,0.5084745762711864,387.06666666666666,2422.438646179653,VIP
17746.0,2011-04-13 14:31:00,2011-04-13 14:31:00,1,29,4.833333333333333,5.741666666666667,110.25,18.375,8.355701646181487,239,0,0.0,0.0,110.25,116.37704611320349,Low Value
17747.0,2011-08-19 08:13:00,2011-08-19 08:13:00,1,12,12.0,5.95,71.4,71.4,0.0,112,0,0.0,0.0,71.4,76.56271974747474,Low Value
17749.0,2011-03-28 13:39:00,2011-06-14 15:45:00,2,320,9.142857142857142,4.591714285714286,674.52,19.272,12.211412405662848,177,78,39.0,0.7692307692307692,337.26,676.8644491080714,Medium Value
17750.0,2011-06-28 15:44:00,2011-12-04 14:09:00,9,3957,20.502590673575128,0.6623316062176166,1797.57,9.313834196891191,6.886501955325324,4,158,17.555555555555557,1.7088607594936709,199.73,2120.874349105339,VIP
17752.0,2010-12-15 16:19:00,2010-12-15 16:19:00,1,192,192.0,0.42,80.64,80.64,0.0,358,0,0.0,0.0,80.64,120.79479047619047,Low Value
17754.0,2011-03-24 13:54:00,2011-12-09 11:20:00,5,1869,20.315217391304348,0.9895652173913044,1772.26,19.26369565217391,34.79911432235942,0,259,51.8,0.5791505791505792,354.452,1486.8318260497829,High Value
17757.0,2010-12-02 17:17:00,2011-12-08 15:31:00,30,3320,4.480431848852901,2.748758434547908,5605.29,7.564493927125506,12.438371967816384,0,370,12.333333333333334,2.4324324324324325,186.843,5917.2879903571475,VIP
17758.0,2011-04-03 15:22:00,2011-11-20 14:45:00,8,2091,5.075242718446602,2.375485436893204,3456.7,8.39004854368932,6.194452191585806,18,230,28.75,1.0434782608695652,432.0875,3330.0344056204895,VIP
17759.0,2011-06-23 13:35:00,2011-11-22 16:02:00,3,708,7.4526315789473685,2.266947368421053,834.99,8.789368421052632,8.553414748051427,16,152,50.666666666666664,0.5921052631578948,278.33,856.5494766883116,High Value
17760.0,2010-12-01 15:08:00,2011-11-18 10:56:00,2,239,9.56,2.2716,287.59,11.503599999999999,9.749326421177345,21,351,175.5,0.17094017094017094,143.795,310.0739868961546,Low Value
17761.0,2011-11-07 10:23:00,2011-11-07 10:23:00,1,398,20.94736842105263,3.142105263157895,712.78,37.514736842105265,42.75931586195523,32,0,0.0,0.0,712.78,799.9805930952382,High Value
17763.0,2011-03-21 14:25:00,2011-03-21 14:25:00,1,12,12.0,1.25,15.0,15.0,0.0,262,0,0.0,0.0,15.0,25.815421240981255,Low Value
17764.0,2011-05-12 16:11:00,2011-10-20 11:03:00,2,395,5.266666666666667,3.154533333333333,818.82,10.9176,10.466676056689426,50,160,80.0,0.375,409.41,759.8816697696097,High Value
17765.0,2011-03-28 11:58:00,2011-07-04 12:41:00,3,144,2.526315789473684,3.8773684210526316,371.88,6.524210526315789,4.530273543999153,158,98,32.666666666666664,0.9183673469387755,123.96,360.41818067731396,Medium Value
17767.0,2011-11-24 14:42:00,2011-11-24 14:42:00,1,128,6.095238095238095,2.7976190476190474,271.2,12.914285714285715,6.66259827051622,14,0,0.0,0.0,271.2,253.17355769231784,Low Value
17768.0,2011-06-26 13:46:00,2011-12-01 13:22:00,3,1186,11.295238095238096,3.846857142857143,2273.1800000000003,21.649333333333335,19.525363941583322,7,157,52.333333333333336,0.5732484076433121,757.7266666666668,2457.8066848015874,VIP
17769.0,2011-01-23 11:15:00,2011-11-27 11:18:00,10,1862,6.006451612903226,3.0608709677419355,3997.98,12.896709677419356,11.285917083419577,12,308,30.8,0.9740259740259739,399.798,3760.687032222221,VIP
17770.0,2011-03-02 13:35:00,2011-05-25 12:34:00,5,365,9.605263157894736,4.827105263157895,1143.27,30.086052631578948,26.8693632972044,198,83,16.6,1.8072289156626506,228.654,1111.9742978174604,High Value
17771.0,2011-01-20 14:13:00,2011-10-14 11:43:00,2,287,5.314814814814815,2.247592592592593,245.81,4.552037037037037,3.2050022103601887,56,266,133.0,0.22556390977443608,122.905,326.79635632559916,Medium Value
17772.0,2011-11-29 10:57:00,2011-11-29 11:05:00,2,58,1.0943396226415094,3.320943396226415,182.77,3.448490566037736,2.9885637122887787,10,0,0.0,0.0,91.385,167.7301527795619,Low Value
17774.0,2011-02-07 13:13:00,2011-09-04 12:49:00,4,512,3.282051282051282,3.3438461538461537,1225.41,7.855192307692308,5.2380679116111235,96,208,52.0,0.5769230769230769,306.3525,1185.2438985320236,High Value
17775.0,2011-03-30 10:50:00,2011-03-30 10:50:00,1,72,24.0,0.7833333333333333,56.4,18.8,2.7712812921102024,254,0,0.0,0.0,56.4,58.80580357142857,Low Value
17777.0,2011-08-31 14:35:00,2011-11-15 12:02:00,3,507,2.61340206185567,1.6470103092783503,665.86,3.4322680412371134,2.636534271359101,24,75,25.0,1.2,221.95333333333335,678.5587116269838,High Value
17779.0,2011-07-19 12:19:00,2011-11-18 14:15:00,3,397,4.841463414634147,2.803170731707317,658.57,8.031341463414634,8.758044592935105,20,122,40.666666666666664,0.7377049180327869,219.52333333333334,740.2599879947712,High Value
17781.0,2011-03-31 19:54:00,2011-07-03 16:00:00,2,34,2.8333333333333335,5.5566666666666675,188.02,15.668333333333335,25.36669392345129,158,93,46.5,0.6451612903225806,94.01,166.75953777789948,Low Value
17783.0,2011-04-06 10:07:00,2011-09-28 16:07:00,2,354,5.2835820895522385,1.922686567164179,283.47,4.23089552238806,3.060132563648324,71,175,87.5,0.34285714285714286,141.735,377.8405919677874,Medium Value
17785.0,2011-10-17 13:43:00,2011-10-17 13:43:00,1,67,5.153846153846154,2.563076923076923,131.94,10.149230769230769,5.755990302195997,52,0,0.0,0.0,131.94,140.1320906946451,Low Value
17786.0,2011-01-26 14:35:00,2011-09-15 12:51:00,2,200,2.7777777777777777,2.1241666666666665,278.74,3.871388888888889,3.003176396143536,84,231,115.5,0.2597402597402597,139.37,318.9462429153935,Medium Value
17787.0,2010-12-03 13:43:00,2011-07-10 11:24:00,4,910,6.791044776119403,2.8470895522388058,1865.19,13.919328358208956,9.902981718347593,152,218,54.5,0.5504587155963303,466.2975,1669.495555745003,VIP
17788.0,2011-08-02 10:38:00,2011-09-27 10:09:00,2,211,42.2,5.42,1117.9,223.58,356.5104041258824,73,55,27.5,1.090909090909091,558.95,1033.874284047619,High Value
17789.0,2011-03-03 13:14:00,2011-03-03 13:14:00,1,74,5.285714285714286,3.9714285714285715,225.9,16.135714285714286,9.79064366100122,280,0,0.0,0.0,225.9,208.66490779202036,Low Value
17790.0,2010-12-10 10:47:00,2011-11-13 11:30:00,14,836,4.4,3.126894736842105,1965.55,10.345,7.684545457532861,26,338,24.142857142857142,1.242603550295858,140.39642857142857,1939.0513385425688,VIP
17791.0,2011-11-10 12:09:00,2011-11-10 12:09:00,1,46,4.6,2.77,106.1,10.61,5.5800637192698,29,0,0.0,0.0,106.1,113.5048321815063,Low Value
17793.0,2011-11-14 14:24:00,2011-11-14 14:24:00,1,232,4.0,3.7682758620689656,323.04,5.5696551724137935,6.353738494891335,24,0,0.0,0.0,323.04,436.18891443683503,Medium Value
17795.0,2011-03-20 12:02:00,2011-06-13 12:36:00,2,341,7.413043478260869,1.9260869565217391,350.39,7.617173913043478,6.1057883877308425,179,85,42.5,0.7058823529411764,175.195,378.80288700605297,Medium Value
17796.0,2010-12-05 12:23:00,2011-10-30 15:38:00,4,178,2.1707317073170733,4.017073170731707,697.9,8.510975609756096,7.47504087436797,39,329,82.25,0.364741641337386,174.475,577.8982776785714,Medium Value
17797.0,2011-06-10 11:29:00,2011-11-17 13:21:00,3,498,4.486486486486487,2.552792792792793,780.43,7.0309009009009005,5.94461812360934,21,160,53.333333333333336,0.5625,260.1433333333333,799.6623755408365,High Value
17799.0,2010-12-13 13:10:00,2011-11-17 15:16:00,10,1758,4.3088235294117645,2.532769607843137,3055.93,7.490024509803921,6.247935462406389,21,339,33.9,0.8849557522123893,305.59299999999996,3004.353940595239,VIP
17800.0,2011-01-09 13:50:00,2011-11-02 12:57:00,9,736,7.076923076923077,2.200480769230769,1199.01,11.528942307692308,11.363666757318985,36,296,32.888888888888886,0.9121621621621622,133.22333333333333,1248.0194281601732,High Value
17802.0,2010-12-02 13:44:00,2011-09-18 14:56:00,3,752,5.371428571428571,2.2339285714285713,1285.04,9.178857142857142,10.265300430532236,81,290,96.66666666666667,0.3103448275862069,428.34666666666664,1063.6997921428576,High Value
17805.0,2011-09-27 11:49:00,2011-09-27 11:49:00,1,478,47.8,2.257,512.31,51.230999999999995,56.833873790196634,73,0,0.0,0.0,512.31,582.3894031493502,Medium Value
17806.0,2011-11-28 14:12:00,2011-11-28 14:12:00,1,727,16.906976744186046,1.0211627906976743,546.04,12.698604651162789,10.213704281478961,10,0,0.0,0.0,546.04,538.5971903571431,Medium Value
17809.0,2010-12-01 09:41:00,2011-11-23 12:59:00,12,2057,33.721311475409834,2.9057377049180326,5411.91,88.71983606557377,100.80640238417075,15,357,29.75,1.0084033613445378,450.9925,4750.417706785713,VIP
17811.0,2011-01-10 10:58:00,2011-12-05 13:46:00,30,4177,4.90834312573443,2.7256756756756757,7837.7300000000005,9.210023501762633,14.855588902716237,3,329,8.435897435897436,3.5562310030395134,200.9674358974359,6317.584485198412,VIP
17812.0,2010-12-06 15:27:00,2011-11-27 11:47:00,4,350,2.482269503546099,3.029645390070922,732.16,5.192624113475177,5.452685923389377,12,355,88.75,0.3380281690140845,183.04,757.4374767958803,High Value
17813.0,2011-09-29 15:57:00,2011-11-25 16:13:00,5,790,2.129380053908356,3.3684636118598386,1770.88,4.773261455525606,5.005502311278361,13,57,11.4,2.6315789473684212,354.17600000000004,1720.0627106998559,VIP
17816.0,2010-12-09 14:10:00,2011-11-03 11:34:00,4,30,1.7647058823529411,1.4105882352941177,36.56,2.150588235294118,1.3107558439133282,36,328,82.0,0.36585365853658536,9.14,51.36450142857144,Low Value
17817.0,2011-03-07 17:30:00,2011-12-05 14:39:00,3,67,2.0303030303030303,9.148484848484848,387.68,11.747878787878788,33.803198236037495,3,272,90.66666666666667,0.33088235294117646,129.22666666666666,358.574936132756,Medium Value
17819.0,2010-12-03 14:26:00,2011-09-29 10:52:00,7,1031,21.479166666666668,4.4487499999999995,3704.87,77.18479166666667,90.1098367830175,71,299,42.714285714285715,0.7023411371237458,529.2671428571429,2969.2322423015867,VIP
17824.0,2011-10-19 14:14:00,2011-10-19 14:14:00,1,408,31.384615384615383,1.0692307692307692,298.4,22.95384615384615,10.316366881854561,50,0,0.0,0.0,298.4,331.24725516594515,Medium Value
17827.0,2010-12-10 10:18:00,2011-12-04 15:00:00,5,1247,5.668181818181818,2.3783636363636362,1995.46,9.070272727272727,8.535989504460359,4,359,71.8,0.4178272980501393,399.092,1897.141918055556,VIP
17828.0,2011-06-08 08:31:00,2011-11-17 08:41:00,4,667,9.955223880597014,5.273432835820896,1820.09,27.1655223880597,56.50573736714524,22,162,40.5,0.7407407407407407,455.0225,1756.2236904978356,VIP
17829.0,2011-02-14 12:46:00,2011-02-14 12:46:00,1,496,16.533333333333335,2.5856666666666666,889.24,29.641333333333332,13.052573727795611,298,0,0.0,0.0,889.24,818.0263981868127,High Value
17830.0,2011-02-24 10:15:00,2011-12-08 12:28:00,3,92,4.0,6.01304347826087,398.7,17.33478260869565,4.25834567703684,1,287,95.66666666666667,0.31358885017421606,132.9,382.5211928715729,Medium Value
17831.0,2011-11-06 15:09:00,2011-11-06 15:09:00,1,12,6.0,2.95,35.400000000000006,17.700000000000003,0.0,32,0,0.0,0.0,35.400000000000006,32.07338091991342,Low Value
17832.0,2011-10-21 11:43:00,2011-10-21 11:43:00,1,208,3.4098360655737703,1.1116393442622952,155.37,2.547049180327869,3.1099331955645475,49,0,0.0,0.0,155.37,159.85502032689533,Low Value
17835.0,2011-11-16 16:30:00,2011-12-07 11:48:00,3,348,5.704918032786885,1.6985245901639343,350.64,5.7481967213114755,5.665864014192576,2,20,6.666666666666667,4.5,116.88,412.63752322843845,Medium Value
17836.0,2011-10-23 16:13:00,2011-10-23 16:13:00,1,88,3.6666666666666665,1.3658333333333335,110.21000000000001,4.592083333333334,6.718882528184001,46,0,0.0,0.0,110.21000000000001,106.8349443567821,Low Value
17837.0,2011-06-29 16:44:00,2011-10-28 16:13:00,8,518,3.06508875739645,3.8654437869822487,1593.38,9.42828402366864,8.447104886673861,41,120,15.0,2.0,199.1725,1456.3537539285715,High Value
17838.0,2010-12-02 15:55:00,2011-11-13 11:20:00,5,1879,15.52892561983471,3.797685950413223,2779.3,22.969421487603306,16.241903228866615,26,345,69.0,0.43478260869565216,555.86,3791.088496630038,VIP
17839.0,2011-10-28 17:27:00,2011-10-28 17:27:00,1,285,5.089285714285714,1.7505357142857143,338.8,6.05,4.831014574412069,41,0,0.0,0.0,338.8,333.9238964265979,Medium Value
17841.0,2010-12-01 14:41:00,2011-12-08 12:07:00,30,23071,2.9401044985344718,2.52943672741175,16525.23879999992,5.223852427679368,9.941529083347998,1,371,2.9919354838709675,10.026954177897574,330.5771774193548,16357.160396838028,VIP
17843.0,2011-02-09 15:33:00,2011-02-09 15:33:00,1,113,3.054054054054054,3.2051351351351354,205.48,5.553513513513513,3.7100443365246965,302,0,0.0,0.0,205.48,241.49480037735964,Low Value
17844.0,2011-08-25 11:27:00,2011-08-25 11:27:00,1,52,10.4,0.998,51.559999999999995,10.312,3.8029882986935424,106,0,0.0,0.0,51.559999999999995,55.96121912698413,Low Value
17848.0,2010-12-16 18:38:00,2011-09-19 16:49:00,9,398,7.803921568627451,4.231372549019608,901.2,17.67058823529412,27.503186899831427,80,276,30.666666666666668,0.9782608695652175,100.13333333333334,1085.071643018926,High Value
17849.0,2011-01-10 11:59:00,2011-05-05 13:46:00,4,114,4.384615384615385,10.323076923076924,605.8000000000001,23.300000000000004,26.42219143068947,217,115,28.75,1.0434782608695652,151.45000000000002,601.9327788095238,Medium Value
17850.0,2010-12-01 08:26:00,2010-12-02 15:27:00,30,1733,5.835016835016835,3.9603703703703705,5391.21,18.15222222222222,12.725234630308254,368,1,0.029411764705882353,1020.0,158.565,4908.99966906205,VIP
17852.0,2011-11-28 12:31:00,2011-11-28 12:36:00,2,53,2.2083333333333335,2.3679166666666664,114.34,4.764166666666667,2.282854652035219,11,0,0.0,0.0,57.17,111.17495503675245,Low Value
17854.0,2011-04-26 16:53:00,2011-06-07 16:21:00,2,84,5.6,3.586,311.26,20.750666666666667,30.825544941693746,184,41,20.5,1.4634146341463414,155.63,281.87641560762785,Low Value
17855.0,2010-12-02 09:44:00,2010-12-02 09:44:00,1,197,11.588235294117647,1.7658823529411765,208.97,12.292352941176471,6.298406077544307,368,0,0.0,0.0,208.97,224.99095483382368,Low Value
17856.0,2011-03-03 11:40:00,2011-12-08 09:40:00,4,842,56.13333333333333,3.5593333333333335,1418.03,94.53533333333333,120.1773804998658,1,279,69.75,0.4301075268817204,354.5075,1522.9613384745805,High Value
17857.0,2010-12-09 11:35:00,2011-12-05 13:13:00,21,15158,344.5,11.968863636363636,14157.54,321.7622727272728,223.77703401567848,3,361,17.19047619047619,1.745152354570637,674.1685714285715,15777.563931333269,VIP
17858.0,2010-12-05 13:08:00,2011-12-04 11:56:00,12,2706,13.597989949748744,5.885075376884423,5155.66,25.9078391959799,35.3519868407728,5,363,30.25,0.9917355371900827,429.6383333333333,5517.980203690477,VIP
17859.0,2011-02-08 10:32:00,2011-02-08 10:32:00,1,127,5.08,1.8108000000000002,148.21,5.9284,9.051287514307932,304,0,0.0,0.0,148.21,154.33343811741213,Low Value
17860.0,2010-12-06 12:41:00,2010-12-06 12:41:00,1,104,1.793103448275862,2.556379310344828,252.8,4.358620689655172,5.401330391112026,368,0,0.0,0.0,252.8,226.4681984377356,Low Value
17861.0,2011-01-24 11:34:00,2011-12-06 16:21:00,8,1988,8.954954954954955,2.4218018018018017,2100.8,9.463063063063064,9.215787633534767,2,316,39.5,0.759493670886076,262.6,3231.0784592857144,VIP
17862.0,2011-01-20 12:23:00,2011-01-20 12:23:00,1,100,9.090909090909092,5.145454545454545,330.9,30.08181818181818,30.89274407306085,323,0,0.0,0.0,330.9,313.42566509820904,Medium Value
17863.0,2010-12-05 13:21:00,2011-10-11 13:45:00,6,2638,17.824324324324323,1.547027027027027,3160.0,21.35135135135135,14.967638044715581,58,310,51.666666666666664,0.5806451612903225,526.6666666666666,2867.4303576190478,VIP
17864.0,2011-03-09 11:44:00,2011-11-27 11:15:00,3,810,7.9411764705882355,1.8047058823529414,597.5,5.857843137254902,4.473877895148125,12,262,87.33333333333333,0.3435114503816794,199.16666666666666,741.525034404762,High Value
17865.0,2010-12-10 14:53:00,2011-11-09 12:08:00,20,5757,15.55945945945946,2.7636756756756755,10526.32,28.449513513513512,33.09953955878967,30,333,16.65,1.8018018018018018,526.316,10085.791748917749,VIP
17866.0,2011-07-20 11:07:00,2011-07-20 11:07:00,1,174,19.333333333333332,3.4000000000000004,329.65000000000003,36.62777777777778,20.12993900746956,142,0,0.0,0.0,329.65000000000003,328.6100338095238,Medium Value
17867.0,2011-02-24 12:25:00,2011-11-09 14:15:00,6,542,6.860759493670886,2.3807594936708862,1197.1000000000001,15.153164556962027,68.2623057666172,29,258,43.0,0.6976744186046512,199.51666666666668,1103.4488983297263,High Value
17869.0,2010-12-06 17:16:00,2011-08-24 16:16:00,5,111,2.775,6.1585,428.18,10.7045,9.790084190727804,106,260,52.0,0.576923076923077,85.636,435.7863718236715,Medium Value
17870.0,2010-12-08 08:12:00,2011-12-07 15:07:00,12,1401,5.021505376344086,2.2145161290322584,1894.35,6.7897849462365585,20.43742097752499,1,364,30.333333333333332,0.989010989010989,157.86249999999998,2152.280978095238,VIP
17871.0,2011-05-19 11:32:00,2011-05-19 11:32:00,1,182,18.2,2.132,155.9,15.59,8.06011441881841,204,0,0.0,0.0,155.9,198.9184111828449,Low Value
17873.0,2010-12-01 14:54:00,2011-09-20 16:41:00,5,1047,23.795454545454547,4.690227272727273,1859.16,42.25363636363637,30.36608543439342,79,293,58.6,0.5119453924914675,371.832,2119.864991865078,VIP
17874.0,2011-03-29 11:25:00,2011-06-07 12:54:00,6,221,4.804347826086956,4.084565217391304,683.46,14.857826086956523,15.39002070795567,184,70,11.666666666666666,2.571428571428571,113.91000000000001,649.3666437121209,Medium Value
17877.0,2011-06-22 13:00:00,2011-06-22 13:00:00,1,98,8.166666666666666,3.5408333333333335,237.61,19.800833333333333,24.908401451694726,169,0,0.0,0.0,237.61,220.90631036828395,Low Value
17878.0,2011-10-27 11:24:00,2011-10-27 11:24:00,1,401,15.423076923076923,2.246153846153846,379.45,14.59423076923077,10.484698249573775,43,0,0.0,0.0,379.45,479.80108322401065,Medium Value
17879.0,2011-06-19 12:36:00,2011-06-19 12:36:00,1,45,7.5,3.638333333333333,178.52,29.753333333333334,49.641525225023734,173,0,0.0,0.0,178.52,156.10433641914935,Low Value
17880.0,2010-12-10 10:21:00,2010-12-10 10:21:00,1,314,12.076923076923077,2.4615384615384617,458.92,17.65076923076923,5.791589020693317,364,0,0.0,0.0,458.92,452.1520636767075,Medium Value
17881.0,2011-02-08 17:16:00,2011-02-08 17:16:00,1,32,4.0,4.53125,133.35,16.66875,18.385862921199614,303,0,0.0,0.0,133.35,132.826020871664,Low Value
17883.0,2011-04-07 19:16:00,2011-12-06 17:49:00,4,379,2.613793103448276,2.2995172413793106,671.77,4.632896551724138,6.296976227307809,2,242,60.5,0.49586776859504134,167.9425,654.2183356972123,Medium Value
17884.0,2010-12-03 12:11:00,2011-12-06 11:33:00,4,854,7.299145299145299,1.9159829059829059,717.45,6.1320512820512825,6.955850866228341,3,367,91.75,0.32697547683923706,179.3625,1164.0612973051952,High Value
17885.0,2011-11-27 14:40:00,2011-11-27 14:40:00,1,167,2.609375,2.215,190.19,2.97171875,2.3529121130433985,11,0,0.0,0.0,190.19,216.21509180406179,Low Value
17886.0,2011-04-04 12:34:00,2011-11-08 10:09:00,3,481,4.412844036697248,2.988348623853211,899.61,8.253302752293578,16.582913677272238,31,217,72.33333333333333,0.4147465437788018,299.87,886.9682969620554,High Value
17887.0,2011-08-02 17:29:00,2011-08-02 17:29:00,1,30,3.0,5.235,111.35,11.135,11.557129834002904,128,0,0.0,0.0,111.35,117.13149485554545,Low Value
17888.0,2010-12-17 13:56:00,2011-11-18 13:45:00,8,980,14.626865671641792,2.974925373134328,726.05,10.836567164179105,10.66337992244582,20,335,41.875,0.7164179104477613,90.75625,1012.3031963614164,High Value
17889.0,2011-01-21 17:14:00,2011-05-11 16:26:00,2,79,3.761904761904762,3.4580952380952383,203.87,9.708095238095238,11.566794118962964,211,109,54.5,0.5504587155963303,101.935,220.3774332105428,Low Value
17890.0,2010-12-13 15:12:00,2011-01-21 11:19:00,2,416,4.425531914893617,2.4690425531914895,602.09,6.405212765957447,4.90960452795442,322,38,19.0,1.5789473684210527,301.045,605.2682282431466,Medium Value
17891.0,2011-06-30 20:08:00,2011-06-30 20:08:00,1,393,11.558823529411764,0.711764705882353,203.85999999999999,5.995882352941176,4.221797059308059,161,0,0.0,0.0,203.85999999999999,259.10510539682554,Low Value
17892.0,2011-07-07 12:56:00,2011-10-14 16:49:00,3,109,3.892857142857143,3.275,244.1,8.717857142857143,16.79808264128024,55,99,33.0,0.9090909090909092,81.36666666666666,266.47575705533336,Low Value
17893.0,2011-04-28 13:50:00,2011-04-28 13:50:00,1,161,10.0625,2.0949999999999998,112.25,7.015625,5.676725545300448,224,0,0.0,0.0,112.25,154.93039742966357,Low Value
17894.0,2010-12-08 14:50:00,2011-09-29 09:23:00,8,405,2.098445595854922,2.7942487046632123,1119.81,5.802124352331606,11.316411116948219,71,294,36.75,0.8163265306122448,139.97625,974.9937620735932,High Value
17895.0,2011-10-26 17:00:00,2011-10-26 17:00:00,1,130,8.125,1.860625,98.0,6.125,4.049898764166828,43,0,0.0,0.0,98.0,137.9704320825932,Low Value
17896.0,2011-11-16 13:59:00,2011-11-16 13:59:00,1,288,144.0,0.89,256.32,128.16,34.61994800689335,22,0,0.0,0.0,256.32,238.00819071428575,Low Value
17897.0,2010-12-01 12:31:00,2011-06-20 11:23:00,3,229,2.008771929824561,3.0799122807017545,566.6,4.970175438596492,8.324933440160843,172,200,66.66666666666667,0.44999999999999996,188.86666666666667,515.9977938125761,Medium Value
17898.0,2011-05-16 17:13:00,2011-09-15 14:56:00,2,190,6.785714285714286,1.4814285714285713,152.06,5.430714285714286,4.342370003658975,84,121,60.5,0.49586776859504134,76.03,192.14169591269842,Low Value
17899.0,2011-07-03 14:58:00,2011-07-03 14:58:00,1,171,5.34375,2.384375,155.8,4.86875,4.861810860030414,158,0,0.0,0.0,155.8,196.46396108536453,Low Value
17900.0,2011-06-02 14:28:00,2011-06-02 14:38:00,2,73,12.166666666666666,3.608333333333333,112.19999999999999,18.7,7.945564800566413,189,0,0.0,0.0,56.099999999999994,137.3474878595227,Low Value
17901.0,2011-11-10 17:29:00,2011-11-10 17:29:00,1,24,1.263157894736842,5.328947368421052,110.38,5.809473684210526,4.635993808935817,28,0,0.0,0.0,110.38,112.99493516891114,Low Value
17904.0,2011-11-18 12:57:00,2011-11-18 12:57:00,1,63,1.6578947368421053,3.617894736842105,191.67000000000002,5.043947368421053,5.970861017847623,20,0,0.0,0.0,191.67000000000002,178.49563599060738,Low Value
17905.0,2010-12-01 13:21:00,2011-09-29 17:33:00,4,407,11.970588235294118,3.793823529411765,800.24,23.536470588235293,42.115641079406736,70,302,75.5,0.3973509933774835,200.06,878.3504512049061,High Value
17906.0,2011-04-06 17:25:00,2011-04-06 17:25:00,1,26,2.1666666666666665,3.8249999999999997,72.9,6.075,4.138263799315756,246,0,0.0,0.0,72.9,97.22660973557745,Low Value
17908.0,2010-12-01 11:45:00,2010-12-01 11:45:00,1,173,2.9827586206896552,2.6725862068965514,243.28,4.19448275862069,3.497460819495774,368,0,0.0,0.0,243.28,284.6310416984913,Low Value
17911.0,2011-11-30 14:52:00,2011-11-30 14:52:00,1,223,5.717948717948718,2.181025641025641,366.23,9.390512820512821,8.266781002974925,8,0,0.0,0.0,366.23,339.97604828544905,Medium Value
17912.0,2010-12-10 11:11:00,2011-02-02 14:25:00,5,185,4.868421052631579,3.9815789473684213,311.01,8.184473684210525,5.822364012021058,309,54,10.8,2.7777777777777777,62.202,388.1937141012753,Medium Value
17913.0,2010-12-19 11:35:00,2011-10-12 10:45:00,2,289,4.898305084745763,2.434237288135593,411.6,6.976271186440679,6.6966460720905,58,296,148.0,0.2027027027027027,205.8,419.83857151201397,Medium Value
17914.0,2011-12-06 11:58:00,2011-12-06 11:58:00,1,473,5.9125,1.9649999999999999,336.43,4.205375,5.0518353460820595,3,0,0.0,0.0,336.43,429.0588526130766,Medium Value
17917.0,2010-12-12 12:08:00,2011-10-25 13:20:00,3,187,1.9893617021276595,2.2280851063829785,341.28,3.63063829787234,2.6267121639981785,44,317,105.66666666666667,0.28391167192429023,113.75999999999999,315.0436563730159,Medium Value
17919.0,2011-09-12 13:41:00,2011-09-12 13:41:00,1,756,32.869565217391305,2.1630434782608696,1304.04,56.697391304347825,48.64117608638995,87,0,0.0,0.0,1304.04,1144.166258152958,High Value
17920.0,2010-12-01 11:49:00,2011-12-05 14:29:00,17,2516,3.6149425287356323,2.3329741379310347,4204.1,6.040373563218392,8.370918354927017,3,369,21.705882352941178,1.3821138211382114,247.3,4372.694941507937,VIP
17921.0,2011-03-18 13:19:00,2011-10-06 18:56:00,4,430,2.9655172413793105,2.348689655172414,826.52,5.700137931034483,4.491921450134257,63,202,50.5,0.594059405940594,206.63,787.6064394126985,High Value
17923.0,2011-03-02 15:15:00,2011-03-02 15:15:00,1,50,50.0,4.15,207.50000000000003,207.50000000000003,0.0,281,0,0.0,0.0,207.50000000000003,207.19719255380443,Low Value
17924.0,2010-12-01 10:51:00,2011-11-28 09:11:00,7,1160,37.41935483870968,3.246451612903226,2962.5,95.56451612903226,79.48596248557392,11,361,51.57142857142857,0.5817174515235457,423.2142857142857,2555.0373286630047,VIP
17925.0,2010-12-02 10:10:00,2010-12-02 10:10:00,1,72,72.0,3.39,244.08,244.08,0.0,368,0,0.0,0.0,244.08,270.61847317840574,Low Value
17926.0,2011-05-20 09:24:00,2011-07-29 14:39:00,2,306,14.571428571428571,3.1552380952380954,397.29,18.91857142857143,8.725924756559781,132,70,35.0,0.8571428571428571,198.645,436.6208678174603,Medium Value
17928.0,2011-04-07 18:03:00,2011-10-25 13:52:00,2,140,6.086956521739131,2.988695652173913,212.54,9.240869565217391,15.09567876550453,44,200,100.0,0.3,106.27,274.6393299749824,Low Value
17929.0,2011-02-04 11:40:00,2011-11-28 16:01:00,4,108,21.6,7.57,843.0,168.6,81.58256553945826,10,297,74.25,0.40404040404040403,210.75,754.9622954761903,High Value
17930.0,2011-04-14 15:46:00,2011-11-04 10:23:00,5,1594,40.87179487179487,1.4825641025641025,1740.48,44.62769230769231,51.22499628632893,35,203,40.6,0.7389162561576355,348.096,1689.3023782142857,VIP
17931.0,2011-03-29 12:31:00,2011-07-28 18:33:00,2,249,3.830769230769231,3.069384615384615,408.36,6.282461538461539,9.161514276916991,133,121,60.5,0.49586776859504134,204.18,476.23501554595555,Medium Value
17932.0,2011-05-12 13:58:00,2011-11-10 19:49:00,3,789,8.766666666666667,2.7395555555555555,1331.57,14.795222222222222,4.314614628013106,28,182,60.666666666666664,0.4945054945054945,443.8566666666666,1386.0688867001277,High Value
17934.0,2011-10-12 10:50:00,2011-10-19 11:16:00,2,478,22.761904761904763,3.4528571428571433,704.25,33.535714285714285,26.04195164948829,51,7,3.5,8.571428571428571,352.125,813.2943477380952,High Value
17935.0,2011-07-21 11:23:00,2011-07-24 13:18:00,2,82,2.8275862068965516,1.8672413793103448,145.79,5.027241379310345,5.646360962445335,137,3,1.5,20.0,72.895,139.0196552117365,Low Value
17936.0,2011-12-04 13:32:00,2011-12-04 13:32:00,1,262,3.4025974025974026,2.384025974025974,389.84,5.062857142857142,7.370223673164961,4,0,0.0,0.0,389.84,418.99729424544415,Medium Value
17937.0,2010-12-12 14:43:00,2011-12-01 11:45:00,7,1754,40.7906976744186,3.473255813953488,4301.22,100.02837209302326,59.61362967078013,8,353,50.42857142857143,0.5949008498583569,614.46,4478.926697261905,VIP
17939.0,2011-07-03 12:27:00,2011-07-03 12:27:00,1,40,3.3333333333333335,2.455833333333333,99.14,8.261666666666667,7.328686888873853,159,0,0.0,0.0,99.14,91.26940442803875,Low Value
17940.0,2011-02-10 09:29:00,2011-10-21 13:27:00,9,9754,541.8888888888889,0.2327777777777778,2238.58,124.36555555555555,79.89683342191775,48,253,28.11111111111111,1.0671936758893281,248.7311111111111,5977.180864917749,VIP
17941.0,2011-08-01 08:30:00,2011-08-01 08:30:00,1,252,126.0,1.255,304.56,152.28,18.4979133958401,130,0,0.0,0.0,304.56,287.68474638888887,Low Value
17942.0,2011-12-02 10:45:00,2011-12-02 10:45:00,1,38,19.0,1.525,77.50000000000001,38.75000000000001,52.11376977344856,7,0,0.0,0.0,77.50000000000001,72.16628092185593,Low Value
17946.0,2011-03-25 14:34:00,2011-04-20 17:00:00,2,75,3.75,3.1445,149.57999999999998,7.478999999999999,10.721612653642028,232,26,13.0,2.3076923076923075,74.78999999999999,181.9800527664355,Low Value
17947.0,2011-11-02 13:05:00,2011-11-02 13:05:00,1,168,18.666666666666668,0.9422222222222223,176.68,19.63111111111111,14.760173139604802,36,0,0.0,0.0,176.68,164.71948492285495,Low Value
17948.0,2011-07-15 12:58:00,2011-07-15 12:58:00,1,144,144.0,2.49,358.56000000000006,358.56000000000006,0.0,146,0,0.0,0.0,358.56000000000006,303.5105604761904,Low Value
17949.0,2011-01-06 10:20:00,2011-12-08 18:46:00,30,17994,359.88,2.6738,16525.23879999992,445.5632,259.55048625668496,0,336,9.333333333333334,3.2142857142857144,618.8377777777778,15746.645834571364,VIP
17950.0,2010-12-09 15:16:00,2011-09-28 15:18:00,3,366,5.154929577464789,2.3209859154929577,482.2,6.791549295774648,7.249767808673465,71,293,97.66666666666667,0.3071672354948805,160.73333333333332,539.5959601476586,Medium Value
17951.0,2010-12-01 12:40:00,2011-10-31 12:30:00,3,616,30.8,2.2085,1008.5400000000001,50.42700000000001,49.33678728899968,39,333,111.0,0.2702702702702703,336.18,959.536499484127,High Value
17954.0,2010-12-03 14:18:00,2011-12-04 14:15:00,12,2234,4.606185567010309,1.942103092783505,2332.72,4.809731958762886,5.586239488441248,4,365,30.416666666666668,0.9863013698630138,194.39333333333332,3711.6525199963903,VIP
17955.0,2011-05-04 12:29:00,2011-05-25 12:00:00,4,273,14.368421052631579,5.631052631578947,557.3,29.331578947368417,35.50395209036717,198,20,5.0,6.0,139.325,563.8726207142859,Medium Value
17956.0,2011-04-04 13:47:00,2011-04-04 13:47:00,1,1,1.0,12.75,12.75,12.75,0.0,248,0,0.0,0.0,12.75,21.190563412698417,Low Value
17957.0,2011-10-04 14:58:00,2011-10-04 14:58:00,1,287,9.258064516129032,1.3490322580645162,111.68,3.6025806451612907,2.984703187635174,65,0,0.0,0.0,111.68,274.4096843400992,Low Value
17958.0,2011-08-15 12:19:00,2011-08-15 12:19:00,1,84,12.0,4.04,508.46000000000004,72.63714285714286,132.94297896896572,116,0,0.0,0.0,508.46000000000004,379.73805139389407,Medium Value
17960.0,2011-06-21 14:15:00,2011-06-21 14:15:00,1,41,1.5769230769230769,1.7196153846153845,73.78,2.8376923076923077,4.077847773217933,170,0,0.0,0.0,73.78,73.9841620959596,Low Value
17961.0,2010-12-02 19:18:00,2011-11-18 16:55:00,30,560,2.248995983935743,3.2722489959839356,1296.44,5.206586345381527,9.175426464201768,20,350,8.974358974358974,3.342857142857143,33.242051282051285,1516.6718980158726,High Value
17962.0,2011-07-20 14:16:00,2011-07-20 14:16:00,1,128,3.657142857142857,1.6517142857142857,102.83,2.938,2.9394665382364473,141,0,0.0,0.0,102.83,131.91854484549907,Low Value
17964.0,2010-12-02 13:32:00,2011-11-08 10:44:00,2,301,2.894230769230769,2.680192307692308,471.7,4.535576923076923,5.076298978036433,31,340,170.0,0.1764705882352941,235.85,509.8296983318532,Medium Value
17965.0,2010-12-05 15:54:00,2011-11-02 09:31:00,14,1556,4.729483282674772,3.4882370820668696,2622.57,7.971337386018238,5.297464594763692,37,331,23.642857142857142,1.2688821752265862,187.32642857142858,3352.321510730159,VIP
17966.0,2011-03-23 17:25:00,2011-11-02 10:26:00,5,2571,37.80882352941177,1.4894117647058824,1098.43,16.15338235294118,21.002102141430672,37,223,44.6,0.6726457399103138,219.686,1440.337567103174,High Value
17967.0,2010-12-03 11:19:00,2010-12-03 11:19:00,1,80,1.6666666666666667,1.8797916666666667,123.07,2.5639583333333333,2.994885526589603,368,0,0.0,0.0,123.07,132.9879790711201,Low Value
17968.0,2010-12-01 12:23:00,2010-12-01 12:23:00,1,160,1.8823529411764706,1.9291764705882353,277.35,3.2629411764705885,2.8522363087206344,368,0,0.0,0.0,277.35,259.1305131530969,Low Value
17969.0,2010-12-13 15:34:00,2011-06-26 13:00:00,2,152,10.857142857142858,4.701428571428571,228.2,16.3,19.697891335798435,165,194,97.0,0.30927835051546393,114.1,243.41070019841266,Low Value
17970.0,2011-05-12 20:03:00,2011-05-12 20:03:00,1,525,16.93548387096774,2.9658064516129032,582.59,18.793225806451613,19.124615619160693,210,0,0.0,0.0,582.59,644.7170380228982,Medium Value
17972.0,2011-04-12 12:16:00,2011-04-12 12:16:00,1,37,1.1935483870967742,4.230322580645161,136.04,4.388387096774193,3.5015445132819063,241,0,0.0,0.0,136.04,132.09437327133747,Low Value
17973.0,2011-10-19 10:34:00,2011-10-19 10:34:00,1,176,11.733333333333333,3.244,337.04,22.469333333333335,13.898556691082643,51,0,0.0,0.0,337.04,333.78745055032863,Medium Value
17974.0,2011-05-04 11:50:00,2011-11-15 11:37:00,3,519,2.899441340782123,2.024245810055866,740.79,4.138491620111732,3.994748021709487,24,194,64.66666666666667,0.4639175257731959,246.92999999999998,812.6552189721241,High Value
17975.0,2010-12-08 11:38:00,2011-11-24 13:27:00,13,1568,5.297297297297297,3.1686824324324325,4488.81,15.16489864864865,22.453393854446883,14,351,27.0,1.1111111111111112,345.29307692307697,3091.290260775614,VIP
17976.0,2010-12-02 13:49:00,2010-12-02 13:49:00,1,106,1.6307692307692307,3.532,353.19,5.433692307692308,5.987232919207848,368,0,0.0,0.0,353.19,296.7540214590442,Low Value
17977.0,2011-11-10 13:28:00,2011-11-10 13:28:00,1,342,16.285714285714285,3.2476190476190476,288.14,13.72095238095238,16.963752799649583,28,0,0.0,0.0,288.14,349.1211252020203,Medium Value
17978.0,2010-12-09 14:05:00,2010-12-09 14:05:00,1,499,41.583333333333336,2.3633333333333333,300.91999999999996,25.076666666666664,42.770763024488694,364,0,0.0,0.0,300.91999999999996,467.4561376964702,Medium Value
17979.0,2011-03-25 11:34:00,2011-11-04 12:05:00,4,397,2.719178082191781,2.338082191780822,757.71,5.189794520547945,7.312683499064281,35,224,56.0,0.5357142857142857,189.4275,713.4706645848522,High Value
17980.0,2010-12-15 15:50:00,2011-06-27 12:01:00,3,682,22.733333333333334,2.2036666666666664,811.45,27.048333333333336,30.054747411249743,165,193,64.33333333333333,0.46632124352331605,270.48333333333335,911.0038997763346,High Value
17984.0,2011-07-17 15:59:00,2011-07-17 15:59:00,1,98,2.0416666666666665,2.066666666666667,152.68,3.1808333333333336,3.4486771027258047,144,0,0.0,0.0,152.68,171.15625263579318,Low Value
17985.0,2011-11-17 14:24:00,2011-11-17 14:24:00,1,183,7.956521739130435,4.469565217391304,634.95,27.606521739130436,19.884354884430135,21,0,0.0,0.0,634.95,489.58412189865686,Medium Value
17986.0,2011-10-14 14:22:00,2011-10-14 14:22:00,1,10,10.0,2.08,20.8,20.8,0.0,55,0,0.0,0.0,20.8,23.365418344155845,Low Value
17987.0,2011-06-07 14:22:00,2011-06-07 14:22:00,1,261,20.076923076923077,0.9092307692307693,198.57,15.274615384615384,10.508481190118623,184,0,0.0,0.0,198.57,216.87930305555554,Low Value
17988.0,2011-01-17 11:59:00,2011-11-28 11:00:00,7,43,1.131578947368421,5.094736842105263,201.12,5.292631578947368,6.62668180966488,11,314,44.857142857142854,0.6687898089171974,28.731428571428573,199.13130730103074,Low Value
17990.0,2010-12-13 12:10:00,2011-04-17 11:44:00,3,414,14.275862068965518,2.3224137931034488,630.84,21.753103448275862,10.80492483726362,236,124,41.333333333333336,0.7258064516129031,210.28,650.7809709298837,Medium Value
17991.0,2011-04-27 16:39:00,2011-04-28 15:58:00,2,25,5.0,4.91,93.35,18.669999999999998,24.56884714430044,224,0,0.0,0.0,46.675,106.80159237379303,Low Value
17994.0,2011-02-22 11:02:00,2011-08-10 11:41:00,4,497,6.135802469135802,2.3518518518518516,678.49,8.37641975308642,9.460883720435683,121,169,42.25,0.7100591715976331,169.6225,735.0552473040966,High Value
17995.0,2011-03-03 12:30:00,2011-03-03 12:30:00,1,133,66.5,1.685,76.1,38.05,20.435385976291226,281,0,0.0,0.0,76.1,148.79788741414146,Low Value
17997.0,2011-06-28 17:28:00,2011-09-26 16:13:00,8,2298,13.843373493975903,1.5156024096385543,1970.67,11.871506024096385,17.69701925312334,73,89,11.125,2.696629213483146,246.33375,2111.830728574482,VIP
17999.0,2010-12-08 15:17:00,2011-11-02 15:56:00,2,221,2.3763440860215055,2.822903225806452,382.06,4.108172043010753,3.749599383307084,36,329,164.5,0.182370820668693,191.03,436.6343765342656,Medium Value
18001.0,2011-09-14 11:21:00,2011-11-27 16:02:00,2,363,6.258620689655173,2.8377586206896552,417.23,7.193620689655173,8.002172226641187,11,74,37.0,0.8108108108108107,208.615,498.1844536649582,Medium Value
18004.0,2010-12-12 13:47:00,2010-12-12 13:47:00,1,78,1.95,2.76525,169.47,4.23675,3.5254142418903167,361,0,0.0,0.0,169.47,176.0515646358409,Low Value
18005.0,2011-10-23 14:40:00,2011-12-06 11:51:00,2,93,1.55,3.1863333333333332,249.72,4.162,4.789949506120753,3,43,21.5,1.3953488372093024,124.86,264.75906515098814,Low Value
18006.0,2011-11-16 16:52:00,2011-11-16 16:52:00,1,220,10.0,3.2290909090909095,444.68,20.212727272727275,22.904088672594632,22,0,0.0,0.0,444.68,421.3261646287304,Medium Value
18008.0,2011-01-25 12:26:00,2011-09-30 15:17:00,9,1581,52.7,3.8,2116.19,70.53966666666666,160.85357817042768,69,248,27.555555555555557,1.0887096774193548,235.13222222222223,2848.9025504563497,VIP
18009.0,2011-04-18 13:36:00,2011-04-18 13:36:00,1,126,3.9375,4.1378125,257.34,8.041875,5.598423993382193,234,0,0.0,0.0,257.34,306.4614862061559,Low Value
18010.0,2011-03-28 12:27:00,2011-03-28 12:27:00,1,60,4.285714285714286,5.014285714285714,174.8,12.485714285714286,16.060779133455085,256,0,0.0,0.0,174.8,177.50598607748856,Low Value
18011.0,2010-12-01 17:35:00,2010-12-01 17:35:00,1,71,2.5357142857142856,2.3610714285714285,102.78999999999999,3.671071428571428,2.6307023978055946,368,0,0.0,0.0,102.78999999999999,117.31285593912406,Low Value
18013.0,2011-07-07 14:08:00,2011-07-07 14:11:00,2,285,9.193548387096774,1.1703225806451614,187.29,6.041612903225806,5.39327426632727,154,0,0.0,0.0,93.645,210.98832962481956,Low Value
18014.0,2011-11-11 15:28:00,2011-11-11 15:28:00,1,68,2.125,2.930625,166.42,5.200625,5.427616917508623,27,0,0.0,0.0,166.42,166.78006673478274,Low Value
18015.0,2011-12-05 14:49:00,2011-12-05 14:49:00,1,157,3.4130434782608696,1.2758695652173913,120.03,2.6093478260869567,1.8259042230862101,3,0,0.0,0.0,120.03,161.00745068504594,Low Value
18016.0,2010-12-10 17:14:00,2011-11-07 13:25:00,5,1029,8.365853658536585,3.353821138211382,1483.56,12.061463414634146,8.456824645619971,31,331,66.2,0.45317220543806647,296.712,1808.9766142872406,VIP
18017.0,2011-02-02 13:57:00,2011-09-19 16:15:00,3,300,100.0,1.7433333333333334,523.0,174.33333333333334,8.08290376865476,80,229,76.33333333333333,0.3930131004366812,174.33333333333334,508.00733427128426,Medium Value
18018.0,2011-05-24 13:22:00,2011-08-23 17:37:00,2,55,1.896551724137931,3.8113793103448277,122.14,4.211724137931035,5.874686659708217,107,91,45.5,0.6593406593406593,61.07,152.06463353087528,Low Value
18019.0,2011-10-19 12:10:00,2011-10-19 12:10:00,1,7,1.4,5.71,38.45,7.69,3.0784330429619544,51,0,0.0,0.0,38.45,45.896556742424245,Low Value
18022.0,2011-11-04 12:45:00,2011-11-04 12:45:00,1,736,3.8534031413612566,1.754240837696335,668.11,3.497958115183246,3.608782929162597,35,0,0.0,0.0,668.11,691.7437313492063,High Value
18024.0,2011-07-10 12:28:00,2011-07-10 12:40:00,2,184,8.761904761904763,2.5828571428571427,389.78,18.56095238095238,37.37916784851716,152,0,0.0,0.0,194.89,323.6413724335165,Medium Value
18027.0,2011-09-02 10:38:00,2011-09-02 10:38:00,1,78,3.7142857142857144,2.7923809523809524,115.31,5.490952380952381,4.377776724276725,98,0,0.0,0.0,115.31,166.1365444220547,Low Value
18030.0,2011-10-28 13:55:00,2011-12-05 16:37:00,2,67,7.444444444444445,6.705555555555555,230.64999999999998,25.627777777777776,32.31839753831313,3,38,19.0,1.5789473684210527,115.32499999999999,236.74660812399765,Low Value
18032.0,2011-01-09 15:32:00,2011-01-09 15:32:00,1,42,8.4,1.8699999999999999,73.5,14.7,3.0149626863362675,333,0,0.0,0.0,73.5,75.13403852730603,Low Value
18033.0,2011-10-05 17:28:00,2011-10-05 17:28:00,1,253,7.4411764705882355,1.8658823529411763,97.97,2.881470588235294,1.8659827735619496,64,0,0.0,0.0,97.97,229.91330700150172,Low Value
18034.0,2011-11-18 12:08:00,2011-11-18 12:22:00,2,561,5.008928571428571,1.3344642857142859,422.88,3.775714285714286,4.30971032539347,21,0,0.0,0.0,211.44,468.56081111111087,Medium Value
18035.0,2011-10-27 17:48:00,2011-11-04 12:39:00,3,611,11.528301886792454,2.467358490566038,730.4,13.781132075471698,18.762446705748875,35,7,2.3333333333333335,12.857142857142858,243.46666666666667,823.2635372773634,High Value
18036.0,2011-04-08 11:26:00,2011-11-07 14:40:00,3,234,2.4375,1.8920833333333336,405.62,4.225208333333334,4.733206986514849,31,213,71.0,0.4225352112676057,135.20666666666668,376.9339327567314,Medium Value
18037.0,2010-12-12 16:20:00,2011-07-08 13:39:00,6,20,1.0526315789473684,3.598421052631579,70.02,3.685263157894737,4.529988187893666,153,207,34.5,0.8695652173913043,11.67,80.45077849673201,Low Value
18040.0,2011-04-08 08:27:00,2011-11-20 14:20:00,2,148,7.7894736842105265,3.0710526315789473,357.20000000000005,18.8,5.207126526854007,18,226,113.0,0.26548672566371684,178.60000000000002,353.53774446321796,Medium Value
18041.0,2010-12-02 11:21:00,2011-11-28 11:39:00,21,3819,8.091101694915254,1.968156779661017,4183.39,8.863114406779662,12.18800533902065,11,361,17.19047619047619,1.745152354570637,199.20904761904762,4797.764636150793,VIP
18042.0,2011-10-17 11:49:00,2011-10-17 11:49:00,1,33,4.714285714285714,5.45,165.04999999999998,23.578571428571426,22.609748213673548,53,0,0.0,0.0,165.04999999999998,150.80330067419914,Low Value
18043.0,2010-12-08 12:35:00,2011-11-15 12:48:00,3,282,2.330578512396694,2.9121487603305787,559.51,4.624049586776859,3.9017576335356856,24,342,114.0,0.2631578947368421,186.50333333333333,605.8459290417916,Medium Value
18044.0,2010-12-14 12:25:00,2011-12-05 14:26:00,10,1033,8.133858267716535,4.251574803149607,2088.6,16.445669291338582,8.976947159388997,3,356,35.6,0.8426966292134831,208.85999999999999,2500.581427857143,VIP
18045.0,2011-10-25 13:07:00,2011-10-25 13:07:00,1,142,3.021276595744681,2.606808510638298,189.4,4.029787234042553,3.115201500469775,44,0,0.0,0.0,189.4,258.08951474450294,Low Value
18048.0,2011-05-20 14:54:00,2011-05-20 14:58:00,2,127,18.142857142857142,1.5,172.29000000000002,24.612857142857145,27.134283796386764,202,0,0.0,0.0,86.14500000000001,166.11943416666674,Low Value
18050.0,2010-12-15 14:25:00,2010-12-15 14:25:00,1,40,8.0,2.31,74.4,14.88,5.454081040835385,358,0,0.0,0.0,74.4,80.250153640553,Low Value
18053.0,2011-09-30 09:05:00,2011-09-30 09:05:00,1,302,15.1,1.5855000000000001,300.02,15.001,7.205680434651248,70,0,0.0,0.0,300.02,310.63669743708937,Low Value
18055.0,2010-12-05 10:52:00,2011-12-02 14:25:00,10,2455,6.819444444444445,4.0215555555555556,6784.1900000000005,18.844972222222225,12.434635315560369,6,362,36.2,0.8287292817679558,678.4190000000001,5140.412726666666,VIP
18056.0,2011-02-24 14:27:00,2011-02-24 14:27:00,1,211,11.105263157894736,3.7578947368421054,363.65,19.139473684210525,9.224794170353078,287,0,0.0,0.0,363.65,393.55829315628085,Medium Value
18058.0,2011-11-30 08:38:00,2011-11-30 08:38:00,1,88,29.333333333333332,1.7966666666666666,170.16,56.72,43.09342409231367,9,0,0.0,0.0,170.16,158.59467265098547,Low Value
18059.0,2011-10-03 09:30:00,2011-11-16 16:49:00,3,258,14.333333333333334,1.913333333333333,306.46,17.025555555555556,9.900048260263967,22,44,14.666666666666666,2.0454545454545454,102.15333333333332,325.70394663602,Medium Value
18061.0,2010-12-08 13:03:00,2011-11-18 11:20:00,10,955,20.76086956521739,5.010434782608696,2119.41,46.0741304347826,41.06130590422553,21,344,34.4,0.872093023255814,211.94099999999997,2387.6051251190465,VIP
18062.0,2011-01-06 10:03:00,2011-06-19 14:47:00,3,396,14.666666666666666,4.489259259259259,720.52,26.685925925925925,13.900011139801641,172,164,54.666666666666664,0.5487804878048781,240.17333333333332,827.7141605304928,High Value
18064.0,2011-04-18 15:08:00,2011-07-29 16:39:00,2,384,54.857142857142854,2.2471428571428573,814.0,116.28571428571429,94.3635951796989,132,102,51.0,0.5882352941176471,407.0,719.7057749999999,High Value
18065.0,2010-12-10 12:44:00,2011-12-04 10:30:00,14,1027,7.4963503649635035,4.154306569343065,2392.83,17.465912408759124,5.366525269004106,5,358,25.571428571428573,1.1731843575418994,170.91642857142855,2579.5464182539677,VIP
18066.0,2011-09-25 15:30:00,2011-09-25 15:30:00,1,108,10.8,3.4299999999999997,318.0,31.8,16.739772997266126,74,0,0.0,0.0,318.0,293.6168287584072,Low Value
18067.0,2011-10-30 15:58:00,2011-10-30 15:58:00,1,189,5.108108108108108,2.8329729729729727,396.33,10.711621621621621,9.57959855152649,39,0,0.0,0.0,396.33,386.3483482295906,Medium Value
18068.0,2011-02-23 14:50:00,2011-02-23 14:50:00,1,6,6.0,16.95,101.7,101.7,0.0,288,0,0.0,0.0,101.7,128.7037998917749,Low Value
18069.0,2011-01-16 15:50:00,2011-11-13 16:03:00,5,1311,2.7893617021276595,2.201787234042553,2036.67,4.333340425531915,4.2597992523878085,25,301,60.2,0.4983388704318937,407.334,2049.7791082142853,VIP
18071.0,2010-12-09 10:33:00,2011-03-27 11:59:00,2,260,10.4,2.998,453.0,18.12,8.366189395417726,257,108,54.0,0.5555555555555556,226.5,467.9054186905906,Medium Value
18072.0,2011-06-07 10:44:00,2011-06-07 10:44:00,1,288,16.0,0.885,247.44,13.746666666666666,10.213338452873339,185,0,0.0,0.0,247.44,234.8966552777778,Low Value
18073.0,2011-05-26 19:38:00,2011-08-17 14:02:00,12,3108,42.57534246575342,3.834931506849315,3877.5200000000004,53.11671232876713,70.72807779829094,113,82,6.833333333333333,4.390243902439025,323.1266666666667,5227.926025753968,VIP
18074.0,2010-12-01 09:53:00,2010-12-01 09:53:00,1,190,14.615384615384615,4.7807692307692315,489.6,37.66153846153846,28.254373952290948,368,0,0.0,0.0,489.6,528.7733882514709,Medium Value
18075.0,2010-12-14 10:48:00,2011-11-16 15:21:00,10,1464,10.309859154929578,3.4669014084507044,2611.75,18.392605633802816,9.298274657281187,22,337,33.7,0.8902077151335313,261.175,2689.058018998747,VIP
18077.0,2010-12-08 10:21:00,2011-12-01 13:32:00,11,1878,8.273127753303966,1.8249779735682818,2633.01,11.599162995594714,10.32179881184733,7,358,32.54545454545455,0.9217877094972067,239.36454545454546,2541.472992698413,VIP
18078.0,2011-03-25 15:08:00,2011-05-06 14:32:00,2,145,5.0,2.98551724137931,336.13,11.590689655172413,16.655447613969276,216,41,20.5,1.4634146341463414,168.065,327.7886320869212,Medium Value
18079.0,2011-04-15 12:14:00,2011-10-25 15:27:00,4,7432,58.51968503937008,0.8958267716535433,3651.97,28.75566929133858,35.42189878642583,44,193,48.25,0.6217616580310881,912.9925,5134.90327554473,VIP
18080.0,2011-04-11 10:10:00,2011-11-21 08:02:00,2,642,321.0,1.9,1231.5,615.75,319.25871170572617,18,223,111.5,0.26905829596412556,615.75,1173.3827744444445,High Value
18081.0,2011-07-29 11:56:00,2011-11-03 16:30:00,3,195,11.470588235294118,3.84,343.45,20.20294117647059,7.8811593093163355,35,97,32.333333333333336,0.9278350515463918,114.48333333333333,444.283272956349,Medium Value
18082.0,2011-11-14 12:45:00,2011-11-14 12:45:00,1,621,8.506849315068493,2.153972602739726,703.37,9.635205479452054,8.061526790459911,25,0,0.0,0.0,703.37,733.8184832295482,High Value
18084.0,2011-11-23 13:57:00,2011-11-23 13:57:00,1,312,312.0,0.29,90.48,90.48,0.0,15,0,0.0,0.0,90.48,293.5625825396826,Low Value
18085.0,2010-12-01 12:08:00,2011-01-13 15:17:00,2,265,9.137931034482758,2.8448275862068964,689.95,23.79137931034483,17.99679569180063,329,43,21.5,1.3953488372093024,344.975,560.9680797334369,Medium Value
18086.0,2011-03-10 13:34:00,2011-03-10 13:34:00,1,106,15.142857142857142,1.48,101.34,14.477142857142857,4.757526368067459,273,0,0.0,0.0,101.34,115.6073085553948,Low Value
18087.0,2011-09-02 15:12:00,2011-09-02 15:12:00,1,1,1.0,852.8,852.8,852.8,0.0,97,0,0.0,0.0,852.8,645.3250927056278,Medium Value
18088.0,2011-10-09 13:41:00,2011-10-09 13:41:00,1,109,2.7948717948717947,2.0935897435897437,167.67000000000002,4.299230769230769,5.142822481568179,60,0,0.0,0.0,167.67000000000002,171.7378740579401,Low Value
18092.0,2010-12-09 10:00:00,2011-12-07 13:14:00,11,4252,47.7752808988764,3.7192134831460675,9068.26,101.89056179775281,79.25682534932574,1,363,33.0,0.9090909090909092,824.3872727272727,8606.43534952381,VIP
18093.0,2011-02-10 12:15:00,2011-09-07 15:43:00,4,1392,38.666666666666664,1.6352777777777776,2106.52,58.51444444444444,39.480018124503324,92,209,52.25,0.5741626794258373,526.63,1872.3617547222227,VIP
18094.0,2011-02-21 08:50:00,2011-09-19 09:28:00,7,2518,35.97142857142857,2.1552857142857142,3017.3,43.104285714285716,54.685455331785626,81,210,30.0,1.0,431.04285714285714,3497.2220584523848,VIP
18095.0,2011-01-11 12:37:00,2011-01-31 12:50:00,2,419,19.952380952380953,2.619047619047619,580.05,27.62142857142857,23.43171233301448,312,20,10.0,3.0,290.025,659.5940901936506,Medium Value
18096.0,2011-10-07 11:55:00,2011-11-28 12:44:00,3,825,3.8732394366197185,2.2876525821596245,911.15,4.277699530516432,4.653618582274683,11,52,17.333333333333332,1.7307692307692306,303.71666666666664,1096.0028721808144,High Value
18097.0,2010-12-20 14:49:00,2011-12-02 11:16:00,6,1686,15.61111111111111,2.9694444444444446,2697.8,24.97962962962963,17.762773838592413,7,346,57.666666666666664,0.5202312138728323,449.6333333333334,2986.3794649999995,VIP
18099.0,2011-08-04 15:52:00,2011-08-04 15:52:00,1,149,7.842105263157895,2.1389473684210527,168.31,8.858421052631579,7.876676726723648,126,0,0.0,0.0,168.31,178.05532767138794,Low Value
18101.0,2011-07-19 13:05:00,2011-11-28 13:37:00,2,88,2.1463414634146343,2.580487804878049,223.65,5.454878048780488,6.465506214501391,10,132,66.0,0.45454545454545453,111.825,224.57880621456496,Low Value
18102.0,2010-12-07 16:42:00,2011-12-09 11:50:00,30,31916,96.71515151515152,4.063,16525.23879999992,296.5254545454545,220.09391018437722,0,366,7.469387755102041,4.016393442622951,1786.2049999999992,16519.06411399993,VIP
18104.0,2011-11-02 14:07:00,2011-11-02 14:07:00,1,362,9.526315789473685,3.758947368421053,754.64,19.858947368421052,10.05231848730073,36,0,0.0,0.0,754.64,728.7065213383842,High Value
18105.0,2011-11-02 12:04:00,2011-11-02 12:04:00,1,46,2.5555555555555554,2.232222222222222,113.48000000000002,6.304444444444446,10.797543414631392,37,0,0.0,0.0,113.48000000000002,104.54312122199235,Low Value
18106.0,2011-01-14 12:23:00,2011-01-14 12:23:00,1,128,3.282051282051282,3.9358974358974357,430.7,11.043589743589743,14.176872286483377,329,0,0.0,0.0,430.7,363.23595118355973,Medium Value
18108.0,2011-03-30 13:56:00,2011-03-30 13:56:00,1,84,4.9411764705882355,4.711764705882352,271.0,15.941176470588236,3.5838280552241577,253,0,0.0,0.0,271.0,286.6949724089087,Low Value
18109.0,2010-12-05 10:58:00,2011-12-08 11:36:00,26,4237,9.542792792792794,4.930247747747748,8052.97,18.13731981981982,28.04495860549924,1,368,14.153846153846153,2.119565217391304,309.7296153846154,8934.03702318182,VIP
18110.0,2011-11-20 12:34:00,2011-11-20 12:34:00,1,86,1.8695652173913044,2.7769565217391303,236.3,5.136956521739131,4.234008276675486,19,0,0.0,0.0,236.3,208.31266527227604,Low Value
18112.0,2011-06-26 13:56:00,2011-11-27 14:43:00,2,255,9.807692307692308,4.289230769230769,352.69,13.565,7.255446643729109,11,154,77.0,0.3896103896103896,176.345,397.7375515873016,Medium Value
18113.0,2010-12-06 12:31:00,2010-12-06 12:31:00,1,72,72.0,1.06,76.32000000000001,76.32000000000001,0.0,368,0,0.0,0.0,76.32000000000001,75.502649047619,Low Value
18114.0,2011-02-22 13:20:00,2011-02-22 13:20:00,1,55,1.9642857142857142,5.533928571428571,220.1,7.860714285714286,5.671768245129116,289,0,0.0,0.0,220.1,204.27513019486966,Low Value
18116.0,2010-12-10 12:14:00,2011-10-03 11:00:00,8,848,2.2433862433862433,2.370079365079365,1418.03,3.7514021164021165,4.302456936988146,67,296,37.0,0.8108108108108107,177.25375,1468.446022798093,High Value
18117.0,2011-11-14 12:47:00,2011-11-14 12:47:00,1,618,8.35135135135135,1.2141891891891892,320.71999999999997,4.334054054054054,4.4844003337349925,25,0,0.0,0.0,320.71999999999997,413.0655001911975,Medium Value
18118.0,2010-12-05 12:13:00,2011-11-29 11:32:00,26,2882,2.253322908522283,2.5287959343236905,5653.82,4.420500390930414,5.255826268538798,10,358,13.76923076923077,2.17877094972067,217.45461538461538,5597.023790119047,VIP
18119.0,2010-12-07 11:59:00,2010-12-07 11:59:00,1,125,4.166666666666667,2.7823333333333333,181.12,6.037333333333334,10.470114755269197,367,0,0.0,0.0,181.12,195.60787514661763,Low Value
18120.0,2011-05-09 13:45:00,2011-05-09 13:45:00,1,31,1.8235294117647058,4.0323529411764705,111.15,6.538235294117648,4.745409933944218,213,0,0.0,0.0,111.15,112.04898143074524,Low Value
18121.0,2011-07-08 12:14:00,2011-07-13 12:53:00,2,450,14.0625,1.865,673.1,21.034375,12.177454826374317,148,5,2.5,12.0,336.55,634.3766890891006,Medium Value
18122.0,2011-07-12 11:37:00,2011-12-01 13:08:00,6,1234,3.39010989010989,2.3395054945054947,1826.21,5.0170604395604395,4.38214375587605,7,142,23.666666666666668,1.267605633802817,304.36833333333334,1843.8939101190474,VIP
18123.0,2011-11-08 13:31:00,2011-11-15 14:23:00,2,594,16.5,1.4233333333333333,589.4399999999999,16.37333333333333,15.296176366287472,23,7,3.5,8.571428571428571,294.71999999999997,593.5222821825398,Medium Value
18125.0,2011-01-27 15:02:00,2011-11-10 12:29:00,4,804,4.1020408163265305,2.225459183673469,1142.99,5.831581632653061,5.610285887726214,29,286,71.5,0.4195804195804196,285.7475,1091.64584007764,High Value
18126.0,2011-10-10 12:19:00,2011-10-10 12:19:00,1,144,2.5714285714285716,1.9507142857142856,206.83,3.6933928571428574,4.2974949476032345,60,0,0.0,0.0,206.83,200.44842148459583,Low Value
18127.0,2011-07-29 10:06:00,2011-11-20 14:05:00,3,188,4.0,3.177446808510638,348.73,7.419787234042554,6.561899409987174,18,114,38.0,0.7894736842105263,116.24333333333334,370.45410768198127,Medium Value
18129.0,2011-04-10 14:16:00,2011-04-10 14:16:00,1,48,3.4285714285714284,2.9250000000000003,112.55000000000001,8.039285714285715,7.594055837688717,242,0,0.0,0.0,112.55000000000001,120.18919256084168,Low Value
18130.0,2011-10-13 15:58:00,2011-11-24 14:40:00,3,824,11.771428571428572,2.3695714285714287,1059.39,15.134142857142859,4.768056296737831,14,41,13.666666666666666,2.1951219512195124,353.13000000000005,1056.981760628538,High Value
18135.0,2011-06-02 14:04:00,2011-11-10 19:32:00,5,349,17.45,2.3075,681.91,34.0955,46.77835649719801,28,161,32.2,0.9316770186335405,136.382,666.9773391968113,Medium Value
18136.0,2011-01-24 12:08:00,2011-10-07 15:40:00,3,379,9.973684210526315,2.728421052631579,784.33,20.640263157894736,11.75043196143136,62,256,85.33333333333333,0.3515625,261.4433333333333,737.9996273848645,High Value
18138.0,2011-02-17 14:51:00,2011-02-17 14:51:00,1,38,4.75,6.25625,152.65,19.08125,14.55325043467217,294,0,0.0,0.0,152.65,152.42809209082824,Low Value
18139.0,2011-11-21 14:06:00,2011-11-22 10:44:00,6,5557,34.9496855345912,1.5092452830188678,8438.34,53.07132075471698,95.6832470165858,17,0,0.0,0.0,1406.39,5267.2565749999985,VIP
18142.0,2011-05-08 12:31:00,2011-07-05 13:19:00,2,1276,85.06666666666666,1.53,1019.52,67.968,63.06398057302034,156,58,29.0,1.0344827586206897,509.76,1229.1107829365087,High Value
18143.0,2011-07-21 10:44:00,2011-08-15 12:07:00,2,570,9.344262295081966,2.728360655737705,1000.16,16.396065573770493,5.171987779918706,116,25,12.5,2.4,500.08,965.5877627411387,High Value
18144.0,2010-12-01 13:45:00,2011-12-02 12:46:00,12,1343,31.232558139534884,4.43046511627907,2888.75,67.18023255813954,69.31763942647581,7,365,30.416666666666668,0.9863013698630138,240.72916666666666,2945.5802031349194,VIP
18145.0,2011-01-31 12:10:00,2011-11-27 11:22:00,4,2625,11.877828054298643,1.801447963800905,2861.55,12.94819004524887,6.250643485426157,12,299,74.75,0.4013377926421405,715.3875,3211.0692018650793,VIP
18146.0,2011-05-03 16:35:00,2011-07-22 12:08:00,2,153,15.3,1.95,160.35,16.035,3.4325282227536014,140,79,39.5,0.759493670886076,80.175,194.70736929264152,Low Value
18147.0,2011-08-23 12:22:00,2011-10-25 11:46:00,2,203,29.0,1.2971428571428572,179.34,25.62,10.079821426989668,45,62,31.0,0.9677419354838709,89.67,225.29921813852815,Low Value
18149.0,2011-03-11 12:44:00,2011-10-20 12:04:00,3,310,19.375,2.7525,612.0799999999999,38.254999999999995,32.36531167778243,50,222,74.0,0.4054054054054054,204.02666666666664,602.9592491774889,Medium Value
18150.0,2011-05-22 10:47:00,2011-11-07 16:49:00,3,332,8.972972972972974,2.3235135135135137,566.58,15.312972972972974,3.7120381230567974,31,169,56.333333333333336,0.5325443786982248,188.86,561.4400148969919,Medium Value
18151.0,2011-02-23 08:29:00,2011-07-28 11:35:00,2,355,9.342105263157896,3.1986842105263156,653.35,17.193421052631578,5.351678835511687,134,155,77.5,0.3870967741935484,326.675,668.3515968303484,Medium Value
18154.0,2011-10-27 10:40:00,2011-12-06 16:41:00,2,255,12.142857142857142,2.8261904761904764,399.19,19.009047619047617,6.351374579381934,2,40,20.0,1.5,199.595,444.10232524575423,Medium Value
18155.0,2011-02-21 10:36:00,2011-09-25 13:32:00,3,266,10.64,2.4703999999999997,371.62,14.8648,3.5315625908842865,74,216,72.0,0.41666666666666663,123.87333333333333,429.0470654759128,Medium Value
18156.0,2010-12-05 12:29:00,2011-11-27 12:24:00,2,301,2.15,3.0002142857142857,734.94,5.2495714285714286,4.73000842188682,12,356,178.0,0.16853932584269662,367.47,677.5812624127634,High Value
18158.0,2011-09-12 09:03:00,2011-11-30 16:19:00,2,354,10.411764705882353,1.2944117647058824,453.4,13.335294117647058,5.659525751249416,8,79,39.5,0.759493670886076,226.7,417.0181636507937,Medium Value
18159.0,2011-02-11 14:26:00,2011-02-11 14:26:00,1,139,6.043478260869565,5.004347826086956,530.15,23.05,33.18929865867228,300,0,0.0,0.0,530.15,489.85680620329674,Medium Value
18160.0,2011-05-23 13:41:00,2011-10-13 15:50:00,2,294,7.538461538461538,3.657179487179487,638.0600000000001,16.36051282051282,3.568789378042827,56,143,71.5,0.4195804195804196,319.03000000000003,654.3913645837464,Medium Value
18161.0,2011-01-24 11:56:00,2011-11-24 16:40:00,5,812,10.15,3.640125,1618.69,20.233625,9.679877894897569,14,304,60.8,0.493421052631579,323.738,1625.9685080026454,High Value
18164.0,2011-11-02 12:56:00,2011-11-02 12:56:00,1,184,7.666666666666667,4.207083333333333,399.65,16.652083333333334,4.7219413649073605,36,0,0.0,0.0,399.65,401.55659957813805,Medium Value
18165.0,2011-06-15 13:23:00,2011-06-15 13:23:00,1,254,25.4,1.238,302.46,30.246,44.17367949356268,176,0,0.0,0.0,302.46,285.54135529638484,Low Value
18167.0,2011-08-26 11:40:00,2011-11-16 15:56:00,3,382,10.324324324324325,3.788648648648649,1384.8600000000001,37.428648648648654,16.063205395174638,22,82,27.333333333333332,1.0975609756097562,461.62000000000006,1319.340336468254,High Value
18168.0,2010-12-02 18:08:00,2011-06-16 19:21:00,6,594,4.534351145038168,3.2399236641221374,1169.94,8.93083969465649,7.276741667084874,175,196,32.666666666666664,0.9183673469387755,194.99,1162.3042000403193,High Value
18169.0,2011-10-10 12:18:00,2011-10-10 12:18:00,1,61,6.777777777777778,3.688888888888889,202.65,22.516666666666666,16.045014802112213,60,0,0.0,0.0,202.65,182.6335054017882,Low Value
18170.0,2011-05-06 15:13:00,2011-11-06 14:35:00,3,409,10.763157894736842,4.247368421052632,980.3100000000001,25.79763157894737,20.111564971188276,32,183,61.0,0.49180327868852464,326.77000000000004,1006.3056510175063,High Value
18171.0,2011-01-10 09:55:00,2011-10-12 09:13:00,5,481,8.907407407407407,5.11037037037037,1231.31,22.802037037037035,13.005588113856355,58,274,54.8,0.5474452554744526,246.262,1211.7900452337572,High Value
18172.0,2011-02-23 10:44:00,2011-11-25 11:12:00,20,3184,16.84656084656085,3.107037037037037,7561.68,40.00888888888889,54.79123475222802,14,275,13.75,2.181818181818182,378.084,7317.545255515874,VIP
18173.0,2011-03-10 11:56:00,2011-09-14 11:26:00,4,1220,39.354838709677416,2.705806451612903,2106.84,67.9625806451613,52.24098767364836,86,187,46.75,0.6417112299465241,526.71,1810.5301630952383,VIP
18174.0,2011-12-02 16:56:00,2011-12-02 16:56:00,1,50,50.0,2.08,104.0,104.0,0.0,6,0,0.0,0.0,104.0,109.52435595598845,Low Value
18176.0,2010-12-16 15:45:00,2010-12-16 15:45:00,1,283,9.433333333333334,2.6816666666666666,476.35,15.878333333333334,5.288857567359524,357,0,0.0,0.0,476.35,478.7299102994449,Medium Value
18177.0,2011-03-29 08:46:00,2011-11-08 14:44:00,6,710,9.594594594594595,1.8343243243243244,1341.42,18.127297297297297,11.958750026000885,30,224,37.333333333333336,0.8035714285714286,223.57000000000002,1173.257289585137,High Value
18178.0,2010-12-10 12:42:00,2011-08-03 09:30:00,4,983,10.1340206185567,2.448762886597938,1590.81,16.400103092783503,4.859653085793385,128,235,58.75,0.5106382978723405,397.7025,1546.6990316254835,High Value
18179.0,2011-01-07 14:22:00,2011-11-30 16:23:00,6,1360,15.11111111111111,2.761,1793.17,19.924111111111113,21.804001122072435,8,327,54.5,0.5504587155963303,298.8616666666667,2051.4618165909096,VIP
18180.0,2011-07-20 08:59:00,2011-12-05 08:39:00,6,1721,14.46218487394958,2.080840336134454,1843.75,15.493697478991596,6.476330550491603,4,137,22.833333333333332,1.3138686131386863,307.2916666666667,1906.496408912477,VIP
18181.0,2011-11-15 15:08:00,2011-11-15 15:08:00,1,146,3.3181818181818183,3.6140909090909092,382.8,8.700000000000001,5.642830808635299,23,0,0.0,0.0,382.8,367.46480732005296,Medium Value
18183.0,2011-03-10 10:08:00,2011-04-26 15:26:00,2,371,10.027027027027026,3.5043243243243243,632.07,17.082972972972975,5.331221386462156,226,47,23.5,1.2765957446808511,316.035,680.4983755633958,High Value
18184.0,2011-11-24 15:28:00,2011-11-24 15:28:00,1,60,60.0,0.83,49.8,49.8,0.0,14,0,0.0,0.0,49.8,56.00259507936509,Low Value
18185.0,2011-04-04 13:42:00,2011-04-04 13:42:00,1,183,10.764705882352942,3.626470588235294,304.25,17.897058823529413,7.0678734113468344,248,0,0.0,0.0,304.25,291.237646347339,Low Value
18188.0,2011-02-22 14:43:00,2011-11-24 16:46:00,3,1168,16.450704225352112,2.4726760563380283,2001.04,28.183661971830986,33.05318593848563,14,275,91.66666666666667,0.32727272727272727,667.0133333333333,1816.3231711904755,VIP
18189.0,2011-03-17 09:49:00,2011-09-23 12:40:00,2,566,8.323529411764707,3.2851470588235294,1090.24,16.032941176470587,4.914393741575296,77,190,95.0,0.31578947368421056,545.12,1091.9337685926496,High Value
18190.0,2011-01-13 10:35:00,2011-05-31 14:48:00,2,140,9.333333333333334,3.929333333333333,284.46000000000004,18.964000000000002,5.680871160557784,191,138,69.0,0.4347826086956522,142.23000000000002,296.28686800957416,Low Value
18191.0,2011-03-23 12:08:00,2011-03-23 12:08:00,1,140,20.0,4.021428571428571,207.8,29.685714285714287,8.210446307688064,261,0,0.0,0.0,207.8,272.48964809343425,Low Value
18192.0,2011-09-29 09:53:00,2011-09-29 09:53:00,1,339,7.533333333333333,4.007333333333333,957.97,21.288222222222224,15.044272285021254,71,0,0.0,0.0,957.97,881.5260109993516,High Value
18193.0,2011-06-27 13:58:00,2011-06-27 13:58:00,1,124,7.75,3.5949999999999998,243.76,15.235,5.572483587533779,164,0,0.0,0.0,243.76,268.50562234788697,Low Value
18194.0,2011-09-18 13:29:00,2011-09-18 13:29:00,1,632,90.28571428571429,1.6514285714285712,973.84,139.12,76.16040616138196,81,0,0.0,0.0,973.84,913.313946511544,High Value
18196.0,2011-02-22 16:13:00,2011-09-05 16:22:00,2,433,3.0709219858156027,2.2075886524822694,689.13,4.887446808510639,5.15980957625588,94,195,97.5,0.3076923076923077,344.565,625.5279650290898,Medium Value
18198.0,2011-01-07 13:39:00,2011-12-05 14:49:00,17,4074,25.62264150943396,2.3962893081761005,5425.56,34.12301886792453,49.644769221761145,3,332,19.529411764705884,1.536144578313253,319.15058823529415,5661.2991172954835,VIP
18200.0,2011-08-25 18:45:00,2011-08-25 18:45:00,1,111,3.46875,1.9684375,163.8,5.11875,4.087089626238117,105,0,0.0,0.0,163.8,169.50077011742994,Low Value
18202.0,2011-02-01 13:36:00,2011-05-24 12:12:00,3,581,8.544117647058824,4.052058823529412,1396.99,20.543970588235293,8.084089983714534,199,111,37.0,0.8108108108108107,465.66333333333336,1334.986133187107,High Value
18203.0,2011-07-05 13:07:00,2011-07-05 13:07:00,1,43,2.263157894736842,4.583157894736842,160.42000000000002,8.443157894736842,11.458718200872974,156,0,0.0,0.0,160.42000000000002,154.5488663553167,Low Value
18204.0,2011-05-31 15:26:00,2011-09-29 16:44:00,3,1200,6.0,2.5493,1993.7,9.9685,10.006539758562823,70,121,40.333333333333336,0.7438016528925621,664.5666666666667,1732.265810753968,VIP
18205.0,2011-09-26 12:02:00,2011-11-03 13:22:00,2,192,6.0,4.58,517.36,16.1675,6.949064917368844,35,38,19.0,1.5789473684210527,258.68,553.8228468058736,Medium Value
18209.0,2011-11-11 12:07:00,2011-11-11 12:07:00,1,58,7.25,3.24375,139.10000000000002,17.387500000000003,3.5501257522998904,28,0,0.0,0.0,139.10000000000002,142.78609195114598,Low Value
18210.0,2011-03-17 16:58:00,2011-12-08 11:02:00,6,1398,10.432835820895523,3.5970895522388058,2621.38,19.562537313432838,9.28938028045132,1,265,44.166666666666664,0.6792452830188679,436.8966666666667,2758.6323996213823,VIP
18211.0,2011-03-06 12:09:00,2011-11-14 08:10:00,5,359,8.547619047619047,2.451904761904762,600.07,14.287380952380953,9.755364017791873,25,252,50.4,0.5952380952380952,120.01400000000001,645.6022047453866,Medium Value
18212.0,2011-01-17 16:14:00,2011-01-17 16:14:00,1,101,2.3488372093023258,3.057674418604651,248.42,5.7772093023255815,5.582642455726755,325,0,0.0,0.0,248.42,234.52976989704547,Low Value
18213.0,2011-04-17 10:21:00,2011-04-17 10:21:00,1,232,15.466666666666667,1.5013333333333334,232.48000000000002,15.498666666666669,5.390523254043243,236,0,0.0,0.0,232.48000000000002,259.1570392378964,Low Value
18215.0,2011-09-11 16:05:00,2011-09-11 16:05:00,1,118,9.076923076923077,2.9930769230769227,299.34000000000003,23.02615384615385,10.270402084356729,88,0,0.0,0.0,299.34000000000003,298.76728539901364,Low Value
18216.0,2011-11-08 16:55:00,2011-11-08 16:55:00,1,200,7.6923076923076925,4.935384615384615,481.75,18.528846153846153,5.880383203107143,30,0,0.0,0.0,481.75,484.8793579027977,Medium Value
18217.0,2011-09-30 10:44:00,2011-11-10 13:18:00,2,491,15.838709677419354,2.0880645161290325,621.75,20.056451612903224,8.765195015281403,28,41,20.5,1.4634146341463414,310.875,636.5373292732851,Medium Value
18218.0,2011-03-03 12:24:00,2011-05-12 12:53:00,2,584,27.80952380952381,1.7866666666666664,662.08,31.527619047619048,38.51602639223859,210,70,35.0,0.8571428571428571,331.04,694.1937135364783,High Value
18219.0,2010-12-06 10:05:00,2011-12-07 11:43:00,10,885,7.7631578947368425,4.12921052631579,2069.77,18.155877192982455,7.050167111733525,2,366,36.6,0.819672131147541,206.977,2116.6514868650793,VIP
18220.0,2011-04-27 09:03:00,2011-04-27 09:03:00,1,288,144.0,1.06,305.28,152.64,0.0,226,0,0.0,0.0,305.28,280.88722436507936,Low Value
18221.0,2011-05-12 14:13:00,2011-11-17 14:40:00,5,791,12.359375,2.6042187500000002,1041.61,16.27515625,6.450615571016433,21,189,37.8,0.7936507936507937,208.32199999999997,1133.9328124014874,High Value
18222.0,2011-09-08 10:45:00,2011-09-08 10:45:00,1,335,17.63157894736842,3.2557894736842106,443.0,23.31578947368421,11.433132804747531,92,0,0.0,0.0,443.0,420.33253001443006,Medium Value
18223.0,2010-12-16 16:42:00,2011-12-05 09:11:00,14,2948,10.838235294117647,2.9675,6484.54,23.840220588235294,17.005892465523452,4,353,25.214285714285715,1.1898016997167138,463.18142857142857,6034.202571349203,VIP
18224.0,2011-03-21 10:30:00,2011-03-21 10:30:00,1,69,6.9,3.06,158.95000000000002,15.895000000000001,3.742581551104353,263,0,0.0,0.0,158.95000000000002,156.3303719918821,Low Value
18225.0,2010-12-09 15:46:00,2011-12-06 13:27:00,12,3244,11.970479704797048,2.5551660516605166,5509.12,20.328856088560887,16.337236760937163,2,361,30.083333333333332,0.997229916897507,459.0933333333333,5533.162950714286,VIP
18226.0,2011-01-06 09:00:00,2011-10-26 13:36:00,11,3466,14.322314049586776,2.185206611570248,5228.05,21.603512396694217,13.443341580131586,43,293,26.636363636363637,1.1262798634812285,475.27727272727276,5023.450145317461,VIP
18227.0,2011-05-06 12:23:00,2011-05-06 12:23:00,1,21,4.2,8.65,93.75,18.75,6.229967897188556,217,0,0.0,0.0,93.75,122.85147709839357,Low Value
18228.0,2011-09-21 10:48:00,2011-10-14 09:21:00,2,238,7.933333333333334,3.9876666666666667,779.9,25.996666666666666,13.63199515676348,56,22,11.0,2.7272727272727275,389.95,706.0659986291487,High Value
18229.0,2010-12-01 16:25:00,2011-11-28 09:48:00,20,2488,15.170731707317072,4.626585365853659,7276.9,44.37134146341463,40.77111211955727,11,361,18.05,1.662049861495845,363.84499999999997,6840.155108968254,VIP
18230.0,2011-02-10 13:06:00,2011-11-30 13:22:00,7,1316,15.30232558139535,2.191627906976744,2810.2000000000003,32.67674418604651,30.156927579574017,8,293,41.857142857142854,0.7167235494880545,401.4571428571429,2364.13861176407,VIP
18231.0,2011-02-24 09:08:00,2011-05-31 14:18:00,5,821,6.620967741935484,3.765483870967742,2083.27,16.800564516129032,10.862010871221573,191,96,19.2,1.5625,416.654,2000.6064932142863,VIP
18232.0,2011-05-26 16:30:00,2011-09-19 11:49:00,4,302,8.162162162162161,3.724864864864865,592.97,16.026216216216216,5.824822530129782,81,115,28.75,1.0434782608695652,148.2425,606.7495317814702,Medium Value
18233.0,2011-01-18 08:44:00,2011-01-18 08:44:00,1,4,4.0,110.0,440.0,440.0,0.0,325,0,0.0,0.0,440.0,489.8550523593074,Medium Value
18235.0,2011-05-06 13:35:00,2011-09-29 08:27:00,3,1578,15.173076923076923,2.1464423076923076,1796.48,17.273846153846154,9.850630388156015,71,145,48.333333333333336,0.6206896551724138,598.8266666666667,1888.9907328571433,VIP
18236.0,2011-04-13 09:52:00,2011-11-10 08:06:00,6,403,8.224489795918368,3.3632653061224493,882.24,18.004897959183673,6.687098001141508,29,210,35.0,0.8571428571428571,147.04,887.2613201510549,High Value
18237.0,2011-07-28 13:05:00,2011-12-07 12:49:00,5,622,10.19672131147541,2.957704918032787,987.1,16.181967213114753,5.500773830311553,2,131,26.2,1.1450381679389314,197.42000000000002,1037.0089596686942,High Value
18239.0,2010-12-02 17:48:00,2011-05-05 12:38:00,5,795,9.034090909090908,2.871931818181818,1561.6100000000001,17.745568181818182,7.993373672108947,218,153,30.6,0.9803921568627452,312.322,1550.6646730223129,High Value
18240.0,2011-10-24 13:06:00,2011-10-24 13:06:00,1,126,21.0,3.9283333333333332,422.58,70.42999999999999,113.5196458768261,45,0,0.0,0.0,422.58,347.3941266771093,Medium Value
18241.0,2011-05-06 09:22:00,2011-11-30 12:10:00,17,1051,10.10576923076923,3.2537499999999997,2073.09,19.933557692307694,8.224788003673844,9,208,12.235294117647058,2.4519230769230766,121.9464705882353,2150.7253797161165,VIP
18242.0,2011-05-10 11:20:00,2011-09-28 13:43:00,4,1017,13.038461538461538,3.279871794871795,2232.4900000000002,28.62166666666667,28.639432602332576,71,141,35.25,0.851063829787234,558.1225000000001,2133.4901119805195,VIP
18245.0,2010-12-19 14:58:00,2011-12-02 14:48:00,7,1788,10.217142857142857,2.5844,2567.06,14.668914285714285,6.989113658683064,6,347,49.57142857142857,0.6051873198847262,366.72285714285715,2677.9939231096673,VIP
18246.0,2011-04-20 13:55:00,2011-11-16 11:49:00,2,166,41.5,4.71,596.1,149.025,82.39872066158956,23,209,104.5,0.28708133971291866,298.05,627.2168195310248,Medium Value
18248.0,2011-06-06 13:18:00,2011-08-09 10:19:00,2,511,10.872340425531915,4.105744680851064,804.02,17.1068085106383,10.915540598133072,122,63,31.5,0.9523809523809523,402.01,865.5940476551227,High Value
18249.0,2011-11-22 15:07:00,2011-11-22 15:07:00,1,128,16.0,1.60375,95.34,11.9175,3.5760542900960393,16,0,0.0,0.0,95.34,106.52394664801471,Low Value
18250.0,2011-02-02 13:16:00,2011-02-02 13:16:00,1,199,9.476190476190476,3.8057142857142856,349.27,16.63190476190476,5.159605235914488,309,0,0.0,0.0,349.27,353.4015047649572,Medium Value
18251.0,2011-09-13 15:03:00,2011-09-13 15:03:00,1,7824,489.0,0.771875,4314.72,269.67,139.9982045599157,86,0,0.0,0.0,1786.2049999999992,5158.2084050288595,VIP
18252.0,2011-06-21 11:47:00,2011-10-20 12:43:00,2,239,2.438775510204082,3.129081632653061,526.67,5.374183673469387,5.926387770569302,50,121,60.5,0.49586776859504134,263.335,504.8124960001329,Medium Value
18255.0,2011-09-11 13:16:00,2011-09-11 13:16:00,1,74,12.333333333333334,1.7166666666666668,103.30000000000001,17.21666666666667,7.417119836342586,88,0,0.0,0.0,103.30000000000001,114.95589415405946,Low Value
18257.0,2011-02-16 15:13:00,2011-10-31 14:48:00,8,1041,8.822033898305085,3.40364406779661,2337.63,19.81042372881356,10.758100855027967,38,256,32.0,0.9375,292.20375,2308.664311785715,VIP
18259.0,2010-12-08 13:38:00,2011-11-15 12:34:00,3,714,17.0,3.2595238095238095,2338.6,55.68095238095238,34.607325025380256,24,341,113.66666666666667,0.26392961876832843,779.5333333333333,1449.2919950396827,High Value
18260.0,2010-12-16 18:23:00,2011-06-20 12:37:00,6,1478,11.029850746268657,3.5070149253731344,2643.2000000000003,19.72537313432836,11.197483985435516,172,185,30.833333333333332,0.9729729729729729,440.53333333333336,2745.2013131984136,VIP
18261.0,2011-09-05 09:34:00,2011-10-27 15:36:00,2,146,6.9523809523809526,3.0828571428571427,324.24,15.440000000000001,2.8199734041299047,42,52,26.0,1.1538461538461537,162.12,328.1375067536322,Medium Value
18262.0,2011-07-22 16:04:00,2011-07-22 16:04:00,1,182,14.0,1.123076923076923,149.48,11.498461538461537,4.614531117664874,139,0,0.0,0.0,149.48,155.92600656926408,Low Value
18263.0,2011-04-01 11:48:00,2011-11-14 09:00:00,3,1468,24.065573770491802,0.9595081967213115,1213.16,19.887868852459018,9.937649808473177,25,226,75.33333333333333,0.39823008849557523,404.3866666666667,1091.6310864285715,High Value
18265.0,2011-07-04 15:26:00,2011-09-28 14:10:00,2,311,6.760869565217392,5.246521739130435,801.51,17.424130434782608,5.241946447683961,71,85,42.5,0.7058823529411764,400.755,822.756908553391,High Value
18268.0,2011-07-28 19:13:00,2011-07-28 19:13:00,1,2,2.0,12.75,25.5,25.5,0.0,133,0,0.0,0.0,25.5,34.54561388888889,Low Value
18269.0,2010-12-08 13:53:00,2010-12-08 13:53:00,1,76,10.857142857142858,3.164285714285714,168.60000000000002,24.08571428571429,7.784049625447449,365,0,0.0,0.0,168.60000000000002,173.10036300593435,Low Value
18270.0,2011-03-18 12:41:00,2011-11-01 13:57:00,2,101,9.181818181818182,3.6727272727272724,283.15000000000003,25.740909090909096,12.67806803463797,37,228,114.0,0.2631578947368421,141.57500000000002,270.5219716562783,Low Value
18272.0,2011-04-07 09:35:00,2011-12-07 12:43:00,6,2050,12.349397590361447,2.2946385542168675,3078.58,18.54566265060241,8.024890399368038,2,244,40.666666666666664,0.7377049180327869,513.0966666666667,3072.7477003968256,VIP
18273.0,2011-03-27 11:22:00,2011-12-07 13:16:00,3,80,26.666666666666668,2.55,204.0,68.0,29.444863728670914,1,255,85.0,0.35294117647058826,68.0,183.7580949017149,Low Value
18274.0,2011-11-09 17:03:00,2011-11-09 17:03:00,1,88,8.0,3.671818181818182,175.92,15.992727272727272,3.094233639882712,29,0,0.0,0.0,175.92,192.09746211026908,Low Value
18276.0,2011-10-27 10:54:00,2011-10-27 10:54:00,1,186,13.285714285714286,2.482142857142857,335.86,23.990000000000002,22.78462605827413,43,0,0.0,0.0,335.86,323.5489906944445,Medium Value
18277.0,2011-10-12 15:22:00,2011-10-12 15:22:00,1,68,8.5,3.1412500000000003,110.38,13.7975,4.558335379123768,57,0,0.0,0.0,110.38,129.83161079772407,Low Value
18278.0,2011-09-27 11:58:00,2011-09-27 11:58:00,1,66,7.333333333333333,3.283333333333333,173.9,19.322222222222223,6.561779060928862,73,0,0.0,0.0,173.9,166.70690417720104,Low Value
18280.0,2011-03-07 09:52:00,2011-03-07 09:52:00,1,45,4.5,4.765,180.60000000000002,18.060000000000002,3.380318854125385,277,0,0.0,0.0,180.60000000000002,169.9865789431415,Low Value
18281.0,2011-06-12 10:53:00,2011-06-12 10:53:00,1,54,7.714285714285714,5.622857142857143,80.82,11.545714285714284,6.110444220466182,180,0,0.0,0.0,80.82,119.20523109734614,Low Value
18282.0,2011-08-05 13:35:00,2011-12-02 11:43:00,2,103,8.583333333333334,5.199166666666667,178.05,14.8375,5.85357874218064,7,118,59.0,0.5084745762711864,89.025,189.91464109248028,Low Value
18283.0,2011-01-06 14:14:00,2011-12-06 12:02:00,16,1397,1.847883597883598,1.6149867724867726,2094.88,2.771005291005291,2.5499284072481667,3,333,20.8125,1.4414414414414416,130.93,1986.5038197510817,VIP
18287.0,2011-05-22 10:39:00,2011-10-28 09:29:00,3,1586,22.65714285714286,1.4935714285714285,1837.28,26.24685714285714,19.75176084924994,42,158,52.666666666666664,0.569620253164557,612.4266666666666,1595.230932539682,High Value
