CustomerID,predicted_clv,value_category
12347.0,4219.5435080952375,VIP
12348.0,4029.5796913095237,VIP
12349.0,1785.8111317279943,VIP
12350.0,365.3618597724425,Medium Value
12352.0,2393.436111746033,VIP
12353.0,106.07918033779023,Low Value
12354.0,1122.0613512475973,High Value
12355.0,502.91150401154425,Medium Value
12356.0,3079.402142582417,VIP
12357.0,5701.595434761905,VIP
12358.0,1166.4661716666665,High Value
12359.0,4897.651746147188,VIP
12360.0,2511.49615756505,VIP
12361.0,196.82324788240084,Low Value
12362.0,4501.469556388889,VIP
12363.0,593.5071388308717,Medium Value
12364.0,1458.77090193057,High Value
12365.0,528.2360746428571,Medium Value
12367.0,188.68818607142856,Low Value
12370.0,3723.6512116071417,VIP
12371.0,1611.8145900216448,High Value
12372.0,1363.5058922985354,High Value
12373.0,406.82420269591535,Medium Value
12374.0,679.9800564131546,High Value
12375.0,449.52316003357765,Medium Value
12377.0,1581.9546766064495,High Value
12378.0,4182.5231936219325,VIP
12379.0,803.2395684073277,High Value
12380.0,2561.5959802404286,VIP
12381.0,1841.3041787605046,VIP
12383.0,2113.09993699384,VIP
12384.0,570.6640711269843,Medium Value
12386.0,609.0899152380953,Medium Value
12388.0,2509.6606821500727,VIP
12390.0,597.4886573561163,Medium Value
12391.0,491.78513289173793,Medium Value
12393.0,1360.850883961039,High Value
12394.0,1393.6567261345137,High Value
12395.0,3670.08677607143,VIP
12397.0,2444.389838305861,VIP
12398.0,1716.5794734090914,VIP
12399.0,1255.8763205766454,High Value
12401.0,71.49827333333333,Low Value
12402.0,214.66630160315322,Low Value
12403.0,372.7504438431014,Medium Value
12405.0,1643.3401531980055,VIP
12406.0,3063.28545595238,VIP
12407.0,1926.2399663131323,VIP
12408.0,2649.30347349928,VIP
12409.0,10955.970413202742,VIP
12410.0,650.2122802439228,Medium Value
12412.0,1267.2965491425248,High Value
12413.0,776.696893293096,High Value
12414.0,590.4397257756133,Medium Value
12415.0,16095.238160166606,VIP
12417.0,3632.154472380952,VIP
12418.0,710.5932864271839,High Value
12420.0,617.2791174919876,Medium Value
12421.0,877.5760617279941,High Value
12422.0,788.8501846031747,High Value
12423.0,2084.131430992064,VIP
12424.0,1513.2400481493503,High Value
12425.0,763.8295474884326,High Value
12426.0,575.4294494480367,Medium Value
12427.0,988.7625224603179,High Value
12428.0,8215.583978293645,VIP
12429.0,3443.384821534437,VIP
12430.0,295.79631613275615,Low Value
12431.0,6397.57829031746,VIP
12432.0,4584.557398293651,VIP
12433.0,15100.612573552342,VIP
12434.0,817.7177434650564,High Value
12435.0,5650.189796547618,VIP
12436.0,535.3385607545235,Medium Value
12437.0,5836.902035119052,VIP
12438.0,2866.5351942712837,VIP
12441.0,187.4294052658943,Low Value
12442.0,187.25101644300148,Low Value
12444.0,4108.274104469698,VIP
12445.0,170.2436495007369,Low Value
12446.0,834.6976423695751,High Value
12447.0,453.2479675959541,Medium Value
12448.0,483.01524149231483,Medium Value
12449.0,3645.0068889404765,VIP
12450.0,177.50024007936514,Low Value
12451.0,8581.697556904763,VIP
12452.0,423.9108010359929,Medium Value
12453.0,676.683949313097,Medium Value
12454.0,3284.2411980555544,VIP
12455.0,2976.145258571429,VIP
12456.0,3235.0592313888897,VIP
12457.0,2437.5461389285715,VIP
12458.0,952.6052334213251,High Value
12461.0,759.8897519154539,High Value
12462.0,1282.6216894054721,High Value
12463.0,1466.1065144579854,High Value
12464.0,700.3885733333335,High Value
12465.0,740.7212968794579,High Value
12468.0,727.6994604681579,High Value
12471.0,15546.785769600678,VIP
12472.0,6238.279978095237,VIP
12473.0,4299.391598997116,VIP
12474.0,7974.901411230157,VIP
12475.0,739.6599228869229,High Value
12476.0,5842.089972738095,VIP
12477.0,10028.104670992061,VIP
12478.0,646.7482333730159,Medium Value
12479.0,569.2042398949338,Medium Value
12480.0,3339.49562071734,VIP
12481.0,6635.529557777773,VIP
12483.0,2546.581643531746,VIP
12484.0,4219.38580395743,VIP
12488.0,1264.1984535896615,High Value
12489.0,344.6163562569873,Medium Value
12490.0,5345.53070383117,VIP
12491.0,484.4553997161337,Medium Value
12492.0,320.0558836695467,Medium Value
12493.0,471.87526774808373,Medium Value
12494.0,1457.0981130375178,High Value
12497.0,1250.172687103175,High Value
12498.0,425.0033323506068,Medium Value
12500.0,5044.180529444446,VIP
12501.0,2434.740575588023,VIP
12502.0,3022.823694866521,VIP
12504.0,472.1964161446887,Medium Value
12506.0,81.89216788778333,Low Value
12507.0,1522.034137619047,High Value
12508.0,376.7395726626765,Medium Value
12509.0,171.85422071377639,Low Value
12510.0,928.1285755663781,High Value
12512.0,176.5209970846392,Low Value
12513.0,623.3219977884058,Medium Value
12514.0,900.5220345899927,High Value
12515.0,390.4067512518038,Medium Value
12516.0,1505.1862724801595,High Value
12517.0,2311.1885416937234,VIP
12518.0,2073.43503208486,VIP
12519.0,342.1226494327525,Medium Value
12520.0,2597.7203446031754,VIP
12521.0,582.3771915274357,Medium Value
12522.0,290.7201726587301,Low Value
12523.0,2041.3166433730157,VIP
12524.0,5134.811785833335,VIP
12526.0,1256.9332761292803,High Value
12527.0,412.84867136321185,Medium Value
12528.0,1995.4283071681098,VIP
12530.0,1671.08878982499,VIP
12531.0,130.55053832538556,Low Value
12532.0,363.6156901685247,Medium Value
12534.0,1089.3207114097015,High Value
12535.0,660.9206083910533,Medium Value
12536.0,5131.111169285716,VIP
12538.0,400.88401689555644,Medium Value
12539.0,5461.410388571427,VIP
12540.0,13160.289773228573,VIP
12541.0,1044.3284473712692,High Value
12544.0,349.2068246229031,Medium Value
12545.0,1087.760906586955,High Value
12546.0,1145.3050149253822,High Value
12547.0,291.02191654761907,Low Value
12548.0,132.78641019790592,Low Value
12550.0,945.0937504356755,High Value
12551.0,158.873094205752,Low Value
12552.0,408.64733238721783,Medium Value
12553.0,3741.9280340079376,VIP
12556.0,615.2195333795255,Medium Value
12557.0,3434.746124126983,VIP
12558.0,231.965791147186,Low Value
12559.0,556.1915170238098,Medium Value
12560.0,2022.3327420970695,VIP
12561.0,226.68953179455988,Low Value
12562.0,3649.296199007937,VIP
12564.0,465.588708591464,Medium Value
12565.0,137.66878489033093,Low Value
12566.0,443.09250575887125,Medium Value
12567.0,8314.138699603174,VIP
12569.0,4693.910721601733,VIP
12571.0,511.14067666666654,Medium Value
12572.0,1006.318519122603,High Value
12573.0,148.98416239314744,Low Value
12574.0,204.14316760843028,Low Value
12576.0,1372.1402353334736,High Value
12577.0,634.3987344794094,Medium Value
12578.0,2546.273906553185,VIP
12579.0,490.6185254942908,Medium Value
12580.0,400.04648805129654,Medium Value
12581.0,223.37786463157897,Low Value
12582.0,535.684149689565,Medium Value
12583.0,10030.435644704183,VIP
12584.0,2050.4813506349205,VIP
12585.0,2037.466121233766,VIP
12586.0,201.56378893008954,Low Value
12587.0,205.83726223970476,Low Value
12588.0,225.00984400793655,Low Value
12589.0,658.2937143254927,Medium Value
12590.0,9609.909556666666,VIP
12591.0,460.3515031106381,Medium Value
12592.0,502.5268149516906,Medium Value
12593.0,405.6604840196193,Medium Value
12594.0,3352.081749325398,VIP
12596.0,721.5161120634916,High Value
12597.0,3985.4946545954035,VIP
12598.0,3123.79757388889,VIP
12599.0,1115.0142576984128,High Value
12600.0,2550.5910532720054,VIP
12601.0,657.1605402036854,Medium Value
12602.0,165.33882869812362,Low Value
12603.0,571.5864185966811,Medium Value
12604.0,287.66854156204903,Low Value
12607.0,1552.1609896428572,High Value
12609.0,1165.5199327879527,High Value
12610.0,2607.255327103175,VIP
12611.0,1204.2792091562608,High Value
12612.0,643.7104076283845,Medium Value
12613.0,2787.9055911172145,VIP
12614.0,295.7735466729322,Low Value
12615.0,2280.6685079084978,VIP
12616.0,699.0154011195831,High Value
12617.0,323.40549488910204,Medium Value
12618.0,200.7893351007325,Low Value
12619.0,7421.581613849205,VIP
12620.0,1403.6603500910205,High Value
12621.0,13181.658295560312,VIP
12622.0,184.51350752613607,Low Value
12623.0,308.4116188717615,Low Value
12624.0,679.9432724895851,High Value
12625.0,2515.776854285714,VIP
12626.0,5892.447897023809,VIP
12627.0,4484.398115238097,VIP
12628.0,794.1262567216118,High Value
12630.0,1268.3677126688997,High Value
12631.0,625.7412388616935,Medium Value
12633.0,2207.238855341342,VIP
12635.0,1657.1604322799424,VIP
12637.0,5647.638428373018,VIP
12638.0,699.6192884618162,High Value
12639.0,481.5116216605618,Medium Value
12640.0,1074.6827364285716,High Value
12641.0,207.42143769803465,Low Value
12642.0,1072.8702064422146,High Value
12643.0,4570.837936785715,VIP
12644.0,490.5341389422429,Medium Value
12645.0,1707.025065396826,VIP
12646.0,1405.3827821699133,High Value
12647.0,3696.128284460318,VIP
12648.0,327.23591485127065,Medium Value
12649.0,721.014771904762,High Value
12650.0,324.789369553456,Medium Value
12651.0,118.26575204509327,Low Value
12652.0,881.3629075661182,High Value
12653.0,1892.1428701587297,VIP
12654.0,700.766410094296,High Value
12656.0,4391.492231507938,VIP
12657.0,2069.721256901154,VIP
12658.0,661.829347104731,Medium Value
12659.0,159.0277525757576,Low Value
12660.0,275.3792601353678,Low Value
12662.0,4100.878936984128,VIP
12664.0,4529.873930277776,VIP
12665.0,93.49280300736763,Low Value
12667.0,659.8858274829482,Medium Value
12668.0,3655.415880082417,VIP
12669.0,1557.2210353571427,High Value
12670.0,2474.2888569119773,VIP
12672.0,213.87920483556388,Low Value
12673.0,625.0890941590354,Medium Value
12674.0,2032.1844960750368,VIP
12676.0,1705.9061273015877,VIP
12678.0,13908.95923117617,VIP
12679.0,1121.2154231383201,High Value
12680.0,923.587953770703,High Value
12681.0,13907.79705534444,VIP
12682.0,12236.400836383114,VIP
12683.0,8243.723016150789,VIP
12684.0,3008.501961587302,VIP
12685.0,2703.9080850793653,VIP
12686.0,118.38141784271285,Low Value
12688.0,5254.13959690476,VIP
12689.0,1223.9163730988457,High Value
12690.0,372.6171064023696,Medium Value
12691.0,1153.5258356892234,High Value
12693.0,889.2848491666664,High Value
12694.0,895.3935348015872,High Value
12695.0,620.9967180483405,Medium Value
12697.0,1052.0857234731059,High Value
12700.0,4942.526743149352,VIP
12701.0,907.9809154015427,High Value
12702.0,196.44218162131565,Low Value
12703.0,276.8387320034989,Low Value
12704.0,3080.297004585136,VIP
12705.0,5937.757420873016,VIP
12707.0,549.5996015229331,Medium Value
12708.0,2793.2401830317463,VIP
12709.0,8310.528013531744,VIP
12710.0,1189.1305960119832,High Value
12712.0,3993.3020940079364,VIP
12713.0,806.889649319657,High Value
12714.0,4781.880282301586,VIP
12715.0,376.46311067836325,Medium Value
12716.0,1096.7907834054831,High Value
12717.0,1023.7434350255448,High Value
12718.0,252.7418364902642,Low Value
12719.0,698.5218540327928,High Value
12720.0,6725.020761150796,VIP
12721.0,2991.1427475000028,VIP
12722.0,1091.1033974180073,High Value
12723.0,814.1158982048232,High Value
12724.0,1021.9381656161235,High Value
12725.0,414.46139869502383,Medium Value
12726.0,4669.830197813852,VIP
12727.0,3877.778524682539,VIP
12728.0,957.6716830084828,High Value
12729.0,473.89203099776483,Medium Value
12731.0,15076.016329945125,VIP
12732.0,273.3726814004828,Low Value
12733.0,291.2015577575199,Low Value
12734.0,108.50190154761906,Low Value
12735.0,819.4547056199356,High Value
12736.0,644.4684549278498,Medium Value
12738.0,195.02153549253032,Low Value
12739.0,972.2219224070374,High Value
12740.0,442.6060467114472,Medium Value
12743.0,638.6461161703946,Medium Value
12744.0,10636.077511619047,VIP
12747.0,3610.286017429791,VIP
12748.0,16389.924812838028,VIP
12749.0,3531.624175697331,VIP
12750.0,276.87887525046676,Low Value
12752.0,4124.207048506493,VIP
12753.0,15408.547809825346,VIP
12754.0,4783.472099989177,VIP
12755.0,21.13628757936508,Low Value
12756.0,129.12146936147184,Low Value
12757.0,5246.125903214287,VIP
12758.0,2696.422860357143,VIP
12759.0,1587.4840257097233,High Value
12762.0,1858.1231470310252,VIP
12763.0,452.764416915114,Medium Value
12764.0,1500.3605616666675,High Value
12766.0,6773.726489801589,VIP
12769.0,1021.6635495634921,High Value
12770.0,1519.3696046969696,High Value
12772.0,947.6544508377245,High Value
12775.0,1539.0533929202275,High Value
12778.0,1104.3271136507933,High Value
12779.0,3807.918079365078,VIP
12781.0,1002.7516416810971,High Value
12782.0,2322.9653374206355,VIP
12783.0,2405.860178950217,VIP
12784.0,555.7057964850089,Medium Value
12785.0,323.6830161949113,Medium Value
12787.0,548.6525873079759,Medium Value
12789.0,100.18219503968254,Low Value
12790.0,326.3647571188958,Medium Value
12791.0,369.01016372405377,Medium Value
12792.0,415.94155229645395,Medium Value
12793.0,566.182459505334,Medium Value
12794.0,831.5262375980396,High Value
12795.0,375.6633851923076,Medium Value
12797.0,285.407915781746,Low Value
12798.0,1159.03649515873,High Value
12802.0,436.15982240686606,Medium Value
12808.0,480.93509272749316,Medium Value
12809.0,502.0599931274269,Medium Value
12811.0,546.5411139113181,Medium Value
12812.0,217.4595420790673,Low Value
12814.0,301.50377234126995,Low Value
12815.0,1094.5255690656566,High Value
12816.0,548.4114171880342,Medium Value
12817.0,201.69638696192695,Low Value
12818.0,2201.9764010317463,VIP
12820.0,989.5176625974024,High Value
12821.0,102.9091431790982,Low Value
12822.0,912.4000502489174,High Value
12823.0,1326.9318387698413,High Value
12824.0,386.62726125834325,Medium Value
12826.0,1410.052348333333,High Value
12827.0,416.6584051033127,Medium Value
12828.0,966.8758772488342,High Value
12829.0,750.4752519444443,High Value
12830.0,7300.438102976187,VIP
12831.0,238.0771963676401,Low Value
12832.0,393.5997767384587,Medium Value
12833.0,425.8032241435738,Medium Value
12834.0,332.45632395604406,Medium Value
12836.0,2591.1665788528144,VIP
12837.0,127.71381496900648,Low Value
12838.0,617.9747401258275,Medium Value
12839.0,5179.159550039684,VIP
12840.0,2367.8702144139206,VIP
12841.0,4498.805678571427,VIP
12842.0,1159.4455530245,High Value
12843.0,1688.5900519718023,VIP
12844.0,250.91419430346843,Low Value
12845.0,384.55989174190637,Medium Value
12847.0,835.3927630952386,High Value
12849.0,1055.911542738149,High Value
12851.0,160.6885563139689,Low Value
12852.0,323.8869108524227,Medium Value
12853.0,1962.40584718254,VIP
12854.0,1273.8992913636366,High Value
12855.0,44.64296206349206,Low Value
12856.0,1695.8732048773452,VIP
12857.0,1007.3991132712465,High Value
12863.0,454.67231281746024,Medium Value
12864.0,164.06613709956713,Low Value
12865.0,1585.9632755609668,High Value
12866.0,522.2157177301588,Medium Value
12867.0,3126.481547795814,VIP
12868.0,1619.5571491350313,High Value
12871.0,358.8973933184001,Medium Value
12872.0,566.4582284114022,Medium Value
12873.0,409.36091914285697,Medium Value
12875.0,811.210220595238,High Value
12876.0,2591.8343157142863,VIP
12877.0,1591.0103969047614,High Value
12878.0,766.6095474780124,High Value
12879.0,591.1841173552755,Medium Value
12881.0,246.31888690476185,Low Value
12882.0,1281.9559217857138,High Value
12883.0,693.3087676785715,High Value
12884.0,292.62879165945174,Low Value
12885.0,1166.975753632182,High Value
12886.0,1501.4657597168352,High Value
12888.0,359.18014596681087,Medium Value
12890.0,379.6152789608706,Medium Value
12891.0,480.1284880158731,Medium Value
12893.0,178.33621388151175,Low Value
12895.0,383.28784646232106,Medium Value
12897.0,231.171114488304,Low Value
12901.0,13107.460355000694,VIP
12902.0,162.2318473583894,Low Value
12904.0,640.7792078585567,Medium Value
12906.0,2924.065995992065,VIP
12908.0,709.8710686652239,High Value
12909.0,2432.2882764682545,VIP
12910.0,2818.6961262698414,VIP
12912.0,1542.3890250396828,High Value
12913.0,2616.0353599603177,VIP
12915.0,369.6446624747474,Medium Value
12916.0,2770.3785299682017,VIP
12917.0,572.2330041125541,Medium Value
12919.0,1300.943103769841,High Value
12920.0,282.2330229177095,Low Value
12921.0,15505.232326494328,VIP
12922.0,435.7957656132756,Medium Value
12923.0,167.6180593781116,Low Value
12924.0,928.3321233730162,High Value
12925.0,748.3683841433627,High Value
12928.0,1919.3963790945165,VIP
12929.0,157.3728694503538,Low Value
12930.0,433.1915612240703,Medium Value
12931.0,15484.364267123754,VIP
12933.0,708.1619953711732,High Value
12935.0,2191.079786554835,VIP
12936.0,997.5659817490849,High Value
12937.0,1502.9132027446415,High Value
12938.0,132.4754138455988,Low Value
12939.0,9318.004811896823,VIP
12940.0,956.0551492612752,High Value
12942.0,626.4451956349207,Medium Value
12944.0,615.9065063313407,Medium Value
12945.0,457.97569951597904,Medium Value
12947.0,2090.1931775910366,VIP
12948.0,2005.6185846103895,VIP
12949.0,3836.166262936508,VIP
12950.0,1659.8803128571421,VIP
12951.0,1053.2259850521705,High Value
12952.0,1403.8867834574094,High Value
12953.0,332.9790880221387,Medium Value
12955.0,4441.323010854979,VIP
12956.0,135.2904183547729,Low Value
12957.0,4016.719827559523,VIP
12962.0,270.55217706087797,Low Value
12963.0,1853.7870202777779,VIP
12965.0,711.7881012227278,High Value
12966.0,168.1046949467437,Low Value
12967.0,1547.7314473412705,High Value
12968.0,151.97735912727165,Low Value
12970.0,476.088991927736,Medium Value
12971.0,13385.729156868954,VIP
12974.0,134.55216955772684,Low Value
12976.0,684.3452408447256,High Value
12977.0,44.0824674025974,Low Value
12980.0,4677.722523055552,VIP
12981.0,359.2144457502363,Medium Value
12982.0,359.25983922378583,Medium Value
12984.0,95.70797155086194,Low Value
12985.0,1541.447490339105,High Value
12987.0,582.540198489011,Medium Value
12988.0,374.4033375624593,Medium Value
12989.0,6727.922880039682,VIP
12990.0,368.7903450487678,Medium Value
12991.0,551.0118288276171,Medium Value
12993.0,381.33354068401854,Medium Value
12994.0,975.1576674534823,High Value
12995.0,201.33931466716933,Low Value
12997.0,1282.5121012189902,High Value
12999.0,501.2364935173162,Medium Value
13000.0,589.0650123654245,Medium Value
13001.0,9886.825011825396,VIP
13002.0,150.6903956396177,Low Value
13003.0,172.30780764627627,Low Value
13004.0,6012.327075317462,VIP
13005.0,518.2578311605615,Medium Value
13006.0,140.3315049276711,Low Value
13008.0,242.18240303589388,Low Value
13011.0,52.117152009379524,Low Value
13012.0,1669.9164201763435,VIP
13013.0,4645.915390555555,VIP
13014.0,2951.1783703968263,VIP
13015.0,3720.68942470635,VIP
13016.0,813.6226859601801,High Value
13017.0,213.46597145940174,Low Value
13018.0,7734.70150846032,VIP
13021.0,2784.4656366105587,VIP
13023.0,716.7708070915032,High Value
13026.0,1018.9439303968259,High Value
13027.0,7426.303875627703,VIP
13028.0,638.3829667857145,Medium Value
13029.0,988.2321869119775,High Value
13030.0,782.910841190476,High Value
13032.0,948.143888092634,High Value
13033.0,181.61388031755578,Low Value
13034.0,628.5230543871975,Medium Value
13035.0,931.4339067797725,High Value
13037.0,916.1713043622602,High Value
13038.0,669.075539491472,Medium Value
13040.0,643.9032287715908,Medium Value
13043.0,604.9150685714286,Medium Value
13044.0,652.7801450076312,Medium Value
13045.0,295.2174316928025,Low Value
13046.0,657.2835191544566,Medium Value
13047.0,3111.583148722223,VIP
13048.0,1395.690743751804,High Value
13049.0,763.6916441269842,High Value
13050.0,6064.8067332539695,VIP
13052.0,353.5693825457638,Medium Value
13055.0,1236.092426187758,High Value
13058.0,250.0235279112555,Low Value
13059.0,164.0394188915185,Low Value
13060.0,314.0315215666233,Medium Value
13061.0,263.9345141498998,Low Value
13062.0,545.3781489177492,Medium Value
13064.0,1132.3950381654943,High Value
13065.0,220.34533065796953,Low Value
13066.0,541.4266194619047,Medium Value
13067.0,111.94920062518966,Low Value
13068.0,331.1486249206349,Medium Value
13069.0,5642.220270912698,VIP
13070.0,223.2883573425163,Low Value
13072.0,159.77112513995257,Low Value
13075.0,790.1759044011545,High Value
13077.0,879.6067217676771,High Value
13078.0,12508.653497243864,VIP
13079.0,230.9190775251139,Low Value
13080.0,67.6836140873016,Low Value
13081.0,16116.77515997137,VIP
13082.0,5222.070763481241,VIP
13083.0,291.1566877069711,Low Value
13085.0,435.070241388604,Medium Value
13089.0,16427.54864163803,VIP
13090.0,7185.226041078641,VIP
13091.0,341.69971785714273,Medium Value
13092.0,605.9351685105013,Medium Value
13093.0,8201.051442182537,VIP
13094.0,1949.1588746855925,VIP
13095.0,111.86740019841272,Low Value
13097.0,5085.744878282828,VIP
13098.0,16434.702711904694,VIP
13099.0,218.41027761904775,Low Value
13101.0,125.83224861111108,Low Value
13102.0,6193.188886031746,VIP
13103.0,236.94722392202232,Low Value
13104.0,1086.5551408658011,High Value
13106.0,91.75806231721057,Low Value
13107.0,1468.661654108946,High Value
13108.0,353.8403757799309,Medium Value
13109.0,800.1805870542147,High Value
13110.0,1419.3701002407531,High Value
13113.0,8619.85834294012,VIP
13115.0,2293.093764345239,VIP
13116.0,485.9446365180736,Medium Value
13117.0,1100.1222859951165,High Value
13118.0,930.1403644002056,High Value
13120.0,31.95258536796538,Low Value
13121.0,296.74874502321427,Low Value
13122.0,929.4683700351609,High Value
13124.0,3898.6400180586083,VIP
13126.0,3556.441015021644,VIP
13127.0,257.2119094447677,Low Value
13130.0,63.37083508910443,Low Value
13131.0,983.89885451443,High Value
13132.0,95.0805427726042,Low Value
13133.0,135.36121816942298,Low Value
13134.0,1910.9748849783543,VIP
13136.0,2237.646770376984,VIP
13137.0,3555.172983603895,VIP
13138.0,946.3104440396828,High Value
13139.0,4746.297160674604,VIP
13140.0,414.7476356606683,Medium Value
13141.0,2352.456566598125,VIP
13142.0,394.72783151630597,Medium Value
13144.0,107.58914321698123,Low Value
13145.0,797.606895721501,High Value
13146.0,203.69463305438927,Low Value
13147.0,717.8891321103896,High Value
13148.0,3775.1348549603176,VIP
13149.0,1776.7546931385284,VIP
13151.0,1113.8335834920636,High Value
13153.0,498.98436420634886,Medium Value
13155.0,934.4137070296244,High Value
13157.0,1715.3761432539684,VIP
13158.0,1133.8015403282825,High Value
13159.0,1547.1376545109058,High Value
13160.0,108.02858638222887,Low Value
13161.0,116.8231540313476,Low Value
13162.0,1624.997168968254,High Value
13165.0,869.0800662842718,High Value
13166.0,405.77736818824525,Medium Value
13167.0,1128.855939730547,High Value
13168.0,1362.9577912445886,High Value
13169.0,777.0128501984126,High Value
13170.0,150.06752471172624,Low Value
13171.0,528.2375056445214,Medium Value
13173.0,389.230510620683,Medium Value
13174.0,2697.7566581495416,VIP
13176.0,542.1282246984129,Medium Value
13177.0,240.17067465031346,Low Value
13178.0,5285.335751587303,VIP
13182.0,127.62039476190472,Low Value
13183.0,3889.722882916665,VIP
13184.0,2021.2086350721502,VIP
13185.0,74.94425439033186,Low Value
13186.0,1535.7630026738732,High Value
13187.0,237.7248461484622,Low Value
13188.0,109.73216207037933,Low Value
13189.0,353.17547825396827,Medium Value
13192.0,936.0668363374697,High Value
13193.0,124.16788510359304,Low Value
13194.0,63.85721740734179,Low Value
13196.0,1785.33526,VIP
13198.0,4002.062336289682,VIP
13199.0,10706.018259714283,VIP
13200.0,953.9977274288666,High Value
13203.0,960.8426935364639,High Value
13207.0,240.69891519989812,Low Value
13208.0,1234.5211135220336,High Value
13209.0,5933.181984365079,VIP
13210.0,343.9187314983603,Medium Value
13211.0,823.7934581349208,High Value
13212.0,775.1249863513681,High Value
13213.0,1735.793742265512,VIP
13216.0,379.65574855602694,Medium Value
13217.0,535.2108830555554,Medium Value
13218.0,74.6253457142857,Low Value
13220.0,757.5846048809524,High Value
13221.0,728.5541970238102,High Value
13223.0,164.2141219994901,Low Value
13224.0,2175.7324216305915,VIP
13225.0,5826.412316428573,VIP
13226.0,148.69714811382198,Low Value
13227.0,221.61364634415895,Low Value
13228.0,353.0077511549709,Medium Value
13229.0,161.85325646330028,Low Value
13230.0,2778.6637417696184,VIP
13232.0,1498.903655173993,High Value
13233.0,594.2440357936506,Medium Value
13235.0,711.3837088000932,High Value
13236.0,798.5633828391052,High Value
13238.0,697.1849177182381,High Value
13239.0,340.9465078288689,Medium Value
13240.0,686.9572758321576,High Value
13242.0,246.37386041813036,Low Value
13243.0,528.8891424085233,Medium Value
13244.0,118.31893331868505,Low Value
13245.0,430.2941356406924,Medium Value
13246.0,1955.8336244552672,VIP
13247.0,502.4235245454545,Medium Value
13248.0,468.5111350585286,Medium Value
13249.0,1031.8952994444446,High Value
13253.0,1079.8553841666667,High Value
13255.0,495.42837527167285,Medium Value
13258.0,672.6835122608302,Medium Value
13259.0,251.32448060162054,Low Value
13260.0,564.300588380231,Medium Value
13261.0,936.435145357143,High Value
13262.0,198.3944868817877,Low Value
13263.0,7156.6491301240985,VIP
13265.0,2209.4479440223668,VIP
13266.0,5104.647649632034,VIP
13267.0,4426.034884325397,VIP
13268.0,3648.620508683261,VIP
13269.0,5411.454050119048,VIP
13270.0,552.9903653968253,Medium Value
13271.0,221.25093472222215,Low Value
13272.0,273.79256571503066,Low Value
13273.0,138.6813283830811,Low Value
13276.0,553.434405625541,Medium Value
13277.0,237.60752436147183,Low Value
13278.0,625.1312412654013,Medium Value
13279.0,141.6225457040499,Low Value
13280.0,896.129160804321,High Value
13282.0,952.7358601226553,High Value
13283.0,110.20942000360753,Low Value
13284.0,211.65250988121392,Low Value
13285.0,2867.343482323232,VIP
13291.0,382.4821454032299,Medium Value
13292.0,593.5612566343733,Medium Value
13294.0,906.0934573890294,High Value
13295.0,203.214566618018,Low Value
13296.0,101.4813026635402,Low Value
13297.0,1898.8167256385284,VIP
13298.0,307.8454291548692,Low Value
13299.0,121.8170768459513,Low Value
13300.0,357.033039020272,Medium Value
13301.0,625.830829731084,Medium Value
13302.0,72.37451858225107,Low Value
13304.0,327.0358535597571,Medium Value
13305.0,2113.4561644047626,VIP
13307.0,34.43555793290043,Low Value
13308.0,1485.3060639195066,High Value
13309.0,1468.8404711838164,High Value
13310.0,1131.5343007841334,High Value
13311.0,618.9798685682216,Medium Value
13313.0,1462.1655171440248,High Value
13314.0,884.4318135033337,High Value
13316.0,7854.094990477778,VIP
13317.0,2300.225360436509,VIP
13318.0,596.2533563744586,Medium Value
13319.0,10168.413562514434,VIP
13320.0,1296.3020638095243,High Value
13321.0,606.2033253711481,Medium Value
13322.0,242.10027389304278,Low Value
13323.0,577.8071516666668,Medium Value
13324.0,8571.026263214284,VIP
13325.0,502.0466308928571,Medium Value
13327.0,3160.164062857143,VIP
13328.0,1083.3344302200576,High Value
13329.0,714.0396127741703,High Value
13330.0,1134.8520393867243,High Value
13332.0,332.5152892036819,Medium Value
13334.0,3305.2149117063504,VIP
13336.0,791.0049815497248,High Value
13338.0,540.0966255697958,Medium Value
13339.0,874.0735911904761,High Value
13340.0,8997.603747809522,VIP
13341.0,755.78786190739,High Value
13343.0,363.51653725060567,Medium Value
13344.0,2305.3174732142857,VIP
13345.0,388.4259312921197,Medium Value
13347.0,735.4066021031747,High Value
13348.0,219.046377745616,Low Value
13349.0,283.19972538239557,Low Value
13350.0,988.5247083333331,High Value
13351.0,406.5008798113273,Medium Value
13352.0,424.9206531024531,Medium Value
13354.0,722.3660996186148,High Value
13355.0,599.7863798927922,Medium Value
13356.0,701.5059333313908,High Value
13357.0,584.1123552673992,Medium Value
13358.0,450.422808531746,Medium Value
13359.0,433.96306661610134,Medium Value
13362.0,2916.5739804761897,VIP
13363.0,1208.4017888744588,High Value
13364.0,137.7863407874307,Low Value
13365.0,2219.2730548926243,VIP
13366.0,105.29116150432903,Low Value
13368.0,630.7109513335934,Medium Value
13369.0,311.0491138276675,Low Value
13370.0,706.0070706534559,High Value
13372.0,387.0019722769683,Medium Value
13373.0,3235.8807915079374,VIP
13375.0,750.7567573333608,High Value
13376.0,1052.5599191775912,High Value
13379.0,634.9491434565575,Medium Value
13381.0,3312.123107023811,VIP
13382.0,225.38368732176497,Low Value
13384.0,4134.905374473305,VIP
13385.0,557.2026976262623,Medium Value
13388.0,659.9709405795676,Medium Value
13389.0,866.2230685281389,High Value
13390.0,493.87635339285714,Medium Value
13391.0,72.31088878066379,Low Value
13394.0,2671.8308066666664,VIP
13395.0,349.3979105033417,Medium Value
13396.0,1323.4147115165629,High Value
13397.0,1214.4314344444444,High Value
13398.0,477.12624490255126,Medium Value
13402.0,630.4511290203639,Medium Value
13403.0,102.95125643185884,Low Value
13404.0,272.9394477404572,Low Value
13405.0,539.166150079365,Medium Value
13408.0,16525.23879999993,VIP
13410.0,1082.4818821825406,High Value
13411.0,186.94594701694132,Low Value
13414.0,1695.5645105952387,VIP
13416.0,642.1206023369408,Medium Value
13417.0,543.1498111547619,Medium Value
13418.0,6138.788119047617,VIP
13419.0,210.23057738095247,Low Value
13420.0,188.95509246008783,Low Value
13421.0,1646.7430990981243,VIP
13422.0,2333.4802141981786,VIP
13425.0,1640.1357691741605,High Value
13426.0,3679.0704836868667,VIP
13427.0,617.1869902958152,Medium Value
13428.0,210.3599268953258,Low Value
13429.0,1093.4948816666665,High Value
13430.0,730.1523775396827,High Value
13431.0,1321.4244107936506,High Value
13434.0,433.3273724458875,Medium Value
13435.0,3647.140752063492,VIP
13436.0,200.15349875322931,Low Value
13437.0,3261.513766119049,VIP
13439.0,302.4760157163257,Low Value
13441.0,303.1755234690401,Low Value
13447.0,1063.7554675050242,High Value
13448.0,3523.449121431625,VIP
13449.0,303.9178439452173,Low Value
13450.0,2112.061224844322,VIP
13451.0,3217.221277738092,VIP
13452.0,641.2882462698412,Medium Value
13453.0,367.0891659697755,Medium Value
13455.0,1010.5964136732714,High Value
13456.0,1680.2000277056275,VIP
13458.0,9447.409039285718,VIP
13460.0,204.17947577561324,Low Value
13461.0,1345.3656330158735,High Value
13462.0,162.6930348990247,Low Value
13464.0,700.0736276638639,High Value
13466.0,379.6161016327876,Medium Value
13467.0,996.7427446502678,High Value
13468.0,6436.822510198412,VIP
13470.0,163.41727038698266,Low Value
13471.0,2471.608012519841,VIP
13473.0,475.6316554575162,Medium Value
13474.0,235.3517815891806,Low Value
13475.0,1393.4162646825396,High Value
13476.0,1263.481699830827,High Value
13477.0,1478.2247569549902,High Value
13479.0,315.5033743293651,Medium Value
13481.0,1641.5831344197475,VIP
13482.0,213.78511439328483,Low Value
13483.0,149.9274484798535,Low Value
13484.0,263.89782615227216,Low Value
13485.0,428.0933779040526,Medium Value
13486.0,1127.587189411729,High Value
13487.0,592.5552902941861,Medium Value
13488.0,8854.143397896823,VIP
13489.0,551.8321839285716,Medium Value
13491.0,1528.242201071429,High Value
13492.0,1178.4539254040403,High Value
13493.0,911.8224846031744,High Value
13494.0,323.1245458399197,Medium Value
13495.0,1872.0574976190483,VIP
13496.0,607.8113281664085,Medium Value
13497.0,331.277365535644,Medium Value
13499.0,1575.0738799999997,High Value
13500.0,1160.8416033021526,High Value
13501.0,1273.9199331595198,High Value
13502.0,299.5819612479126,Low Value
13503.0,261.8152615250075,Low Value
13504.0,315.0710315889559,Medium Value
13505.0,4280.943039603175,VIP
13506.0,468.135026468254,Medium Value
13507.0,2700.3907700543023,VIP
13508.0,114.19507591272291,Low Value
13509.0,1058.907770238095,High Value
13510.0,1974.4711718452388,VIP
13512.0,271.1045196736897,Low Value
13513.0,226.52678805406586,Low Value
13514.0,133.69058104760515,Low Value
13515.0,915.8271991329749,High Value
13516.0,1490.4232228679653,High Value
13517.0,2190.266943928572,VIP
13518.0,646.9132149212863,Medium Value
13519.0,119.41641463100035,Low Value
13520.0,3959.7394049206355,VIP
13521.0,955.821818452381,High Value
13522.0,122.93336942242148,Low Value
13523.0,4483.037868134922,VIP
13524.0,686.5062710091079,High Value
13525.0,874.9976697222223,High Value
13527.0,2620.387913849206,VIP
13529.0,315.3119527723664,Medium Value
13531.0,480.3619737637361,Medium Value
13532.0,213.54440445443728,Low Value
13533.0,311.3920476785715,Low Value
13534.0,6040.144329325396,VIP
13536.0,3500.07621901876,VIP
13538.0,1017.1419607142863,High Value
13539.0,619.1864746426505,Medium Value
13544.0,299.9088086897546,Low Value
13546.0,611.4533032192621,Medium Value
13548.0,676.8407412141155,Medium Value
13549.0,924.8243367878899,High Value
13551.0,62.22893384920634,Low Value
13552.0,3453.2788960241705,VIP
13555.0,3931.7815296825406,VIP
13557.0,602.0784829797977,Medium Value
13558.0,605.6784578130204,Medium Value
13560.0,168.67494555354398,Low Value
13561.0,191.33194354050946,Low Value
13562.0,1701.9218957049484,VIP
13563.0,725.1257408333335,High Value
13564.0,1913.87644702381,VIP
13565.0,230.90961526513968,Low Value
13566.0,819.2149798443227,High Value
13568.0,175.4045533119502,Low Value
13569.0,378.8799240243093,Medium Value
13570.0,189.7730530143594,Low Value
13571.0,2214.293478174603,VIP
13572.0,1355.277301840659,High Value
13573.0,378.6183343560606,Medium Value
13575.0,741.9708200527531,High Value
13576.0,6421.8663641269795,VIP
13577.0,1585.1292180612031,High Value
13579.0,472.3966776099438,Medium Value
13581.0,119.187865690938,Low Value
13583.0,812.672738603896,High Value
13584.0,132.59098784904734,Low Value
13587.0,706.479660595238,High Value
13588.0,2287.3702571031745,VIP
13589.0,418.32041241707805,Medium Value
13590.0,2128.506364617605,VIP
13591.0,1056.3675168446464,High Value
13592.0,287.6006620670997,Low Value
13593.0,1991.7848651443003,VIP
13594.0,395.15673667388177,Medium Value
13596.0,622.2528813310747,Medium Value
13598.0,169.01329241691283,Low Value
13599.0,5533.424095747864,VIP
13600.0,291.65806781746033,Low Value
13601.0,712.5259274739742,High Value
13602.0,384.6983725971957,Medium Value
13603.0,181.49659402407335,Low Value
13606.0,346.4168746097883,Medium Value
13607.0,644.3657838568232,Medium Value
13610.0,1149.067165277778,High Value
13611.0,1148.447216410534,High Value
13614.0,1483.157353253969,High Value
13615.0,410.0788999348422,Medium Value
13617.0,566.6180490833365,Medium Value
13618.0,193.18718067460313,Low Value
13621.0,251.84266349927861,Low Value
13623.0,756.6956446724029,High Value
13626.0,267.65399417609706,Low Value
13627.0,1759.4323690476199,VIP
13629.0,5929.791856774893,VIP
13630.0,1983.119103300866,VIP
13631.0,2333.5167278896106,VIP
13632.0,2008.3404061378906,VIP
13634.0,1570.9801535425684,High Value
13635.0,1021.0730287170019,High Value
13636.0,1085.6012738031575,High Value
13637.0,735.4743096752521,High Value
13638.0,150.1335075449824,Low Value
13639.0,901.7847026190477,High Value
13642.0,345.8745754473067,Medium Value
13643.0,475.6204930158731,Medium Value
13644.0,2966.9825198412723,VIP
13645.0,296.4154997619048,Low Value
13647.0,1730.8662687544916,VIP
13649.0,294.84473818069733,Low Value
13650.0,1822.1878670642704,VIP
13651.0,117.91675708339093,Low Value
13652.0,1062.1427655060097,High Value
13654.0,2954.9028306962473,VIP
13655.0,988.440069810697,High Value
13656.0,476.3679754838299,Medium Value
13657.0,404.4604635689157,Medium Value
13658.0,2478.2744013715214,VIP
13659.0,1658.4626601960783,VIP
13662.0,927.3469039242627,High Value
13663.0,201.23228856086757,Low Value
13666.0,112.64279906863865,Low Value
13667.0,283.42740477231104,Low Value
13668.0,6442.037933095238,VIP
13669.0,301.70964057539686,Low Value
13670.0,346.64125429707667,Medium Value
13672.0,197.15217485772826,Low Value
13673.0,328.410563344566,Medium Value
13675.0,453.80715865251886,Medium Value
13678.0,358.1854521428571,Medium Value
13680.0,3234.8299753354977,VIP
13681.0,761.4428494300148,High Value
13682.0,62.64096813492064,Low Value
13684.0,69.49459761904762,Low Value
13685.0,2325.741314978355,VIP
13686.0,82.2373694047619,Low Value
13689.0,822.8733694083693,High Value
13690.0,184.77772323466468,Low Value
13692.0,1540.3684884379506,High Value
13694.0,16443.858388333272,VIP
13695.0,2569.9456479761902,VIP
13697.0,156.17389002566873,Low Value
13699.0,295.99759103334316,Low Value
13700.0,2396.1775759126995,VIP
13703.0,99.46422512987012,Low Value
13704.0,2470.5965202481975,VIP
13705.0,929.8725058441556,High Value
13706.0,341.3777079659547,Medium Value
13707.0,829.8488622788814,High Value
13708.0,349.7652962654127,Medium Value
13709.0,7185.129972658728,VIP
13710.0,182.30107477133978,Low Value
13711.0,251.37521593666514,Low Value
13712.0,312.3307233405484,Medium Value
13715.0,1028.88346234127,High Value
13716.0,138.52968631362992,Low Value
13717.0,2012.5501638095232,VIP
13718.0,356.194996992452,Medium Value
13719.0,1064.740862656556,High Value
13720.0,834.3258742158677,High Value
13721.0,522.0440649201539,Medium Value
13722.0,2232.7176435714287,VIP
13723.0,182.29384055474696,Low Value
13725.0,1937.295610833334,VIP
13726.0,970.2425568253971,High Value
13727.0,336.8933980951749,Medium Value
13728.0,1161.1772645530496,High Value
13730.0,759.2258999887608,High Value
13731.0,632.8347816776096,Medium Value
13732.0,500.7495257070707,Medium Value
13735.0,2840.1226216774903,VIP
13736.0,715.7530234657733,High Value
13737.0,282.0983045784069,Low Value
13739.0,236.28758953479854,Low Value
13740.0,416.0367517460318,Medium Value
13741.0,667.877930238095,Medium Value
13742.0,3121.4169093030305,VIP
13743.0,1608.5182017460318,High Value
13744.0,1253.754070396826,High Value
13745.0,255.1032307936509,Low Value
13747.0,83.3708350108225,Low Value
13748.0,983.0252599749379,High Value
13750.0,1615.8548098989904,High Value
13751.0,330.48669638174397,Medium Value
13752.0,1229.44110540182,High Value
13753.0,680.4671659054834,High Value
13754.0,345.90698337488584,Medium Value
13755.0,2302.3321818162394,VIP
13756.0,5160.704161938339,VIP
13758.0,3770.937806947496,VIP
13759.0,643.6757676564365,Medium Value
13760.0,298.6668248697111,Low Value
13761.0,1114.5681185028861,High Value
13762.0,299.93841976190475,Low Value
13763.0,1602.3619026731603,High Value
13764.0,1494.1423251950869,High Value
13767.0,13952.751596744432,VIP
13769.0,2671.6906552869355,VIP
13771.0,2455.105983661616,VIP
13772.0,996.4477660930587,High Value
13774.0,387.28050076347455,Medium Value
13777.0,16305.451692701527,VIP
13778.0,162.02909560486694,Low Value
13780.0,439.50459275018375,Medium Value
13781.0,120.80796086510335,Low Value
13782.0,934.3242232927015,High Value
13784.0,4358.798863988095,VIP
13786.0,215.4117408702555,Low Value
13787.0,381.24682542397653,Medium Value
13790.0,420.69821979797996,Medium Value
13791.0,1360.5077228571429,High Value
13792.0,211.57232283637327,Low Value
13798.0,16523.81622239993,VIP
13799.0,635.9695698802902,Medium Value
13800.0,522.5097191990124,Medium Value
13801.0,336.7606414035326,Medium Value
13802.0,3928.04824,VIP
13803.0,259.62879957285844,Low Value
13804.0,2656.933493452382,VIP
13805.0,932.5300413095241,High Value
13806.0,205.54921867762744,Low Value
13807.0,124.0441543922401,Low Value
13808.0,1757.7977535224086,VIP
13809.0,137.70599189531993,Low Value
13810.0,1323.9855148412698,High Value
13811.0,608.2566098809526,Medium Value
13812.0,553.1595602679997,Medium Value
13813.0,1336.763523969087,High Value
13814.0,1553.7257019612332,High Value
13815.0,3858.061947142857,VIP
13816.0,608.2792640093302,Medium Value
13817.0,412.5579575694898,Medium Value
13819.0,1223.3199669300143,High Value
13821.0,372.9190847404973,Medium Value
13822.0,647.6404197753715,Medium Value
13823.0,922.0368593009767,High Value
13824.0,1624.0171371825397,High Value
13826.0,212.87629074730822,Low Value
13827.0,371.4869899120146,Medium Value
13828.0,300.6415585217477,Low Value
13831.0,2048.7458686507935,VIP
13832.0,56.28927498975935,Low Value
13833.0,373.56341340015047,Medium Value
13835.0,875.2438476525698,High Value
13837.0,259.4681446905824,Low Value
13838.0,677.1867624991492,High Value
13841.0,76.95666761904758,Low Value
13842.0,3528.6199217857134,VIP
13844.0,355.07785046445065,Medium Value
13845.0,295.87452631461673,Low Value
13846.0,859.0546747745805,High Value
13848.0,1781.4232579545453,VIP
13849.0,1554.4798875889385,High Value
13850.0,1550.315004773761,High Value
13851.0,1675.7802292532463,VIP
13853.0,1035.8638812698414,High Value
13854.0,7518.029806118325,VIP
13856.0,417.8895417063491,Medium Value
13858.0,214.78915547915756,Low Value
13859.0,243.8750199591379,Low Value
13860.0,1283.4375307473902,High Value
13862.0,2106.8707787301596,VIP
13863.0,314.8437053422046,Medium Value
13865.0,526.8699604119277,Medium Value
13866.0,145.90130987376872,Low Value
13867.0,1049.5727187774046,High Value
13868.0,513.1248894889784,Medium Value
13869.0,3160.099931275947,VIP
13870.0,2667.4158586976905,VIP
13871.0,6027.208099126982,VIP
13873.0,416.4343913781636,Medium Value
13874.0,502.57109189865713,Medium Value
13875.0,1746.1636044949505,VIP
13876.0,132.00184087452865,Low Value
13877.0,117.98873857503608,Low Value
13878.0,1243.9734433730157,High Value
13880.0,3235.4702094047625,VIP
13881.0,15884.852915882493,VIP
13882.0,1440.0262494169717,High Value
13883.0,2685.973572001081,VIP
13884.0,766.1261983916004,High Value
13885.0,461.15929339504163,Medium Value
13886.0,261.6224008121127,Low Value
13887.0,337.49418090293153,Medium Value
13888.0,637.782962304899,Medium Value
13889.0,401.6957731985041,Medium Value
13890.0,1883.15802252886,VIP
13892.0,768.7186019047617,High Value
13893.0,722.0077157142858,High Value
13894.0,607.6019190064623,Medium Value
13895.0,2422.3354162815135,VIP
13897.0,308.5122088934675,Low Value
13898.0,169.29297150464026,Low Value
13899.0,376.8613111139449,Medium Value
13900.0,832.992516617422,High Value
13901.0,3165.322979407816,VIP
13904.0,345.78952313864204,Medium Value
13908.0,2431.14125952381,VIP
13911.0,3447.9540000793654,VIP
13914.0,624.9912408502594,Medium Value
13917.0,310.07410816557405,Low Value
13918.0,1351.235107579365,High Value
13919.0,615.3989006630359,Medium Value
13922.0,186.3321293925202,Low Value
13923.0,347.89645667719253,Medium Value
13924.0,2019.7588202417037,VIP
13925.0,664.0409590325527,Medium Value
13926.0,273.65637266847034,Low Value
13927.0,350.37883765247335,Medium Value
13928.0,483.13259706610063,Medium Value
13929.0,748.1522709992787,High Value
13930.0,342.8502094180949,Medium Value
13931.0,1130.1431798556998,High Value
13932.0,302.5119022284878,Low Value
13933.0,557.527213364852,Medium Value
13934.0,872.8418284920635,High Value
13936.0,365.0187838060303,Medium Value
13937.0,156.52208948753284,Low Value
13938.0,64.4123284920635,Low Value
13939.0,631.1339606349209,Medium Value
13940.0,867.6090651945013,High Value
13941.0,5150.060789166668,VIP
13946.0,610.9512228318904,Medium Value
13947.0,101.68766680912782,Low Value
13948.0,111.83435930901479,Low Value
13949.0,2258.71846452381,VIP
13950.0,735.4236741600945,High Value
13951.0,740.8610297219448,High Value
13952.0,3123.099844726191,VIP
13953.0,4000.0971947222215,VIP
13954.0,476.688789418193,Medium Value
13955.0,355.98037199938125,Medium Value
13956.0,1010.6593423475358,High Value
13959.0,599.1535392512928,Medium Value
13960.0,223.48945199054478,Low Value
13962.0,201.39019444416704,Low Value
13963.0,722.702299362027,High Value
13967.0,117.69207575408929,Low Value
13969.0,7752.195204444442,VIP
13971.0,2748.7381785950156,VIP
13972.0,212.56754629490396,Low Value
13973.0,275.9983543458524,Low Value
13974.0,376.0759830057022,Medium Value
13975.0,2612.430213549783,VIP
13976.0,344.08280634033605,Medium Value
13978.0,279.08421667388166,Low Value
13979.0,828.6591125065606,High Value
13980.0,243.12533476587294,Low Value
13982.0,1793.7492824603178,VIP
13983.0,3425.590734787158,VIP
13984.0,1086.4071300396824,High Value
13985.0,6392.35174123016,VIP
13986.0,493.6464849025972,Medium Value
13988.0,4615.724030569985,VIP
13989.0,1518.1540947871567,High Value
13990.0,319.3430922229628,Medium Value
13991.0,910.3888947619051,High Value
13992.0,80.39904428571428,Low Value
13993.0,2731.0573063095235,VIP
13994.0,2223.9870179365075,VIP
13995.0,1408.5793350422211,High Value
13999.0,3926.363332119407,VIP
14000.0,846.9051628751805,High Value
14001.0,1856.0069361772478,VIP
14002.0,785.0181485894659,High Value
14004.0,4347.521041984129,VIP
14005.0,3936.8303809523827,VIP
14006.0,1019.4118534704189,High Value
14009.0,660.2410832401897,Medium Value
14012.0,332.49858338165274,Medium Value
14013.0,504.98461738455995,Medium Value
14014.0,562.1721638888888,Medium Value
14015.0,891.0379596428571,High Value
14016.0,3688.5639076190473,VIP
14019.0,1452.94171718809,High Value
14020.0,675.9099123529611,Medium Value
14021.0,605.8081154653678,Medium Value
14022.0,452.33267011904746,Medium Value
14023.0,587.9990435991314,Medium Value
14024.0,341.3148778534183,Medium Value
14027.0,112.31715866369495,Low Value
14029.0,502.16665892607415,Medium Value
14030.0,3167.8293407142864,VIP
14031.0,12975.200594345166,VIP
14032.0,3283.4323063492066,VIP
14034.0,683.9992857485578,High Value
14035.0,1436.601966317848,High Value
14036.0,658.0970653887595,Medium Value
14037.0,146.2582015035731,Low Value
14038.0,1366.3317451406924,High Value
14039.0,152.81763571556968,Low Value
14040.0,3547.067467658731,VIP
14041.0,146.6425199040093,Low Value
14044.0,631.4811455480628,Medium Value
14045.0,1580.101325952381,High Value
14046.0,203.98038484126994,Low Value
14047.0,1360.7401036976912,High Value
14048.0,405.5142315154554,Medium Value
14049.0,5476.1646325793645,VIP
14050.0,737.2420651272566,High Value
14051.0,9189.442729733046,VIP
14052.0,209.35052244314429,Low Value
14053.0,267.4147592307693,Low Value
14054.0,91.08436488039739,Low Value
14055.0,753.007188968254,High Value
14056.0,6820.057691774891,VIP
14057.0,6551.032688214283,VIP
14059.0,198.0617663151864,Low Value
14060.0,5693.333920992063,VIP
14062.0,10391.347202163488,VIP
14064.0,1560.948370310245,High Value
14066.0,158.72880768083206,Low Value
14067.0,486.0438598410045,Medium Value
14068.0,228.05255689714252,Low Value
14071.0,1542.9247007875665,High Value
14073.0,163.14814335177488,Low Value
14075.0,956.6429332539684,High Value
14076.0,139.68253112443224,Low Value
14077.0,530.8634903366079,Medium Value
14078.0,762.0917104627623,High Value
14079.0,409.2861528571429,Medium Value
14080.0,54.883203412698414,Low Value
14081.0,990.3116137137863,High Value
14082.0,218.59676074861375,Low Value
14083.0,1385.331815952381,High Value
14085.0,4843.450523373017,VIP
14087.0,231.26482686507933,Low Value
14088.0,16189.089002171371,VIP
14089.0,183.54335514095445,Low Value
14090.0,75.70838047619046,Low Value
14092.0,4041.7649634126997,VIP
14093.0,441.98959809523825,Medium Value
14096.0,13502.659707095929,VIP
14098.0,145.33100696041464,Low Value
14099.0,4007.9323500992055,VIP
14100.0,178.90226120752675,Low Value
14101.0,5484.136313888888,VIP
14102.0,1369.2797377085983,High Value
14104.0,280.8842064285714,Low Value
14105.0,1273.1910969846876,High Value
14107.0,2686.9995587301605,VIP
14108.0,626.3301637538993,Medium Value
14109.0,147.74544993679422,Low Value
14110.0,3852.320898809524,VIP
14111.0,871.1987438131312,High Value
14112.0,2797.0496893253962,VIP
14113.0,1601.9497443650791,High Value
14114.0,337.719699735703,Medium Value
14116.0,1398.8190233470696,High Value
14117.0,88.8861367857143,Low Value
14121.0,2925.3990524819633,VIP
14124.0,606.252709642857,Medium Value
14125.0,2962.6787125793658,VIP
14126.0,932.1842141269841,High Value
14127.0,727.9189549572832,High Value
14128.0,670.7630794231362,Medium Value
14129.0,1129.9815754906206,High Value
14130.0,503.0952052712677,Medium Value
14132.0,4146.725023286436,VIP
14133.0,624.5677687465665,Medium Value
14135.0,5256.14505491453,VIP
14138.0,895.9422899242425,High Value
14139.0,486.4883339504939,Medium Value
14140.0,925.4933845238095,High Value
14141.0,846.5941187262163,High Value
14142.0,326.8679258031597,Medium Value
14143.0,126.91436372695779,Low Value
14145.0,2713.3784004942268,VIP
14146.0,4023.070038154761,VIP
14147.0,472.15658380952385,Medium Value
14148.0,134.61998585382173,Low Value
14149.0,432.9217688229019,Medium Value
14150.0,634.1782057965397,Medium Value
14152.0,603.1328380339105,Medium Value
14154.0,1382.9437384419384,High Value
14155.0,117.87677487096508,Low Value
14156.0,16522.59250599993,VIP
14157.0,393.61208681497305,Medium Value
14158.0,618.7957137123988,Medium Value
14159.0,4053.8322776984114,VIP
14161.0,995.6990874454245,High Value
14162.0,313.95807847701076,Medium Value
14163.0,2155.4807369006926,VIP
14164.0,1319.5268432142857,High Value
14165.0,134.9853083136168,Low Value
14167.0,549.8360684047622,Medium Value
14171.0,344.2268486584777,Medium Value
14173.0,464.4538159892117,Medium Value
14174.0,143.91896088463184,Low Value
14175.0,3145.0630818495665,VIP
14176.0,523.5180715586894,Medium Value
14177.0,571.5797932823575,Medium Value
14178.0,1775.11436066378,VIP
14179.0,648.5328058431667,Medium Value
14180.0,3670.133819563491,VIP
14184.0,437.64467540669983,Medium Value
14185.0,228.20196706349213,Low Value
14188.0,1847.727560555556,VIP
14189.0,4945.651920992063,VIP
14191.0,4992.396249444445,VIP
14193.0,782.4796735398226,High Value
14194.0,11374.126333170996,VIP
14195.0,1613.008372777777,High Value
14196.0,339.74292774853785,Medium Value
14198.0,732.4132442171555,High Value
14199.0,141.49425353669696,Low Value
14201.0,1085.059282720058,High Value
14204.0,151.38131774197657,Low Value
14205.0,474.2790706268718,Medium Value
14206.0,326.40313780551503,Medium Value
14208.0,161.43783384453778,Low Value
14209.0,1962.2601459126997,VIP
14210.0,1868.8228859379506,VIP
14211.0,2161.93608984127,VIP
14212.0,1213.163985201465,High Value
14214.0,1158.0292126948057,High Value
14215.0,1891.0012937031022,VIP
14216.0,1773.8924181096677,VIP
14217.0,2406.9580129761894,VIP
14218.0,170.71954043151302,Low Value
14219.0,107.51716125380125,Low Value
14220.0,604.5426121365914,Medium Value
14221.0,3621.4650199206358,VIP
14222.0,677.5401358411178,High Value
14223.0,1015.7548532242442,High Value
14224.0,1104.1489379772524,High Value
14226.0,2220.1764808058606,VIP
14227.0,3298.1874629761896,VIP
14229.0,1375.958674444445,High Value
14231.0,923.164571518788,High Value
14232.0,2043.3599308477633,VIP
14233.0,1470.9772573412695,High Value
14234.0,867.0886165476195,High Value
14235.0,2902.4828640476185,VIP
14236.0,478.85007206903384,Medium Value
14237.0,174.54896722274378,Low Value
14238.0,188.5542662138988,Low Value
14239.0,2396.3208261544005,VIP
14240.0,868.1879844206345,High Value
14241.0,211.30097132599857,Low Value
14242.0,284.93893484495186,Low Value
14243.0,2626.73493860584,VIP
14245.0,1627.998260147908,High Value
14246.0,1386.4117519921801,High Value
14247.0,135.34419894854344,Low Value
14248.0,264.1595750908629,Low Value
14250.0,1839.673253867244,VIP
14251.0,2719.890755634921,VIP
14256.0,957.6923001306153,High Value
14257.0,2899.069191474359,VIP
14258.0,12990.697918676187,VIP
14259.0,135.88305414049913,Low Value
14261.0,1079.2166796861468,High Value
14262.0,2454.4414779059834,VIP
14264.0,317.46777496297557,Medium Value
14265.0,550.6982598446874,Medium Value
14267.0,1335.3309145799828,High Value
14270.0,497.38097866883123,Medium Value
14271.0,137.70257874577948,Low Value
14272.0,566.3567438278386,Medium Value
14273.0,530.828324891775,Medium Value
14276.0,1115.635187697025,High Value
14277.0,4050.3710106601716,VIP
14280.0,140.82909300943624,Low Value
14282.0,3296.4590183730174,VIP
14284.0,551.2266973080806,Medium Value
14285.0,1599.0682991847048,High Value
14286.0,4118.802768690476,VIP
14287.0,271.9098526733822,Low Value
14288.0,405.75131551587305,Medium Value
14289.0,920.8620156990235,High Value
14290.0,1988.6285931195703,VIP
14291.0,4001.368174404762,VIP
14292.0,4375.2999723809535,VIP
14293.0,976.9532821392504,High Value
14295.0,156.8877368303412,Low Value
14297.0,1321.7115226533192,High Value
14298.0,16272.018930799937,VIP
14299.0,4025.1271610948775,VIP
14300.0,47.12937777777778,Low Value
14301.0,646.5142811904763,Medium Value
14304.0,376.0113098026697,Medium Value
14305.0,1683.939927420635,VIP
14306.0,2194.1955313095245,VIP
14307.0,3054.824349069265,VIP
14309.0,2421.541334776335,VIP
14311.0,334.02442892648776,Medium Value
14312.0,1731.9994345598845,VIP
14314.0,165.70070230158728,Low Value
14315.0,2401.2237403085805,VIP
14317.0,530.8669548861595,Medium Value
14320.0,463.37336263455865,Medium Value
14321.0,1680.3163066847023,VIP
14323.0,614.2915874067745,Medium Value
14326.0,187.14915662753054,Low Value
14327.0,286.9919815205491,Low Value
14329.0,5136.356480497837,VIP
14331.0,464.75446579962045,Medium Value
14332.0,817.9461858080809,High Value
14333.0,260.62344314792296,Low Value
14334.0,3524.416228333334,VIP
14335.0,499.6091903572735,Medium Value
14336.0,1681.8444507142856,VIP
14338.0,587.4561819981249,Medium Value
14339.0,288.70202670435896,Low Value
14340.0,126.98747475695687,Low Value
14341.0,2177.4790652795823,VIP
14342.0,659.0523624206348,Medium Value
14344.0,957.7316335014549,High Value
14345.0,118.32895861773451,Low Value
14346.0,1054.6981229264702,High Value
14348.0,394.5352614637986,Medium Value
14349.0,152.28906999497963,Low Value
14350.0,267.1647769207645,Low Value
14351.0,54.23935766233767,Low Value
14352.0,1102.4127791960982,High Value
14353.0,90.19949833333334,Low Value
14354.0,184.93071216450215,Low Value
14355.0,180.78493291606,Low Value
14356.0,658.2605662103153,Medium Value
14357.0,205.09077323047842,Low Value
14359.0,887.0517129292053,High Value
14360.0,2166.2437844561155,VIP
14362.0,173.1748275227561,Low Value
14364.0,3559.8352721825418,VIP
14367.0,8694.6077926479,VIP
14368.0,157.0732438014951,Low Value
14371.0,106.41161199985604,Low Value
14373.0,134.78769312292462,Low Value
14375.0,272.03521214912286,Low Value
14377.0,858.5888979761903,High Value
14379.0,356.9738437489115,Medium Value
14381.0,180.51486213188807,Low Value
14382.0,1362.6575238492064,High Value
14383.0,1350.233786953417,High Value
14385.0,208.9572227082016,Low Value
14386.0,144.09618429904614,Low Value
14387.0,1735.2869915201472,VIP
14388.0,3143.3373946428574,VIP
14389.0,1037.906083593074,High Value
14390.0,4346.910136011905,VIP
14393.0,59.10379002525255,Low Value
14395.0,2917.802638015872,VIP
14396.0,451.63764513820905,Medium Value
14397.0,3023.972346150794,VIP
14400.0,557.3308991600068,Medium Value
14401.0,3687.704994025972,VIP
14403.0,1671.6320309704183,VIP
14404.0,1593.6434778126372,High Value
14406.0,178.9778068134071,Low Value
14407.0,2518.6058732579368,VIP
14408.0,2383.5151131746034,VIP
14409.0,1956.3115903571431,VIP
14410.0,1118.6635020634922,High Value
14411.0,997.5598271428577,High Value
14412.0,952.6236469597068,High Value
14413.0,145.10568974230648,Low Value
14414.0,1688.8793744841264,VIP
14415.0,5896.472596944442,VIP
14416.0,450.59120286749487,Medium Value
14418.0,1974.416863079143,VIP
14419.0,981.3926561825399,High Value
14420.0,373.2731388132452,Medium Value
14421.0,722.7549267281242,High Value
14422.0,4646.424799729438,VIP
14423.0,236.94365816738818,Low Value
14424.0,456.78026208874456,Medium Value
14426.0,4937.590253885281,VIP
14427.0,349.70268203801913,Medium Value
14428.0,1167.14289927755,High Value
14431.0,446.3237621715507,Medium Value
14432.0,2200.182923971307,VIP
14434.0,1293.6866451190479,High Value
14436.0,128.83475270300337,Low Value
14437.0,62.34365047619047,Low Value
14438.0,130.7215558764469,Low Value
14439.0,2072.7792108549784,VIP
14440.0,1954.0672231132755,VIP
14441.0,1358.0532169047624,High Value
14442.0,1442.1568132832087,High Value
14443.0,1474.3725089185618,High Value
14446.0,1194.9538517712851,High Value
14447.0,1151.7072601587306,High Value
14448.0,300.6558365649219,Low Value
14449.0,839.1616366883115,High Value
14450.0,474.0290508308356,Medium Value
14451.0,601.2312049160213,Medium Value
14452.0,271.7645614415828,Low Value
14453.0,133.8586657386977,Low Value
14456.0,3607.1256129076464,VIP
14457.0,109.10116916666668,Low Value
14459.0,1635.7938362415362,High Value
14460.0,527.5805301984127,Medium Value
14461.0,1864.1738321428568,VIP
14462.0,2028.9253132797755,VIP
14463.0,739.0328412698411,High Value
14465.0,901.4032776518808,High Value
14466.0,2228.1112924603167,VIP
14467.0,572.8765611129152,Medium Value
14470.0,497.06363123981413,Medium Value
14472.0,2022.1663873396058,VIP
14473.0,275.5806983706109,Low Value
14474.0,476.8183589799599,Medium Value
14475.0,852.4443452539682,High Value
14476.0,250.15901801396924,Low Value
14477.0,1249.7484847474739,High Value
14479.0,325.356606248575,Medium Value
14480.0,284.72354572765374,Low Value
14481.0,654.3020964927443,Medium Value
14482.0,2244.2570681240977,VIP
14483.0,143.5375311439342,Low Value
14484.0,326.62982560824787,Medium Value
14485.0,161.51378900694758,Low Value
14487.0,1297.8878077461432,High Value
14488.0,991.3005845632148,High Value
14489.0,410.4022131338894,Medium Value
14491.0,351.27085729375705,Medium Value
14493.0,2331.6393858450047,VIP
14494.0,141.65815625828387,Low Value
14495.0,123.2973716927955,Low Value
14496.0,499.639265515873,Medium Value
14497.0,490.28857902362125,Medium Value
14498.0,1878.153177481685,VIP
14499.0,795.4322628687103,High Value
14500.0,482.07660654761895,Medium Value
14501.0,259.41707967320275,Low Value
14502.0,2482.742201573011,VIP
14503.0,3157.8839092857147,VIP
14504.0,699.7135259786257,High Value
14505.0,5559.881315555555,VIP
14506.0,1829.1870288347764,VIP
14507.0,1173.2841440506716,High Value
14508.0,282.77685064213864,Low Value
14511.0,1275.0012262225273,High Value
14512.0,385.38264821583385,Medium Value
14513.0,549.4083246614578,Medium Value
14514.0,1100.2800178585708,High Value
14515.0,1915.3986255243874,VIP
14517.0,331.91856596681095,Medium Value
14518.0,222.13340999764364,Low Value
14520.0,325.23496952380935,Medium Value
14522.0,984.4671662734489,High Value
14523.0,297.0376806890331,Low Value
14524.0,1820.5148248599435,VIP
14525.0,4678.936663997115,VIP
14527.0,6943.764963015871,VIP
14528.0,368.1478352961471,Medium Value
14529.0,553.8311562351424,Medium Value
14530.0,3032.776776987013,VIP
14532.0,937.3535436904763,High Value
14533.0,2699.6518762878786,VIP
14534.0,4486.6716576190465,VIP
14535.0,2788.4010196176037,VIP
14536.0,150.65160495006293,Low Value
14537.0,276.113178675781,Low Value
14538.0,378.1865629710499,Medium Value
14539.0,564.8849323771503,Medium Value
14540.0,912.6326302417024,High Value
14541.0,1353.2700420177048,High Value
14542.0,110.9104817638915,Low Value
14543.0,3092.444355714284,VIP
14544.0,2280.902809209957,VIP
14546.0,2290.63921172097,VIP
14547.0,4617.89227702381,VIP
14548.0,578.4301206990233,Medium Value
14549.0,270.77569773389206,Low Value
14550.0,642.274654960848,Medium Value
14551.0,208.46025273458565,Low Value
14552.0,166.17728316451627,Low Value
14553.0,949.4978741260348,High Value
14554.0,2442.9981298015873,VIP
14555.0,300.79606338637996,Low Value
14557.0,707.9160209956711,High Value
14560.0,2592.0217764206354,VIP
14561.0,1150.8270285317458,High Value
14562.0,4625.797842395382,VIP
14565.0,3134.7464178019495,VIP
14566.0,1027.4414029761904,High Value
14567.0,1332.514748015873,High Value
14569.0,214.1917723854418,Low Value
14570.0,222.59551193352638,Low Value
14572.0,2674.1992613313587,VIP
14573.0,1718.4099573340543,VIP
14576.0,34.432977467532474,Low Value
14577.0,744.6415987409808,High Value
14578.0,241.8673899278499,Low Value
14581.0,198.32004356837604,Low Value
14582.0,130.14768388516376,Low Value
14583.0,1105.1503794505495,High Value
14584.0,985.0002182403523,High Value
14585.0,157.97730603651434,Low Value
14586.0,232.90180563492075,Low Value
14587.0,1467.8586979495503,High Value
14589.0,46.088529559884556,Low Value
14591.0,1816.123948373206,VIP
14592.0,633.784748481242,Medium Value
14593.0,546.2721905008879,Medium Value
14594.0,394.0423073362193,Medium Value
14595.0,1694.9601607751933,VIP
14597.0,762.4179654365081,High Value
14598.0,219.25481662629988,Low Value
14600.0,391.5384748104069,Medium Value
14601.0,215.77501079004324,Low Value
14603.0,630.5383555555557,Medium Value
14606.0,11528.518154841555,VIP
14607.0,11978.834223119753,VIP
14608.0,1518.7745961688308,High Value
14609.0,3902.3089071320346,VIP
14616.0,349.99606753968254,Medium Value
14618.0,596.2351977777777,Medium Value
14619.0,394.81130964612186,Medium Value
14620.0,415.7837425504381,Medium Value
14621.0,1776.0532002807836,VIP
14622.0,320.2045752356287,Medium Value
14623.0,892.6773174983292,High Value
14624.0,217.8900412189457,Low Value
14625.0,862.9054395634925,High Value
14626.0,2732.4355732629856,VIP
14628.0,692.6367898380568,High Value
14629.0,970.7443999995184,High Value
14631.0,992.8882709199137,High Value
14632.0,134.99695279345838,Low Value
14633.0,335.83598410799715,Medium Value
14636.0,571.8792050559165,Medium Value
14638.0,426.2000686428572,Medium Value
14639.0,3009.1126320461744,VIP
14640.0,2170.9681769300155,VIP
14641.0,105.31524005952382,Low Value
14642.0,157.6802097971998,Low Value
14643.0,757.2020626984125,High Value
14644.0,755.0616563095235,High Value
14645.0,643.051815474803,Medium Value
14646.0,16525.23879999993,VIP
14647.0,195.27100552160837,Low Value
14649.0,1489.266393745916,High Value
14651.0,655.3469465829726,Medium Value
14652.0,132.17091533758665,Low Value
14653.0,1961.4581931529583,VIP
14655.0,1879.0718663167388,VIP
14656.0,257.5290842411476,Low Value
14657.0,850.7492095908538,High Value
14658.0,226.69309146558342,Low Value
14659.0,2340.3221599199924,VIP
14660.0,317.7751126807404,Medium Value
14661.0,110.91537282384328,Low Value
14662.0,888.2674961990789,High Value
14664.0,596.8509854508033,Medium Value
14665.0,1848.6618486760462,VIP
14666.0,190.62784486921194,Low Value
14667.0,10122.839738452376,VIP
14669.0,1344.2419656714173,High Value
14670.0,384.3892746608948,Medium Value
14672.0,761.9778370860663,High Value
14673.0,1678.2921820202016,VIP
14675.0,533.7221764623532,Medium Value
14676.0,2862.7066903968253,VIP
14680.0,16458.14980399994,VIP
14681.0,486.3326488431015,Medium Value
14682.0,64.82859944444441,Low Value
14684.0,1149.3492374819623,High Value
14687.0,621.768009285714,Medium Value
14688.0,5262.720273134921,VIP
14689.0,120.14691978344969,Low Value
14690.0,353.20714385252586,Medium Value
14691.0,1908.6695479761902,VIP
14692.0,586.216105034751,Medium Value
14693.0,143.76157542471117,Low Value
14696.0,2203.530983499278,VIP
14697.0,301.6501259847418,Low Value
14698.0,1235.367243207071,High Value
14699.0,115.76073562613357,Low Value
14700.0,2065.9403787518036,VIP
14701.0,2244.873022940115,VIP
14702.0,3280.1693243650793,VIP
14703.0,252.45491290843893,Low Value
14704.0,1741.734130714286,VIP
14705.0,171.8171900899102,Low Value
14708.0,1125.074697301587,High Value
14709.0,4622.4081513492065,VIP
14710.0,611.3397947430273,Medium Value
14711.0,2761.9629899206343,VIP
14712.0,674.6067997835495,Medium Value
14713.0,2682.251329913418,VIP
14714.0,229.1221680988456,Low Value
14715.0,1191.5926047929606,High Value
14716.0,543.6454986147186,Medium Value
14719.0,1627.1430220653988,High Value
14720.0,682.1884217704518,High Value
14722.0,256.9868971088294,Low Value
14723.0,1099.5932285714289,High Value
14725.0,833.7713556168829,High Value
14727.0,221.28936219554205,Low Value
14729.0,309.9668963637508,Low Value
14730.0,1917.1253851587303,VIP
14731.0,383.69638210139567,Medium Value
14732.0,2708.745327038429,VIP
14733.0,8396.255236349205,VIP
14735.0,5803.4765720634905,VIP
14737.0,1105.2830400505047,High Value
14738.0,1260.6598324199986,High Value
14739.0,4695.1361863095235,VIP
14740.0,1417.2841872488787,High Value
14741.0,1508.7886630880228,High Value
14744.0,1214.8827544588742,High Value
14745.0,1186.312611251249,High Value
14747.0,336.33783282372593,Medium Value
14748.0,1471.8229390512267,High Value
14752.0,428.76017899267396,Medium Value
14753.0,527.2637671261922,Medium Value
14754.0,650.2886219359227,Medium Value
14755.0,4451.933351507936,VIP
14756.0,761.7163885317456,High Value
14757.0,408.31632386178876,Medium Value
14758.0,1415.8954514682537,High Value
14759.0,1591.6852643657162,High Value
14760.0,95.19638651798627,Low Value
14761.0,249.32418539454272,Low Value
14762.0,329.8596086291486,Medium Value
14764.0,271.03663880952377,Low Value
14765.0,270.22897679817754,Low Value
14766.0,2372.74628235589,VIP
14768.0,179.17685770128236,Low Value
14769.0,10437.57587289206,VIP
14770.0,922.5475899570606,High Value
14772.0,165.68947071880905,Low Value
14775.0,996.1875224350651,High Value
14776.0,2230.4863249891773,VIP
14778.0,710.1945875571076,High Value
14779.0,371.87514157647917,Medium Value
14780.0,474.06527810317465,Medium Value
14782.0,213.34479902081404,Low Value
14784.0,352.15983603535363,Medium Value
14785.0,77.16927785714284,Low Value
14788.0,673.166852687911,Medium Value
14789.0,219.15598322298607,Low Value
14790.0,736.3749743867245,High Value
14792.0,12.954305833333335,Low Value
14793.0,217.05748975479457,Low Value
14794.0,1366.7262329371445,High Value
14795.0,131.33708781876442,Low Value
14796.0,7618.65436174603,VIP
14798.0,184.62169885667024,Low Value
14799.0,208.86309472222217,Low Value
14800.0,4824.53711579365,VIP
14801.0,231.23953551840182,Low Value
14803.0,770.7727509158576,High Value
14804.0,362.1418699271094,Medium Value
14805.0,523.6312267976191,Medium Value
14806.0,295.53659244397767,Low Value
14808.0,3223.6453409523824,VIP
14810.0,1916.9915309523806,VIP
14813.0,159.2249159053604,Low Value
14815.0,766.8282965079364,High Value
14816.0,249.51264682539684,Low Value
14817.0,1127.6116441000188,High Value
14818.0,696.7043338329792,High Value
14819.0,295.8585634661622,Low Value
14820.0,549.6512782436387,Medium Value
14821.0,54.94759666478023,Low Value
14823.0,314.0261722496295,Medium Value
14824.0,1000.6054647258301,High Value
14825.0,2172.067935862193,VIP
14828.0,2861.020633665223,VIP
14829.0,715.9413609685992,High Value
14830.0,211.0216220581837,Low Value
14834.0,1714.5399806277053,VIP
14836.0,107.01107671569655,Low Value
14837.0,1602.9671101448557,High Value
14840.0,76.46258659233806,Low Value
14841.0,3361.4255121123324,VIP
14842.0,2814.0619337914873,VIP
14844.0,3112.2182128235663,VIP
14847.0,300.0777722938235,Low Value
14849.0,8562.061463571426,VIP
14850.0,325.4139156324452,Medium Value
14851.0,493.3758030949824,Medium Value
14852.0,2916.882871666668,VIP
14853.0,450.8704457539681,Medium Value
14854.0,2945.4937532936515,VIP
14855.0,632.762511614774,Medium Value
14856.0,1257.543050643523,High Value
14857.0,1118.0086131335916,High Value
14859.0,1313.0710432287153,High Value
14860.0,169.6544527836052,Low Value
14861.0,166.55596765873014,Low Value
14862.0,929.3089385689309,High Value
14863.0,238.3828008990883,Low Value
14865.0,93.4551592063492,Low Value
14866.0,13453.976779233333,VIP
14867.0,690.5566012321317,High Value
14868.0,2752.8140807738105,VIP
14869.0,854.2907359350135,High Value
14870.0,300.90990483263556,Low Value
14871.0,443.8973554401157,Medium Value
14873.0,491.41269527683687,Medium Value
14875.0,1247.5651830158731,High Value
14878.0,1508.5244100595157,High Value
14880.0,763.2485074378014,High Value
14881.0,286.9740266095163,Low Value
14882.0,531.9554697222225,Medium Value
14883.0,806.5241492063494,High Value
14885.0,787.6175042857144,High Value
14886.0,349.41293139353877,Medium Value
14887.0,1537.7783248809521,High Value
14888.0,317.94575622485075,Medium Value
14889.0,148.93376833692366,Low Value
14890.0,121.42127426281694,Low Value
14891.0,567.7221794076511,Medium Value
14893.0,1256.7170679199967,High Value
14894.0,575.0805159436804,Medium Value
14895.0,10735.76472422699,VIP
14896.0,452.6012300019675,Medium Value
14897.0,1348.1942465443915,High Value
14898.0,1535.2052103177384,High Value
14901.0,1382.2565571031748,High Value
14902.0,333.775021496781,Medium Value
14903.0,2689.838947662528,VIP
14904.0,1219.5096572222224,High Value
14905.0,529.6710013240529,Medium Value
14907.0,3679.55224996337,VIP
14908.0,288.3420608851839,Low Value
14910.0,443.519621126701,Medium Value
14911.0,16421.43070683803,VIP
14912.0,1208.7243851154399,High Value
14913.0,1285.4937196608946,High Value
14915.0,304.1653945905152,Low Value
14916.0,1274.0180159099236,High Value
14918.0,1526.8488523015874,High Value
14920.0,964.3279327741699,High Value
14921.0,1230.672570832778,High Value
14923.0,785.8227276928627,High Value
14924.0,333.31867753968237,Medium Value
14929.0,221.9005372205447,Low Value
14930.0,2517.5570691883127,VIP
14931.0,1486.8049406349203,High Value
14932.0,363.5853148078531,Medium Value
14934.0,2096.4396919949504,VIP
14935.0,1745.5153710822508,VIP
14936.0,8270.830973412698,VIP
14937.0,1353.073773928571,High Value
14944.0,5535.931219484125,VIP
14946.0,102.2136810654637,Low Value
14947.0,303.59001128948717,Low Value
14948.0,1149.5932516636142,High Value
14950.0,373.103725881558,Medium Value
14951.0,326.3321213703537,Medium Value
14952.0,7492.778895634917,VIP
14953.0,381.76085090767083,Medium Value
14954.0,320.96733826146686,Medium Value
14957.0,59.7456973809524,Low Value
14958.0,479.9130448051949,Medium Value
14959.0,607.1395298809524,Medium Value
14960.0,285.30590844332573,Low Value
14961.0,6241.820514206345,VIP
14962.0,167.42106453213165,Low Value
14963.0,1568.7947976587302,High Value
14964.0,205.94372457297086,Low Value
14965.0,566.607973866146,Medium Value
14966.0,219.194195238127,Low Value
14967.0,359.4129255952379,Medium Value
14968.0,165.32830891428875,Low Value
14970.0,1332.1679748412705,High Value
14971.0,1182.7590793145741,High Value
14972.0,115.15517890222719,Low Value
14973.0,1301.3562707142853,High Value
14974.0,130.25958608778186,Low Value
14975.0,310.77122691197695,Low Value
14976.0,692.622189665751,High Value
14978.0,1603.8530234920636,High Value
14981.0,105.1389853488456,Low Value
14984.0,203.0516158216529,Low Value
14985.0,350.02103983182263,Medium Value
14987.0,307.8533270779219,Low Value
14988.0,288.97779130393593,Low Value
14995.0,237.91720805761963,Low Value
14997.0,648.7683777922078,Medium Value
14998.0,442.9707357128981,Medium Value
15000.0,436.8363922873988,Medium Value
15002.0,1518.632706350359,High Value
15004.0,1219.0071858730162,High Value
15005.0,6253.287547976191,VIP
15006.0,378.04579597318116,Medium Value
15007.0,160.37015290567288,Low Value
15009.0,1155.9018047943728,High Value
15010.0,332.8287721369966,Medium Value
15012.0,441.50910548092196,Medium Value
15014.0,236.74462732988556,Low Value
15016.0,217.32055649565814,Low Value
15017.0,155.5736677738576,Low Value
15018.0,526.9257654154994,Medium Value
15019.0,242.92524180964753,Low Value
15021.0,1786.5367646825396,VIP
15022.0,929.2779987182262,High Value
15023.0,6482.959969963923,VIP
15024.0,1827.3556999057803,VIP
15025.0,362.43809412521773,Medium Value
15026.0,451.25532930868854,Medium Value
15027.0,1135.2547101334783,High Value
15028.0,668.3524867009103,Medium Value
15030.0,782.022783888889,High Value
15031.0,764.2187019047618,High Value
15032.0,4500.857692460317,VIP
15033.0,2541.4072635589405,VIP
15034.0,4309.95826498016,VIP
15035.0,293.10906309763794,Low Value
15036.0,482.4469866913644,Medium Value
15038.0,678.3289284126982,High Value
15039.0,15742.813979487973,VIP
15041.0,182.95885780872223,Low Value
15042.0,124.03807124755548,Low Value
15043.0,508.085096135531,Medium Value
15044.0,6710.405210634918,VIP
15045.0,752.4253712698413,High Value
15046.0,5419.657912698413,VIP
15047.0,344.01191276236585,Medium Value
15048.0,408.92976280824735,Medium Value
15049.0,118.94930338504093,Low Value
15050.0,1769.975205800866,VIP
15051.0,1403.5748463087539,High Value
15052.0,213.49910092023345,Low Value
15053.0,762.0344800793652,High Value
15054.0,271.6321237103175,Low Value
15057.0,1421.5030647763344,High Value
15058.0,2113.3747656851474,VIP
15059.0,1303.490829426407,High Value
15060.0,301.820727930403,Low Value
15061.0,16525.23879999993,VIP
15062.0,1033.6542384235208,High Value
15063.0,320.85372731906983,Medium Value
15065.0,3061.6188862525237,VIP
15066.0,859.9763726631702,High Value
15067.0,1726.9544802140458,VIP
15068.0,577.5247955221173,Medium Value
15069.0,1184.6633671584514,High Value
15070.0,110.14083860798927,Low Value
15071.0,895.5536949206352,High Value
15073.0,887.7936032202325,High Value
15074.0,683.8009575141971,High Value
15075.0,803.1332904365081,High Value
15076.0,862.2935247094571,High Value
15078.0,8586.742734404761,VIP
15079.0,930.3497051097588,High Value
15081.0,526.8352096525125,Medium Value
15083.0,105.7369542503615,Low Value
15087.0,456.61979226911984,Medium Value
15088.0,1156.324374434002,High Value
15089.0,2414.1174867177424,VIP
15090.0,392.6392987808087,Medium Value
15091.0,471.9904895573581,Medium Value
15092.0,458.9428560026086,Medium Value
15093.0,5017.308943095237,VIP
15095.0,1452.691035160673,High Value
15096.0,219.98885961459422,Low Value
15097.0,227.36420775615613,Low Value
15098.0,759.7639807142857,High Value
15099.0,434.4483889268276,Medium Value
15100.0,699.3052413431016,High Value
15101.0,334.3483555555556,Medium Value
15103.0,684.2460621533594,High Value
15104.0,1187.4915459920633,High Value
15105.0,1760.7026273088027,VIP
15106.0,1584.864156204906,High Value
15107.0,343.00328313492065,Medium Value
15108.0,1212.4557882435258,High Value
15109.0,447.2937433421529,Medium Value
15110.0,944.3389797402597,High Value
15111.0,1555.1439832478634,High Value
15113.0,3602.0569146103894,VIP
15114.0,3412.1790994372304,VIP
15115.0,334.65849612503206,Medium Value
15116.0,1310.777653214285,High Value
15117.0,2054.709711190476,VIP
15118.0,479.59882916666635,Medium Value
15119.0,273.5631157283214,Low Value
15120.0,404.7924280158731,Medium Value
15121.0,471.9839916908367,Medium Value
15122.0,1563.4918150296196,High Value
15123.0,2214.0299715678048,VIP
15124.0,228.4274481249695,Low Value
15125.0,11667.900225147614,VIP
15127.0,367.3960937752925,Medium Value
15128.0,1567.609533470974,High Value
15129.0,3340.6733524603173,VIP
15130.0,343.27675463589844,Medium Value
15132.0,1038.0143648010323,High Value
15133.0,945.7788525481704,High Value
15134.0,1430.5492115265859,High Value
15135.0,130.99139889306397,Low Value
15136.0,1213.4618334412812,High Value
15139.0,207.2088168650794,Low Value
15140.0,2404.191637857143,VIP
15142.0,517.5079865032311,Medium Value
15143.0,265.41472774634445,Low Value
15144.0,6188.421895119049,VIP
15145.0,1235.9572228296702,High Value
15146.0,1310.1485317532479,High Value
15147.0,631.5724405208357,Medium Value
15148.0,303.6490421064928,Low Value
15149.0,510.8720332103174,Medium Value
15150.0,5587.766405833335,VIP
15152.0,4944.068310873016,VIP
15153.0,350.23569884324627,Medium Value
15154.0,263.91216341784803,Low Value
15156.0,934.2953068644429,High Value
15157.0,3312.855280317459,VIP
15158.0,353.82316009797233,Medium Value
15159.0,16510.294665942794,VIP
15160.0,159.36505177411388,Low Value
15163.0,303.90299932166783,Low Value
15164.0,763.5216039743592,High Value
15165.0,467.67739656726144,Medium Value
15167.0,155.6162885130034,Low Value
15168.0,118.53057891236305,Low Value
15171.0,1097.8734232142854,High Value
15172.0,1918.196862878788,VIP
15174.0,149.64980107347404,Low Value
15175.0,237.79314626984137,Low Value
15178.0,40.86484095238095,Low Value
15179.0,2750.773909206349,VIP
15180.0,92.49293639738848,Low Value
15181.0,695.7090718001441,High Value
15182.0,584.9997008765993,Medium Value
15184.0,436.6610241345957,Medium Value
15185.0,589.6703953478708,Medium Value
15186.0,411.95329727425184,Medium Value
15187.0,4387.519402316018,VIP
15189.0,14010.929175041547,VIP
15192.0,1111.206519431818,High Value
15193.0,456.4668898797035,Medium Value
15194.0,8573.724639794375,VIP
15197.0,995.9619591847041,High Value
15198.0,192.7971338594656,Low Value
15199.0,1279.7644230952376,High Value
15201.0,1326.9548320238102,High Value
15203.0,1787.714576608946,VIP
15204.0,351.8802475477463,Medium Value
15205.0,683.0878613938162,High Value
15206.0,325.42232015406177,Medium Value
15208.0,882.4734119011545,High Value
15210.0,381.15966684704193,Medium Value
15211.0,711.3593063492063,High Value
15212.0,105.15468676581513,Low Value
15213.0,319.30102707805656,Medium Value
15214.0,1746.4271350090185,VIP
15215.0,743.7019098989896,High Value
15216.0,103.54883910567786,Low Value
15218.0,6153.490686111112,VIP
15219.0,266.46128263367666,Low Value
15220.0,1920.6933826064217,VIP
15221.0,316.3478606170731,Medium Value
15222.0,560.4391904761903,Medium Value
15223.0,704.051533809524,High Value
15224.0,327.26986548716155,Medium Value
15225.0,411.10107816253617,Medium Value
15226.0,146.50851166761097,Low Value
15227.0,1410.624848253968,High Value
15228.0,3489.2896643650806,VIP
15230.0,452.4054166770187,Medium Value
15232.0,618.3151049170274,Medium Value
15234.0,218.91074996106286,Low Value
15235.0,2308.818804614846,VIP
15236.0,328.7410619350809,Medium Value
15237.0,1566.8944026903648,High Value
15238.0,1387.6127846825405,High Value
15239.0,782.1089000978418,High Value
15240.0,1795.559058773448,VIP
15241.0,1882.8677501190489,VIP
15243.0,306.87311243919277,Low Value
15244.0,623.1762364526869,Medium Value
15245.0,2228.6924091666674,VIP
15246.0,511.86509422087545,Medium Value
15247.0,296.72855386363636,Low Value
15249.0,6447.801318690475,VIP
15251.0,11651.257922761899,VIP
15252.0,751.8649630662252,High Value
15253.0,972.3781030952379,High Value
15254.0,319.8433587233436,Medium Value
15255.0,822.0001516238422,High Value
15256.0,103.15154411741035,Low Value
15257.0,326.78869603174627,Medium Value
15258.0,510.95007420246446,Medium Value
15260.0,1780.8691913167388,VIP
15261.0,242.71930625305257,Low Value
15262.0,173.26082376069553,Low Value
15263.0,174.0860581455964,Low Value
15264.0,390.66049942820877,Medium Value
15265.0,1429.7868788111407,High Value
15266.0,121.58750817162583,Low Value
15267.0,1560.3505859090901,High Value
15269.0,316.2386243253969,Medium Value
15270.0,3086.15800440476,VIP
15271.0,2313.4076971015097,VIP
15272.0,759.031601298467,High Value
15274.0,747.6292730726302,High Value
15275.0,671.17778655525,Medium Value
15276.0,132.78539165425505,Low Value
15277.0,276.85097824925987,Low Value
15279.0,301.4699483045799,Low Value
15280.0,119.69998003892526,Low Value
15281.0,2617.857370183984,VIP
15286.0,227.44089840384618,Low Value
15287.0,538.2026077734519,Medium Value
15288.0,1756.9202139841695,VIP
15289.0,917.1751848809524,High Value
15290.0,8234.341484722221,VIP
15291.0,5431.6439745238085,VIP
15292.0,171.51061185047521,Low Value
15296.0,3529.622614368133,VIP
15297.0,594.4552490567427,Medium Value
15298.0,3934.5781606313103,VIP
15299.0,4337.873289682538,VIP
15300.0,506.68891631304245,Medium Value
15301.0,5243.710833181817,VIP
15303.0,566.7766920185727,Medium Value
15304.0,599.8049815476191,Medium Value
15306.0,1219.4170970440678,High Value
15307.0,181.1833332533906,Low Value
15308.0,325.7468451998637,Medium Value
15311.0,16426.05025363803,VIP
15312.0,943.512380411256,High Value
15313.0,55.6028533929959,Low Value
15314.0,332.020459514696,Medium Value
15315.0,605.462497936508,Medium Value
15316.0,167.3867704593684,Low Value
15318.0,352.2059751587302,Medium Value
15319.0,211.25907290100247,Low Value
15320.0,389.44434148761417,Medium Value
15321.0,2619.363631984126,VIP
15322.0,731.0402501257074,High Value
15325.0,184.35320163641916,Low Value
15326.0,367.49835694083697,Medium Value
15327.0,247.81043803571433,Low Value
15329.0,1012.1265461819468,High Value
15330.0,733.9736293795094,High Value
15332.0,1549.6981615079367,High Value
15333.0,812.699056984127,High Value
15334.0,324.365836031746,Medium Value
15335.0,178.85563448652795,Low Value
15339.0,594.2963015978912,Medium Value
15341.0,1521.111160989011,High Value
15342.0,416.239873480145,Medium Value
15343.0,353.62158238721815,Medium Value
15344.0,559.0738670952381,Medium Value
15345.0,384.39918262531324,Medium Value
15346.0,257.82935786768996,Low Value
15347.0,211.4505764161964,Low Value
15348.0,152.95834853992204,Low Value
15349.0,533.4138716093545,Medium Value
15350.0,120.99997232501053,Low Value
15351.0,1753.9613681349217,VIP
15353.0,756.3145474331271,High Value
15355.0,247.75897204151076,Low Value
15356.0,2671.849660939894,VIP
15358.0,8315.235825119047,VIP
15360.0,390.2172123489467,Medium Value
15361.0,428.1478842957043,Medium Value
15363.0,311.5735627329127,Medium Value
15364.0,824.9775506127326,High Value
15365.0,2218.631415217299,VIP
15366.0,720.0635921500725,High Value
15367.0,1856.8427202707016,VIP
15368.0,639.4095129761906,Medium Value
15370.0,2175.565744231603,VIP
15372.0,1847.5492474999999,VIP
15373.0,2088.8286891269827,VIP
15374.0,249.82662858187135,Low Value
15376.0,1184.7005251392234,High Value
15379.0,3557.0294772222223,VIP
15380.0,1537.0291359523806,High Value
15381.0,697.5145299025972,High Value
15382.0,5564.166459083695,VIP
15384.0,645.8643761409502,Medium Value
15385.0,280.0650614826841,Low Value
15386.0,440.36324892857147,Medium Value
15388.0,141.33926104092055,Low Value
15389.0,522.7097447619046,Medium Value
15392.0,1648.556424036796,VIP
15393.0,214.3057604043179,Low Value
15394.0,1923.3918842667574,VIP
15395.0,113.8078952236027,Low Value
15396.0,292.73968506207046,Low Value
15397.0,102.30579999734087,Low Value
15398.0,1295.1772741133927,High Value
15399.0,817.0621874886228,High Value
15400.0,719.8346786178708,High Value
15402.0,841.8486635064933,High Value
15405.0,424.15185720238105,Medium Value
15406.0,556.1428506161285,Medium Value
15407.0,1233.3715256399494,High Value
15408.0,333.3677358182756,Medium Value
15410.0,2993.564547476192,VIP
15411.0,1323.5760896045958,High Value
15412.0,209.18264262109523,Low Value
15414.0,779.9269083272281,High Value
15415.0,626.621677362652,Medium Value
15416.0,3375.382014404762,VIP
15417.0,404.14513898999024,Medium Value
15419.0,181.7375772677322,Low Value
15421.0,937.5996716700425,High Value
15422.0,100.69025909408678,Low Value
15423.0,118.06743510461763,Low Value
15424.0,529.9817112343358,Medium Value
15426.0,1398.5072963275616,High Value
15427.0,1427.356811356421,High Value
15428.0,121.37608605622732,Low Value
15429.0,528.3459013346188,Medium Value
15432.0,160.10620342756437,Low Value
15433.0,498.27580504328995,Medium Value
15434.0,1122.5290141780738,High Value
15435.0,146.55024536325644,Low Value
15436.0,988.1846618614724,High Value
15437.0,185.04306134283212,Low Value
15438.0,161.75974887045516,Low Value
15440.0,375.1206408197945,Medium Value
15442.0,582.5468709307358,Medium Value
15443.0,3185.9242995238087,VIP
15444.0,1369.16608824773,High Value
15445.0,139.35424208426448,Low Value
15447.0,178.5837422298214,Low Value
15448.0,486.7800516311374,Medium Value
15449.0,991.1385807142859,High Value
15450.0,481.71442401334804,Medium Value
15452.0,531.799425291563,Medium Value
15453.0,1427.33947031689,High Value
15454.0,179.1612411529238,Low Value
15456.0,571.1721940512263,Medium Value
15457.0,207.69877149281172,Low Value
15458.0,179.5063164285714,Low Value
15460.0,232.39050503753276,Low Value
15462.0,242.51810023809526,Low Value
15463.0,141.84020246658977,Low Value
15464.0,907.4632021605298,High Value
15465.0,4107.266126507936,VIP
15466.0,332.1554854926053,Medium Value
15467.0,507.8854611785142,Medium Value
15468.0,449.8263748340502,Medium Value
15469.0,530.0614912460316,Medium Value
15471.0,428.06855172874134,Medium Value
15472.0,386.8077129877495,Medium Value
15473.0,1621.2985102777777,High Value
15475.0,422.8375112763411,Medium Value
15478.0,1385.522965952381,High Value
15480.0,860.1773391129786,High Value
15482.0,10568.694067349206,VIP
15483.0,296.2733163095237,Low Value
15484.0,4019.232732579364,VIP
15485.0,2442.2480253246763,VIP
15488.0,231.33073511294253,Low Value
15489.0,1092.5156119544874,High Value
15491.0,3347.2635400396816,VIP
15492.0,655.864724128851,Medium Value
15493.0,1743.9270101587306,VIP
15494.0,1469.4020298989903,High Value
15497.0,1257.9092108874456,High Value
15498.0,12603.690576303743,VIP
15500.0,1220.6332842988063,High Value
15502.0,8470.710291349205,VIP
15503.0,135.62105786135757,Low Value
15504.0,65.28182464677835,Low Value
15505.0,3680.263096518759,VIP
15506.0,934.5919904365085,High Value
15507.0,394.27175365759797,Medium Value
15508.0,960.5470907336921,High Value
15510.0,308.24990843073596,Low Value
15511.0,818.6488821275947,High Value
15512.0,126.49747048201817,Low Value
15513.0,11857.797190666672,VIP
15514.0,4023.253329190114,VIP
15516.0,67.73985417155069,Low Value
15517.0,298.9166592900081,Low Value
15518.0,1948.719200128066,VIP
15520.0,358.565745437433,Medium Value
15521.0,3147.6448021861493,VIP
15522.0,386.58140237734494,Medium Value
15523.0,351.26999690476174,Medium Value
15524.0,542.7668038744589,Medium Value
15525.0,798.2722461397144,High Value
15526.0,123.80506855540418,Low Value
15527.0,1887.4379787148964,VIP
15528.0,232.35905378110957,Low Value
15529.0,4179.0198101875885,VIP
15530.0,1541.638945668911,High Value
15531.0,2008.660880192308,VIP
15532.0,1446.6015522222226,High Value
15533.0,787.5819701539345,High Value
15535.0,495.3442062573482,Medium Value
15537.0,106.15907608478567,Low Value
15539.0,494.17582423881663,Medium Value
15540.0,229.88227168650803,Low Value
15541.0,103.80189653275646,Low Value
15543.0,145.75259405509829,Low Value
15544.0,3440.7667244372296,VIP
15545.0,308.6218937736337,Low Value
15547.0,5372.318443849208,VIP
15549.0,1521.586899403097,High Value
15550.0,591.7464543887796,Medium Value
15551.0,463.7806995886445,Medium Value
15552.0,99.01431663239535,Low Value
15553.0,497.535393735154,Medium Value
15554.0,219.96774797897365,Low Value
15555.0,4587.764737460317,VIP
15556.0,294.0851885572598,Low Value
15557.0,463.22040680888387,Medium Value
15561.0,744.3811509523808,High Value
15562.0,144.84804093756284,Low Value
15563.0,1542.4803696361967,High Value
15565.0,178.32787064580657,Low Value
15567.0,270.0708331493507,Low Value
15568.0,766.2267489051005,High Value
15569.0,1230.2665371392495,High Value
15570.0,4332.910646865075,VIP
15571.0,535.695288003247,Medium Value
15572.0,2735.7828742962597,VIP
15573.0,595.1598013690317,Medium Value
15574.0,634.648882656094,Medium Value
15576.0,910.6706566336433,High Value
15577.0,251.79076184801866,Low Value
15578.0,112.816309733261,Low Value
15579.0,360.3077729412534,Medium Value
15581.0,1008.6708510317457,High Value
15582.0,702.1560383983333,High Value
15584.0,716.4616902352008,High Value
15585.0,440.207005398515,Medium Value
15587.0,833.5594484523809,High Value
15589.0,501.3766892148407,Medium Value
15592.0,393.8973983112178,Medium Value
15593.0,173.05602808920398,Low Value
15594.0,1777.5404389862376,VIP
15596.0,1423.8977439285716,High Value
15597.0,326.6492643790942,Medium Value
15598.0,238.2328762137384,Low Value
15599.0,760.3723985682456,High Value
15601.0,7541.161074285713,VIP
15602.0,1569.879441572872,High Value
15603.0,63.088171904761886,Low Value
15604.0,193.96445065645156,Low Value
15605.0,1156.7025366468872,High Value
15606.0,2499.3419009218555,VIP
15607.0,144.6410639285715,Low Value
15608.0,1149.224093176407,High Value
15609.0,300.79889251532046,Low Value
15610.0,117.15301289208959,Low Value
15611.0,1868.047616937229,VIP
15612.0,205.52228260966814,Low Value
15615.0,9653.45070617965,VIP
15618.0,789.066429860678,High Value
15619.0,461.6752194675322,Medium Value
15620.0,1657.5639158309987,VIP
15621.0,1090.8109559884558,High Value
15622.0,3648.155393373015,VIP
15623.0,329.2551070106453,Medium Value
15624.0,635.8677853557555,Medium Value
15625.0,1349.115333311689,High Value
15626.0,688.1111225000001,High Value
15628.0,2803.2453670021637,VIP
15630.0,1195.2519163499005,High Value
15632.0,3376.6668738492062,VIP
15634.0,227.1550502877056,Low Value
15636.0,696.1988984343434,High Value
15637.0,261.14330047789366,Low Value
15639.0,435.97797857142837,Medium Value
15640.0,11495.995352778493,VIP
15641.0,1777.0493570598849,VIP
15643.0,680.9494463983241,High Value
15644.0,774.9799570634922,High Value
15645.0,563.6836068575101,Medium Value
15646.0,556.6566082739049,Medium Value
15648.0,628.2505842626817,Medium Value
15649.0,807.6572069841272,High Value
15651.0,670.0237830602096,Medium Value
15652.0,342.61623087789405,Medium Value
15653.0,1120.0403889033191,High Value
15654.0,883.4814656349206,High Value
15655.0,557.0071587926319,Medium Value
15656.0,772.2005858308689,High Value
15657.0,42.97522330280831,Low Value
15658.0,905.0925731132755,High Value
15659.0,363.4521816071429,Medium Value
15660.0,1622.1969322186158,High Value
15661.0,259.24953241702735,Low Value
15663.0,151.69545991774322,Low Value
15664.0,380.4853902698413,Medium Value
15665.0,2308.8326009218563,VIP
15667.0,311.03914945924504,Low Value
15668.0,75.8625538095238,Low Value
15669.0,676.5512398535188,Medium Value
15670.0,186.71210491380788,Low Value
15671.0,2793.479057667888,VIP
15673.0,2778.775285482297,VIP
15674.0,2584.9465135317464,VIP
15675.0,577.3778142063492,Medium Value
15676.0,4006.231745508102,VIP
15677.0,632.3245982825235,Medium Value
15678.0,318.3778928696304,Medium Value
15679.0,915.9998801731604,High Value
15680.0,1339.424638514957,High Value
15681.0,1256.3478094480515,High Value
15683.0,198.41095757525244,Low Value
15687.0,2918.0820345238103,VIP
15689.0,248.20331352787014,Low Value
15690.0,260.5928423015874,Low Value
15691.0,129.7177747542654,Low Value
15692.0,193.3574037658558,Low Value
15694.0,6005.506053452387,VIP
15695.0,412.7872638371475,Medium Value
15696.0,2671.6563895634927,VIP
15699.0,342.3949381194591,Medium Value
15700.0,670.0979936542442,Medium Value
15701.0,1641.9729651145888,VIP
15703.0,175.50945212473715,Low Value
15704.0,2140.627889484127,VIP
15705.0,151.46334292731035,Low Value
15706.0,983.3078069841272,High Value
15707.0,937.7310180555558,High Value
15708.0,3089.010121246034,VIP
15709.0,192.17663871778382,Low Value
15712.0,1023.407444154734,High Value
15713.0,373.315781510483,Medium Value
15714.0,339.3420582316061,Medium Value
15716.0,1118.971113412699,High Value
15717.0,123.56807810718496,Low Value
15719.0,4641.253893809525,VIP
15720.0,520.5313214102564,Medium Value
15721.0,511.3792690487689,Medium Value
15722.0,2070.979679682539,VIP
15723.0,190.01493687278614,Low Value
15724.0,206.1912903492929,Low Value
15725.0,405.0902054492946,Medium Value
15727.0,5703.969591688314,VIP
15729.0,96.17915726571374,Low Value
15730.0,1132.9510548451842,High Value
15732.0,314.47287234829884,Medium Value
15733.0,168.47532392269034,Low Value
15734.0,1107.8953162698413,High Value
15737.0,1264.9342210007637,High Value
15738.0,4719.73021484127,VIP
15739.0,581.1663534090908,Medium Value
15740.0,197.91197674603177,Low Value
15743.0,665.9308986679986,Medium Value
15744.0,65.02931706349209,Low Value
15745.0,1047.8382438060187,High Value
15746.0,186.50748062512233,Low Value
15747.0,855.283135064731,High Value
15748.0,138.88800644937592,Low Value
15750.0,2570.5983787301584,VIP
15752.0,2595.7033618253963,VIP
15753.0,114.53659567099571,Low Value
15754.0,439.3438046417798,Medium Value
15755.0,2458.8059853970153,VIP
15756.0,513.9069018381616,Medium Value
15757.0,732.6401202381127,High Value
15758.0,190.44647284245298,Low Value
15759.0,249.35960682470312,Low Value
15762.0,602.9385931331393,Medium Value
15763.0,991.232101825397,High Value
15764.0,3021.5735800396824,VIP
15766.0,318.8922841356209,Medium Value
15768.0,655.0417368001442,Medium Value
15769.0,16364.684827066601,VIP
15773.0,472.4747280402927,Medium Value
15774.0,291.2538416590535,Low Value
15775.0,113.39447005672237,Low Value
15776.0,283.33720331210833,Low Value
15777.0,1112.4006274242427,High Value
15780.0,507.2534873720213,Medium Value
15781.0,423.2084899317982,Medium Value
15782.0,2370.9787387698407,VIP
15783.0,274.4639038131314,Low Value
15785.0,2571.224910201466,VIP
15786.0,5009.012623333334,VIP
15787.0,852.161589430642,High Value
15789.0,340.45612126984133,Medium Value
15790.0,257.1280598059325,Low Value
15791.0,1541.2065149762325,High Value
15793.0,1056.8791261111116,High Value
15795.0,695.4038263972136,High Value
15796.0,2173.422053452381,VIP
15797.0,2059.0798412631807,VIP
15799.0,1381.4486286372367,High Value
15800.0,591.6060758979908,Medium Value
15801.0,958.1329259276426,High Value
15802.0,590.1688381601732,Medium Value
15803.0,400.00352131660003,Medium Value
15804.0,4638.975858134922,VIP
15805.0,5559.895854642859,VIP
15806.0,825.1177510756057,High Value
15807.0,827.6921229211925,High Value
15808.0,2836.0945741349215,VIP
15809.0,565.1490236309526,Medium Value
15810.0,1471.0051771940523,High Value
15811.0,2176.739457811354,VIP
15812.0,1860.7189703403074,VIP
15813.0,1342.1658658882784,High Value
15814.0,1993.25418015873,VIP
15815.0,2563.645744087302,VIP
15819.0,1793.005623864192,VIP
15820.0,201.05922529496877,Low Value
15821.0,506.4190843034746,Medium Value
15822.0,929.6902575396822,High Value
15823.0,27.93027499999999,Low Value
15825.0,539.4340227380955,Medium Value
15826.0,1693.676584622415,VIP
15827.0,2038.8591861507937,VIP
15829.0,698.7044154761904,High Value
15830.0,610.9974321889957,Medium Value
15831.0,1182.9686271139972,High Value
15832.0,610.043174779709,Medium Value
15834.0,2200.1026925396827,VIP
15835.0,941.7580759527041,High Value
15836.0,132.27612861463865,Low Value
15837.0,398.4853767710538,Medium Value
15838.0,16323.108327066602,VIP
15839.0,931.6986451226552,High Value
15840.0,426.4497516810968,Medium Value
15841.0,1108.4138516300366,High Value
15843.0,128.21457253720988,Low Value
15844.0,141.10029661807712,Low Value
15845.0,3103.329237857145,VIP
15847.0,556.8349347222222,Medium Value
15850.0,293.7009316269841,Low Value
15852.0,146.19348118660392,Low Value
15853.0,118.84985867679357,Low Value
15854.0,2431.193775515873,VIP
15855.0,718.0764905375859,High Value
15856.0,16135.8395620571,VIP
15857.0,265.4124005627707,Low Value
15858.0,1610.609105909091,High Value
15860.0,998.9395935163667,High Value
15861.0,3311.2316096428567,VIP
15862.0,1100.1879261016763,High Value
15863.0,80.22658815327183,Low Value
15864.0,1962.1426300396824,VIP
15865.0,1033.380139398379,High Value
15866.0,260.1963380025808,Low Value
15867.0,4119.501839166665,VIP
15869.0,177.30926677270642,Low Value
15870.0,369.4240034125998,Medium Value
15872.0,333.1648593776228,Medium Value
15874.0,4364.806397777777,VIP
15877.0,502.97821087606854,Medium Value
15880.0,341.8822440423294,Medium Value
15881.0,545.6343551205738,Medium Value
15882.0,455.9963233442805,Medium Value
15883.0,394.73436139470476,Medium Value
15885.0,417.531592783989,Medium Value
15886.0,196.98868566620655,Low Value
15888.0,136.581557238553,Low Value
15889.0,436.6013428582195,Medium Value
15891.0,579.3915704096638,Medium Value
15894.0,258.75701848110145,Low Value
15895.0,156.03754052200648,Low Value
15897.0,274.20301170510754,Low Value
15898.0,1321.263640331891,High Value
15899.0,85.94968474759,Low Value
15900.0,338.30191315693696,Medium Value
15901.0,532.1286890481465,Medium Value
15903.0,4465.061439246033,VIP
15904.0,182.7434840026459,Low Value
15906.0,1402.2244936081406,High Value
15907.0,967.1048042637013,High Value
15909.0,157.6712000543679,Low Value
15910.0,1257.3641801226556,High Value
15912.0,262.8444976276549,Low Value
15916.0,1691.8710020634926,VIP
15917.0,150.51406613993015,Low Value
15918.0,286.9594222185133,Low Value
15919.0,752.8346583597682,High Value
15920.0,178.84194198880687,Low Value
15921.0,340.637860360027,Medium Value
15922.0,372.9865094981962,Medium Value
15923.0,183.83355124295147,Low Value
15925.0,195.17405119883878,Low Value
15930.0,402.99402034764813,Medium Value
15932.0,2285.0553025000004,VIP
15933.0,1162.4859264495797,High Value
15935.0,448.460503051587,Medium Value
15937.0,122.28111221668658,Low Value
15938.0,416.8410866888812,Medium Value
15939.0,5726.356090108226,VIP
15940.0,40.57608782467535,Low Value
15942.0,342.5872549194009,Medium Value
15944.0,223.7508793903611,Low Value
15945.0,150.59343752435066,Low Value
15947.0,1741.797281690069,VIP
15948.0,859.2412311097147,High Value
15949.0,374.6272035184486,Medium Value
15950.0,1672.3852210578314,VIP
15951.0,698.2108910876455,High Value
15952.0,885.1299433269319,High Value
15953.0,1640.36106893542,High Value
15955.0,4413.77120547619,VIP
15957.0,423.25817448141015,Medium Value
15958.0,112.51027970931415,Low Value
15963.0,486.86593128147234,Medium Value
15965.0,725.1135534054833,High Value
15967.0,424.9336879015095,Medium Value
15969.0,635.5921854404762,Medium Value
15970.0,275.8291583647849,Low Value
15971.0,3493.119999920635,VIP
15973.0,385.62519634920625,Medium Value
15974.0,3535.5708034523823,VIP
15975.0,355.79900335579435,Medium Value
15976.0,472.2028927580752,Medium Value
15977.0,1213.9499319261295,High Value
15978.0,1153.8877193037522,High Value
15980.0,2174.3062473015884,VIP
15981.0,3166.271681666667,VIP
15983.0,1384.4140823826747,High Value
15984.0,2946.4776923557006,VIP
15985.0,1153.4821985650458,High Value
15986.0,180.3459065873015,Low Value
15987.0,1826.8461530525026,VIP
15988.0,271.3254289763277,Low Value
15990.0,796.7457137244356,High Value
15992.0,77.6960672802625,Low Value
15993.0,3142.1297530014417,VIP
15994.0,387.61312402360716,Medium Value
15996.0,1046.4001437054424,High Value
15998.0,3276.671972777776,VIP
16000.0,2030.6359064285718,VIP
16003.0,2755.9735212157293,VIP
16005.0,607.4881151974232,Medium Value
16006.0,114.14142486905658,Low Value
16007.0,1674.2567709415584,VIP
16008.0,491.0531251212385,Medium Value
16009.0,934.0086144221281,High Value
16010.0,381.6790213320601,Medium Value
16011.0,3628.524114285715,VIP
16012.0,1384.1818172304306,High Value
16013.0,16453.851214809456,VIP
16014.0,565.6891222818847,Medium Value
16015.0,754.3346265079366,High Value
16016.0,1392.9833940476192,High Value
16017.0,210.57003886395978,Low Value
16018.0,407.5794394993463,Medium Value
16019.0,3633.5249400396833,VIP
16020.0,807.8103186087425,High Value
16022.0,598.6584532124213,Medium Value
16023.0,720.9169300608053,High Value
16024.0,291.00425352813863,Low Value
16025.0,439.11922504478053,Medium Value
16026.0,235.5400161155941,Low Value
16027.0,4187.962642301587,VIP
16029.0,14295.644967722175,VIP
16030.0,369.71186998236846,Medium Value
16031.0,620.0963141512663,Medium Value
16033.0,8291.753936908372,VIP
16034.0,437.22024206529585,Medium Value
16036.0,774.0290315877262,High Value
16037.0,831.7759384319291,High Value
16038.0,486.84261237761416,Medium Value
16040.0,1304.4207866266377,High Value
16041.0,2641.119222261904,VIP
16042.0,1264.1825012395939,High Value
16043.0,869.6115616206179,High Value
16045.0,1361.4922470082747,High Value
16048.0,227.90077900099902,Low Value
16049.0,1074.9172906746035,High Value
16050.0,221.8986742989418,Low Value
16052.0,390.7688944070115,Medium Value
16053.0,2042.8302924999994,VIP
16054.0,850.7651655737832,High Value
16055.0,134.18237753073424,Low Value
16056.0,715.2401697567049,High Value
16057.0,2149.7301648268394,VIP
16059.0,1391.9438757142862,High Value
16062.0,1152.4250081290934,High Value
16063.0,347.5893769608998,Medium Value
16065.0,360.47644623842,Medium Value
16066.0,1637.7643478109396,High Value
16070.0,628.8531358748147,Medium Value
16071.0,313.0462693161124,Medium Value
16072.0,563.6393628373016,Medium Value
16073.0,130.6252917234849,Low Value
16076.0,2307.6385870761196,VIP
16078.0,97.02973463152318,Low Value
16079.0,1486.0485068818684,High Value
16080.0,201.44814173577888,Low Value
16081.0,2580.590281872295,VIP
16083.0,1149.1842920845818,High Value
16084.0,418.2548960873043,Medium Value
16085.0,1157.222891201299,High Value
16086.0,1107.7229591869645,High Value
16091.0,318.6540813489013,Medium Value
16092.0,863.3371506722688,High Value
16093.0,33.71623984126985,Low Value
16094.0,1103.0757500776813,High Value
16096.0,347.9022679743867,Medium Value
16097.0,208.5282047063599,Low Value
16098.0,1812.5998947630142,VIP
16099.0,684.1812185342632,High Value
16101.0,1263.8356492763494,High Value
16102.0,1794.6661404004333,VIP
16103.0,1487.2568719308629,High Value
16104.0,285.61609603140226,Low Value
16105.0,318.01858945165947,Medium Value
16106.0,98.35722561507936,Low Value
16107.0,2890.144162194805,VIP
16108.0,815.5714773322901,High Value
16109.0,653.5565862740183,Medium Value
16110.0,1067.257980313853,High Value
16112.0,324.99134194083706,Medium Value
16113.0,220.49726100699468,Low Value
16114.0,131.24109849890837,Low Value
16115.0,1616.1954159945087,High Value
16116.0,605.1548412861953,Medium Value
16117.0,227.72552696004612,Low Value
16119.0,390.8909100285827,Medium Value
16120.0,1237.348420573593,High Value
16121.0,854.66936288241,High Value
16122.0,986.4811432142858,High Value
16123.0,302.01266442730486,Low Value
16124.0,244.72107778336343,Low Value
16125.0,288.40084082553295,Low Value
16126.0,5217.1819680952385,VIP
16127.0,616.8337708606556,Medium Value
16128.0,1734.6083454537697,VIP
16131.0,3542.9520326984125,VIP
16133.0,15178.33587786346,VIP
16134.0,603.7048060892332,Medium Value
16135.0,467.121270618699,Medium Value
16136.0,720.8634482464845,High Value
16139.0,617.2414765544095,Medium Value
16140.0,773.5317415043291,High Value
16141.0,611.7940518933842,Medium Value
16142.0,567.5605760201645,Medium Value
16143.0,2283.152082896826,VIP
16144.0,177.42789175932256,Low Value
16145.0,4309.598302694804,VIP
16146.0,705.3914497462694,High Value
16147.0,398.8866180328007,Medium Value
16148.0,75.70838047619046,Low Value
16149.0,325.3218922263994,Medium Value
16150.0,1880.4422840455372,VIP
16152.0,1685.055729960317,VIP
16153.0,1812.9670057656406,VIP
16156.0,2784.86089257841,VIP
16157.0,790.723675952381,High Value
16159.0,339.7831899055103,Medium Value
16160.0,1428.446936666667,High Value
16161.0,5512.4127846825395,VIP
16162.0,47.6953830952381,Low Value
16163.0,831.0375152380955,High Value
16164.0,720.111662273259,High Value
16168.0,4350.812203030305,VIP
16169.0,1858.11265994228,VIP
16170.0,1923.975430460096,VIP
16171.0,89.28663627755432,Low Value
16172.0,1119.704867222222,High Value
16173.0,1398.8857103938549,High Value
16174.0,1264.62578469697,High Value
16175.0,1057.2087109280023,High Value
16177.0,311.8778196240661,Medium Value
16178.0,192.22916959336555,Low Value
16179.0,217.42533476670204,Low Value
16180.0,9516.644389833335,VIP
16181.0,291.7700187246691,Low Value
16182.0,5700.251052658729,VIP
16183.0,310.32002889778033,Low Value
16184.0,1235.7082779626096,High Value
16185.0,541.9834883981414,Medium Value
16186.0,4078.7468290187594,VIP
16187.0,7056.086654722222,VIP
16188.0,1011.6776636219344,High Value
16189.0,255.68062851190479,Low Value
16190.0,272.49519591741574,Low Value
16191.0,5323.134189716116,VIP
16193.0,331.27007911051396,Medium Value
16198.0,385.35563330409366,Medium Value
16200.0,971.0935864243188,High Value
16201.0,1779.5326384740263,VIP
16202.0,377.5439304957851,Medium Value
16203.0,569.8164351390637,Medium Value
16204.0,377.01443827726223,Medium Value
16205.0,823.3683758268693,High Value
16206.0,512.0770227821281,Medium Value
16207.0,386.47055412182664,Medium Value
16208.0,643.365613205494,Medium Value
16209.0,1206.4293079040406,High Value
16210.0,8339.388973455989,VIP
16211.0,458.02597143994325,Medium Value
16212.0,655.3235821031744,Medium Value
16213.0,151.63342652842894,Low Value
16214.0,1044.3714000618538,High Value
16215.0,252.56498080143854,Low Value
16216.0,897.7771256349204,High Value
16217.0,289.62527790114854,Low Value
16218.0,2967.250391428571,VIP
16221.0,876.1279375974029,High Value
16222.0,733.9981218766466,High Value
16224.0,1388.7986124891772,High Value
16225.0,856.220759214286,High Value
16226.0,269.98726807308975,Low Value
16227.0,235.38639227495355,Low Value
16229.0,876.0020340443625,High Value
16230.0,538.9663100994468,Medium Value
16232.0,990.1394530440643,High Value
16233.0,422.59357844554563,Medium Value
16235.0,859.5307173809528,High Value
16236.0,398.3851450280592,Medium Value
16239.0,401.4752711454487,Medium Value
16240.0,3746.942190595237,VIP
16241.0,2512.674459137945,VIP
16242.0,3312.6975334523804,VIP
16243.0,404.82572488095224,Medium Value
16244.0,1501.109733231279,High Value
16245.0,1415.9361564997507,High Value
16247.0,167.26923388608472,Low Value
16248.0,134.99403220622835,Low Value
16249.0,1855.3182459391535,VIP
16250.0,396.0723340529279,Medium Value
16253.0,3959.6670857467525,VIP
16255.0,2818.3818459271274,VIP
16256.0,809.96880015318,High Value
16257.0,82.30514166666673,Low Value
16258.0,5062.146479087302,VIP
16260.0,1050.6232087698413,High Value
16261.0,738.6129551770663,High Value
16265.0,5385.916887182538,VIP
16266.0,895.8873011933053,High Value
16268.0,790.1311255952384,High Value
16270.0,1236.8646683524807,High Value
16271.0,1300.314386132756,High Value
16272.0,356.3475190713767,Medium Value
16274.0,389.87865316205534,Medium Value
16275.0,523.4643450577202,Medium Value
16276.0,725.4148603174602,High Value
16278.0,548.9741234126984,Medium Value
16279.0,1499.0126719143361,High Value
16281.0,1802.9016873845594,VIP
16282.0,193.92619122672917,Low Value
16283.0,1622.316783661616,High Value
16284.0,771.7106793466245,High Value
16287.0,259.1311874735449,Low Value
16292.0,306.9010949173883,Low Value
16293.0,2265.031349652015,VIP
16295.0,1471.061558304473,High Value
16297.0,311.5259601684749,Medium Value
16298.0,606.9887258490121,Medium Value
16302.0,238.49073841130058,Low Value
16303.0,4928.199649285713,VIP
16305.0,350.0962420938073,Medium Value
16306.0,668.0020558730159,Medium Value
16308.0,3018.2645191450224,VIP
16309.0,699.1050766391237,High Value
16311.0,621.1716824835707,Medium Value
16313.0,280.13745422447914,Low Value
16315.0,230.83792376859492,Low Value
16316.0,3025.7468532655125,VIP
16317.0,1375.5604420930458,High Value
16318.0,327.10352620218526,Medium Value
16319.0,338.84184838744585,Medium Value
16320.0,1119.3483547428962,High Value
16321.0,355.94791126112386,Medium Value
16322.0,334.55725435897443,Medium Value
16323.0,207.95965029189966,Low Value
16324.0,426.8150002702268,Medium Value
16325.0,574.3311424711403,Medium Value
16326.0,2739.5347461904753,VIP
16327.0,3814.858709107142,VIP
16330.0,282.5308346503903,Low Value
16332.0,1526.3217706362636,High Value
16333.0,13284.54362210472,VIP
16337.0,175.8600466619534,Low Value
16338.0,214.1002736803568,Low Value
16339.0,111.28817799121025,Low Value
16340.0,553.0508566666667,Medium Value
16341.0,1791.6631159523804,VIP
16342.0,357.7554541810967,Medium Value
16343.0,377.3072459602374,Medium Value
16344.0,105.63343417267501,Low Value
16345.0,596.6343655049881,Medium Value
16347.0,791.5428438367525,High Value
16348.0,1499.2671203686596,High Value
16349.0,52.3216981060606,Low Value
16350.0,1114.0548367191107,High Value
16351.0,151.47533465186567,Low Value
16352.0,467.88394262964505,Medium Value
16353.0,5972.685860436506,VIP
16354.0,374.38008399029684,Medium Value
16356.0,198.0692747361837,Low Value
16357.0,659.0740647496948,Medium Value
16358.0,1671.3145523412697,VIP
16359.0,2508.113602301588,VIP
16360.0,3371.036814321789,VIP
16361.0,887.3546740698688,High Value
16362.0,708.4457845634919,High Value
16363.0,113.73069551276201,Low Value
16364.0,677.6095314239267,High Value
16365.0,1673.1621072943717,VIP
16366.0,379.8337323146056,Medium Value
16367.0,851.2462528599182,High Value
16368.0,469.9126934229335,Medium Value
16369.0,1509.3677491393328,High Value
16370.0,1290.8605748556997,High Value
16372.0,324.89365915801807,Medium Value
16374.0,458.18806572896057,Medium Value
16376.0,1141.3726911760464,High Value
16377.0,649.9523931746031,Medium Value
16378.0,368.76131877584675,Medium Value
16379.0,2056.678032943724,VIP
16380.0,1771.626588571429,VIP
16383.0,629.8288052169695,Medium Value
16384.0,575.619709860592,Medium Value
16385.0,507.1632747979797,Medium Value
16386.0,315.45063058342976,Medium Value
16387.0,105.75486160691777,Low Value
16389.0,1832.6084061904764,VIP
16392.0,291.4672386806224,Low Value
16393.0,2539.972736616161,VIP
16394.0,1569.1961436291479,High Value
16395.0,1700.9581263028645,VIP
16398.0,1721.4167870541546,VIP
16399.0,442.1118136358038,Medium Value
16400.0,319.485359771118,Medium Value
16401.0,3521.526601060606,VIP
16402.0,293.29944100233627,Low Value
16403.0,171.21600927200583,Low Value
16404.0,424.8945855562722,Medium Value
16405.0,242.69969610339282,Low Value
16406.0,162.50104805298454,Low Value
16407.0,2161.976380254205,VIP
16409.0,2045.1437096536806,VIP
16411.0,222.75769881261724,Low Value
16412.0,123.91519346064453,Low Value
16413.0,273.85892452803114,Low Value
16414.0,141.52506736685828,Low Value
16415.0,238.05604604315525,Low Value
16416.0,1082.9936826770454,High Value
16418.0,701.8554513875629,High Value
16419.0,976.1001017163094,High Value
16422.0,16488.518189999937,VIP
16423.0,338.3631604752029,Medium Value
16424.0,156.94758967311472,Low Value
16425.0,324.40692307414815,Medium Value
16426.0,1888.9724105844152,VIP
16427.0,232.84267208180708,Low Value
16429.0,202.59212440476193,Low Value
16430.0,323.93981473266496,Medium Value
16431.0,639.4530018586651,Medium Value
16432.0,393.77276873949575,Medium Value
16433.0,163.8277339405208,Low Value
16434.0,1535.4047923609887,High Value
16438.0,767.6876003571432,High Value
16440.0,3334.9975633189024,VIP
16441.0,359.32896340977493,Medium Value
16442.0,669.8553668422305,Medium Value
16444.0,691.8484612641295,High Value
16445.0,245.51072249959682,Low Value
16446.0,11.217029999999996,Low Value
16447.0,347.7504253788318,Medium Value
16448.0,175.71678476712026,Low Value
16449.0,739.539683701313,High Value
16450.0,282.4566045454545,Low Value
16451.0,255.10390153767406,Low Value
16454.0,14.272411904761903,Low Value
16455.0,1684.1326164454167,VIP
16456.0,1893.0268626442987,VIP
16457.0,229.11282588040376,Low Value
16458.0,3434.6360589682527,VIP
16460.0,872.8901374603178,High Value
16461.0,152.28553147228763,Low Value
16462.0,176.47741228118286,Low Value
16463.0,1450.0946822008552,High Value
16464.0,1445.7543595797224,High Value
16466.0,1565.59982721635,High Value
16468.0,96.8112364326755,Low Value
16469.0,639.5609258188052,Medium Value
16470.0,835.6109502777778,High Value
16471.0,221.23445872877883,Low Value
16473.0,345.76755209249086,Medium Value
16474.0,1627.5487231978311,High Value
16475.0,626.812004636875,Medium Value
16477.0,2412.45871850469,VIP
16478.0,380.1376663433707,Medium Value
16479.0,263.6402193822753,Low Value
16480.0,798.6015211760464,High Value
16482.0,343.0069246681097,Medium Value
16483.0,149.83805429711,Low Value
16484.0,409.9209389715035,Medium Value
16485.0,438.22667420769636,Medium Value
16488.0,1109.0935462698417,High Value
16491.0,697.5843399037509,High Value
16493.0,1340.0777465875792,High Value
16494.0,734.9453433411178,High Value
16495.0,686.6707539286085,High Value
16496.0,1679.7850213675213,VIP
16497.0,2907.590413823763,VIP
16498.0,103.93893871748293,Low Value
16499.0,366.52853661887553,Medium Value
16500.0,582.9221868831169,Medium Value
16503.0,1381.896121812388,High Value
16504.0,448.6539705916306,Medium Value
16505.0,696.972425873016,High Value
16506.0,87.83313961652146,Low Value
16509.0,329.39167531024526,Medium Value
16510.0,253.15009112759958,Low Value
16511.0,886.063883309972,High Value
16513.0,819.2419333007933,High Value
16515.0,1567.3219273310233,High Value
16516.0,105.47693492359247,Low Value
16517.0,185.83061508798454,Low Value
16518.0,485.49129912727875,Medium Value
16519.0,221.21258798397594,Low Value
16520.0,1014.7162402935078,High Value
16523.0,8971.11949535714,VIP
16525.0,13634.349727119046,VIP
16526.0,306.5810673284157,Low Value
16527.0,233.55309825613492,Low Value
16528.0,265.0382352577238,Low Value
16529.0,430.7668512939877,Medium Value
16531.0,1279.0095021699701,High Value
16532.0,404.9049391630592,Medium Value
16533.0,1105.8929714291266,High Value
16535.0,604.615843666443,Medium Value
16536.0,581.487115179498,Medium Value
16539.0,1314.9788628751803,High Value
16542.0,117.52938491590616,Low Value
16545.0,290.23613607786365,Low Value
16546.0,767.1794823201946,High Value
16549.0,3902.5721371157997,VIP
16550.0,2372.8599364466104,VIP
16551.0,1073.2655995093792,High Value
16552.0,433.3421241285029,Medium Value
16553.0,6097.361826655844,VIP
16554.0,855.8280773936276,High Value
16555.0,294.73776979793433,Low Value
16556.0,3395.9273475396826,VIP
16557.0,317.24335617063497,Medium Value
16558.0,10093.935222759737,VIP
16560.0,883.5436709884558,High Value
16561.0,506.8321744698719,Medium Value
16563.0,1061.3579611904759,High Value
16565.0,197.24026410411952,Low Value
16566.0,675.7337949471723,Medium Value
16567.0,1054.7426460894662,High Value
16569.0,151.37548904784657,Low Value
16570.0,3866.1219473015885,VIP
16571.0,1487.2603273412697,High Value
16572.0,1039.9026761336304,High Value
16573.0,688.316192414587,High Value
16574.0,458.2779247619048,Medium Value
16581.0,109.29320995686679,Low Value
16582.0,284.94647207792207,Low Value
16583.0,223.82008458284523,Low Value
16584.0,998.604726580087,High Value
16586.0,401.48471850649383,Medium Value
16587.0,235.61802005040465,Low Value
16589.0,488.2756031301739,Medium Value
16591.0,181.90820300090184,Low Value
16592.0,4350.361435079364,VIP
16593.0,409.9478521782106,Medium Value
16594.0,173.18734688263393,Low Value
16595.0,361.77950905452315,Medium Value
16596.0,246.09837264984705,Low Value
16597.0,155.92188119047617,Low Value
16598.0,140.31121904244864,Low Value
16600.0,1162.641987380952,High Value
16601.0,274.7296834785056,Low Value
16602.0,499.6551820464013,Medium Value
16603.0,520.1790058091351,Medium Value
16607.0,4900.1095523015865,VIP
16609.0,4977.195495873017,VIP
16610.0,84.59186464285716,Low Value
16611.0,135.61834875788867,Low Value
16612.0,1098.4467444489821,High Value
16613.0,600.690175146877,Medium Value
16614.0,515.8309132666006,Medium Value
16616.0,551.1411397363868,Medium Value
16617.0,171.46116312549563,Low Value
16618.0,2409.5006494794375,VIP
16619.0,233.9177312996747,Low Value
16620.0,220.99707093769396,Low Value
16621.0,797.9170658134698,High Value
16623.0,117.52009276513856,Low Value
16624.0,820.514155324568,High Value
16625.0,311.1827207524058,Low Value
16626.0,5634.094719761904,VIP
16627.0,346.94642978923616,Medium Value
16628.0,1845.3118129148622,VIP
16629.0,569.2450674836277,Medium Value
16633.0,2876.2699350596627,VIP
16634.0,248.82506978844077,Low Value
16637.0,1228.0415090916028,High Value
16638.0,2019.1342829761923,VIP
16639.0,1172.234000193458,High Value
16641.0,264.35697071496395,Low Value
16642.0,715.9542040739814,High Value
16643.0,497.6547387430114,Medium Value
16644.0,824.1816452164505,High Value
16647.0,243.83590983625822,Low Value
16648.0,278.67465935407074,Low Value
16650.0,522.1077565645586,Medium Value
16652.0,6825.8310406746,VIP
16653.0,1271.3599867676771,High Value
16654.0,629.7562656014661,Medium Value
16655.0,3785.6805021194077,VIP
16656.0,11552.773275518177,VIP
16657.0,1085.2362198015876,High Value
16658.0,108.22012872065704,Low Value
16659.0,57.20684753968254,Low Value
16660.0,1146.1946094841273,High Value
16665.0,146.0339450982517,Low Value
16666.0,146.84818928571417,Low Value
16667.0,561.6544500301933,Medium Value
16668.0,326.0135020748842,Medium Value
16669.0,1457.0622899439913,High Value
16670.0,4230.216549583334,VIP
16671.0,1634.1697800396826,High Value
16672.0,7890.601279563494,VIP
16674.0,304.0480173611111,Low Value
16676.0,1575.8046452964525,High Value
16678.0,3171.233430595237,VIP
16679.0,120.57867388267523,Low Value
16680.0,188.80186451620716,Low Value
16681.0,1818.2180426984132,VIP
16682.0,1185.0398432142856,High Value
16684.0,16376.578893999935,VIP
16685.0,410.68336059414037,Medium Value
16686.0,3195.680638498168,VIP
16688.0,1313.5173021223218,High Value
16689.0,480.0510052272728,Medium Value
16690.0,240.85430667293224,Low Value
16692.0,235.34433099206345,Low Value
16693.0,515.6818027424238,Medium Value
16696.0,535.3163260714289,Medium Value
16697.0,113.0452681261732,Low Value
16698.0,1666.135574105339,VIP
16700.0,5051.030335079366,VIP
16701.0,6961.221084896827,VIP
16705.0,12886.263985016167,VIP
16706.0,513.9605918675524,Medium Value
16708.0,637.0448439116034,Medium Value
16709.0,2332.4201445144727,VIP
16710.0,2897.657487721999,VIP
16711.0,1711.2950220327816,VIP
16712.0,3461.5419579365075,VIP
16713.0,7121.995553560606,VIP
16714.0,1220.8606895588077,High Value
16715.0,407.49125249639246,Medium Value
16716.0,801.19366234127,High Value
16717.0,3770.971190003054,VIP
16718.0,575.8187696461171,Medium Value
16719.0,2713.6388086255424,VIP
16720.0,196.23178327731677,Low Value
16721.0,261.01411114649846,Low Value
16722.0,4147.066970573593,VIP
16723.0,819.5735943650792,High Value
16725.0,779.9261695103428,High Value
16726.0,1434.7706483823692,High Value
16727.0,245.24580506230836,Low Value
16728.0,1028.4775217424246,High Value
16729.0,7579.337843817464,VIP
16730.0,802.7372579365084,High Value
16732.0,609.5881209675863,Medium Value
16734.0,690.4842932285834,High Value
16735.0,2341.149894752887,VIP
16737.0,401.6678132205294,Medium Value
16738.0,12.635453571428563,Low Value
16739.0,334.1104500483193,Medium Value
16742.0,594.8279476839828,Medium Value
16743.0,2104.9720078174614,VIP
16744.0,1350.6653978667828,High Value
16745.0,7520.0562157380955,VIP
16746.0,6903.862166190477,VIP
16747.0,838.3583493262295,High Value
16748.0,1197.6793512121212,High Value
16750.0,612.0612673104117,Medium Value
16751.0,881.0684592857148,High Value
16752.0,233.59145793956046,Low Value
16753.0,246.31923384616348,Low Value
16754.0,1510.167926547619,High Value
16755.0,1654.0985118528688,VIP
16756.0,248.8296429946677,Low Value
16757.0,105.35095993939395,Low Value
16758.0,381.64084677309415,Medium Value
16759.0,862.2781907075733,High Value
16761.0,303.5270608802308,Low Value
16762.0,1350.913043965561,High Value
16763.0,577.2405106752458,Medium Value
16764.0,1931.922712916667,VIP
16765.0,40.541180284992805,Low Value
16766.0,924.386047102897,High Value
16767.0,4233.868377976189,VIP
16768.0,566.266195625513,Medium Value
16769.0,326.262653380306,Medium Value
16770.0,792.0203896031749,High Value
16771.0,2453.4677227056277,VIP
16773.0,279.0230593654396,Low Value
16774.0,607.2835481546051,Medium Value
16775.0,1696.911251168831,VIP
16776.0,380.63891887072924,Medium Value
16777.0,198.57964038995982,Low Value
16778.0,294.0850646786869,Low Value
16779.0,9846.040165775612,VIP
16780.0,449.37402154068167,Medium Value
16781.0,331.7470336551734,Medium Value
16782.0,2135.4198900901865,VIP
16784.0,107.8600963920815,Low Value
16788.0,574.7553256627914,Medium Value
16789.0,77.40849261556922,Low Value
16790.0,1533.4808483170023,High Value
16791.0,1524.1538052686208,High Value
16792.0,126.9485962042341,Low Value
16793.0,252.12785221313877,Low Value
16794.0,1206.260625598846,High Value
16795.0,391.49107890562533,Medium Value
16796.0,286.40706622831414,Low Value
16800.0,1200.3579948635515,High Value
16801.0,1340.9615213387633,High Value
16803.0,326.0434535889006,Medium Value
16804.0,554.5479404428456,Medium Value
16805.0,551.802313599456,Medium Value
16806.0,784.8818280137513,High Value
16807.0,1154.1484658824506,High Value
16808.0,331.6219951390913,Medium Value
16809.0,874.8397921031747,High Value
16810.0,295.3111708123727,Low Value
16811.0,572.6225194749135,Medium Value
16812.0,426.88370619047623,Medium Value
16813.0,1968.7245053066365,VIP
16814.0,6720.190828214284,VIP
16816.0,435.276784806256,Medium Value
16817.0,1693.5594913924965,VIP
16818.0,3384.020809404761,VIP
16820.0,560.0221007966875,Medium Value
16823.0,279.96258664685666,Low Value
16824.0,454.314971242497,Medium Value
16825.0,894.1578913492064,High Value
16826.0,345.7079724237916,Medium Value
16828.0,146.21116059272913,Low Value
16829.0,197.7239610617432,Low Value
16830.0,338.9653557684694,Medium Value
16832.0,187.2727739167893,Low Value
16833.0,1030.4457578304093,High Value
16834.0,405.3343831024532,Medium Value
16835.0,183.44461883659088,Low Value
16836.0,260.45151047619066,Low Value
16837.0,3437.6443653095234,VIP
16838.0,558.3055129960318,Medium Value
16839.0,15022.3519896118,VIP
16841.0,1856.773411984127,VIP
16842.0,1233.8980648834504,High Value
16843.0,10599.052505970561,VIP
16846.0,207.422826664989,Low Value
16847.0,190.19063594052426,Low Value
16848.0,267.25286825414776,Low Value
16849.0,128.78522062288926,Low Value
16850.0,331.0012433470641,Medium Value
16851.0,354.74134583048186,Medium Value
16852.0,175.40654624604718,Low Value
16855.0,333.8995120121397,Medium Value
16856.0,32.07338091991342,Low Value
16858.0,369.3643789149479,Medium Value
16859.0,1038.8177608369406,High Value
16861.0,187.95325532163744,Low Value
16863.0,544.7614263484882,Medium Value
16866.0,185.43974299485043,Low Value
16869.0,860.487226699885,High Value
16871.0,2641.689895056637,VIP
16872.0,1780.695522817461,VIP
16873.0,8255.763748134921,VIP
16875.0,2197.959434110334,VIP
16877.0,863.4039107936509,High Value
16878.0,19.619028145743137,Low Value
16880.0,1705.597920263348,VIP
16881.0,435.92706349206355,Medium Value
16882.0,729.1833016491411,High Value
16883.0,276.0890020158808,Low Value
16884.0,437.3914585306985,Medium Value
16885.0,452.29624009573774,Medium Value
16887.0,199.8543566139102,Low Value
16889.0,1630.3287169305697,High Value
16891.0,768.2295848412697,High Value
16892.0,530.735522724914,Medium Value
16893.0,147.0647546186213,Low Value
16895.0,196.86009061336284,Low Value
16897.0,277.8325802191708,Low Value
16898.0,649.345852986919,Medium Value
16899.0,1270.8581417676774,High Value
16900.0,1140.3425428781516,High Value
16902.0,1585.6960379120878,High Value
16903.0,389.63038449422316,Medium Value
16904.0,3751.006125,VIP
16905.0,2916.977530452381,VIP
16906.0,651.8608076848932,Medium Value
16907.0,877.3710992307692,High Value
16909.0,511.4923468253968,Medium Value
16910.0,1503.404546457905,High Value
16912.0,2583.8064769752473,VIP
16913.0,128.27219597544388,Low Value
16914.0,227.99518101462155,Low Value
16915.0,520.4805503066382,Medium Value
16916.0,611.0703201263024,Medium Value
16917.0,488.1864921626986,Medium Value
16918.0,1113.100826345599,High Value
16919.0,2579.6979694932857,VIP
16921.0,204.72680646369903,Low Value
16923.0,7299.750920238097,VIP
16924.0,837.2402819349986,High Value
16926.0,188.10560022461118,Low Value
16927.0,1262.7589305952383,High Value
16928.0,3615.8547962698417,VIP
16929.0,1325.1091085816142,High Value
16930.0,384.35124419164174,Medium Value
16931.0,4610.504488849207,VIP
16932.0,163.3435122866853,Low Value
16933.0,549.2005123340286,Medium Value
16934.0,908.72686759528,High Value
16936.0,227.9767057242769,Low Value
16938.0,3520.032560039682,VIP
16940.0,3183.647661096679,VIP
16942.0,1738.5045265079368,VIP
16943.0,655.4308478888889,Medium Value
16945.0,4510.029125873017,VIP
16947.0,431.5376293657406,Medium Value
16948.0,1120.0530247619047,High Value
16949.0,2054.3219354761904,VIP
16950.0,1162.5681198102138,High Value
16951.0,1236.8232700396834,High Value
16952.0,228.43894348568094,Low Value
16953.0,23.33058501082251,Low Value
16954.0,2184.0214161843705,VIP
16955.0,549.0680856022632,Medium Value
16956.0,323.2082276371381,Medium Value
16957.0,376.3859724833842,Medium Value
16959.0,120.90830923498632,Low Value
16960.0,481.4280540922383,Medium Value
16961.0,234.71620580801482,Low Value
16963.0,108.65419108171531,Low Value
16965.0,296.3133285512391,Low Value
16966.0,2133.8257189713077,VIP
16967.0,298.0528517532467,Low Value
16968.0,471.9380172515263,Medium Value
16969.0,796.1382923953823,High Value
16971.0,331.1258286904761,Medium Value
16976.0,329.2174962698412,Medium Value
16978.0,354.3519072304127,Medium Value
16979.0,1816.7003076058206,VIP
16980.0,1021.3115348655566,High Value
16982.0,281.7256142526191,Low Value
16983.0,2145.731558851009,VIP
16984.0,4511.476610714286,VIP
16985.0,5134.020197619048,VIP
16986.0,83.37366073787321,Low Value
16987.0,1460.7498398475352,High Value
16988.0,153.4154720325824,Low Value
16989.0,1252.3348725793655,High Value
16990.0,171.61324842324353,Low Value
16992.0,1736.8777720899466,VIP
16996.0,1134.0363551984133,High Value
16997.0,623.8306433044731,Medium Value
16998.0,266.3349045337495,Low Value
16999.0,505.2050353408308,Medium Value
17001.0,4097.283181944445,VIP
17002.0,1416.837728928571,High Value
17004.0,1460.454697790404,High Value
17006.0,725.2196267423225,High Value
17007.0,1002.6559647638933,High Value
17010.0,221.031194334392,Low Value
17011.0,276.4177696247788,Low Value
17014.0,526.7432989827017,Medium Value
17015.0,1758.5899809920625,VIP
17017.0,6350.872651984127,VIP
17018.0,926.8996433333335,High Value
17019.0,1208.9529250036076,High Value
17022.0,80.68296206349206,Low Value
17024.0,102.14340797619046,Low Value
17025.0,360.91885511968337,Medium Value
17026.0,216.47447924362675,Low Value
17027.0,898.255352730159,High Value
17029.0,704.5120447619048,High Value
17030.0,164.09093501333462,Low Value
17031.0,367.3219465134636,Medium Value
17033.0,1143.2385050396827,High Value
17034.0,878.6463365079363,High Value
17035.0,429.1613368981191,Medium Value
17037.0,1222.704016868687,High Value
17038.0,113.39932662589241,Low Value
17040.0,395.5139379300335,Medium Value
17041.0,1111.6185758333331,High Value
17042.0,1193.2892377777782,High Value
17043.0,1711.943103308859,VIP
17044.0,889.7263778119103,High Value
17045.0,338.76029121933624,Medium Value
17046.0,686.2444649841824,High Value
17047.0,1113.5369351892157,High Value
17048.0,903.6379444047618,High Value
17049.0,5427.51584515873,VIP
17050.0,2983.2435228848935,VIP
17051.0,244.1492382435938,Low Value
17052.0,384.4009789256743,Medium Value
17053.0,452.188491664502,Medium Value
17054.0,1557.0957008333335,High Value
17058.0,1117.8471698345825,High Value
17059.0,3041.794392355699,VIP
17060.0,279.97582430742546,Low Value
17061.0,4269.246223452381,VIP
17062.0,723.0131995271397,High Value
17063.0,1466.2437784004435,High Value
17064.0,795.0319638437118,High Value
17068.0,4431.730469880953,VIP
17069.0,2717.494422182539,VIP
17070.0,263.06526187544796,Low Value
17071.0,2460.484267644023,VIP
17073.0,1471.9832307422403,High Value
17075.0,821.8577465848404,High Value
17076.0,792.9782975721499,High Value
17078.0,400.7977799567101,Medium Value
17079.0,109.79697597732144,Low Value
17080.0,321.0154035714286,Medium Value
17081.0,257.01794255909937,Low Value
17082.0,2138.466635321069,VIP
17083.0,1242.9571912698414,High Value
17084.0,2874.9721214826836,VIP
17085.0,1530.0474210235234,High Value
17086.0,2133.8231186507946,VIP
17088.0,1914.5614038888898,VIP
17090.0,1961.781394292928,VIP
17091.0,3752.0917242063506,VIP
17092.0,1609.604438792042,High Value
17094.0,268.81871896727574,Low Value
17095.0,1346.927047207491,High Value
17096.0,988.2962865656568,High Value
17097.0,979.0576127896829,High Value
17100.0,955.0206685364641,High Value
17101.0,1545.6473096031746,High Value
17102.0,33.460914682539695,Low Value
17105.0,737.0693895536635,High Value
17107.0,10243.845497020202,VIP
17109.0,958.0497845634918,High Value
17110.0,164.84529953356426,Low Value
17111.0,303.233309562297,Low Value
17114.0,756.6197263736263,High Value
17115.0,874.8227921608946,High Value
17117.0,139.55313823227002,Low Value
17118.0,162.66350728354976,Low Value
17119.0,604.5872045931492,Medium Value
17120.0,316.35580235191526,Medium Value
17122.0,138.47816019185376,Low Value
17123.0,332.6944948842406,Medium Value
17124.0,283.6014401081828,Low Value
17125.0,453.57276304532706,Medium Value
17126.0,1067.9307939971143,High Value
17128.0,191.12708203511423,Low Value
17131.0,2002.5595336507943,VIP
17133.0,4361.054726349207,VIP
17134.0,393.8395477669553,Medium Value
17135.0,1697.7953997979794,VIP
17138.0,373.7778726339722,Medium Value
17139.0,10277.082416984125,VIP
17140.0,462.38419010874793,Medium Value
17142.0,525.3285053968253,Medium Value
17144.0,1050.8623103924879,High Value
17146.0,736.1254491053389,High Value
17147.0,1696.1869308793111,VIP
17148.0,128.14756329739285,Low Value
17152.0,1425.085690332723,High Value
17153.0,222.67431799280516,Low Value
17154.0,351.806289285714,Medium Value
17155.0,281.8656870813397,Low Value
17157.0,310.34425276844075,Low Value
17158.0,1283.9539330749808,High Value
17159.0,1509.2955577602959,High Value
17160.0,3411.515477878788,VIP
17162.0,1885.0855252380948,VIP
17163.0,280.6185477976191,Low Value
17164.0,2445.22171114899,VIP
17165.0,180.0353710359419,Low Value
17166.0,212.54759488129366,Low Value
17169.0,833.769029699625,High Value
17171.0,240.00761730680867,Low Value
17172.0,334.7050237373737,Medium Value
17173.0,3408.378297612553,VIP
17174.0,69.38104619047621,Low Value
17175.0,1556.390982880545,High Value
17176.0,299.8617727104704,Low Value
17179.0,592.1329121338384,Medium Value
17180.0,954.0155230020123,High Value
17181.0,306.4583659126984,Low Value
17183.0,3170.6760555952374,VIP
17186.0,161.51651805194805,Low Value
17187.0,223.7721691666666,Low Value
17188.0,2367.5171203643577,VIP
17189.0,390.4909840986756,Medium Value
17190.0,473.5793221428571,Medium Value
17191.0,2027.6661878571426,VIP
17193.0,1713.4865578174606,VIP
17194.0,276.594278455755,Low Value
17197.0,823.6385656349208,High Value
17198.0,716.4626504007105,High Value
17201.0,342.6883957354971,Medium Value
17203.0,3548.407746489899,VIP
17204.0,1496.195163997947,High Value
17205.0,445.4749919047618,Medium Value
17206.0,177.89323074185347,Low Value
17211.0,2420.761960866372,VIP
17212.0,203.82040101370842,Low Value
17213.0,2794.570609772728,VIP
17214.0,973.6426399206347,High Value
17217.0,101.2613718299801,Low Value
17218.0,1905.0249787057387,VIP
17219.0,135.6006088782016,Low Value
17220.0,3174.432049880951,VIP
17221.0,395.6867018700157,Medium Value
17222.0,298.1698058628998,Low Value
17223.0,402.9967234898408,Medium Value
17226.0,553.9873738298244,Medium Value
17227.0,841.8296257106782,High Value
17228.0,1894.2184326082238,VIP
17229.0,287.30219799340506,Low Value
17230.0,3746.09117234127,VIP
17231.0,3075.2389296428564,VIP
17232.0,400.14051341625316,Medium Value
17233.0,210.1832236795492,Low Value
17234.0,147.53669788484007,Low Value
17235.0,502.1049522547973,Medium Value
17236.0,926.7892893174607,High Value
17237.0,300.4242261288944,Low Value
17238.0,3219.7866581746034,VIP
17239.0,356.9709502142073,Medium Value
17242.0,830.7774110671521,High Value
17243.0,8419.698069177492,VIP
17244.0,779.3493569102125,High Value
17245.0,160.05021529077163,Low Value
17247.0,270.55591109182376,Low Value
17248.0,329.9277960701433,Medium Value
17250.0,364.83044623963457,Medium Value
17251.0,273.44308693771507,Low Value
17252.0,365.79893489126175,Medium Value
17253.0,189.07186641624116,Low Value
17254.0,262.9759944841269,Low Value
17255.0,334.2764794528081,Medium Value
17256.0,257.5621971326587,Low Value
17259.0,610.0160058056232,Medium Value
17262.0,1188.2781018362198,High Value
17263.0,66.78255147907649,Low Value
17265.0,575.4356288720843,Medium Value
17266.0,306.92834589842585,Low Value
17267.0,365.38591791978877,Medium Value
17268.0,756.0032188888889,High Value
17272.0,2033.9344131349217,VIP
17274.0,118.87596699499414,Low Value
17277.0,1002.0173141202181,High Value
17278.0,299.0144990415142,Low Value
17279.0,220.14130205556506,Low Value
17282.0,1901.6924460714297,VIP
17284.0,1744.0462980952382,VIP
17286.0,162.41704554858282,Low Value
17287.0,1139.6648207756132,High Value
17288.0,1938.787085842681,VIP
17289.0,856.470729949261,High Value
17290.0,568.2946900268779,Medium Value
17291.0,548.1053038827841,Medium Value
17293.0,1917.5120165561334,VIP
17295.0,575.5329735485185,Medium Value
17297.0,132.5006046305585,Low Value
17298.0,533.5654493452381,Medium Value
17299.0,708.8620867466014,High Value
17301.0,199.88320837496585,Low Value
17302.0,1136.1248313708518,High Value
17303.0,281.40206908793823,Low Value
17306.0,15562.041879095186,VIP
17309.0,97.28791769525986,Low Value
17311.0,1437.7298070310248,High Value
17312.0,643.9139436904759,Medium Value
17313.0,1803.4311504761904,VIP
17314.0,2632.739280595238,VIP
17315.0,6121.193959523808,VIP
17317.0,2298.5594158766235,VIP
17320.0,1247.2920004945631,High Value
17321.0,625.5931190180657,Medium Value
17323.0,882.475439325397,High Value
17324.0,1109.0232605158726,High Value
17325.0,99.26776249819625,Low Value
17329.0,484.80705340359464,Medium Value
17330.0,464.8762988492064,Medium Value
17331.0,180.1732798545606,Low Value
17333.0,487.3265420418471,Medium Value
17334.0,335.11670687229423,Medium Value
17337.0,1919.686219642857,VIP
17338.0,5923.26583501443,VIP
17339.0,325.7416196484169,Medium Value
17340.0,11775.594237079367,VIP
17341.0,762.2584166183665,High Value
17343.0,176.45563575960492,Low Value
17344.0,165.37293141732235,Low Value
17345.0,612.5102318130579,Medium Value
17346.0,2839.2371914341215,VIP
17347.0,218.07242490842492,Low Value
17348.0,1391.0785788028634,High Value
17349.0,127.59334039682538,Low Value
17350.0,1231.2501373446003,High Value
17351.0,538.7391445992064,Medium Value
17353.0,1592.7997913492063,High Value
17354.0,1223.3597357967028,High Value
17356.0,163.75127033846874,Low Value
17357.0,374.1517318578246,Medium Value
17358.0,369.3831516671694,Medium Value
17359.0,152.16606026076187,Low Value
17360.0,621.3563146130077,Medium Value
17361.0,480.4780558038286,Medium Value
17362.0,345.1513556587397,Medium Value
17364.0,4453.5139978968255,VIP
17365.0,5399.983495266957,VIP
17367.0,185.9385446139079,Low Value
17368.0,2164.515050239899,VIP
17370.0,504.1957844444443,Medium Value
17371.0,406.4015057234433,Medium Value
17372.0,1275.6872641075595,High Value
17373.0,641.3491528192484,Medium Value
17374.0,418.19959763347754,Medium Value
17375.0,538.3018552098188,Medium Value
17376.0,230.07939241266183,Low Value
17377.0,4237.048568214286,VIP
17379.0,495.9789442424241,Medium Value
17381.0,15716.461894933274,VIP
17382.0,91.66675690443414,Low Value
17383.0,195.7770978217246,Low Value
17384.0,293.7894673764588,Low Value
17385.0,272.72679325662637,Low Value
17386.0,2489.4408295238095,VIP
17387.0,768.1530993890754,High Value
17388.0,2058.4080377344876,VIP
17389.0,15386.655534074565,VIP
17391.0,395.8397459523809,Medium Value
17392.0,654.3664594708792,Medium Value
17394.0,395.20065083333327,Medium Value
17396.0,4680.669137738096,VIP
17397.0,622.3712105142307,Medium Value
17398.0,679.0959283848669,High Value
17400.0,2143.533420394328,VIP
17402.0,2655.188161803751,VIP
17403.0,270.12571357422695,Low Value
17404.0,16123.635880161843,VIP
17405.0,1149.3334555844156,High Value
17406.0,2169.1574090873014,VIP
17408.0,30.76002238095238,Low Value
17409.0,617.6232257142858,Medium Value
17410.0,1206.1569654716823,High Value
17411.0,778.6935532163013,High Value
17412.0,1298.9577956543462,High Value
17414.0,945.0781903571427,High Value
17415.0,519.7866439502162,Medium Value
17416.0,6393.572732528859,VIP
17418.0,501.20727283203263,Medium Value
17419.0,4321.296061984125,VIP
17420.0,593.201445696423,Medium Value
17422.0,2000.934193214286,VIP
17423.0,670.1320755405532,Medium Value
17425.0,739.7772847923006,High Value
17426.0,5095.013033831169,VIP
17427.0,108.35770080344417,Low Value
17428.0,16176.448801173688,VIP
17429.0,635.7825473321125,Medium Value
17430.0,286.9293852359731,Low Value
17431.0,358.7648671697727,Medium Value
17432.0,369.49968784626805,Medium Value
17433.0,284.1333496120123,Low Value
17434.0,2440.75147741342,VIP
17436.0,195.92425974792425,Low Value
17438.0,350.44664766366395,Medium Value
17440.0,204.4091049025974,Low Value
17442.0,2240.4444865458167,VIP
17443.0,471.95415888888886,Medium Value
17444.0,4170.924723015872,VIP
17446.0,134.96060900432897,Low Value
17447.0,536.286982742127,Medium Value
17449.0,2497.635414198768,VIP
17450.0,16491.240341333265,VIP
17451.0,1724.9480712554114,VIP
17453.0,460.9085430497201,Medium Value
17454.0,500.4964426190474,Medium Value
17455.0,139.11878373527514,Low Value
17456.0,255.38139143193763,Low Value
17457.0,1666.7169013750126,VIP
17458.0,283.04807771520785,Low Value
17459.0,701.4580741801335,High Value
17460.0,630.2297645905483,Medium Value
17461.0,1025.5817227760524,High Value
17462.0,637.9482088059161,Medium Value
17463.0,1875.0744754945063,VIP
17464.0,341.50268447510825,Medium Value
17466.0,781.002502610576,High Value
17468.0,137.20702351551233,Low Value
17469.0,1596.0868170404847,High Value
17470.0,1221.5570728751802,High Value
17472.0,711.3693682717802,High Value
17475.0,202.1186692517653,Low Value
17480.0,459.6176422016582,Medium Value
17481.0,1295.8499035711511,High Value
17483.0,413.27353944338086,Medium Value
17486.0,396.6006324233774,Medium Value
17489.0,370.6477874206347,Medium Value
17490.0,2041.1966248351641,VIP
17491.0,4353.820006111112,VIP
17492.0,367.08659368160596,Medium Value
17495.0,514.5529456705922,Medium Value
17496.0,266.38908253809666,Low Value
17498.0,380.66929132756127,Medium Value
17499.0,662.0343274242425,Medium Value
17500.0,705.8418722619048,High Value
17501.0,312.57467916952464,Medium Value
17502.0,714.8580261063493,High Value
17503.0,590.1148599655096,Medium Value
17504.0,3219.2000021544022,VIP
17505.0,958.83344752886,High Value
17506.0,314.89556529911965,Medium Value
17507.0,611.1505767891713,Medium Value
17508.0,363.42024629866506,Medium Value
17509.0,5902.469975674601,VIP
17510.0,318.6862427900185,Medium Value
17511.0,16523.81622239993,VIP
17512.0,3442.341148095239,VIP
17513.0,504.1237796825395,Medium Value
17514.0,209.11145499943785,Low Value
17515.0,630.3983555239024,Medium Value
17516.0,834.6004820497839,High Value
17517.0,162.23652922755227,Low Value
17519.0,1994.459690086581,VIP
17520.0,619.5063077499037,Medium Value
17521.0,747.5976352374527,High Value
17522.0,1181.6640698565325,High Value
17523.0,1271.6748602584914,High Value
17524.0,143.0651226001506,Low Value
17525.0,413.16446058913317,Medium Value
17526.0,1229.8782092460317,High Value
17527.0,928.9311018711841,High Value
17528.0,3710.679177178934,VIP
17530.0,2452.2121827634865,VIP
17531.0,296.8060682195794,Low Value
17534.0,218.11929446097986,Low Value
17535.0,147.98484077100358,Low Value
17536.0,70.61422108946611,Low Value
17537.0,1201.8989284307359,High Value
17538.0,108.34543134214817,Low Value
17540.0,550.1599171515913,Medium Value
17542.0,207.03591388755635,Low Value
17545.0,560.7796471750471,Medium Value
17548.0,105.58627585497838,Low Value
17549.0,234.1533185317461,Low Value
17550.0,248.71485555474675,Low Value
17551.0,293.88648955227717,Low Value
17552.0,966.1993809920635,High Value
17553.0,293.68134052128426,Low Value
17554.0,3039.4049707539684,VIP
17555.0,560.1443013054811,Medium Value
17556.0,171.99229936171105,Low Value
17557.0,563.5122933809556,Medium Value
17560.0,1078.79447969697,High Value
17561.0,187.65950606259258,Low Value
17562.0,1138.1529634956712,High Value
17564.0,376.86397603800174,Medium Value
17566.0,884.0972386973233,High Value
17567.0,4186.212644166666,VIP
17569.0,339.09968927944357,Medium Value
17571.0,1553.5301556339098,High Value
17572.0,227.06556939997418,Low Value
17573.0,425.94761394376246,Medium Value
17574.0,178.47703729844739,Low Value
17576.0,3979.2605947619036,VIP
17578.0,149.08885645382395,Low Value
17579.0,473.81366689627384,Medium Value
17580.0,192.47379383024756,Low Value
17581.0,11942.634191854839,VIP
17582.0,181.4305777599996,Low Value
17584.0,1185.7653488095243,High Value
17585.0,1397.076082301587,High Value
17588.0,1362.3548691450226,High Value
17589.0,2374.7620167857144,VIP
17590.0,1415.955983664037,High Value
17591.0,1995.7155699855698,VIP
17593.0,4370.969116547619,VIP
17594.0,897.4137122126731,High Value
17595.0,385.3718065722839,Medium Value
17596.0,5024.783266219337,VIP
17597.0,2156.9101410714284,VIP
17600.0,177.12852988095233,Low Value
17601.0,128.56237620429144,Low Value
17602.0,5074.770503690477,VIP
17603.0,344.48646043040293,Medium Value
17604.0,279.827411765888,Low Value
17608.0,180.12626032106775,Low Value
17609.0,1161.3608119264072,High Value
17611.0,4184.354809047618,VIP
17612.0,2200.2719033261183,VIP
17613.0,4516.197939920637,VIP
17614.0,380.5213612481073,Medium Value
17615.0,330.6805953203026,Medium Value
17616.0,522.8506948917744,Medium Value
17618.0,865.1708555158735,High Value
17619.0,174.90494422007865,Low Value
17620.0,100.83225742035744,Low Value
17621.0,1084.993003134921,High Value
17623.0,532.0067234745226,Medium Value
17624.0,859.4806510008347,High Value
17625.0,1966.7159477380953,VIP
17628.0,96.21821222703224,Low Value
17629.0,2001.892608928572,VIP
17630.0,522.7999749221611,Medium Value
17631.0,551.1865886915209,Medium Value
17633.0,1187.2556638936069,High Value
17634.0,2206.4207959920627,VIP
17636.0,269.33604230117766,Low Value
17637.0,558.2897939749664,Medium Value
17639.0,122.91980692642714,Low Value
17640.0,531.528973199023,Medium Value
17642.0,689.9139841416411,High Value
17643.0,126.84737856057731,Low Value
17644.0,3013.134794642856,VIP
17646.0,882.7812956993009,High Value
17647.0,130.90018151162352,Low Value
17648.0,1335.6555632142856,High Value
17649.0,846.9001562662336,High Value
17650.0,192.97219571576082,Low Value
17651.0,4044.396733333332,VIP
17652.0,4538.716209155845,VIP
17653.0,2053.8005895079355,VIP
17654.0,118.41479213720831,Low Value
17655.0,2664.8465426358116,VIP
17656.0,1858.0356571067823,VIP
17658.0,763.1312992604622,High Value
17659.0,3139.264185960317,VIP
17660.0,194.90425656379063,Low Value
17663.0,1846.7026550000003,VIP
17664.0,644.4004128900343,Medium Value
17666.0,756.4692448490547,High Value
17667.0,2190.423357882117,VIP
17668.0,338.3219863482572,Medium Value
17669.0,2952.615399880952,VIP
17670.0,229.95268056683483,Low Value
17671.0,1526.4067603144085,High Value
17672.0,3430.936974526862,VIP
17673.0,1695.2676940806414,VIP
17674.0,520.4978205086582,Medium Value
17675.0,15448.043894324486,VIP
17676.0,1393.7168644733038,High Value
17677.0,16103.065353789572,VIP
17678.0,308.7577006087885,Low Value
17679.0,1863.337621150794,VIP
17680.0,188.93794214428817,Low Value
17682.0,2304.326131185066,VIP
17684.0,291.28524943343933,Low Value
17685.0,2984.1461638095234,VIP
17686.0,4940.512434761908,VIP
17690.0,4849.336894577923,VIP
17691.0,289.70091719952666,Low Value
17692.0,753.6219438533834,High Value
17693.0,236.06573230115583,Low Value
17694.0,283.786788313492,Low Value
17695.0,738.2611751190477,High Value
17696.0,2388.2076425144305,VIP
17697.0,326.4791170601268,Medium Value
17698.0,151.53468074595847,Low Value
17700.0,2282.999700938989,VIP
17701.0,396.940612142857,Medium Value
17702.0,1803.3612799206346,VIP
17703.0,745.5882539652163,High Value
17704.0,834.0637419706463,High Value
17705.0,1871.6367410451148,VIP
17706.0,9448.67011715007,VIP
17707.0,177.24648454906205,Low Value
17708.0,251.25257349259962,Low Value
17709.0,143.39714114837133,Low Value
17711.0,383.6129761694008,Medium Value
17712.0,551.0670828234325,Medium Value
17714.0,150.4775339874299,Low Value
17715.0,344.2522332395383,Medium Value
17716.0,5395.162931150797,VIP
17718.0,161.77159251201527,Low Value
17719.0,5383.257345266956,VIP
17720.0,1486.3794623160177,High Value
17722.0,2706.7600171495183,VIP
17723.0,2536.132370357142,VIP
17724.0,979.5799085678211,High Value
17725.0,3446.9235950396815,VIP
17727.0,1056.7569653427129,High Value
17728.0,2572.585788095238,VIP
17730.0,5177.7637066666675,VIP
17731.0,1141.7147013601311,High Value
17732.0,287.39058561750727,Low Value
17733.0,698.5411466341545,High Value
17734.0,754.4699449610716,High Value
17735.0,12385.882590054682,VIP
17736.0,422.422341111111,Medium Value
17737.0,188.36493378857517,Low Value
17738.0,2125.710119058442,VIP
17739.0,2501.0868635714296,VIP
17742.0,364.04082421356435,Medium Value
17744.0,2422.438646179653,VIP
17746.0,116.37704611320349,Low Value
17747.0,76.56271974747474,Low Value
17749.0,676.8644491080714,Medium Value
17750.0,2120.874349105339,VIP
17752.0,120.79479047619047,Low Value
17754.0,1486.8318260497829,High Value
17757.0,5917.2879903571475,VIP
17758.0,3330.0344056204895,VIP
17759.0,856.5494766883116,High Value
17760.0,310.0739868961546,Low Value
17761.0,799.9805930952382,High Value
17763.0,25.815421240981255,Low Value
17764.0,759.8816697696097,High Value
17765.0,360.41818067731396,Medium Value
17767.0,253.17355769231784,Low Value
17768.0,2457.8066848015874,VIP
17769.0,3760.687032222221,VIP
17770.0,1111.9742978174604,High Value
17771.0,326.79635632559916,Medium Value
17772.0,167.7301527795619,Low Value
17774.0,1185.2438985320236,High Value
17775.0,58.80580357142857,Low Value
17777.0,678.5587116269838,High Value
17779.0,740.2599879947712,High Value
17781.0,166.75953777789948,Low Value
17783.0,377.8405919677874,Medium Value
17785.0,140.1320906946451,Low Value
17786.0,318.9462429153935,Medium Value
17787.0,1669.495555745003,VIP
17788.0,1033.874284047619,High Value
17789.0,208.66490779202036,Low Value
17790.0,1939.0513385425688,VIP
17791.0,113.5048321815063,Low Value
17793.0,436.18891443683503,Medium Value
17795.0,378.80288700605297,Medium Value
17796.0,577.8982776785714,Medium Value
17797.0,799.6623755408365,High Value
17799.0,3004.353940595239,VIP
17800.0,1248.0194281601732,High Value
17802.0,1063.6997921428576,High Value
17805.0,582.3894031493502,Medium Value
17806.0,538.5971903571431,Medium Value
17809.0,4750.417706785713,VIP
17811.0,6317.584485198412,VIP
17812.0,757.4374767958803,High Value
17813.0,1720.0627106998559,VIP
17816.0,51.36450142857144,Low Value
17817.0,358.574936132756,Medium Value
17819.0,2969.2322423015867,VIP
17824.0,331.24725516594515,Medium Value
17827.0,1897.141918055556,VIP
17828.0,1756.2236904978356,VIP
17829.0,818.0263981868127,High Value
17830.0,382.5211928715729,Medium Value
17831.0,32.07338091991342,Low Value
17832.0,159.85502032689533,Low Value
17835.0,412.63752322843845,Medium Value
17836.0,106.8349443567821,Low Value
17837.0,1456.3537539285715,High Value
17838.0,3791.088496630038,VIP
17839.0,333.9238964265979,Medium Value
17841.0,16357.160396838028,VIP
17843.0,241.49480037735964,Low Value
17844.0,55.96121912698413,Low Value
17848.0,1085.071643018926,High Value
17849.0,601.9327788095238,Medium Value
17850.0,4908.99966906205,VIP
17852.0,111.17495503675245,Low Value
17854.0,281.87641560762785,Low Value
17855.0,224.99095483382368,Low Value
17856.0,1522.9613384745805,High Value
17857.0,15777.563931333269,VIP
17858.0,5517.980203690477,VIP
17859.0,154.33343811741213,Low Value
17860.0,226.4681984377356,Low Value
17861.0,3231.0784592857144,VIP
17862.0,313.42566509820904,Medium Value
17863.0,2867.4303576190478,VIP
17864.0,741.525034404762,High Value
17865.0,10085.791748917749,VIP
17866.0,328.6100338095238,Medium Value
17867.0,1103.4488983297263,High Value
17869.0,435.7863718236715,Medium Value
17870.0,2152.280978095238,VIP
17871.0,198.9184111828449,Low Value
17873.0,2119.864991865078,VIP
17874.0,649.3666437121209,Medium Value
17877.0,220.90631036828395,Low Value
17878.0,479.80108322401065,Medium Value
17879.0,156.10433641914935,Low Value
17880.0,452.1520636767075,Medium Value
17881.0,132.826020871664,Low Value
17883.0,654.2183356972123,Medium Value
17884.0,1164.0612973051952,High Value
17885.0,216.21509180406179,Low Value
17886.0,886.9682969620554,High Value
17887.0,117.13149485554545,Low Value
17888.0,1012.3031963614164,High Value
17889.0,220.3774332105428,Low Value
17890.0,605.2682282431466,Medium Value
17891.0,259.10510539682554,Low Value
17892.0,266.47575705533336,Low Value
17893.0,154.93039742966357,Low Value
17894.0,974.9937620735932,High Value
17895.0,137.9704320825932,Low Value
17896.0,238.00819071428575,Low Value
17897.0,515.9977938125761,Medium Value
17898.0,192.14169591269842,Low Value
17899.0,196.46396108536453,Low Value
17900.0,137.3474878595227,Low Value
17901.0,112.99493516891114,Low Value
17904.0,178.49563599060738,Low Value
17905.0,878.3504512049061,High Value
17906.0,97.22660973557745,Low Value
17908.0,284.6310416984913,Low Value
17911.0,339.97604828544905,Medium Value
17912.0,388.1937141012753,Medium Value
17913.0,419.83857151201397,Medium Value
17914.0,429.0588526130766,Medium Value
17917.0,315.0436563730159,Medium Value
17919.0,1144.166258152958,High Value
17920.0,4372.694941507937,VIP
17921.0,787.6064394126985,High Value
17923.0,207.19719255380443,Low Value
17924.0,2555.0373286630047,VIP
17925.0,270.61847317840574,Low Value
17926.0,436.6208678174603,Medium Value
17928.0,274.6393299749824,Low Value
17929.0,754.9622954761903,High Value
17930.0,1689.3023782142857,VIP
17931.0,476.23501554595555,Medium Value
17932.0,1386.0688867001277,High Value
17934.0,813.2943477380952,High Value
17935.0,139.0196552117365,Low Value
17936.0,418.99729424544415,Medium Value
17937.0,4478.926697261905,VIP
17939.0,91.26940442803875,Low Value
17940.0,5977.180864917749,VIP
17941.0,287.68474638888887,Low Value
17942.0,72.16628092185593,Low Value
17946.0,181.9800527664355,Low Value
17947.0,164.71948492285495,Low Value
17948.0,303.5105604761904,Low Value
17949.0,15746.645834571364,VIP
17950.0,539.5959601476586,Medium Value
17951.0,959.536499484127,High Value
17954.0,3711.6525199963903,VIP
17955.0,563.8726207142859,Medium Value
17956.0,21.190563412698417,Low Value
17957.0,274.4096843400992,Low Value
17958.0,379.73805139389407,Medium Value
17960.0,73.9841620959596,Low Value
17961.0,1516.6718980158726,High Value
17962.0,131.91854484549907,Low Value
17964.0,509.8296983318532,Medium Value
17965.0,3352.321510730159,VIP
17966.0,1440.337567103174,High Value
17967.0,132.9879790711201,Low Value
17968.0,259.1305131530969,Low Value
17969.0,243.41070019841266,Low Value
17970.0,644.7170380228982,Medium Value
17972.0,132.09437327133747,Low Value
17973.0,333.78745055032863,Medium Value
17974.0,812.6552189721241,High Value
17975.0,3091.290260775614,VIP
17976.0,296.7540214590442,Low Value
17977.0,349.1211252020203,Medium Value
17978.0,467.4561376964702,Medium Value
17979.0,713.4706645848522,High Value
17980.0,911.0038997763346,High Value
17984.0,171.15625263579318,Low Value
17985.0,489.58412189865686,Medium Value
17986.0,23.365418344155845,Low Value
17987.0,216.87930305555554,Low Value
17988.0,199.13130730103074,Low Value
17990.0,650.7809709298837,Medium Value
17991.0,106.80159237379303,Low Value
17994.0,735.0552473040966,High Value
17995.0,148.79788741414146,Low Value
17997.0,2111.830728574482,VIP
17999.0,436.6343765342656,Medium Value
18001.0,498.1844536649582,Medium Value
18004.0,176.0515646358409,Low Value
18005.0,264.75906515098814,Low Value
18006.0,421.3261646287304,Medium Value
18008.0,2848.9025504563497,VIP
18009.0,306.4614862061559,Low Value
18010.0,177.50598607748856,Low Value
18011.0,117.31285593912406,Low Value
18013.0,210.98832962481956,Low Value
18014.0,166.78006673478274,Low Value
18015.0,161.00745068504594,Low Value
18016.0,1808.9766142872406,VIP
18017.0,508.00733427128426,Medium Value
18018.0,152.06463353087528,Low Value
18019.0,45.896556742424245,Low Value
18022.0,691.7437313492063,High Value
18024.0,323.6413724335165,Medium Value
18027.0,166.1365444220547,Low Value
18030.0,236.74660812399765,Low Value
18032.0,75.13403852730603,Low Value
18033.0,229.91330700150172,Low Value
18034.0,468.56081111111087,Medium Value
18035.0,823.2635372773634,High Value
18036.0,376.9339327567314,Medium Value
18037.0,80.45077849673201,Low Value
18040.0,353.53774446321796,Medium Value
18041.0,4797.764636150793,VIP
18042.0,150.80330067419914,Low Value
18043.0,605.8459290417916,Medium Value
18044.0,2500.581427857143,VIP
18045.0,258.08951474450294,Low Value
18048.0,166.11943416666674,Low Value
18050.0,80.250153640553,Low Value
18053.0,310.63669743708937,Low Value
18055.0,5140.412726666666,VIP
18056.0,393.55829315628085,Medium Value
18058.0,158.59467265098547,Low Value
18059.0,325.70394663602,Medium Value
18061.0,2387.6051251190465,VIP
18062.0,827.7141605304928,High Value
18064.0,719.7057749999999,High Value
18065.0,2579.5464182539677,VIP
18066.0,293.6168287584072,Low Value
18067.0,386.3483482295906,Medium Value
18068.0,128.7037998917749,Low Value
18069.0,2049.7791082142853,VIP
18071.0,467.9054186905906,Medium Value
18072.0,234.8966552777778,Low Value
18073.0,5227.926025753968,VIP
18074.0,528.7733882514709,Medium Value
18075.0,2689.058018998747,VIP
18077.0,2541.472992698413,VIP
18078.0,327.7886320869212,Medium Value
18079.0,5134.90327554473,VIP
18080.0,1173.3827744444445,High Value
18081.0,444.283272956349,Medium Value
18082.0,733.8184832295482,High Value
18084.0,293.5625825396826,Low Value
18085.0,560.9680797334369,Medium Value
18086.0,115.6073085553948,Low Value
18087.0,645.3250927056278,Medium Value
18088.0,171.7378740579401,Low Value
18092.0,8606.43534952381,VIP
18093.0,1872.3617547222227,VIP
18094.0,3497.2220584523848,VIP
18095.0,659.5940901936506,Medium Value
18096.0,1096.0028721808144,High Value
18097.0,2986.3794649999995,VIP
18099.0,178.05532767138794,Low Value
18101.0,224.57880621456496,Low Value
18102.0,16519.06411399993,VIP
18104.0,728.7065213383842,High Value
18105.0,104.54312122199235,Low Value
18106.0,363.23595118355973,Medium Value
18108.0,286.6949724089087,Low Value
18109.0,8934.03702318182,VIP
18110.0,208.31266527227604,Low Value
18112.0,397.7375515873016,Medium Value
18113.0,75.502649047619,Low Value
18114.0,204.27513019486966,Low Value
18116.0,1468.446022798093,High Value
18117.0,413.0655001911975,Medium Value
18118.0,5597.023790119047,VIP
18119.0,195.60787514661763,Low Value
18120.0,112.04898143074524,Low Value
18121.0,634.3766890891006,Medium Value
18122.0,1843.8939101190474,VIP
18123.0,593.5222821825398,Medium Value
18125.0,1091.64584007764,High Value
18126.0,200.44842148459583,Low Value
18127.0,370.45410768198127,Medium Value
18129.0,120.18919256084168,Low Value
18130.0,1056.981760628538,High Value
18135.0,666.9773391968113,Medium Value
18136.0,737.9996273848645,High Value
18138.0,152.42809209082824,Low Value
18139.0,5267.2565749999985,VIP
18142.0,1229.1107829365087,High Value
18143.0,965.5877627411387,High Value
18144.0,2945.5802031349194,VIP
18145.0,3211.0692018650793,VIP
18146.0,194.70736929264152,Low Value
18147.0,225.29921813852815,Low Value
18149.0,602.9592491774889,Medium Value
18150.0,561.4400148969919,Medium Value
18151.0,668.3515968303484,Medium Value
18154.0,444.10232524575423,Medium Value
18155.0,429.0470654759128,Medium Value
18156.0,677.5812624127634,High Value
18158.0,417.0181636507937,Medium Value
18159.0,489.85680620329674,Medium Value
18160.0,654.3913645837464,Medium Value
18161.0,1625.9685080026454,High Value
18164.0,401.55659957813805,Medium Value
18165.0,285.54135529638484,Low Value
18167.0,1319.340336468254,High Value
18168.0,1162.3042000403193,High Value
18169.0,182.6335054017882,Low Value
18170.0,1006.3056510175063,High Value
18171.0,1211.7900452337572,High Value
18172.0,7317.545255515874,VIP
18173.0,1810.5301630952383,VIP
18174.0,109.52435595598845,Low Value
18176.0,478.7299102994449,Medium Value
18177.0,1173.257289585137,High Value
18178.0,1546.6990316254835,High Value
18179.0,2051.4618165909096,VIP
18180.0,1906.496408912477,VIP
18181.0,367.46480732005296,Medium Value
18183.0,680.4983755633958,High Value
18184.0,56.00259507936509,Low Value
18185.0,291.237646347339,Low Value
18188.0,1816.3231711904755,VIP
18189.0,1091.9337685926496,High Value
18190.0,296.28686800957416,Low Value
18191.0,272.48964809343425,Low Value
18192.0,881.5260109993516,High Value
18193.0,268.50562234788697,Low Value
18194.0,913.313946511544,High Value
18196.0,625.5279650290898,Medium Value
18198.0,5661.2991172954835,VIP
18200.0,169.50077011742994,Low Value
18202.0,1334.986133187107,High Value
18203.0,154.5488663553167,Low Value
18204.0,1732.265810753968,VIP
18205.0,553.8228468058736,Medium Value
18209.0,142.78609195114598,Low Value
18210.0,2758.6323996213823,VIP
18211.0,645.6022047453866,Medium Value
18212.0,234.52976989704547,Low Value
18213.0,259.1570392378964,Low Value
18215.0,298.76728539901364,Low Value
18216.0,484.8793579027977,Medium Value
18217.0,636.5373292732851,Medium Value
18218.0,694.1937135364783,High Value
18219.0,2116.6514868650793,VIP
18220.0,280.88722436507936,Low Value
18221.0,1133.9328124014874,High Value
18222.0,420.33253001443006,Medium Value
18223.0,6034.202571349203,VIP
18224.0,156.3303719918821,Low Value
18225.0,5533.162950714286,VIP
18226.0,5023.450145317461,VIP
18227.0,122.85147709839357,Low Value
18228.0,706.0659986291487,High Value
18229.0,6840.155108968254,VIP
18230.0,2364.13861176407,VIP
18231.0,2000.6064932142863,VIP
18232.0,606.7495317814702,Medium Value
18233.0,489.8550523593074,Medium Value
18235.0,1888.9907328571433,VIP
18236.0,887.2613201510549,High Value
18237.0,1037.0089596686942,High Value
18239.0,1550.6646730223129,High Value
18240.0,347.3941266771093,Medium Value
18241.0,2150.7253797161165,VIP
18242.0,2133.4901119805195,VIP
18245.0,2677.9939231096673,VIP
18246.0,627.2168195310248,Medium Value
18248.0,865.5940476551227,High Value
18249.0,106.52394664801471,Low Value
18250.0,353.4015047649572,Medium Value
18251.0,5158.2084050288595,VIP
18252.0,504.8124960001329,Medium Value
18255.0,114.95589415405946,Low Value
18257.0,2308.664311785715,VIP
18259.0,1449.2919950396827,High Value
18260.0,2745.2013131984136,VIP
18261.0,328.1375067536322,Medium Value
18262.0,155.92600656926408,Low Value
18263.0,1091.6310864285715,High Value
18265.0,822.756908553391,High Value
18268.0,34.54561388888889,Low Value
18269.0,173.10036300593435,Low Value
18270.0,270.5219716562783,Low Value
18272.0,3072.7477003968256,VIP
18273.0,183.7580949017149,Low Value
18274.0,192.09746211026908,Low Value
18276.0,323.5489906944445,Medium Value
18277.0,129.83161079772407,Low Value
18278.0,166.70690417720104,Low Value
18280.0,169.9865789431415,Low Value
18281.0,119.20523109734614,Low Value
18282.0,189.91464109248028,Low Value
18283.0,1986.5038197510817,VIP
18287.0,1595.230932539682,High Value
