StockCode,Description,TotalQuaantity,AvgQuantity,TotalRevenue,AvgRevenue,OrderCount
10002,INFLATABLE POLITICAL GLOBE ,823,16.8,699.55,14.28,49
10080,GROOVY CACTUS INFLATABLE,291,13.86,114.41,5.45,21
10120,DOGGY RUBBER,193,6.43,40.53,1.35,29
10123C,HEARTS WRAPPING TAPE ,5,1.67,3.25,1.08,3
10124A,SPOTS ON RED BOOKCOVER TAPE,16,3.2,6.72,1.34,5
10124G,ARMY CAMO BOOKCOVER TAPE,17,4.25,7.14,1.78,4
10125,MINI FUNKY DESIGN TAPES,1226,19.16,930.3,14.54,61
10133,COLOURING PENCILS BROWN TUBE,2384,19.23,1143.61,9.22,122
10135,COLOURING PENCILS BROWN TUBE,1938,16.02,1786.69,14.77,117
11001,ASSTD DESIGN RACING CAR PEN,1252,19.56,1953.0,30.52,62
15030,FAN BLACK FRAME ,143,11.0,41.47,3.19,12
15034,PAPER POCKET TRAVELING FAN ,6419,70.54,697.06,7.66,91
15036,ASSORTED COLOURS SILK FAN,21876,67.31,16044.44,49.37,324
15039,SANDALWOOD FAN,1559,21.96,1133.15,15.96,70
15044A,PINK PAPER PARASOL ,428,5.42,1248.28,15.8,78
15044B,BLUE PAPER PARASOL ,307,6.4,865.65,18.03,48
15044C,PURPLE PAPER PARASOL,272,4.46,782.4,12.83,60
15044D,RED PAPER PARASOL,630,8.51,1735.74,23.46,73
15056BL,EDWARDIAN PARASOL BLACK,2599,8.96,14327.67,49.41,290
15056N,EDWARDIAN PARASOL NATURAL,3826,10.02,20696.71,54.18,378
15056P,EDWARDIAN PARASOL PINK,769,5.61,4254.16,31.05,135
15058A,BLUE POLKADOT GARDEN PARASOL,148,2.9,1104.6,21.66,51
15058B,PINK POLKADOT GARDEN PARASOL,115,2.8,866.25,21.13,41
15058C,ICE CREAM DESIGN GARDEN PARASOL,193,6.43,894.35,29.81,30
15060B,FAIRY CAKE DESIGN UMBRELLA,411,4.33,1482.87,15.61,95
16008,SMALL FOLDING SCISSOR(POINTED EDGE),2892,41.31,360.71,5.15,70
16010,FOLDING CAMPING SCISSOR W/KNIF & S,30,10.0,3.6,1.2,3
16011,ANIMAL STICKERS,1773,37.72,372.33,7.92,46
16012,FOOD/DRINK SPONGE STICKERS,1244,33.62,261.24,7.06,35
16014,SMALL CHINESE STYLE SCISSOR,10328,194.87,3375.76,63.69,53
16015,MEDIUM CHINESE STYLE SCISSOR,662,27.58,289.98,12.08,24
16016,LARGE CHINESE STYLE SCISSOR,1273,19.58,1053.45,16.21,65
16020C,CLEAR STATIONERY BOX SET ,6,3.0,5.1,2.55,2
16033,MINI HIGHLIGHTER PENS,840,210.0,100.8,25.2,4
16043,POP ART PUSH DOWN RUBBER ,98,49.0,11.76,5.88,2
16045,POPART WOODEN PENCILS ASST,8900,128.99,380.0,5.51,68
16046,TEATIME PEN CASE & PENS,67,4.19,56.95,3.56,13
16048,TEATIME ROUND PENCIL SHARPENER ,1437,29.33,186.84,3.81,47
16049,TEATIME GEL PENS ASST,504,100.8,82.08,16.42,5
16052,TEATIME PUSH DOWN RUBBER,467,77.83,105.29,17.55,6
16054,POPART RECT PENCIL SHARPENER ASST,1166,35.33,140.52,4.26,33
16151A,FLOWERS HANDBAG blue and orange,49,16.33,61.25,20.42,3
16156L,"WRAP, CAROUSEL",475,26.39,199.5,11.08,18
16156S,WRAP PINK FAIRY CAKES ,5800,34.73,2331.0,13.96,167
16161G,WRAP BAD HAIR DAY,700,31.82,70.0,3.18,22
16161M,WRAP  PINK FLOCK,25,25.0,10.5,10.5,1
16161P,WRAP ENGLISH ROSE ,7226,29.02,2990.92,12.01,248
16161U,WRAP SUKI AND FRIENDS,4075,30.41,1687.5,12.59,134
16162L,THE KING GIFT BAG,17,2.83,11.05,1.84,6
16162M,THE KING GIFT BAG 25x24x12cm,26,3.71,10.92,1.56,7
16168M,FUNKY MONKEY GIFT BAG MEDIUM,329,16.45,138.18,6.91,20
16169E,WRAP 50'S  CHRISTMAS,4563,30.42,1892.46,12.62,149
16169K,WRAP FOLK ART,200,25.0,84.0,10.5,8
16169M,WRAP DAISY CARPET ,660,25.38,277.2,10.66,25
16169N,WRAP BLUE RUSSIAN FOLKART,25,25.0,10.5,10.5,1
16169P,WRAP GREEN RUSSIAN FOLKART ,50,25.0,21.0,10.5,2
16202A,PASTEL PINK PHOTO ALBUM ,7,3.5,3.5,1.75,2
16202B,PASTEL BLUE PHOTO ALBUM ,29,14.5,14.5,7.25,2
16202E,BLACK PHOTO ALBUM ,15,5.0,7.5,2.5,3
16206B,RED PURSE WITH PINK HEART,7,3.5,8.75,4.38,2
16207A,PINK STRAWBERRY HANDBAG ,13,2.6,38.35,7.67,5
16207B,PINK HEART RED HANDBAG,4,1.33,11.31,3.77,3
16216,LETTER SHAPE PENCIL SHARPENER,3316,80.88,227.14,5.54,41
16218,CARTOON  PENCIL SHARPENERS,3760,75.2,253.2,5.06,50
16219,HOUSE SHAPE PENCIL SHARPENER,2915,62.02,309.9,6.59,47
16225,RATTLE SNAKE EGGS,762,9.9,599.34,7.78,75
16235,RECYCLED PENCIL WITH RABBIT ERASER,2665,32.9,525.75,6.49,80
16236,KITTY PENCIL ERASERS,1296,17.75,266.56,3.65,73
16237,SLEEPING CAT ERASERS,4598,27.21,886.08,5.24,162
16238,PARTY TIME PENCIL ERASERS,1261,15.76,265.51,3.32,78
16244B,MAXWELL 2 TONE BLUE 60 PAGE PHOTO A,7,3.5,7.85,3.92,2
16248B,BLUE HOLE PUNCH,13,1.86,16.25,2.32,7
16254,TRANSPARENT ACRYLIC TAPE DISPENSER,31,3.44,27.91,3.1,9
16258A,SWIRLY CIRCULAR RUBBERS IN BAG,445,11.71,156.53,4.12,38
16259,PIECE OF CAMO STATIONERY SET,3380,109.03,326.56,10.53,31
17001,HEAVENS SCENT FRAGRANCE OILS ASSTD,72,72.0,20.88,20.88,1
17003,BROCADE RING PURSE ,22963,109.87,5980.05,28.61,206
17007B,S/3 POT POURI CUSHIONS BLUE COLOURS,24,12.0,50.4,25.2,2
17011F,ORIGAMI SANDLEWOOD INCENSE+FLOWER,80,13.33,62.15,10.36,6
17012A,ORIGAMI VANILLA INCENSE/CANDLE SET ,270,10.8,244.9,9.8,24
17012B,ORIGAMI JASMINE INCENSE/CANDLE SET,455,12.64,422.55,11.74,36
17012C,ORIGAMI LAVENDER INCENSE/CANDL SET ,363,8.25,344.35,7.83,43
17012D,ORIGAMI ROSE INCENSE/CANDLE SET ,387,8.41,366.35,7.96,44
17012E,ORIGAMI OPIUM INCENSE/CANDLE SET ,59,14.75,52.05,13.01,3
17012F,ORIGAMI SANDLEWOOD INCENSE/CAND SET,365,8.69,329.05,7.83,42
17013D,ORIGAMI ROSE INCENSE IN TUBE,532,48.36,257.88,23.44,11
17014A,ORIGAMI VANILLA INCENSE CONES,154,22.0,67.83,9.69,7
17021,NAMASTE SWAGAT INCENSE,2427,42.58,643.14,11.28,47
17028J,INCENSE BAZAAR PEACH,6,6.0,2.52,2.52,1
17038,PORCELAIN BUDAH INCENSE HOLDER,1501,79.0,138.1,7.27,19
17084A,TRANQUILITY MASALA INCENSE,200,28.57,42.0,6.0,7
17084J,LOVE POTION MASALA INCENSE,225,28.12,47.25,5.91,8
17084N,FAIRY DREAMS INCENSE ,1025,32.03,212.75,6.65,32
17084P,DRAGONS BLOOD INCENSE,349,26.85,73.29,5.64,13
17084R,ASSORTED INCENSE PACK,4032,149.33,760.32,28.16,27
17090A,LAVENDER INCENSE 40 CONES IN TIN,109,10.9,107.45,10.74,10
17090D,VANILLA INCENSE 40 CONES IN TIN,29,2.23,36.25,2.79,12
17091A,LAVENDER INCENSE IN TIN,172,6.62,99.29,3.82,25
17091J,VANILLA INCENSE IN TIN,2066,22.7,876.34,9.63,87
17096,ASSORTED LAQUERED INCENSE HOLDERS,2516,193.54,443.76,34.14,13
17107D,"FLOWER FAIRY,5 SUMMER B'DRAW LINERS",171,3.64,436.05,9.28,46
17109D,FLOWER FAIRY INCENSE BOUQUET,61,12.2,32.35,6.47,5
17129F,BLUE GLASS GEMS IN BAG,427,22.47,291.25,15.33,19
17136A,BLUE STONES ON WIRE FOR CANDLE,404,20.2,33.75,1.69,17
17164B,ASS COL SMALL SAND GECKO P'WEIGHT,29,2.9,12.18,1.22,9
17165D,ASS COL LARGE SAND FROG P'WEIGHT,27,3.86,28.35,4.05,7
17174,ASSTD RASTA KEY-CHAINS,9,3.0,3.78,1.26,3
17191A,ROSE FLOWER CANDLE+INCENSE 16X16CM,4,2.0,15.0,7.5,2
18007,ESSENTIAL BALM 3.5g TIN IN ENVELOPE,5856,325.33,383.76,21.32,17
18094C,WHITE AND BLUE CERAMIC OIL BURNER,134,8.93,153.1,10.21,15
18097A,PINK TALL PORCELAIN T-LIGHT HOLDER ,5,1.25,12.75,3.19,4
18097C,WHITE TALL PORCELAIN T-LIGHT HOLDER,673,12.02,1471.35,26.27,52
18098C,PORCELAIN BUTTERFLY OIL BURNER,193,5.08,540.55,14.23,36
20615,BLUE POLKADOT PASSPORT COVER,231,6.6,233.34,6.67,35
20616,CHERRY BLOSSOM PASSPORT COVER,134,5.36,122.78,4.91,25
20617,FIRST CLASS PASSPORT COVER ,66,2.54,137.74,5.3,26
20618,QUEEN OF THE SKIES PASSPORT COVER ,68,2.43,137.88,4.92,28
20619,TROPICAL PASSPORT COVER ,142,6.45,206.23,9.37,22
20622,VIPPASSPORT COVER ,163,4.94,240.18,7.28,32
20652,BLUE POLKADOT LUGGAGE TAG ,150,4.17,194.76,5.41,33
20653,CHERRY BLOSSOM LUGGAGE TAG,33,5.5,43.67,7.28,6
20654,FIRST CLASS LUGGAGE TAG ,105,4.38,126.69,5.28,23
20655,QUEEN OF SKIES LUGGAGE TAG,89,2.62,109.11,3.21,34
20657,TROPICAL LUGGAGE TAG,61,2.77,76.39,3.47,22
20658,RED RETROSPOT LUGGAGE TAG,328,5.29,410.0,6.61,59
20659,ECONOMY LUGGAGE TAG,95,2.97,140.81,4.4,29
20661,BLUE POLKADOT PURSE ,9,1.8,35.07,7.01,5
20662,FIRST CLASS HOLIDAY PURSE ,11,2.2,40.97,8.19,5
20663,QUEEN OF THE SKIES HOLIDAY PURSE ,3,1.0,11.69,3.9,3
20664,TROPICAL HOLIDAY PURSE ,6,2.0,17.7,5.9,3
20665,RED RETROSPOT PURSE ,340,4.66,998.2,13.67,73
20666,ECONOMY HOLIDAY PURSE,4,1.0,11.8,2.95,4
20667,CHERRY BLOSSOM PURSE,1,1.0,2.95,2.95,1
20668,DISCO BALL CHRISTMAS DECORATION,12714,67.63,1408.56,7.49,181
20669,RED HEART LUGGAGE TAG,195,4.15,243.75,5.19,42
20670,VIP HOLIDAY PURSE,8,1.33,29.28,4.88,6
20671,BLUE TEATIME PRINT BOWL ,10,5.0,12.5,6.25,2
20674,GREEN POLKADOT BOWL,1373,9.03,1649.06,10.85,149
20675,BLUE POLKADOT BOWL,2729,12.08,3179.9,14.07,223
20676,RED RETROSPOT BOWL,4363,14.35,5046.98,16.6,298
20677,PINK POLKADOT BOWL,3159,14.1,3642.58,16.26,220
20678,LARGE BLACK DIAMANTE HAIRSLIDE,4,4.0,6.6,6.6,1
20679,EDWARDIAN PARASOL RED,1630,6.01,9055.87,33.42,270
20681,PINK POLKADOT CHILDRENS UMBRELLA,125,3.68,406.25,11.95,33
20682,RED RETROSPOT CHILDRENS UMBRELLA,1140,6.23,3629.66,19.83,182
20684,STRAWBERRY DREAM CHILDS UMBRELLA,78,2.36,253.5,7.68,32
20685,DOORMAT RED RETROSPOT,2801,4.88,20359.85,35.47,571
20686,DOLLY MIXTURE CHILDREN'S UMBRELLA,255,3.92,832.13,12.8,64
20694,FLORAL PINK MONSTER,36,3.27,135.0,12.27,10
20695,FLORAL BLUE MONSTER,5,1.25,21.25,5.31,4
20696,FLORAL SOFT CAR TOY,32,3.2,120.0,12.0,10
20697,LITTLE GREEN MONSTER SOFT TOY,19,1.73,48.45,4.4,9
20698,LITTLE PINK MONSTER SOFT TOY,16,2.0,40.8,5.1,7
20699,MOUSEY LONG LEGS SOFT TOY,29,2.64,73.95,6.72,11
20700,GREEN CAT FLORAL CUSHION COVER ,10,2.5,37.5,9.38,4
20701,PINK CAT FLORAL CUSHION COVER ,6,2.0,22.5,7.5,3
20702,PINK PADDED MOBILE,128,3.12,544.0,13.27,40
20703,BLUE PADDED SOFT MOBILE,1,1.0,4.25,4.25,1
20704,MR ROBOT SOFT TOY,211,5.41,626.45,16.06,39
20705,MRS ROBOT SOFT TOY,143,5.11,428.85,15.32,28
20707,CRAZY DAISY HEART DECORATION,155,5.0,195.52,6.31,31
20711,JUMBO BAG TOYS ,3598,14.63,6699.28,27.23,244
20712,JUMBO BAG WOODLAND ANIMALS,8187,16.47,15511.6,31.21,492
20713,JUMBO BAG OWLS,9766,23.25,17921.92,42.67,410
20716,PARTY FOOD SHOPPER BAG,314,8.97,373.5,10.67,34
20717,STRAWBERRY SHOPPER BAG,2036,8.63,2455.88,10.41,231
20718,RED RETROSPOT SHOPPER BAG,4264,10.93,5115.31,13.12,384
20719,WOODLAND CHARLOTTE BAG,9237,16.92,7277.24,13.33,531
20723,STRAWBERRY CHARLOTTE BAG,6847,13.69,5520.95,11.04,492
20724,RED RETROSPOT CHARLOTTE BAG,12809,17.06,10125.85,13.48,739
20725,LUNCH BAG RED RETROSPOT,17897,13.59,28338.45,21.52,1289
20726,LUNCH BAG WOODLAND,9115,10.83,14537.11,17.26,820
20727,LUNCH BAG  BLACK SKULL.,11291,10.22,18024.55,16.31,1052
20728,LUNCH BAG CARS BLUE,10820,10.94,17265.68,17.46,966
20731,POSY CANDY BAG,74,9.25,92.5,11.56,8
20733,GOLD MINI TAPE MEASURE ,918,18.73,688.9,14.06,46
20735,BLACK MINI TAPE MEASURE ,158,5.27,121.3,4.04,30
20748,KENSINGTON COFFEE SET,53,1.77,675.75,22.52,30
20749,ASSORTED COLOUR MINI CASES,1515,4.13,10828.01,29.5,364
20750,RED RETROSPOT MINI CASES,1712,4.66,12216.8,33.29,365
20751,FUNKY WASHING UP GLOVES ASSORTED,973,4.94,1984.26,10.07,171
20752,BLUE POLKADOT WASHING UP GLOVES,367,3.14,770.7,6.59,115
20754,RETROSPOT RED WASHING UP GLOVES,1356,5.58,2670.48,10.99,239
20755,BLUE PAISLEY POCKET BOOK,292,5.73,248.2,4.87,50
20756,GREEN FERN POCKET BOOK,63,2.86,53.55,2.43,22
20757,RED DAISY POCKET BOOK ,164,4.97,140.18,4.25,30
20758,ABSTRACT CIRCLES POCKET BOOK,161,3.66,136.85,3.11,41
20759,CHRYSANTHEMUM POCKET BOOK ,64,3.2,54.4,2.72,20
20760,GARDEN PATH POCKET BOOK,69,3.14,58.65,2.67,21
20761,BLUE PAISLEY SKETCHBOOK,110,2.0,419.92,7.63,52
20762,GREEN FERN SKETCHBOOK ,101,1.98,382.46,7.5,51
20763,DAISY SKETCHBOOK ,71,2.84,189.96,7.6,25
20764,ABSTRACT CIRCLES SKETCHBOOK ,128,2.06,491.13,7.92,60
20765,CHRYSANTHEMUM SKETCHBOOK ,96,1.81,374.84,7.07,51
20766,GARDEN PATH SKETCHBOOK,113,2.26,422.08,8.44,47
20767,BLUE PAISLEY JOURNAL ,217,3.56,541.97,8.88,58
20768,GREEN FERN JOURNAL ,131,3.54,320.26,8.66,36
20769,DAISY JOURNAL ,66,2.54,173.12,6.66,26
20770,ABSTRACT CIRCLE JOURNAL ,108,3.72,259.2,8.94,28
20771,CHRYSANTHEMUM  JOURNAL,71,2.54,183.46,6.55,27
20772,GARDEN PATH JOURNAL,218,4.74,534.46,11.62,46
20773,BLUE PAISLEY NOTEBOOK,56,2.33,92.4,3.85,23
20774,GREEN FERN NOTEBOOK,52,2.26,85.8,3.73,22
20775,DAISY NOTEBOOK ,64,2.91,105.6,4.8,20
20777,CHRYSANTHEMUM NOTEBOOK,95,2.64,156.75,4.35,36
20778,GARDEN PATH NOTEBOOK ,15,1.88,24.75,3.09,8
20780,BLACK EAR MUFF HEADPHONES,37,1.95,198.35,10.44,17
20781,GOLD EAR MUFF HEADPHONES,32,1.39,161.52,7.02,20
20782,CAMOUFLAGE EAR MUFF HEADPHONES,40,2.22,221.36,12.3,17
20785,FUSCHIA RETRO BAR STOOL,14,2.8,523.3,104.66,5
20793,BLUE TILED TRAY,8,2.0,54.0,13.5,4
20794,BLUE  TILE HOOK,85,5.31,213.15,13.32,15
20795,LARGE BLUE PROVENCAL CERAMIC BALL,44,5.5,92.4,11.55,8
20796,SMALL BLUE PROVENCAL CERAMIC BALL,61,7.62,100.65,12.58,8
20798,CLEAR MILKSHAKE GLASS,36,7.2,75.6,15.12,5
20801,LARGE PINK GLASS SUNDAE DISH,848,15.42,708.16,12.88,54
20802,SMALL GLASS SUNDAE DISH CLEAR,648,14.73,730.44,16.6,44
20803,SMALL PINK GLASS SUNDAE DISH,917,28.66,386.25,12.07,31
20816,GOLD FLOWER CUSHION COVER ,8,4.0,15.6,7.8,2
20818,GOLD TEDDY BEAR,12,6.0,20.0,10.0,2
20819,SILVER TEDDY BEAR,48,3.0,183.71,11.48,16
20820,SILVER LOOKING MIRROR,5,2.5,24.75,12.38,2
20821,GOLDIE LOOKING MIRROR,16,3.2,79.2,15.84,5
20823,GOLD WINE GOBLET,164,20.5,129.56,16.2,7
20826,SILVER APERITIF GLASS,276,34.5,128.4,16.05,8
20827,GOLD APERITIF GLASS,88,44.0,34.32,17.16,2
20828,GLITTER BUTTERFLY CLIPS,1012,5.44,2494.2,13.41,177
20829,GLITTER HANGING BUTTERFLY STRING,1265,7.49,2530.49,14.97,163
20830,SILVER PHOTO FRAME,75,3.75,157.5,7.88,20
20831,GOLD PHOTO FRAME,169,7.04,272.34,11.35,24
20832,RED FLOCK LOVE HEART PHOTO FRAME,1034,18.14,527.04,9.25,55
20835,FRENCH LATTICE CUSHION COVER ,66,9.43,54.78,7.83,7
20836,FRENCH PAISLEY CUSHION COVER,170,10.0,141.1,8.3,17
20837,FRENCH FLORAL CUSHION COVER ,141,9.4,142.47,9.5,15
20838,FRENCH LATTICE CUSHION COVER ,330,10.0,282.94,8.57,33
20839,FRENCH PAISLEY CUSHION COVER ,452,9.22,411.84,8.4,49
20840,FRENCH FLORAL CUSHION COVER ,464,10.55,399.28,9.07,43
20845,ZINC HEART LATTICE 2 WALL PLANTER,19,1.73,120.65,10.97,11
20846,ZINC HEART LATTICE T-LIGHT HOLDER,647,10.11,785.47,12.27,62
20847,ZINC HEART LATTICE CHARGER LARGE,46,3.29,172.5,12.32,14
20848,ZINC HEART LATTICE CHARGER SMALL,21,2.62,61.95,7.74,8
20851,ZINC HEART LATTICE TRAY OVAL ,9,1.29,53.55,7.65,7
20854,BLUE PATCH PURSE PINK HEART,166,9.22,256.1,14.23,17
20856,DENIM PATCH PURSE PINK BUTTERFLY,140,5.19,231.0,8.56,27
20857,BLUE ROSE PATCH PURSE PINK BUTTERFL,32,4.0,52.8,6.6,8
20861,GOLD COSMETIC BAG PINK STAR,2,1.0,4.2,2.1,2
20866,BLUE ROSE FABRIC MIRROR,409,10.76,488.59,12.86,37
20867,PINK ROSE FABRIC MIRROR,187,7.48,231.47,9.26,25
20868,SILVER FABRIC MIRROR,381,12.29,159.26,5.14,31
20869,GOLD FABRIC MIRROR,139,7.72,54.21,3.01,17
20878,SET/9 CHRISTMAS T-LIGHTS SCENTED ,25,3.12,31.25,3.91,7
20886,BOX OF 9 PEBBLE CANDLES,453,5.73,853.35,10.8,77
20892,SET/3 TALL GLASS CANDLE HOLDER PINK,1,1.0,12.75,12.75,1
20893,HANGING BAUBLE T-LIGHT HOLDER SMALL,259,12.95,569.1,28.46,19
20894,HANGING BAUBLE T-LIGHT HOLDER LARGE,25,2.78,73.75,8.19,9
20897,VINTAGE NOTEBOOK PARIS DAYS,85,10.62,230.35,28.79,8
20898,VINTAGE NOTEBOOK TRAVELOGUE,25,5.0,73.75,14.75,4
20901,VINTAGE KEEPSAKE BOX PINK FLOWER,4,1.33,25.4,8.47,2
20902,VINTAGE KEEPSAKE BOX PARIS DAYS,33,5.5,190.35,31.72,6
20903,VINTAGE KEEPSAKE BOX TRAVELOGUE,20,2.0,127.0,12.7,10
20906,VINTAGE NOTEBOOK BEAUTY GIRL,3,1.5,8.85,4.43,2
20910,VINTAGE PHOTO ALBUM PARIS DAYS,8,2.67,50.8,16.93,3
20914,SET/5 RED RETROSPOT LID GLASS BOWLS,5850,7.47,16359.98,20.89,763
20931,BLUE POT PLANT CANDLE ,263,7.11,794.45,21.47,37
20932,PINK POT PLANT CANDLE,189,8.59,516.25,23.47,22
20933,YELLOW POT PLANT CANDLE,23,2.56,71.05,7.89,9
20934,SET/3 POT PLANT CANDLES,54,2.7,294.3,14.72,20
20935,ROUND CACTUS CANDLE,6,1.5,17.7,4.43,4
20936,FORKED CACTUS CANDLE,92,3.54,272.98,10.5,26
20941,FROG CANDLE,61,3.39,76.25,4.24,17
20956,PORCELAIN T-LIGHT HOLDERS ASSORTED,730,11.97,916.13,15.02,59
20961,STRAWBERRY BATH SPONGE ,1029,7.92,1305.61,10.04,127
20963,APPLE BATH SPONGE,1102,8.75,1400.49,11.12,122
20964,POLYESTER FILLER PAD 60x40cm,2,2.0,5.1,5.1,1
20966,SANDWICH BATH SPONGE,589,14.37,698.25,17.03,41
20967,GREY FLORAL FELTCRAFT SHOULDER BAG,257,3.38,963.75,12.68,75
20969,RED FLORAL FELTCRAFT SHOULDER BAG,1588,6.16,5757.99,22.32,256
20970,PINK FLORAL FELTCRAFT SHOULDER BAG,1081,4.66,3983.63,17.17,230
20971,PINK BLUE FELT CRAFT TRINKET BOX,6337,13.63,7508.11,16.15,454
20972,PINK CREAM FELT CRAFT TRINKET BOX ,7131,12.97,8648.49,15.72,535
20973,12 PENCIL SMALL TUBE WOODLAND,4007,13.77,2551.15,8.77,276
20974,12 PENCILS SMALL TUBE SKULL,6734,22.22,4235.1,13.98,291
20975,12 PENCILS SMALL TUBE RED RETROSPOT,6400,20.32,4101.2,13.02,307
20977,36 PENCILS TUBE WOODLAND,1597,11.01,1971.93,13.6,142
20978,36 PENCILS TUBE SKULLS,1631,8.82,2014.43,10.89,179
20979,36 PENCILS TUBE RED RETROSPOT,3523,15.06,4233.51,18.09,230
20980,36 PENCILS TUBE POSY,27,2.45,33.75,3.07,11
20981,12 PENCILS TALL TUBE WOODLAND,1851,8.77,1573.35,7.46,208
20982,12 PENCILS TALL TUBE SKULLS,2019,9.09,1709.91,7.7,215
20983,12 PENCILS TALL TUBE RED RETROSPOT,2652,10.61,2247.96,8.99,234
20984,12 PENCILS TALL TUBE POSY,3809,21.64,1169.01,6.64,167
20985,HEART CALCULATOR,1017,10.59,1160.88,12.09,87
20986,BLUE CALCULATOR RULER,462,7.33,546.76,8.68,58
20992,JAZZ HEARTS PURSE NOTEBOOK,4365,16.72,1867.05,7.15,244
20996,JAZZ HEARTS ADDRESS BOOK,3057,16.26,648.69,3.45,184
20997,ROSE DU SUD CUSHION COVER ,15,3.0,74.25,14.85,5
20998,ROSE DU SUD OVEN GLOVE,119,4.25,348.25,12.44,28
21000,ROSE DU SUD COSMETICS BAG,46,2.71,195.5,11.5,16
21001,ROSE DU SUD WASHBAG ,25,1.92,148.75,11.44,12
21002,ROSE DU SUD DRAWSTRING BAG,13,2.6,55.25,11.05,5
21003,ROSE DU SUD CUSHION COVER,13,2.17,82.55,13.76,6
21011,GLITTER SNOW PEAR TREE DECORATION,18,9.0,26.1,13.05,2
21012,ANTIQUE ALL GLASS CANDLESTICK,567,6.83,1133.3,13.65,80
21014,SWISS CHALET TREE DECORATION ,1233,17.61,455.57,6.51,66
21015,DARK BIRD HOUSE TREE DECORATION,1251,18.4,377.91,5.56,66
21018,BIRD BOX CHRISTMAS TREE DECORATION,22,4.4,18.7,3.74,4
21025,SPACE FROG,100,6.25,127.25,7.95,16
21026,SPACE OWL,143,5.72,177.37,7.09,22
21027,NINJA RABBIT PINK,101,5.32,122.45,6.44,17
21028,NINJA RABBIT BLACK,116,5.52,148.29,7.06,21
21030,SPACE CADET RED,121,5.26,153.67,6.68,21
21031,SPACE CADET BLACK,40,3.64,51.21,4.66,10
21032,SPACE CADET WHITE,65,4.06,84.88,5.3,15
21033,JUMBO BAG CHARLIE AND LOLA TOYS,922,8.46,1934.75,17.75,108
21034,REX CASH+CARRY JUMBO SHOPPER,1893,1.99,1798.35,1.89,859
21035,SET/2 RED RETROSPOT TEA TOWELS ,2319,10.31,6820.01,30.31,219
21038,SET/4 MODERN VINTAGE COTTON NAPKINS,77,3.35,86.75,3.77,23
21039,RED RETROSPOT SHOPPING BAG,510,6.62,1284.66,16.68,77
21040,MODERN VINTAGE COTTON SHOPPING BAG,22,2.75,29.7,3.71,8
21041,RED RETROSPOT OVEN GLOVE DOUBLE,576,3.95,1699.2,11.64,138
21042,RED RETROSPOT APRON ,303,2.78,1802.85,16.54,105
21043,APRON MODERN VINTAGE COTTON,443,7.64,931.85,16.07,57
21051,RIBBONS PURSE ,108,4.5,228.83,9.53,24
21054,NURSE'S BAG SOFT TOY,68,2.52,608.6,22.54,27
21055,TOOL BOX SOFT TOY ,146,1.74,1368.14,16.29,82
21056,DOCTOR'S BAG SOFT TOY,174,2.64,1640.18,24.85,66
21058,PARTY INVITES WOODLAND,1049,11.4,855.77,9.3,87
21059,PARTY INVITES DINOSAURS,573,7.44,487.05,6.33,77
21060,PARTY INVITES BALLOON GIRL,356,6.72,302.6,5.71,53
21061,PARTY INVITES FOOTBALL,412,7.92,350.2,6.73,52
21062,PARTY INVITES SPACEMAN,501,8.08,425.85,6.87,61
21063,PARTY INVITES JAZZ HEARTS,483,5.96,412.11,5.09,81
21064,BOOM BOX SPEAKER BOYS,176,2.93,760.5,12.68,54
21065,BOOM BOX SPEAKER GIRLS,487,11.07,839.05,19.07,40
21066,VINTAGE RED MUG,688,16.38,657.62,15.66,41
21067,VINTAGE RED TEATIME MUG,203,4.61,249.38,5.67,41
21068,VINTAGE BILLBOARD LOVE/HATE MUG,1535,12.18,1637.71,13.0,125
21069,VINTAGE BILLBOARD TEA MUG,1868,35.92,2049.05,39.4,51
21070,VINTAGE BILLBOARD MUG ,1033,13.08,1059.79,13.42,77
21071,VINTAGE BILLBOARD DRINK ME MUG,849,7.72,1025.98,9.33,107
21078,SET/20 STRAWBERRY PAPER NAPKINS ,2494,12.17,1982.08,9.67,201
21080,SET/20 RED RETROSPOT PAPER NAPKINS ,12313,16.35,9656.79,12.82,732
21084,SET/6 COLLAGE PAPER CUPS,2199,20.75,463.85,4.38,103
21086,SET/6 RED SPOTTY PAPER CUPS,6589,22.26,4009.49,13.55,285
21087,SET/6 POSIES PAPER CUPS,126,12.6,62.12,6.21,10
21088,SET/6 FRUIT SALAD PAPER CUPS,1576,21.3,345.42,4.67,74
21089,SET/6 GREEN SPRING PAPER CUPS,231,9.62,45.73,1.91,24
21090,SET/6 COLLAGE PAPER PLATES,1672,14.05,708.3,5.95,116
21094,SET/6 RED SPOTTY PAPER PLATES,7351,22.41,5496.53,16.76,325
21095,SET/6 POSIES PAPER PLATES,95,10.56,80.75,8.97,9
21096,SET/6 FRUIT SALAD  PAPER PLATES,1143,16.33,479.25,6.85,70
21098,CHRISTMAS TOILET ROLL,1976,10.8,2408.05,13.16,162
21100,CHARLIE AND LOLA CHARLOTTE BAG,43,5.38,70.95,8.87,8
21106,CREAM SLICE FLANNEL CHOCOLATE SPOT ,193,5.51,530.95,15.17,34
21107,CREAM SLICE FLANNEL PINK SPOT ,840,12.73,2218.8,33.62,62
21108,FAIRY CAKE FLANNEL ASSORTED COLOUR,3854,19.76,4225.77,21.67,190
21109,"LARGE CAKE TOWEL, CHOCOLATE SPOTS",837,11.47,2131.35,29.2,68
21110,LARGE CAKE TOWEL PINK SPOTS,775,9.69,2295.05,28.69,78
21111,"SWISS ROLL TOWEL, CHOCOLATE  SPOTS",789,15.17,1291.55,24.84,50
21112,"SWISS ROLL TOWEL, PINK  SPOTS",1245,27.07,2551.83,55.47,46
21114,LAVENDER SCENTED FABRIC HEART,1352,10.17,1705.28,12.82,128
21115,ROSE CARAVAN DOORSTOP,523,3.93,2580.21,19.4,129
21116,OWL DOORSTOP,489,4.14,2339.19,19.82,117
21117,BLOND DOLL DOORSTOP,115,6.76,149.25,8.78,14
21121,SET/10 RED POLKADOT PARTY CANDLES,6502,18.9,7799.18,22.67,336
21122,SET/10 PINK POLKADOT PARTY CANDLES,5257,16.69,6353.58,20.17,304
21123,SET/10 IVORY POLKADOT PARTY CANDLES,975,9.56,1215.81,11.92,97
21124,SET/10 BLUE POLKADOT PARTY CANDLES,3970,17.11,4798.34,20.68,227
21125,SET 6 FOOTBALL CELEBRATION CANDLES,598,8.42,747.5,10.53,67
21126,SET OF 6 GIRLS CELEBRATION CANDLES,488,7.07,605.44,8.77,67
21128,GOLD FISHING GNOME,47,2.94,284.16,17.76,16
21129,SILVER FISHING GNOME ,45,2.25,332.3,16.62,20
21131,GOLD STANDING GNOME,93,5.47,290.25,17.07,17
21132,SILVER STANDING GNOME   ,35,2.19,142.75,8.92,16
21135,VICTORIAN  METAL POSTCARD SPRING,2708,16.12,2975.24,17.71,162
21136,PAINTED METAL PEARS ASSORTED,4476,12.36,7491.4,20.69,352
21137,BLACK RECORD COVER FRAME,6870,22.31,23687.51,76.91,304
21143,ANTIQUE GLASS HEART DECORATION ,296,10.21,577.2,19.9,26
21145,ANTIQUE GLASS PLACE SETTING,122,15.25,152.5,19.06,8
21147,JINGLE BELLS TREE DECORATION,89,4.05,200.94,9.13,21
21154,RED RETROSPOT OVEN GLOVE ,3187,11.89,3751.63,14.0,262
21155,RED RETROSPOT PEG BAG,2460,6.81,5880.05,16.29,354
21156,RETROSPOT CHILDRENS APRON,3039,10.34,5587.87,19.01,292
21157,RED RETROSPOT WASHBAG,49,3.27,102.9,6.86,14
21158,MOODY GIRL DOOR HANGER ,1427,9.21,686.91,4.43,146
21159,MOODY BOY  DOOR HANGER ,1109,10.17,542.75,4.98,108
21161,KEEP OUT BOYS DOOR HANGER ,131,3.54,189.95,5.13,34
21162,TOXIC AREA  DOOR HANGER ,1416,10.11,696.4,4.97,137
21163,DO NOT TOUCH MY STUFF DOOR HANGER ,1176,9.88,603.86,5.07,110
21164,HOME SWEET HOME METAL SIGN ,1714,6.86,4850.62,19.4,246
21165,BEWARE OF THE CAT METAL SIGN ,4027,10.97,6405.31,17.45,359
21166,COOK WITH WINE METAL SIGN ,10209,16.65,20315.33,33.14,602
21167,WHITE SAGE INCENSE,1260,50.4,264.6,10.58,25
21169,YOU'RE CONFUSING ME METAL SIGN ,4281,12.03,6762.57,19.0,342
21171,BATHROOM METAL SIGN ,424,7.07,566.8,9.45,60
21172,PARTY METAL SIGN ,3335,8.71,4708.27,12.29,371
21174,POTTERING IN THE SHED METAL SIGN,3926,10.33,8372.7,22.03,371
21175,GIN + TONIC DIET METAL SIGN,7993,11.43,19027.44,27.22,690
21179,NO JUNK MAIL METAL SIGN,1785,10.26,1021.23,5.87,166
21181,PLEASE ONE PERSON METAL SIGN,11507,16.16,22841.08,32.08,693
21187,WHITE BELL HONEYCOMB PAPER GARLAND ,330,9.43,525.3,15.01,33
21188,3D HEARTS  HONEYCOMB PAPER GARLAND,294,8.65,838.5,24.66,33
21189,WHITE HONEYCOMB PAPER GARLAND ,165,5.69,272.25,9.39,29
21190,PINK HEARTS PAPER GARLAND,168,24.0,245.2,35.03,7
21191,LARGE WHITE HONEYCOMB PAPER BELL  ,394,8.95,788.04,17.91,44
21192,WHITE BELL HONEYCOMB PAPER ,925,21.51,1391.85,32.37,39
21194,PINK  HONEYCOMB PAPER FAN,437,10.16,366.7,8.53,41
21195,PINK  HONEYCOMB PAPER BALL ,417,17.38,607.86,25.33,24
21196,ROUND WHITE CONFETTI IN TUBE,89,8.9,146.85,14.68,9
21197,MULTICOLOUR  CONFETTI IN TUBE,243,18.69,322.71,24.82,13
21198,WHITE HEART CONFETTI IN TUBE,964,18.9,931.56,18.27,50
21199,PINK  HEART CONFETTI IN TUBE,864,17.63,766.56,15.64,48
21200,MULTICOLOUR HONEYCOMB PAPER GARLAND,1010,25.9,1272.9,32.64,39
21201,TROPICAL  HONEYCOMB PAPER GARLAND ,1175,15.67,2672.25,35.63,72
21202,DOLLY HONEYCOMB GARLAND,449,21.38,404.85,19.28,20
21204,DAISIES  HONEYCOMB GARLAND ,419,8.22,691.35,13.56,51
21205,MULTICOLOUR 3D BALLS GARLAND,209,4.1,532.95,10.45,48
21206,STRAWBERRY HONEYCOMB  GARLAND ,1220,15.84,1446.6,18.79,75
21207,SKULL AND CROSSBONES  GARLAND ,982,11.42,1533.9,17.84,84
21208,PASTEL COLOUR HONEYCOMB FAN,873,15.32,531.69,9.33,56
21209,MULTICOLOUR HONEYCOMB FAN,1142,20.04,669.12,11.74,57
21210,SET OF 72 RETROSPOT PAPER  DOILIES,5680,15.43,7947.37,21.6,365
21211,SET OF 72 SKULL PAPER  DOILIES,816,12.0,1144.8,16.84,66
21212,PACK OF 72 RETROSPOT CAKE CASES,33693,31.55,16394.53,15.35,1029
21213,PACK OF 72 SKULL CAKE CASES,14309,28.0,6859.31,13.42,499
21215,IVORY PAPER CUP CAKE CASES ,868,13.15,461.8,7.0,63
21216,"SET 3 RETROSPOT TEA,COFFEE,SUGAR",1841,7.36,8354.87,33.42,241
21217,RED RETROSPOT ROUND CAKE TINS,855,3.33,8114.25,31.57,256
21218,RED SPOTTY BISCUIT TIN,2058,9.99,7071.2,34.33,203
21219,SET/4 BADGES BALLOON GIRL,323,7.51,408.59,9.5,42
21220,SET/4 BADGES DOGS,239,5.69,312.06,7.43,41
21221,SET/4 BADGES CUTE CREATURES,201,8.38,262.14,10.92,24
21222,SET/4 BADGES BEETLES,198,5.21,257.18,6.77,35
21224,SET/4 SKULL BADGES,734,8.84,913.7,11.01,81
21226,POCKET MIRROR WOODLAND,9,1.8,11.25,2.25,4
21228,"POCKET MIRROR ""GLAMOROUS""",5,2.5,6.25,3.12,2
21231,SWEETHEART CERAMIC TRINKET BOX,5757,14.91,6875.86,17.81,381
21232,STRAWBERRY CERAMIC TRINKET BOX,10366,17.48,12210.06,20.59,582
21238,RED RETROSPOT CUP,3519,12.57,2822.41,10.08,277
21239,PINK  POLKADOT CUP,2574,12.62,2051.4,10.06,201
21240,BLUE POLKADOT CUP,3156,14.41,2487.08,11.36,215
21242,RED RETROSPOT PLATE ,3074,13.66,4860.98,21.6,222
21243,PINK  POLKADOT PLATE ,2113,14.18,3329.05,22.34,148
21244,BLUE POLKADOT PLATE ,2131,14.4,3359.47,22.7,147
21245,GREEN POLKADOT PLATE ,1014,9.84,1623.1,15.76,100
21246,RED RETROSPOT BIG BOWL,175,4.49,849.45,21.78,39
21248,DOOR HANGER  MUM + DADS ROOM,187,3.6,271.15,5.21,52
21249,WOODLAND  HEIGHT CHART STICKERS ,672,8.51,1874.4,23.73,79
21250,SET OF SKULL WALL STICKERS,92,5.41,257.0,15.12,17
21251,DINOSAUR HEIGHT CHART STICKER SET,165,4.71,486.75,13.91,35
21253,SET OF PICTURE FRAME  STICKERS,66,3.88,192.54,11.33,16
21257,VICTORIAN SEWING BOX MEDIUM,489,3.18,3735.39,24.26,152
21258,VICTORIAN SEWING BOX LARGE,425,4.01,5014.23,47.3,106
21259,VICTORIAN SEWING BOX SMALL ,936,3.93,5280.11,22.19,236
21260,FIRST AID TIN,1129,7.53,3530.35,23.54,148
21261,GREEN GOOSE FEATHER CHRISTMAS TREE ,167,6.19,520.65,19.28,27
21262,WHITE GOOSE FEATHER CHRISTMAS TREE ,268,5.15,790.6,15.2,50
21263,GREEN GOOSE FEATHER TREE 60CM,165,4.23,321.75,8.25,36
21264,WHITE GOOSE FEATHER TREE 60CM ,256,5.95,499.2,11.61,42
21265,PINK GOOSE FEATHER TREE 60CM,128,8.0,249.6,15.6,16
21268,VINTAGE BLUE TINSEL REEL,2,2.0,0.84,0.84,1
21269,ANTIQUE CREAM CUTLERY SHELF ,28,1.56,238.0,13.22,18
21270,ANTIQUE CREAM CUTLERY CUPBOARD,14,1.08,178.5,13.73,13
21272,SALLE DE BAIN HOOK,503,7.62,660.07,10.0,60
21275,ZINC TOP  2 DOOR WOODEN SHELF ,10,1.11,169.5,18.83,9
21277,FRENCH STYLE EMBOSSED HEART CABINET,23,1.15,485.9,24.3,20
21278,VINTAGE KITCHEN PRINT PUDDINGS,43,4.78,109.65,12.18,7
21279,VINTAGE KITCHEN PRINT FRUITS,65,5.42,165.75,13.81,12
21280,VINTAGE KITCHEN PRINT VEGETABLES,65,5.42,165.75,13.81,12
21281,VINTAGE KITCHEN PRINT SEAFOOD,35,5.83,89.25,14.87,6
21284,RETROSPOT CANDLE  SMALL,385,14.81,313.53,12.06,25
21285,RETROSPOT CANDLE  MEDIUM,350,10.61,357.62,10.84,33
21286,RETROSPOT CANDLE  LARGE,255,14.17,279.37,15.52,18
21287,SCENTED VELVET LOUNGE CANDLE ,1788,33.11,755.13,13.98,54
21288,STRIPEY CHOCOLATE NESTING BOXES,256,6.1,716.8,17.07,40
21289,LARGE STRIPES CHOCOLATE GIFT BAG,443,23.32,553.75,29.14,19
21291,SMALL POLKADOT CHOCOLATE GIFT BAG ,920,23.0,782.0,19.55,40
21292,SMALL STRIPES CHOCOLATE GIFT BAG ,865,33.27,591.25,22.74,26
21293,MIRRORED DOVE WALL DECORATION,101,5.32,214.13,11.27,18
21294,ETCHED GLASS COASTER,1536,25.6,722.88,12.05,58
21306,SET/4 DAISY MIRROR MAGNETS,487,13.16,166.57,4.5,36
21307,SET/4 BUTTERFLY MIRROR MAGNETS,79,6.08,39.2,3.02,13
21310,CAPIZ CHANDELIER,1,1.0,29.95,29.95,1
21311,SET/4 BIRD MIRROR MAGNETS ,478,9.96,165.77,3.45,44
21313,GLASS HEART T-LIGHT HOLDER ,2843,21.7,2110.46,16.11,129
21314,SMALL GLASS HEART TRINKET POT,3670,10.61,7412.56,21.42,342
21316,SMALL CHUNKY GLASS ROMAN  BOWL,149,14.9,156.59,15.66,9
21317,GLASS SPHERE CANDLE STAND MEDIUM,96,3.43,516.2,18.44,26
21318,GLASS CHALICE BLUE SMALL ,680,16.19,372.3,8.86,40
21319,GLASS CHALICE GREEN  SMALL ,147,12.25,129.51,10.79,12
21320,GLASS CHALICE GREEN  LARGE ,186,15.5,309.66,25.81,11
21324,HANGING MEDINA LANTERN SMALL,69,3.45,203.55,10.18,20
21326,AGED GLASS SILVER T-LIGHT HOLDER,10088,35.15,6083.2,21.2,277
21327,SKULLS WRITING SET ,538,3.64,887.7,6.0,145
21328,BALLOONS  WRITING SET ,760,3.92,1262.2,6.51,187
21329,DINOSAURS  WRITING SET ,589,3.42,980.05,5.7,168
21331,MOROCCAN BEATEN METAL DISH LARGE,11,1.57,140.25,20.04,7
21332,MOROCCAN BEATEN METAL MIRROR,14,1.75,143.3,17.91,8
21333,CLASSIC WHITE FRAME,55,3.67,162.25,10.82,15
21336,GOLD WASHBAG,8,2.67,23.6,7.87,3
21340,CLASSIC METAL BIRDCAGE PLANT HOLDER,928,3.52,10161.41,38.49,260
21344,MOROCCAN BEATEN METAL DISH,14,2.8,139.3,27.86,5
21348,PINK SPOTS CHOCOLATE NESTING BOXES ,139,27.8,355.65,71.13,5
21349,IVY HEART WREATH,12,1.71,81.0,11.57,7
21351,CINAMMON & ORANGE WREATH,101,3.06,654.55,19.83,31
21352,EUCALYPTUS & PINECONE  WREATH,311,8.41,1118.65,30.23,37
21354,TOAST ITS - BEST MUM,753,10.76,888.45,12.69,68
21355,TOAST ITS - I LOVE YOU ,777,6.82,961.65,8.44,107
21356,TOAST ITS - FAIRY FLOWER,304,5.53,363.15,6.6,53
21357,TOAST ITS - DINOSAUR,19,1.73,23.75,2.16,10
21358,TOAST ITS - HAPPY BIRTHDAY,328,5.47,410.0,6.83,59
21359,RELAX LARGE WOOD LETTERS,127,4.7,759.65,28.14,26
21360,JOY LARGE WOOD LETTERS,37,2.64,194.15,13.87,14
21361,LOVE LARGE WOOD LETTERS ,91,1.69,1127.85,20.89,54
21363,HOME SMALL WOOD LETTERS,209,2.2,1034.55,10.89,90
21364,PEACE SMALL WOOD LETTERS,25,1.19,168.75,8.04,21
21365,MIRRORED WALL ART STARS,348,7.91,360.0,8.18,42
21366,MIRRORED WALL ART PHOTO FRAMES,24,2.18,102.0,9.27,10
21367,MIRRORED WALL ART GENTS,163,4.66,159.51,4.56,35
21368,MIRRORED WALL ART LADIES,161,5.19,129.15,4.17,30
21369,MIRRORED WALL ART SPLODGES,98,7.54,142.5,10.96,13
21370,MIRRORED WALL ART FOXY,15,1.88,88.2,11.02,8
21371,MIRRORED WALL ART POPPIES,275,8.59,274.65,8.58,32
21372,MIRRORED WALL ART TABLE LAMP,67,2.68,75.73,3.03,25
21373,MIRRORED WALL ART SNOWFLAKES,507,11.27,380.25,8.45,45
21374,MIRRORED WALL ART SKULLS,294,7.35,400.0,10.0,40
21375,LARGE CAMPHOR WOOD FIELD MUSHROOM ,24,2.0,109.8,9.15,10
21376,LARGE  TALL CAMPHOR WOOD TOADSTOOL ,33,2.2,154.65,10.31,13
21377,SMALL CAMPHOR WOOD FIELD  MUSHROOM,93,4.89,123.21,6.48,19
21378,SMALL TALL CAMPHOR WOOD TOADSTOOL,129,5.86,175.05,7.96,22
21379,CAMPHOR WOOD PORTOBELLO MUSHROOM,147,6.12,163.11,6.8,23
21380,WOODEN HAPPY BIRTHDAY GARLAND,2093,8.91,5910.15,25.15,232
21381,MINI WOODEN HAPPY BIRTHDAY GARLAND,1699,11.8,2733.07,18.98,138
21382,SET/4 SPRING FLOWER DECORATION,1045,10.89,1164.35,12.13,93
21383,PACK OF 12 STICKY BUNNIES,772,9.19,501.8,5.97,77
21385,IVORY HANGING DECORATION  HEART,3564,16.35,2957.64,13.57,205
21386,IVORY HANGING DECORATION  EGG,713,13.98,257.57,5.05,46
21389,IVORY HANGING DECORATION  BIRD,1018,9.98,865.3,8.48,94
21390,FILIGRIS HEART WITH BUTTERFLY,3781,20.66,4544.13,24.83,174
21391,FRENCH LAVENDER SCENT HEART,975,12.04,855.45,10.56,75
21392,RED POLKADOT PUDDING BOWL,32,4.57,38.13,5.45,6
21393,BLUE POLKADOT PUDDING BOWL,29,3.62,38.67,4.83,7
21394,RED POLKADOT BEAKER ,3822,33.53,1538.62,13.5,114
21395,BLUE POLKADOT BEAKER ,2812,35.59,1096.68,13.88,78
21397,BLUE POLKADOT EGG CUP ,1016,23.09,445.26,10.12,44
21398,RED POLKADOT COFFEE  MUG,1499,30.59,642.75,13.12,49
21399,BLUE POLKADOT COFFEE MUG,2047,32.49,830.82,13.19,62
21400,RED PUDDING SPOON,837,17.44,109.74,2.29,48
21401,BLUE PUDDING SPOON,1010,17.12,132.3,2.24,58
21402,RED  EGG  SPOON,1290,21.15,155.4,2.55,61
21403,BLUE EGG  SPOON,1718,24.2,258.72,3.64,71
21407,BROWN CHECK CAT DOORSTOP ,233,2.48,965.0,10.27,94
21408,SPOTTY PINK DUCK DOORSTOP,225,3.31,764.91,11.25,65
21411,GINGHAM HEART  DOORSTOP RED,722,3.8,2391.46,12.59,185
21413,PERIWINKLE T-LIGHT HOLDER,36,3.6,45.0,4.5,10
21414,SCALLOP SHELL SOAP DISH,1,1.0,2.1,2.1,1
21415,CLAM SHELL SMALL ,206,6.44,384.13,12.0,30
21416,CLAM SHELL LARGE,5,1.25,18.75,4.69,4
21417,COCKLE SHELL DISH,289,9.03,420.88,13.15,32
21418,STARFISH SOAP DISH,59,4.54,115.25,8.87,12
21420,OYSTER TRINKET BOX,48,3.2,87.12,5.81,13
21421,PORCELAIN ROSE LARGE ,298,22.92,345.14,26.55,13
21422,PORCELAIN ROSE SMALL,1560,33.91,1218.36,26.49,46
21424,WOODLAND STORAGE BOX LARGE ,227,10.32,612.05,27.82,22
21425,SKULLS STORAGE BOX LARGE,67,4.19,188.05,11.75,16
21426,WOODLAND STORAGE BOX SMALL,213,11.83,411.3,22.85,17
21427,SKULLS STORAGE BOX SMALL,77,3.08,161.7,6.47,25
21428,SET3 BOOK BOX GREEN GINGHAM FLOWER ,1099,6.01,4263.55,23.3,182
21429,RED GINGHAM ROSE JEWELLERY BOX,1616,7.21,2925.0,13.06,217
21430,SET/3 RED GINGHAM ROSE STORAGE BOX,2344,7.26,8203.92,25.4,318
21439,BASKET OF TOADSTOOLS,1322,16.95,1574.98,20.19,77
21441,BLUE BIRDHOUSE DECORATION,376,9.89,223.3,5.88,38
21442,GREEN BIRDHOUSE DECORATION,389,10.51,232.01,6.27,36
21445,12 PINK ROSE PEG PLACE SETTINGS,214,10.19,267.5,12.74,21
21446,12 RED ROSE PEG PLACE SETTINGS,400,4.65,500.0,5.81,75
21447,12 IVORY ROSE PEG PLACE SETTINGS,749,8.14,936.25,10.18,91
21448,12 DAISY PEGS IN WOOD BOX,327,4.74,539.55,7.82,62
21452,TOADSTOOL MONEY BOX,745,5.52,2140.15,15.85,133
21454,PAINTED PINK RABBIT ,318,6.77,270.3,5.75,43
21455,PAINTED YELLOW WOODEN DAISY,271,7.74,230.35,6.58,32
21456,2 PICTURE BOOK EGGS EASTER CHICKS,161,8.47,201.25,10.59,19
21457,2 PICTURE BOOK EGGS EASTER DUCKS,115,7.19,143.75,8.98,16
21458,2 PICTURE BOOK EGGS EASTER BUNNY,158,8.32,197.5,10.39,19
21459,YELLOW EASTER EGG HUNT START POST,75,4.17,146.25,8.12,18
21460,GREEN EASTER EGG HUNT START POST,26,2.89,50.7,5.63,9
21461,BLUE EASTER EGG HUNT START POST,9,1.8,17.55,3.51,4
21462,"NURSERY A,B,C PAINTED LETTERS",192,2.87,859.2,12.82,67
21463,MIRRORED DISCO BALL ,644,4.92,3405.3,25.99,129
21464,DISCO BALL ROTATOR BATTERY OPERATED,244,2.39,1034.0,10.14,102
21465,PINK FLOWER CROCHET FOOD COVER,193,3.06,727.46,11.55,63
21466,RED FLOWER CROCHET FOOD COVER,267,2.93,982.49,10.8,91
21467,CHERRY CROCHET FOOD COVER,215,2.76,813.67,10.43,78
21468,BUTTERFLY CROCHET FOOD COVER,123,2.46,468.67,9.37,50
21469,POLKA DOT RAFFIA FOOD COVER,250,3.52,941.21,13.26,71
21470,FLOWER VINE RAFFIA FOOD COVER,338,2.94,1278.63,11.12,114
21471,STRAWBERRY RAFFIA FOOD COVER,495,5.27,1702.65,18.11,92
21472,LADYBIRD + BEE RAFFIA FOOD COVER,119,3.61,446.25,13.52,33
21473,SWEETHEART CREAM STEEL TABLE RECT,22,1.22,438.9,24.38,18
21476,STEEL SWEETHEART ROUND TABLE CREAM,31,1.72,463.45,25.75,18
21479,WHITE SKULL HOT WATER BOTTLE ,2402,6.16,9102.72,23.34,377
21481,FAWN BLUE HOT WATER BOTTLE,2925,7.56,9218.55,23.82,379
21484,CHICK GREY HOT WATER BOTTLE,1555,5.24,5810.37,19.56,282
21485,RETROSPOT HEART HOT WATER BOTTLE,2839,5.19,13342.13,24.39,532
21486,PINK HEART DOTS HOT WATER BOTTLE,8,2.0,30.0,7.5,4
21488,RED WHITE SCARF  HOT WATER BOTTLE,3,1.5,11.85,5.93,2
21494,ROTATING LEAVES T-LIGHT HOLDER,1228,9.16,1624.73,12.12,126
21495,SKULLS AND CROSSBONES WRAP,5800,35.15,2356.0,14.28,165
21497,FANCY FONTS BIRTHDAY WRAP,8600,37.07,3430.0,14.78,230
21498,RED RETROSPOT WRAP ,10547,31.39,4320.74,12.86,335
21499,BLUE POLKADOT WRAP,6925,32.06,2808.5,13.0,215
21500,PINK POLKADOT WRAP ,6350,29.81,2593.0,12.17,213
21503,TOYBOX  WRAP ,726,31.57,288.92,12.56,23
21504,SKULLS GREETING CARD,1884,19.42,763.2,7.87,96
21506,"FANCY FONT BIRTHDAY CARD, ",4740,18.74,1910.88,7.55,250
21507,"ELEPHANT, BIRTHDAY CARD, ",3206,16.11,1314.0,6.6,198
21508,VINTAGE KID DOLLY CARD ,2393,16.39,971.11,6.65,145
21509,COWBOYS AND INDIANS BIRTHDAY CARD ,3581,17.64,1444.75,7.12,203
21518,BANK ACCOUNT  GREETING  CARD ,265,15.59,106.98,6.29,17
21519,GIN & TONIC DIET GREETING CARD ,3217,16.84,1320.9,6.92,191
21520,BOOZE & WOMEN GREETING CARD ,457,13.85,187.62,5.69,33
21523,DOORMAT FANCY FONT HOME SWEET HOME,1888,4.8,13661.02,34.76,392
21524,DOORMAT SPOTTY HOME SWEET HOME,1662,4.05,12095.67,29.5,405
21527,RED RETROSPOT TRADITIONAL TEAPOT ,468,3.39,3540.6,25.66,133
21528,DAIRY MAID TRADITIONAL TEAPOT ,179,2.01,1230.05,13.82,86
21530,DAIRY MAID TOASTRACK,756,9.0,690.12,8.22,83
21531,RED RETROSPOT SUGAR JAM BOWL,1473,6.95,3459.15,16.32,206
21533,RETROSPOT LARGE MILK JUG,1317,4.1,6267.15,19.52,310
21534,DAIRY MAID LARGE MILK JUG,327,2.5,1593.45,12.16,124
21535,RED RETROSPOT SMALL MILK JUG,2460,7.69,5830.2,18.22,310
21537,RED RETROSPOT PUDDING BOWL,327,5.64,1341.75,23.13,57
21538,DAIRY MAID  PUDDING BOWL,5,2.5,18.75,9.38,2
21539,RED RETROSPOT BUTTER DISH,939,4.37,4429.65,20.6,211
21544,SKULLS  WATER TRANSFER TATTOOS ,1872,16.28,1522.4,13.24,113
21547,CERAMIC BIRDHOUSE CRESTED TIT SMALL,72,4.24,212.4,12.49,16
21555,CERAMIC STRAWBERRY TRINKET TRAY,55,4.58,140.25,11.69,12
21556,CERAMIC STRAWBERRY MONEY BOX,396,8.61,941.4,20.47,46
21557,SET OF 6 FUNKY BEAKERS,300,5.77,854.04,16.42,51
21558,SKULL LUNCH BOX WITH CUTLERY ,1946,7.08,4624.8,16.82,265
21559,STRAWBERRY LUNCH BOX WITH CUTLERY,3716,8.48,8734.64,19.94,426
21561,DINOSAUR LUNCH BOX WITH CUTLERY,1227,7.3,2868.78,17.08,167
21562,HAWAIIAN GRASS SKIRT ,319,12.76,368.35,14.73,25
21563,RED HEART SHAPE LOVE BUCKET ,1358,10.13,2591.02,19.34,134
21564,PINK  HEART SHAPE LOVE BUCKET ,1016,9.86,1686.52,16.37,103
21576,LETS GO SHOPPING COTTON TOTE BAG,177,3.85,403.67,8.78,46
21577,SAVE THE PLANET COTTON TOTE BAG,549,4.73,1235.25,10.65,116
21578,WOODLAND DESIGN  COTTON TOTE BAG,586,6.98,1318.5,15.7,82
21579,LOLITA  DESIGN  COTTON TOTE BAG,154,4.53,346.5,10.19,32
21580,RABBIT  DESIGN  COTTON TOTE BAG,90,3.75,202.5,8.44,24
21581,SKULLS  DESIGN  COTTON TOTE BAG,165,4.12,371.25,9.28,40
21584,RETROSPOT SMALL TUBE MATCHES,1066,6.7,1754.9,11.04,146
21586,KINGS CHOICE GIANT TUBE MATCHES,731,11.08,1691.25,25.62,66
21587,COSY HOUR GIANT TUBE MATCHES,197,6.57,480.75,16.02,26
21588,RETROSPOT GIANT TUBE MATCHES,1497,10.85,3450.15,25.0,132
21591,COSY HOUR CIGAR BOX MATCHES ,1187,7.71,1456.39,9.46,143
21592,RETROSPOT CIGAR BOX MATCHES ,2151,9.56,2150.71,9.56,210
21609,SET 12 LAVENDER  BOTANICAL T-LIGHTS,761,10.15,2072.15,27.63,73
21613,S/12 VANILLA  BOTANICAL T-LIGHTS,221,5.82,632.75,16.65,38
21614,SET OF 12 ROSE BOTANICAL T-LIGHTS,48,6.86,141.6,20.23,7
21615,4 LAVENDER BOTANICAL DINNER CANDLES,840,8.08,1195.0,11.49,100
21616,4 PEAR BOTANICAL DINNER CANDLES,755,6.99,1093.75,10.13,104
21617,4 LILY  BOTANICAL DINNER CANDLES,473,5.91,851.75,10.65,76
21618,4 WILDFLOWER BOTANICAL CANDLES,303,5.22,473.75,8.17,51
21619,4 VANILLA BOTANICAL CANDLES,900,7.2,1252.5,10.02,121
21620,SET OF 4 ROSE BOTANICAL CANDLES,811,6.19,1211.25,9.25,124
21621,VINTAGE UNION JACK BUNTING,2004,5.02,16798.84,42.1,388
21622,VINTAGE UNION JACK CUSHION COVER,364,3.87,1785.0,18.99,92
21623,VINTAGE UNION JACK MEMOBOARD,735,3.64,6627.45,32.81,199
21624,VINTAGE UNION JACK DOORSTOP,204,2.4,1190.8,14.01,82
21625,VINTAGE UNION JACK APRON,307,2.6,2140.19,18.14,113
21626,VINTAGE UNION JACK PENNANT,742,9.76,1446.9,19.04,74
21627,ELEPHANT CARNIVAL POUFFE,38,1.58,568.1,23.67,24
21628,TRIANGULAR POUFFE VINTAGE ,44,2.59,620.4,36.49,16
21629,SQUARE FLOOR CUSHION VINTAGE RED,53,1.96,411.35,15.24,25
21630,FLOOR CUSHION ELEPHANT CARNIVAL,54,2.45,461.3,20.97,22
21631,HIPPY CHIC DECORATIVE PARASOL,155,9.69,761.85,47.62,16
21632,VINTAGE PINK DECORATIVE PARASOL,60,12.0,237.0,47.4,5
21633,SUNFLOWER DECORATIVE PARASOL,87,6.21,528.45,37.75,14
21634,ASSORTED MINI MADRAS NOTEBOOK,948,41.22,462.6,20.11,23
21635,MADRAS NOTEBOOK LARGE ,270,18.0,367.5,24.5,15
21636,MADRAS NOTEBOOK MEDIUM,917,11.76,703.95,9.02,71
21637,ASSORTED SANSKRIT MINI NOTEBOOK,109,18.17,136.25,22.71,6
21638,ASSORTED TUTTI FRUTTI NOTEBOOK,235,7.34,493.5,15.42,31
21640,ASSORTED TUTTI FRUTTI  FOB NOTEBOOK,541,10.21,447.37,8.44,46
21641,ASSORTED TUTTI FRUTTI KEYRING BALL,1102,47.91,367.98,16.0,23
21642,ASSORTED TUTTI FRUTTI PEN,2452,26.37,801.24,8.62,90
21643,ASSORTED TUTTI FRUTTI MIRROR,490,15.81,594.26,19.17,31
21644,ASSORTED TUTTI FRUTTI HEART BOX,215,6.32,268.75,7.9,32
21647,ASSORTED TUTTI FRUTTI LARGE PURSE,117,4.03,245.7,8.47,24
21648,ASSORTED TUTTI FRUTTI SMALL PURSE,654,19.82,790.14,23.94,31
21650,ASSORTED TUTTI FRUTTI BRACELET,2197,32.31,440.89,6.48,61
21651,HANGING GLASS ETCHED TEALIGHT,131,11.91,201.75,18.34,10
21654,RIDGED GLASS FINGER BOWL,946,18.92,432.54,8.65,47
21655,HANGING RIDGE GLASS T-LIGHT HOLDER,36,18.0,60.84,30.42,2
21656,RIDGED GLASS POSY VASE ,117,6.88,169.65,9.98,17
21657,MILK BOTTLE WITH GLASS STOPPER ,28,1.87,194.6,12.97,15
21658,GLASS  BEURRE DISH,773,5.95,2874.07,22.11,126
21661,VINTAGE GLASS TEA CADDY,3,1.0,17.85,5.95,3
21662,VINTAGE GLASS COFFEE CADDY,74,4.62,416.3,26.02,16
21664,RIDGED GLASS STORAGE JAR CREAM LID,97,5.11,346.47,18.24,17
21666,RIDGED GLASS T-LIGHT HOLDER,384,11.64,249.6,7.56,33
21667,GLASS CAKE COVER AND PLATE,2,2.0,29.9,29.9,1
21668,RED STRIPE CERAMIC DRAWER KNOB,5035,14.68,6224.03,18.15,333
21669,BLUE STRIPE CERAMIC DRAWER KNOB,4969,13.58,6284.25,17.17,351
21670,BLUE SPOT CERAMIC DRAWER KNOB,4004,13.53,5028.52,16.99,289
21671,RED SPOT CERAMIC DRAWER KNOB,4080,14.37,5042.4,17.75,279
21672,WHITE SPOT RED CERAMIC DRAWER KNOB,4564,14.49,5618.04,17.84,307
21673,WHITE SPOT BLUE CERAMIC DRAWER KNOB,3994,14.01,4960.5,17.41,276
21675,BUTTERFLIES STICKERS,525,10.1,447.81,8.61,51
21676,FLOWERS  STICKERS,211,6.59,191.05,5.97,32
21677,HEARTS  STICKERS,766,9.57,655.0,8.19,80
21678,PAISLEY PATTERN  STICKERS,104,6.5,88.4,5.52,16
21679,SKULLS  STICKERS,1054,12.11,891.22,10.24,87
21680,WOODLAND  STICKERS,804,15.17,683.4,12.89,53
21681,GIANT MEDINA STAMPED METAL BOWL ,2,1.0,19.9,9.95,2
21682,LARGE MEDINA STAMPED METAL BOWL ,177,3.54,881.16,17.62,50
21683,MEDIUM MEDINA STAMPED METAL BOWL ,297,6.19,876.15,18.25,48
21684,SMALL MEDINA STAMPED METAL BOWL ,764,20.65,575.41,15.55,36
21686,MEDINA STAMPED METAL STOOL,33,1.83,1268.35,70.46,18
21688,SILVER PLATE CANDLE BOWL SMALL,316,8.1,932.2,23.9,39
21689,SILVER VANILLA  FLOWER CANDLE POT,92,4.0,345.0,15.0,23
21690,SILVER  CANDLEPOT JARDIN ,24,2.67,90.0,10.0,7
21692,SILVER LATTICE VANILLA CANDLE POT,17,2.12,63.75,7.97,7
21693,SMALL HAMMERED SILVER CANDLEPOT ,358,7.96,1056.1,23.47,43
21694,SMALL REGAL  SILVER CANDLEPOT ,303,15.15,817.05,40.85,20
21695,SMALL SILVER FLOWER CANDLE POT,283,7.86,834.85,23.19,35
21696,SMALL SILVER TRELLIS CANDLEPOT,226,7.53,666.7,22.22,29
21698,MOCK LOBSTER FRIDGE MAGNET,266,12.09,116.62,5.3,22
21700,BIG DOUGHNUT FRIDGE MAGNETS,1266,14.55,1076.1,12.37,85
21703,BAG 125g SWIRLY MARBLES,9272,37.54,3431.35,13.89,243
21704,BAG 250g SWIRLY MARBLES,5004,25.27,3856.38,19.48,197
21705,BAG 500g SWIRLY MARBLES,1377,12.29,1299.21,11.6,110
21706,FOLDING UMBRELLA RED/WHITE POLKADOT,229,3.32,1134.58,16.44,68
21707,FOLDING UMBRELLA BLACKBLUE POLKADOT,120,2.55,601.22,12.79,47
21708,FOLDING UMBRELLA CREAM POLKADOT,139,4.21,682.45,20.68,32
21709,FOLDING UMBRELLA CHOCOLATE POLKADOT,87,2.81,430.06,13.87,31
21710,FOLDING UMBRELLA PINKWHITE POLKADOT,84,2.71,412.41,13.3,31
21711,FOLDING UMBRELLA WHITE/RED POLKADOT,86,3.74,420.1,18.27,23
21713,CITRONELLA CANDLE FLOWERPOT,701,5.39,1448.1,11.14,125
21714,CITRONELLA CANDLE GARDEN POT,1085,8.54,1356.25,10.68,126
21715,GIRLS VINTAGE TIN SEASIDE BUCKET,1141,8.21,2736.75,19.69,138
21716,BOYS VINTAGE TIN SEASIDE BUCKET,1206,8.68,2921.72,21.02,137
21717,EASTER TIN BUCKET,405,10.66,931.95,24.52,38
21718,RED METAL BEACH SPADE ,1289,8.89,1613.67,11.13,143
21719,LOVELY BONBON STICKER SHEET,301,8.6,255.85,7.31,34
21720,CAKE SHOP  STICKER SHEET,57,7.12,48.45,6.06,8
21721,CANDY SHOP  STICKER SHEET,175,7.95,148.75,6.76,20
21722,SWEET PUDDING STICKER SHEET,65,4.33,55.25,3.68,15
21723,ALPHABET HEARTS STICKER SHEET,371,9.28,315.35,7.88,38
21724,PANDA AND BUNNIES STICKER SHEET,372,6.53,316.2,5.55,57
21725,SWEETIES  STICKERS,274,8.56,232.9,7.28,32
21726,MULTI HEARTS  STICKERS,231,6.42,196.35,5.45,36
21730,GLASS STAR FROSTED T-LIGHT HOLDER,498,4.15,2324.14,19.37,119
21731,RED TOADSTOOL LED NIGHT LIGHT,12871,24.06,19844.91,37.09,522
21733,RED HANGING HEART T-LIGHT HOLDER,6131,8.85,17366.61,25.06,676
21735,TWO DOOR CURIO CABINET,210,2.56,2551.95,31.12,82
21736,GOLD SCROLL GLASS T-LIGHT HOLDER,80,13.33,137.22,22.87,5
21738,COSY SLIPPER SHOES SMALL  RED ,45,2.05,132.75,6.03,18
21739,COSY SLIPPER SHOES SMALL GREEN,143,2.86,417.44,8.35,48
21741,COSY SLIPPER SHOES LARGE GREEN,131,4.68,386.45,13.8,28
21742,LARGE ROUND WICKER PLATTER ,193,2.1,1148.35,12.48,89
21743,STAR PORTABLE TABLE LIGHT ,275,8.59,753.65,23.55,31
21744,SNOWFLAKE PORTABLE TABLE LIGHT ,367,4.37,1128.09,13.43,80
21745,GAOLERS KEYS DECORATIVE GARDEN ,929,4.44,3412.19,16.33,205
21746,SMALL RED RETROSPOT WINDMILL,2974,15.9,3521.7,18.83,185
21747,SMALL SKULL WINDMILL,437,10.4,527.53,12.56,42
21749,LARGE RED RETROSPOT WINDMILL,1900,17.76,3645.0,34.07,107
21750,LARGE SKULL WINDMILL,78,4.59,163.8,9.64,16
21754,HOME BUILDING BLOCK WORD,2654,3.74,15630.96,22.02,691
21755,LOVE BUILDING BLOCK WORD,1946,3.36,11535.56,19.89,555
21756,BATH BUILDING BLOCK WORD,792,3.09,4727.83,18.47,242
21757,LIGHTHOUSE PRINTED METAL SIGN,6,2.0,29.7,9.9,3
21758,VINTAGE SHELLS PRINT,32,2.29,202.4,14.46,14
21761,WOOD AND GLASS MEDICINE CABINET,10,1.0,299.5,29.95,10
21763,VINTAGE WOODEN BAR STOOL,6,1.5,169.75,42.44,4
21769,VINTAGE POST OFFICE CABINET,11,5.5,607.65,303.83,2
21770,OPEN CLOSED METAL SIGN,1157,3.37,5526.36,16.11,340
21773,DECORATIVE ROSE BATHROOM BOTTLE,920,15.59,693.52,11.75,59
21774,DECORATIVE CATS BATHROOM BOTTLE,835,16.06,647.03,12.44,52
21775,DECORATIVE FLORE BATHROOM BOTTLE,283,6.9,313.91,7.66,41
21777,RECIPE BOX WITH METAL HEART,7,2.33,55.65,18.55,3
21781,MA CAMPAGNE CUTLERY BOX,138,1.68,2012.5,24.54,81
21784,SHOE SHINE BOX ,51,1.34,507.45,13.35,38
21785,RAIN PONCHO ,411,82.2,267.95,53.59,4
21786,POLKADOT RAIN HAT ,1589,16.55,631.15,6.57,88
21787,RAIN PONCHO RETROSPOT,6967,37.66,5444.83,29.43,179
21788,KIDS RAIN MAC BLUE,1203,17.43,936.93,13.58,66
21789,KIDS RAIN MAC PINK,799,11.25,675.13,9.51,67
21790,VINTAGE SNAP CARDS,13336,18.12,10447.42,14.19,722
21791,VINTAGE HEADS AND TAILS CARD GAME ,7143,14.55,8531.41,17.38,485
21792,CLASSIC FRENCH STYLE BASKET GREEN ,331,4.73,1388.65,19.84,70
21793,CLASSIC FRENCH STYLE BASKET BROWN,296,4.42,1240.44,18.51,66
21794,CLASSIC FRENCH STYLE BASKET NATURAL,501,5.39,2064.47,22.2,93
21801,CHRISTMAS TREE DECORATION WITH BELL,457,20.77,191.94,8.72,22
21802,CHRISTMAS TREE HEART DECORATION,1000,20.41,420.0,8.57,46
21803,CHRISTMAS TREE STAR DECORATION,1138,22.31,477.96,9.37,49
21804,WHITE CHRISTMAS GARLAND STARS TREES,178,4.34,656.7,16.02,40
21807,WHITE CHRISTMAS STAR DECORATION,415,13.83,174.3,5.81,25
21808,"CHRISTMAS GARLAND STARS,TREES",100,4.55,370.0,16.82,21
21809,CHRISTMAS HANGING TREE WITH BELL,1859,20.43,995.3,10.94,85
21810,CHRISTMAS HANGING STAR WITH BELL,5305,28.07,2443.07,12.93,173
21811,CHRISTMAS HANGING HEART WITH BELL,4332,25.94,2181.58,13.06,155
21812,GARLAND WITH HEARTS AND BELLS,218,5.07,1037.1,24.12,42
21813,GARLAND WITH STARS AND BELLS,250,6.1,1187.1,28.95,40
21814,HEART T-LIGHT HOLDER ,75,5.0,108.75,7.25,12
21815,STAR  T-LIGHT HOLDER ,132,6.6,191.4,9.57,18
21816,CHRISTMAS TREE T-LIGHT HOLDER,34,3.78,49.3,5.48,7
21817,GLITTER CHRISTMAS TREE,908,14.89,408.86,6.7,54
21818,GLITTER CHRISTMAS HEART ,2699,16.46,1281.13,7.81,147
21819,GLITTER CHRISTMAS STAR ,2465,19.11,1054.63,8.18,118
21820,GLITTER HEART GARLAND WITH BELLS ,291,4.62,1079.84,17.14,58
21821,GLITTER STAR GARLAND WITH BELLS ,223,5.44,825.45,20.13,40
21822,GLITTER CHRISTMAS TREE WITH BELLS,615,9.18,567.79,8.47,58
21823,PAINTED METAL HEART WITH HOLLY BELL,1196,15.53,687.98,8.93,69
21824,PAINTED METAL STAR WITH HOLLY BELLS,1450,18.83,698.0,9.06,73
21826,EIGHT PIECE DINOSAUR SET,93,4.43,116.25,5.54,18
21827,EIGHT PIECE CREEPY CRAWLIE SET,6,2.0,7.5,2.5,3
21828,EIGHT PIECE SNAKE  SET,314,4.42,392.5,5.53,68
21829,DINOSAUR KEYRINGS ASSORTED,6462,47.87,1332.93,9.87,131
21830,ASSORTED CREEPY CRAWLIES,2599,28.25,1093.63,11.89,88
21832,CHOCOLATE CALCULATOR,785,6.43,1306.73,10.71,115
21833,CAMOUFLAGE LED TORCH,2628,21.9,4278.12,35.65,120
21836,GINGHAM OVEN GLOVE RED HEART ,3,1.5,11.25,5.62,2
21839,MUMMY MOUSE RED GINGHAM RIBBON,1,1.0,5.45,5.45,1
21841,BABY MOUSE RED GINGHAM DRESS,73,3.32,310.25,14.1,20
21843,RED RETROSPOT CAKE STAND,1593,3.77,15564.55,36.88,420
21844,RED RETROSPOT MUG,1814,13.34,4972.1,36.56,134
21845,DAIRY MAID STRIPE MUG,1907,22.98,1721.09,20.74,82
21846,PINK DIAMANTE PEN IN GIFT BOX,72,3.0,365.62,15.23,24
21847,GREEN  DIAMANTE PEN IN GIFT BOX,9,1.8,44.55,8.91,5
21849,SILVER DIAMANTE PEN IN GIFT BOX,52,2.08,260.74,10.43,22
21850,BLUE  DIAMANTE PEN IN GIFT BOX,61,2.77,276.75,12.58,21
21851,LILAC DIAMANTE PEN IN GIFT BOX,26,1.73,138.72,9.25,15
21864,UNION JACK FLAG PASSPORT COVER ,610,6.16,1192.44,12.04,96
21865,PINK UNION JACK  PASSPORT COVER ,223,3.1,463.38,6.44,68
21866,UNION JACK FLAG LUGGAGE TAG,537,4.88,670.46,6.1,106
21867,PINK UNION JACK  LUGGAGE TAG,266,3.02,336.27,3.82,75
21868,POTTING SHED TEA MUG,2346,9.98,2926.98,12.46,232
21870,I CAN ONLY PLEASE ONE PERSON MUG,1357,9.62,1668.89,11.84,137
21871,SAVE THE PLANET MUG,5265,19.15,6151.78,22.37,270
21872,GLAMOROUS  MUG,1269,10.23,1370.73,11.05,119
21873,IF YOU CAN'T STAND THE HEAT MUG,962,10.69,828.82,9.21,87
21874,GIN AND TONIC MUG,2108,10.81,2623.24,13.45,193
21875,KINGS CHOICE MUG,2000,17.86,2249.56,20.09,111
21876,POTTERING MUG,2924,14.69,3135.24,15.75,196
21877,HOME SWEET HOME MUG,3895,13.11,4906.91,16.52,291
21878,PACK OF 6 SANDCASTLE FLAGS ASSORTED,2397,15.27,1973.75,12.57,152
21879,HEARTS GIFT TAPE,1027,17.41,303.23,5.14,57
21880,RED RETROSPOT TAPE,1458,14.58,668.94,6.69,99
21881,CUTE CATS TAPE,975,21.67,315.55,7.01,45
21882,SKULLS TAPE,600,14.63,191.28,4.67,38
21883,STARS GIFT TAPE ,1368,14.71,581.06,6.25,93
21884,CAKES AND BOWS GIFT  TAPE,1017,23.11,318.81,7.25,44
21888,BINGO SET,1553,5.51,5725.71,20.3,280
21889,WOODEN BOX OF DOMINOES,5778,12.4,7215.95,15.48,449
21890,S/6 WOODEN SKITTLES IN COTTON BAG,1075,5.97,3262.51,18.13,173
21891,TRADITIONAL WOODEN SKIPPING ROPE,7199,20.17,9119.47,25.54,339
21892,TRADITIONAL WOODEN CATCH CUP GAME ,2914,9.55,3656.75,11.99,295
21894,POTTING SHED SEED ENVELOPES,476,6.35,610.73,8.14,71
21895,POTTING SHED SOW 'N' GROW SET,1,1.0,4.25,4.25,1
21896,POTTING SHED TWINE,517,5.68,1121.7,12.33,88
21897,POTTING SHED CANDLE CITRONELLA,60,60.0,153.0,153.0,1
21898,POTTING SHED ROSE CANDLE,67,11.17,209.65,34.94,6
21899,"KEY FOB , GARAGE DESIGN",2605,11.63,1633.07,7.29,218
21900,"KEY FOB , SHED",3087,11.43,1963.03,7.27,265
21901,"KEY FOB , BACK DOOR ",1746,7.16,1142.86,4.68,234
21902,"KEY FOB , FRONT  DOOR ",1915,11.47,1176.73,7.05,161
21903,MAN FLU METAL SIGN,1129,7.28,2360.58,15.23,153
21904,HOUSE WRECKING METAL SIGN ,51,2.04,107.1,4.28,23
21905,MORE BUTTER METAL SIGN ,685,6.17,707.41,6.37,110
21906,PHARMACIE FIRST AID TIN,483,5.08,3220.81,33.9,94
21907,I'M ON HOLIDAY METAL SIGN,2294,6.91,4761.55,14.34,329
21908,CHOCOLATE THIS WAY METAL SIGN,3635,9.54,7208.52,18.92,374
21910,WAY OUT METAL SIGN ,36,4.5,59.4,7.43,8
21911,GARDEN METAL SIGN ,105,5.25,173.25,8.66,20
21912,VINTAGE SNAKES & LADDERS,1575,5.81,5523.53,20.38,268
21913,VINTAGE SEASIDE JIGSAW PUZZLES,305,3.43,1142.53,12.84,89
21914,BLUE HARMONICA IN BOX ,7434,14.11,9222.63,17.5,517
21915,RED  HARMONICA IN BOX ,13975,24.87,16373.93,29.14,556
21916,SET 12 RETRO WHITE CHALK STICKS,4363,17.11,1771.54,6.95,248
21917,SET 12 KIDS  WHITE CHALK STICKS,4095,21.67,1653.24,8.75,186
21918,SET 12 KIDS COLOUR  CHALK STICKS,7013,24.52,2814.7,9.84,282
21922,UNION STRIPE WITH FRINGE  HAMMOCK,759,4.49,5682.09,33.62,167
21925,UNION STRIPE CUSHION COVER ,403,6.11,503.75,7.63,65
21926,RED/CREAM STRIPE CUSHION COVER ,414,6.9,509.9,8.5,60
21927,BLUE/CREAM STRIPE CUSHION COVER ,622,6.28,769.9,7.78,98
21928,JUMBO BAG SCANDINAVIAN PAISLEY,9704,17.68,18063.62,32.9,542
21929,JUMBO BAG PINK VINTAGE PAISLEY,9889,16.32,18429.98,30.41,602
21930,JUMBO STORAGE BAG SKULLS,5706,11.86,10890.79,22.64,471
21931,JUMBO STORAGE BAG SUKI,11516,14.71,21790.95,27.83,774
21932,SCANDINAVIAN PAISLEY PICNIC BAG,2467,7.54,4363.66,13.34,319
21933,PINK VINTAGE PAISLEY PICNIC BAG,2410,8.2,4295.86,14.61,283
21934,SKULL SHOULDER BAG,1288,9.01,2081.2,14.55,143
21935,SUKI  SHOULDER BAG,1763,8.6,2824.37,13.78,204
21936,RED RETROSPOT PICNIC BAG,3758,9.69,10371.66,26.73,385
21937,STRAWBERRY   PICNIC BAG,1591,7.65,4433.45,21.31,206
21942,SKULLS DESIGN FLANNEL,161,7.0,134.55,5.85,23
21943,CAKES AND RABBITS DESIGN FLANNEL ,57,5.7,48.45,4.84,10
21944,KITTENS DESIGN FLANNEL,232,6.82,177.88,5.23,33
21945,STRAWBERRIES  DESIGN FLANNEL ,225,7.5,190.79,6.36,29
21946,PARTY TIME DESIGN FLANNEL,72,6.55,58.9,5.35,11
21947,SET OF 6 HEART CHOPSTICKS,596,6.77,743.98,8.45,82
21948,SET OF 6 CAKE CHOPSTICKS,418,7.46,543.07,9.7,54
21949,SET OF 6 STRAWBERRY CHOPSTICKS,613,10.39,725.49,12.3,59
21955,DOORMAT UNION JACK GUNS AND ROSES,659,4.22,4345.61,27.86,153
21967,PACK OF 12 SKULL TISSUES,5166,28.7,1506.24,8.37,173
21972,SET OF 36 DINOSAUR PAPER DOILIES,292,7.49,423.4,10.86,39
21973,SET OF 36 MUSHROOM PAPER DOILIES,159,5.3,230.55,7.68,30
21974,SET OF 36 PAISLEY FLOWER DOILIES,2036,8.89,2942.51,12.85,229
21975,PACK OF 60 DINOSAUR CAKE CASES,12134,21.44,5934.68,10.49,529
21976,PACK OF 60 MUSHROOM CAKE CASES,4967,17.19,2513.13,8.7,276
21977,PACK OF 60 PINK PAISLEY CAKE CASES,21564,31.48,10495.7,15.32,668
21980,PACK OF 12 RED RETROSPOT TISSUES ,6523,25.88,2003.31,7.95,250
21981,PACK OF 12 WOODLAND TISSUES ,5295,27.15,1512.93,7.76,190
21982,PACK OF 12 SUKI TISSUES ,7346,27.11,2083.58,7.69,259
21983,PACK OF 12 BLUE PAISLEY TISSUES ,2223,17.93,712.73,5.75,124
21984,PACK OF 12 PINK PAISLEY TISSUES ,3309,20.43,1003.95,6.2,157
21985,PACK OF 12 HEARTS DESIGN TISSUES ,8569,23.74,2550.29,7.06,354
21986,PACK OF 12 PINK POLKADOT TISSUES,3985,25.38,1129.79,7.2,155
21987,PACK OF 6 SKULL PAPER CUPS,2050,13.49,1254.74,8.25,147
21988,PACK OF 6 SKULL PAPER PLATES,2194,14.72,1663.3,11.16,147
21989,PACK OF 20 SKULL PAPER NAPKINS,2068,9.8,1675.24,7.94,205
21990,MODERN FLORAL STATIONERY SET,1219,6.55,1745.05,9.38,177
21991,BOHEMIAN COLLAGE STATIONERY SET,471,4.57,675.53,6.56,102
21992,VINTAGE PAISLEY STATIONERY SET,1163,5.38,1658.69,7.68,199
21993,FLORAL FOLK STATIONERY SET,1366,6.44,1934.85,9.13,205
22021,BLUE FELT EASTER EGG BASKET,350,5.3,577.5,8.75,64
22023,EMPIRE BIRTHDAY CARD,1143,13.29,481.29,5.6,84
22024,RAINY LADIES BIRTHDAY CARD,2304,17.59,928.99,7.09,129
22025,RING OF ROSES BIRTHDAY CARD,1776,19.96,707.04,7.94,87
22026,BANQUET BIRTHDAY  CARD  ,1572,15.56,647.28,6.41,100
22027,TEA PARTY BIRTHDAY CARD,4165,15.72,1702.79,6.43,262
22028,PENNY FARTHING BIRTHDAY CARD,2915,15.59,1203.49,6.44,185
22029,SPACEBOY BIRTHDAY CARD,7858,19.79,3130.22,7.88,394
22030,SWALLOWS GREETING CARD,5361,21.88,2130.63,8.7,242
22031,BOTANICAL LAVENDER BIRTHDAY CARD,363,11.34,158.61,4.96,32
22032,BOTANICAL LILY GREETING CARD,361,11.65,151.62,4.89,31
22033,BOTANICAL ROSE GREETING CARD,336,16.0,141.12,6.72,21
22034,ROBIN CHRISTMAS CARD,3,3.0,1.26,1.26,1
22035,VINTAGE CARAVAN GREETING CARD ,1406,15.98,574.06,6.52,87
22037,ROBOT BIRTHDAY CARD,3795,14.48,1573.12,6.0,257
22038,BOTANICAL LAVENDER GIFT WRAP ,475,25.0,199.5,10.5,19
22039,BOTANICAL LILY GIFT WRAP,250,35.71,105.0,15.0,7
22040,BOTANICAL ROSE GIFT WRAP,725,25.89,304.5,10.88,28
22041,"RECORD FRAME 7"" SINGLE SIZE ",3812,19.16,8450.82,42.47,196
22042,CHRISTMAS CARD SINGING ANGEL,372,14.31,156.24,6.01,25
22043,CHRISTMAS CARD SCREEN PRINT ,1188,27.63,283.32,6.59,43
22044,CHRISTMAS CARD STACK OF PRESENTS,816,22.67,196.44,5.46,36
22045,SPACEBOY GIFT WRAP,6502,31.41,2662.84,12.86,206
22046,TEA PARTY  WRAPPING PAPER ,2250,30.0,929.0,12.39,75
22047,EMPIRE GIFT WRAP,3400,31.78,1384.0,12.93,105
22048,BIRTHDAY BANQUET GIFT WRAP,975,30.47,393.5,12.3,32
22049,WRAP CHRISTMAS SCREEN PRINT,1025,32.03,275.25,8.6,31
22050,PINK PAISLEY ROSE GIFT WRAP,1225,30.62,498.5,12.46,40
22051,BLUE SCANDINAVIAN PAISLEY WRAP,1000,25.0,420.0,10.5,39
22052,VINTAGE CARAVAN GIFT WRAP,571,24.83,239.82,10.43,23
22053,EMPIRE DESIGN ROSETTE,330,13.2,393.5,15.74,25
22055,MINI CAKE STAND  HANGING STRAWBERY,1248,8.43,1665.08,11.25,142
22057,CERAMIC PLATE STRAWBERRY DESIGN,578,10.32,648.18,11.57,56
22059,CERAMIC STRAWBERRY DESIGN MUG,1749,11.43,1973.17,12.9,142
22060,LARGE CAKE STAND HANGING HEARTS,233,6.3,1118.95,30.24,34
22061,LARGE CAKE STAND  HANGING STRAWBERY,565,4.35,3864.63,29.73,129
22062,CERAMIC BOWL WITH LOVE HEART DESIGN,559,9.16,603.89,9.9,52
22063,CERAMIC BOWL WITH STRAWBERRY DESIGN,544,6.11,1127.2,12.67,81
22064,PINK DOUGHNUT TRINKET POT ,1608,9.29,2142.6,12.38,164
22065,CHRISTMAS PUDDING TRINKET POT ,6440,35.98,2892.02,16.16,164
22066,LOVE HEART TRINKET POT,2248,16.06,1035.38,7.4,131
22067,CHOC TRUFFLE GOLD TRINKET POT ,389,7.63,569.13,11.16,48
22068,BLACK PIRATE TREASURE CHEST,437,5.14,509.37,5.99,81
22069,BROWN  PIRATE TREASURE CHEST ,220,5.64,240.78,6.17,37
22070,SMALL RED RETROSPOT MUG IN BOX ,874,10.16,2034.43,23.66,84
22071,SMALL WHITE RETROSPOT MUG IN BOX ,711,9.48,1298.79,17.32,72
22072,RED RETROSPOT TEA CUP AND SAUCER ,813,5.49,2539.19,17.16,139
22073,RED RETROSPOT STORAGE JAR,300,6.12,1074.6,21.93,45
22074,6 RIBBONS SHIMMERING PINKS ,1001,13.0,774.59,10.06,75
22075,6 RIBBONS ELEGANT CHRISTMAS ,1565,12.52,2019.23,16.15,120
22076,6 RIBBONS EMPIRE  ,1035,9.08,1304.37,11.44,113
22077,6 RIBBONS RUSTIC CHARM,8605,11.46,14988.59,19.96,726
22078,RIBBON REEL LACE DESIGN ,1300,8.55,2610.0,17.17,143
22079,RIBBON REEL HEARTS DESIGN ,1715,7.36,2831.99,12.15,225
22080,RIBBON REEL POLKADOTS ,1182,9.02,1902.3,14.52,126
22081,RIBBON REEL FLORA + FAUNA ,595,6.54,994.87,10.93,89
22082,RIBBON REEL STRIPES DESIGN ,2558,7.27,4208.78,11.96,334
22083,PAPER CHAIN KIT RETROSPOT,4307,9.61,12043.21,26.88,444
22084,PAPER CHAIN KIT EMPIRE,4893,12.78,13435.15,35.08,374
22085,PAPER CHAIN KIT SKULLS ,507,6.85,1415.65,19.13,73
22086,PAPER CHAIN KIT 50'S CHRISTMAS ,13985,13.75,38499.23,37.86,978
22087,PAPER BUNTING WHITE LACE,3779,14.26,10264.05,38.73,257
22088,PAPER BUNTING COLOURED LACE,1698,9.93,4683.1,27.39,169
22089,PAPER BUNTING VINTAGE PAISLEY,1190,6.5,3398.5,18.57,180
22090,PAPER BUNTING RETROSPOT,6879,12.01,18791.89,32.8,567
22091,EMPIRE TISSUE BOX,1945,14.41,922.79,6.84,130
22092,BLUE PAISLEY TISSUE BOX,668,7.42,312.34,3.47,88
22093,MOTORING TISSUE BOX,1828,11.42,806.76,5.04,153
22094,RED RETROSPOT TISSUE BOX,2087,13.55,933.24,6.06,145
22095,LADS ONLY TISSUE BOX,1578,13.84,1432.04,12.56,102
22096,PINK PAISLEY SQUARE TISSUE BOX ,1364,11.56,564.48,4.78,109
22097,SWALLOW SQUARE TISSUE BOX,1591,10.47,692.73,4.56,132
22098,BOUDOIR SQUARE TISSUE BOX,1957,12.96,911.72,6.04,143
22099,CARAVAN SQUARE TISSUE BOX,1405,10.56,707.63,5.32,122
22100,SKULLS SQUARE TISSUE BOX,729,18.23,305.81,7.65,38
22101,MIRROR MOSAIC VOTIVE HOLDER,837,34.88,631.62,26.32,24
22102,MIRROR MOSAIC T-LIGHT HOLDER ,1533,85.17,715.05,39.72,18
22103,MIRROR MOSAIC T-LIGHT HOLDER ROUND,1165,68.53,714.09,42.01,15
22104,MIRROR MOSAIC CANDLE PLATE,151,12.58,120.07,10.01,12
22105,MIRROR MOSAIC GOBLET CANDLE HOLDER,506,50.6,566.5,56.65,10
22106,MIRROR MOSAIC HURRICANE LAMP ,286,23.83,584.9,48.74,12
22107,PIZZA PLATE IN BOX,293,3.96,967.48,13.07,69
22108,PING! MICROWAVE PLATE,101,3.61,246.53,8.8,28
22109,FULL ENGLISH BREAKFAST PLATE,1383,8.48,4993.05,30.63,158
22110,BIRD HOUSE HOT WATER BOTTLE,618,3.79,1564.61,9.6,154
22111,SCOTTIE DOG HOT WATER BOTTLE,3763,5.62,17574.75,26.23,655
22112,CHOCOLATE HOT WATER BOTTLE,5160,7.23,23624.24,33.09,700
22113,GREY HEART HOT WATER BOTTLE,3156,5.84,12191.15,22.58,511
22114,HOT WATER BOTTLE TEA AND SYMPATHY,3448,6.64,13946.42,26.87,513
22115,METAL SIGN EMPIRE TEA,1495,8.08,1706.81,9.23,183
22116,METAL SIGN HIS DINNER IS SERVED,505,5.61,493.39,5.48,90
22117,METAL SIGN HER DINNER IS SERVED ,790,11.13,2202.5,31.02,71
22118,JOY WOODEN BLOCK LETTERS,219,2.74,748.83,9.36,78
22119,PEACE WOODEN BLOCK LETTERS,348,3.16,1731.36,15.74,103
22120,WELCOME  WOODEN BLOCK LETTERS,505,2.97,4856.52,28.57,167
22121,NOEL WOODEN BLOCK LETTERS ,333,2.87,1930.89,16.65,114
22123,PING MICROWAVE APRON,443,5.99,794.39,10.74,72
22124,SET OF 2 TEA TOWELS PING MICROWAVE,79,3.29,130.37,5.43,23
22125,UNION JACK HOT WATER BOTTLE ,4,4.0,23.8,23.8,1
22127,PARTY CONES CARNIVAL ASSORTED,402,19.14,479.7,22.84,20
22128,PARTY CONES CANDY ASSORTED,1729,24.01,2042.69,28.37,72
22129,PARTY CONES CANDY TREE DECORATION,992,26.81,790.56,21.37,36
22130,PARTY CONE CHRISTMAS DECORATION ,1505,16.54,1260.53,13.85,88
22131,FOOD CONTAINER SET 3 LOVE HEART ,1890,9.95,3370.42,17.74,180
22132,RED LOVE HEART SHAPE CUP,935,11.27,772.91,9.31,83
22133,PINK LOVE HEART SHAPE CUP,702,11.7,585.78,9.76,60
22134,LADLE LOVE HEART RED ,637,11.18,255.18,4.48,55
22135,LADLE LOVE HEART PINK,262,5.35,114.96,2.35,48
22136,LOVE HEART SOCK HANGER,334,6.3,531.9,10.04,50
22137,BATHROOM SET LOVE HEART DESIGN,68,6.18,191.0,17.36,11
22138,BAKING SET 9 PIECE RETROSPOT ,4381,5.06,20885.95,24.12,853
22139,RETROSPOT TEA SET CERAMIC 11 PC ,4248,5.1,20470.78,24.57,823
22141,CHRISTMAS CRAFT TREE TOP ANGEL,2448,6.8,5025.58,13.96,348
22142,CHRISTMAS CRAFT WHITE FAIRY ,3073,9.23,4339.29,13.03,321
22144,CHRISTMAS CRAFT LITTLE FRIENDS,3468,7.94,7128.1,16.31,421
22145,CHRISTMAS CRAFT HEART STOCKING ,30,30.0,63.0,63.0,1
22146,EASTER CRAFT IVY WREATH WITH CHICK,1,1.0,1.95,1.95,1
22147,FELTCRAFT BUTTERFLY HEARTS,4447,9.86,6214.55,13.78,434
22148,EASTER CRAFT 4 CHICKS ,1819,11.02,3367.05,20.41,159
22149,FELTCRAFT 6 FLOWER FRIENDS,4690,9.96,9346.39,19.84,459
22150,3 STRIPEY MICE FELTCRAFT,2923,7.08,5478.05,13.26,402
22151,PLACE SETTING WHITE HEART,14877,50.09,5922.27,19.94,289
22152,PLACE SETTING WHITE STAR,2351,23.99,967.55,9.87,93
22153,ANGEL DECORATION STARS ON DRESS,2459,26.44,1012.62,10.89,86
22154,ANGEL DECORATION 3 BUTTONS ,3532,29.93,1457.52,12.35,111
22155,STAR DECORATION RUSTIC,2203,23.44,925.26,9.84,85
22156,HEART DECORATION WITH PEARLS ,1875,11.79,1588.16,9.99,152
22157,ANGEL DECORATION WITH LACE PADDED,212,19.27,180.2,16.38,11
22158,3 HEARTS HANGING DECORATION RUSTIC,2895,10.72,8161.21,30.23,261
22161,HEART DECORATION RUSTIC HANGING ,4143,23.67,857.33,4.9,153
22162,HEART GARLAND RUSTIC PADDED,106,3.79,312.7,11.17,27
22163,HEART STRING MEMO HOLDER HANGING,626,12.27,580.94,11.39,49
22164,STRING OF STARS CARD HOLDER,71,5.92,209.45,17.45,12
22165,"DIAMANTE HEART SHAPED WALL MIRROR, ",267,7.03,1490.65,39.23,38
22166,WALL MIRROR RECTANGLE DIAMANTE PINK,122,7.62,489.9,30.62,16
22167, OVAL WALL MIRROR DIAMANTE ,121,2.05,1059.95,17.97,58
22168,ORGANISER WOOD ANTIQUE WHITE ,139,1.85,1171.3,15.62,75
22169,FAMILY ALBUM WHITE PICTURE FRAME,1075,3.75,8416.64,29.33,286
22170,PICTURE FRAME WOOD TRIPLE PORTRAIT,1023,4.55,6378.15,28.35,225
22171,3 HOOK PHOTO SHELF ANTIQUE WHITE,1315,4.3,9895.34,32.34,302
22173,METAL 4 HOOK HANGER FRENCH CHATEAU,2151,6.29,6273.29,18.34,337
22174,PHOTO CUBE,2688,15.1,4032.56,22.65,169
22175,PINK OWL SOFT TOY,841,5.96,2384.95,16.91,139
22176,BLUE OWL SOFT TOY,489,4.84,1423.35,14.09,98
22178,VICTORIAN GLASS HANGING T-LIGHT,22433,27.19,28776.51,34.88,815
22179,SET 10 LIGHTS NIGHT OWL,796,4.37,5110.74,28.08,178
22180,RETROSPOT LAMP,303,2.3,2962.65,22.44,131
22181,SNOWSTORM PHOTO FRAME FRIDGE MAGNET,577,12.54,477.97,10.39,46
22182,CAKE STAND VICTORIAN FILIGREE SMALL,206,5.42,723.7,19.04,36
22183,CAKE STAND VICTORIAN FILIGREE MED,74,4.35,466.95,27.47,17
22184,CAKE STAND VICTORIAN FILIGREE LARGE,8,2.0,68.0,17.0,4
22185,SLATE TILE NATURAL HANGING,1428,10.98,2029.7,15.61,126
22186,RED STAR CARD HOLDER,801,6.73,1723.79,14.49,118
22187,GREEN CHRISTMAS TREE CARD HOLDER,1183,8.05,2562.27,17.43,145
22188,BLACK HEART CARD HOLDER,2864,17.36,7688.1,46.59,164
22189,CREAM HEART CARD HOLDER,4451,9.83,13717.01,30.28,446
22190,LOCAL CAFE MUG,566,10.88,785.13,15.1,52
22191,IVORY DINER WALL CLOCK,1078,2.7,8925.0,22.31,390
22192,BLUE DINER WALL CLOCK,907,2.68,7528.93,22.27,338
22193,RED DINER WALL CLOCK,1352,3.23,11074.39,26.43,416
22194,BLACK DINER WALL CLOCK,53,1.61,450.5,13.65,33
22195,LARGE HEART MEASURING SPOONS,1699,7.45,2841.87,12.46,220
22196,SMALL HEART MEASURING SPOONS,2385,9.21,2013.73,7.78,247
22197,SMALL POPCORN HOLDER,39491,37.12,30248.19,28.43,1031
22198,LARGE POPCORN HOLDER ,873,16.47,1370.45,25.86,53
22199,FRYING PAN RED RETROSPOT,384,3.88,1328.5,13.42,98
22200,FRYING PAN PINK POLKADOT,326,4.23,1209.54,15.71,76
22201,FRYING PAN BLUE POLKADOT,108,2.7,366.0,9.15,40
22202,MILK PAN PINK POLKADOT,39,2.29,146.25,8.6,17
22203,MILK PAN RED RETROSPOT,310,3.41,996.13,10.95,91
22204,MILK PAN BLUE POLKADOT,96,3.1,302.5,9.76,30
22207,FRYING PAN UNION FLAG,1200,10.53,4731.36,41.5,113
22208,WOOD STAMP SET THANK YOU,1289,6.14,1234.1,5.88,199
22209,WOOD STAMP SET HAPPY BIRTHDAY,825,6.55,802.82,6.37,121
22210,WOOD STAMP SET BEST WISHES,914,6.09,822.57,5.48,142
22211,WOOD STAMP SET FLOWERS,783,5.93,808.38,6.12,126
22212,FOUR HOOK  WHITE LOVEBIRDS,1422,5.39,2917.47,11.05,253
22214,CANDLE PLATE LACE WHITE,114,5.43,246.7,11.75,21
22215,CAKE STAND WHITE TWO TIER LACE,330,3.71,2254.5,25.33,89
22216,T-LIGHT HOLDER WHITE LACE,327,16.35,182.31,9.12,20
22217,T-LIGHT HOLDER HANGING LACE,765,11.77,647.51,9.96,64
22218,CAKE STAND LACE WHITE,1,1.0,4.25,4.25,1
22219,LOVEBIRD HANGING DECORATION WHITE ,3372,10.41,2818.62,8.7,311
22220,CAKE STAND LOVEBIRD 2 TIER WHITE,214,2.85,1499.5,19.99,74
22221,CAKE STAND LOVEBIRD 2 TIER PINK,124,2.82,964.4,21.92,44
22222,CAKE PLATE LOVEBIRD WHITE,824,5.53,2599.2,17.44,149
22223,CAKE PLATE LOVEBIRD PINK,315,7.33,902.85,21.0,42
22224,WHITE LOVEBIRD LANTERN,688,5.88,1973.6,16.87,115
22227,HANGING HEART MIRROR DECORATION ,1969,10.82,1276.85,7.02,170
22228,BUNNY WOODEN PAINTED WITH BIRD ,852,9.06,598.16,6.36,93
22229,BUNNY WOODEN PAINTED WITH FLOWER ,495,7.73,334.27,5.22,62
22230,JIGSAW TREE WITH WATERING CAN,926,14.03,356.46,5.4,63
22231,JIGSAW TREE WITH BIRDHOUSE,869,7.83,823.17,7.42,106
22232,JIGSAW TOADSTOOLS 3 PIECE,623,10.21,506.43,8.3,61
22233,JIGSAW RABBIT AND BIRDHOUSE,541,6.68,515.29,6.36,77
22236,CAKE STAND 3 TIER MAGIC GARDEN,308,3.5,3624.6,41.19,88
22241,GARLAND WOODEN HAPPY EASTER,1788,10.52,2180.28,12.83,165
22242,5 HOOK HANGER MAGIC TOADSTOOL,631,23.37,964.35,35.72,27
22243,5 HOOK HANGER RED MAGIC TOADSTOOL,2095,19.05,3204.75,29.13,107
22244,3 HOOK HANGER MAGIC GARDEN,1617,16.67,2915.55,30.06,94
22245,"HOOK, 1 HANGER ,MAGIC GARDEN",1199,20.67,966.11,16.66,56
22246,"GARLAND, MAGIC GARDEN 1.8M",278,7.72,555.18,15.42,36
22247,BUNNY DECORATION MAGIC GARDEN,485,7.95,408.09,6.69,56
22248,DECORATION  PINK CHICK MAGIC GARDEN,383,8.15,321.39,6.84,44
22249,DECORATION WHITE CHICK MAGIC GARDEN,645,7.5,544.09,6.33,75
22250,DECORATION  BUTTERFLY  MAGIC GARDEN,449,7.61,377.49,6.4,57
22251,BIRDHOUSE DECORATION MAGIC GARDEN,520,6.93,645.44,8.61,72
22252,BIRDCAGE DECORATION TEALIGHT HOLDER,650,9.15,770.32,10.85,67
22254,FELT TOADSTOOL LARGE,594,14.49,706.02,17.22,41
22255,FELT TOADSTOOL  SMALL,542,12.32,460.7,10.47,44
22256,FELT FARM ANIMAL CHICKEN,262,6.72,327.5,8.4,33
22257,FELT FARM ANIMAL SHEEP,283,15.72,194.39,10.8,16
22258,FELT FARM ANIMAL RABBIT,722,20.06,543.94,15.11,36
22259,FELT FARM ANIMAL HEN,384,22.59,240.96,14.17,16
22260,FELT EGG COSY BLUE RABBIT ,410,8.2,351.62,7.03,47
22261,FELT EGG COSY WHITE RABBIT ,520,6.58,447.46,5.66,70
22262,FELT EGG COSY CHICKEN,924,9.53,788.52,8.13,90
22263,FELT EGG COSY LADYBIRD ,256,12.19,125.68,5.98,18
22264,FELT FARM ANIMAL WHITE BUNNY ,1393,31.66,518.77,11.79,40
22265,EASTER DECORATION NATURAL CHICK,514,9.35,334.1,6.07,48
22266,EASTER DECORATION HANGING BUNNY,1861,21.64,563.35,6.55,78
22267,EASTER DECORATION EGG BUNNY ,828,10.75,654.7,8.5,75
22268,EASTER DECORATION SITTING BUNNY,1838,18.2,666.44,6.6,95
22269,EGG CUP NATURAL CHICKEN,841,9.45,521.73,5.86,87
22270,HAPPY EASTER HANGING DECORATION,211,4.69,773.97,17.2,42
22271,FELTCRAFT DOLL ROSIE,1653,6.29,4716.87,17.93,256
22272,FELTCRAFT DOLL MARIA,194,4.13,553.1,11.77,46
22273,FELTCRAFT DOLL MOLLY,1829,6.18,5210.99,17.6,289
22274,FELTCRAFT DOLL EMILY,1301,5.47,3732.15,15.68,231
22275,WEEKEND BAG VINTAGE ROSE PAISLEY,69,69.0,527.85,527.85,1
22276,WASH BAG VINTAGE ROSE PAISLEY,253,4.08,645.15,10.41,62
22277,COSMETIC BAG VINTAGE ROSE PAISLEY,355,5.63,728.62,11.57,63
22278,OVERNIGHT BAG VINTAGE ROSE PAISLEY,244,2.8,1207.8,13.88,82
22279,POCKET BAG BLUE PAISLEY RED SPOT,480,9.41,578.41,11.34,46
22280,POCKET BAG PINK PAISELY BROWN SPOT,177,5.53,224.88,7.03,30
22281,EASTER TREE YELLOW BIRDS,109,2.48,648.55,14.74,43
22282,12 EGG HOUSE PAINTED WOOD,111,1.73,1425.27,22.27,64
22283,6 EGG HOUSE PAINTED WOOD,258,2.19,2058.94,17.45,117
22284,HEN HOUSE DECORATION,901,8.66,1486.65,14.29,99
22285,"DECORATION HEN ON NEST, HANGING",834,8.87,1376.1,14.64,90
22286,"DECORATION , WOBBLY RABBIT , METAL ",1051,12.82,867.27,10.58,79
22287,"DECORATION , WOBBLY CHICKEN, METAL ",750,12.71,633.96,10.75,57
22288,HANGING METAL RABBIT DECORATION,453,10.3,566.25,12.87,39
22289,HANGING METAL CHICKEN DECORATION,126,5.73,157.5,7.16,19
22291,HANGING CHICK CREAM DECORATION,1243,12.81,1802.35,18.58,90
22292,HANGING CHICK  YELLOW DECORATION,1088,11.45,1520.0,16.0,88
22293,HANGING CHICK GREEN DECORATION,821,9.22,1190.45,13.38,82
22294,HEART FILIGREE DOVE  SMALL,5439,20.84,6671.07,25.56,246
22295,HEART FILIGREE DOVE LARGE,2737,12.38,4420.17,20.0,212
22296,HEART IVORY TRELLIS LARGE,3055,10.76,4988.83,17.57,270
22297,HEART IVORY TRELLIS SMALL,3863,16.65,4715.03,20.32,221
22299,PIG KEYRING WITH LIGHT & SOUND ,1316,31.33,1231.34,29.32,42
22300,COFFEE MUG DOG + BALL DESIGN,1450,9.93,3047.34,20.87,143
22301,COFFEE MUG CAT + BIRD DESIGN,2118,11.45,4529.34,24.48,181
22302,COFFEE MUG PEARS  DESIGN,2288,11.92,4959.85,25.83,190
22303,COFFEE MUG APPLES DESIGN,2770,11.99,6124.15,26.51,229
22304,COFFEE MUG BLUE PAISLEY DESIGN,744,15.5,1268.06,26.42,47
22305,COFFEE MUG PINK PAISLEY DESIGN,684,15.55,1559.44,35.44,44
22306,SILVER MUG BONE CHINA TREE OF LIFE,1138,11.05,1303.29,12.65,99
22307,GOLD MUG BONE CHINA TREE OF LIFE,729,11.76,835.61,13.48,61
22308,TEA COSY BLUE STRIPE,145,4.03,356.89,9.91,36
22309,TEA COSY RED  STRIPE,293,4.44,709.38,10.75,64
22310,IVORY KNITTED MUG COSY ,531,10.02,841.79,15.88,51
22311,OFFICE MUG WARMER BLACK+SILVER ,1054,10.54,2925.5,29.26,93
22312,OFFICE MUG WARMER POLKADOT,503,5.13,1454.99,14.85,93
22313,OFFICE MUG WARMER PINK,553,9.88,1482.89,26.48,54
22314,OFFICE MUG WARMER CHOC+BLUE,517,5.39,1434.09,14.94,93
22315,200 RED + WHITE BENDY STRAWS,761,6.24,914.77,7.5,119
22316,200 BENDY SKULL STRAWS,638,15.19,706.3,16.82,41
22317,FIVE CATS HANGING DECORATION,172,4.3,506.32,12.66,39
22318,FIVE HEART HANGING DECORATION,396,4.4,1161.0,12.9,89
22319,HAIRCLIPS FORTIES FABRIC ASSORTED,1346,21.37,587.86,9.33,61
22320,BIRDS MOBILE VINTAGE DESIGN,183,2.65,1100.21,15.95,69
22321,BIRD DECORATION RED RETROSPOT,760,13.1,646.0,11.14,57
22322,BIRD DECORATION GREEN POLKADOT,390,10.54,331.5,8.96,37
22323,PINK POLKADOT KIDS BAG,1,1.0,1.95,1.95,1
22324,BLUE POLKADOT KIDS BAG,228,7.6,456.36,15.21,29
22325,MOBILE VINTAGE HEARTS ,153,2.59,755.25,12.8,58
22326,ROUND SNACK BOXES SET OF4 WOODLAND ,8100,13.3,22175.52,36.41,595
22327,ROUND SNACK BOXES SET OF 4 SKULLS,832,4.81,2358.4,13.63,162
22328,ROUND SNACK BOXES SET OF 4 FRUITS ,4993,10.62,13810.59,29.38,457
22329,ROUND CONTAINER SET OF 5 RETROSPOT,1387,9.07,2182.95,14.27,151
22331,WOODLAND PARTY BAG + STICKER SET,1768,12.36,2750.96,19.24,143
22332,SKULLS PARTY BAG + STICKER SET,982,7.5,1562.7,11.93,129
22333,RETROSPOT PARTY BAG + STICKER SET,4391,16.14,6749.23,24.81,267
22334,DINOSAUR PARTY BAG + STICKER SET,684,7.43,1101.44,11.97,91
22335,HEART DECORATION PAINTED ZINC ,2024,15.22,1250.2,9.4,123
22336,DOVE DECORATION PAINTED ZINC ,2283,43.08,668.09,12.61,49
22337,ANGEL DECORATION PAINTED ZINC ,635,23.52,383.95,14.22,26
22338,STAR DECORATION PAINTED ZINC ,4179,34.54,925.71,7.65,116
22339,CHRISTMAS TREE PAINTED ZINC ,2283,41.51,569.29,10.35,51
22340,NOEL GARLAND PAINTED ZINC ,993,15.76,430.23,6.83,61
22341,LOVE GARLAND PAINTED ZINC ,405,9.88,672.65,16.41,41
22342,HOME GARLAND PAINTED ZINC ,833,16.02,769.65,14.8,52
22343,PARTY PIZZA DISH RED RETROSPOT,1705,26.64,744.91,11.64,63
22344,PARTY PIZZA DISH PINK POLKADOT,1049,22.32,373.31,7.94,46
22345,PARTY PIZZA DISH BLUE POLKADOT,972,22.09,318.48,7.24,41
22346,PARTY PIZZA DISH GREEN POLKADOT,885,26.03,309.69,9.11,32
22348,TEA BAG PLATE RED RETROSPOT,3863,14.92,3223.49,12.45,254
22349,DOG BOWL CHASING BALL DESIGN,585,5.09,2067.85,17.98,113
22350,ILLUSTRATED CAT BOWL ,468,5.32,1197.6,13.61,87
22351,DOTCOMGIFTSHOP TEA TOWEL,12,12.0,19.8,19.8,1
22352,LUNCH BOX WITH CUTLERY RETROSPOT ,2853,8.62,6717.79,20.3,324
22353,LUNCH BOX WITH CUTLERY FAIRY CAKES ,61,2.44,155.55,6.22,24
22354,RETROSPOT PADDED SEAT CUSHION,700,10.77,2502.82,38.5,65
22355,CHARLOTTE BAG SUKI DESIGN,8975,14.98,7138.65,11.92,585
22356,CHARLOTTE BAG PINK POLKADOT,7306,14.7,5840.64,11.75,487
22357,KINGS CHOICE BISCUIT TIN,324,3.72,1332.6,15.32,87
22358,KINGS CHOICE TEA CADDY ,456,4.04,1341.28,11.87,110
22359,GLASS JAR KINGS CHOICE,162,2.57,480.74,7.63,62
22360,GLASS JAR ENGLISH CONFECTIONERY,886,5.91,2455.9,16.37,143
22361,GLASS JAR DAISY FRESH COTTON WOOL,539,4.28,1513.25,12.01,123
22362,GLASS JAR PEACOCK BATH SALTS,349,4.31,987.23,12.19,81
22363,GLASS JAR MARMALADE ,454,7.57,1226.94,20.45,57
22364,GLASS JAR DIGESTIVE BISCUITS,519,5.24,1429.97,14.44,95
22365,DOORMAT RESPECTABLE HOUSE,530,4.21,3957.44,31.41,125
22366,DOORMAT AIRMAIL ,722,4.63,4887.82,31.33,156
22367,CHILDRENS APRON SPACEBOY DESIGN,3543,7.75,6572.49,14.38,448
22371,AIRLINE BAG VINTAGE TOKYO 78,830,3.27,3489.88,13.74,247
22372,AIRLINE BAG VINTAGE WORLD CHAMPION ,221,2.19,935.33,9.26,101
22374,AIRLINE BAG VINTAGE JET SET RED,448,2.82,1882.84,11.84,156
22375,AIRLINE BAG VINTAGE JET SET BROWN,253,2.56,1056.05,10.67,96
22376,AIRLINE BAG VINTAGE JET SET WHITE,193,2.27,820.69,9.66,82
22377,BOTTLE BAG RETROSPOT ,1038,9.89,1510.89,14.39,105
22378,WALL TIDY RETROSPOT ,1685,16.05,2092.56,19.93,103
22379,RECYCLING BAG RETROSPOT ,4788,11.62,9537.43,23.15,405
22380,TOY TIDY SPACEBOY  ,1156,5.78,2274.75,11.37,195
22381,TOY TIDY PINK POLKADOT,2669,9.08,5304.58,18.04,288
22382,LUNCH BAG SPACEBOY DESIGN ,9912,9.83,15881.2,15.76,988
22383,LUNCH BAG SUKI  DESIGN ,11722,10.82,18723.7,17.29,1043
22384,LUNCH BAG PINK POLKADOT,10254,10.71,16349.5,17.08,931
22385,JUMBO BAG SPACEBOY DESIGN,8236,16.91,15331.02,31.48,477
22386,JUMBO BAG PINK POLKADOT,18665,21.02,34716.59,39.1,869
22389,PAPERWEIGHT SAVE THE PLANET,329,9.14,596.91,16.58,36
22390,PAPERWEIGHT CHILDHOOD MEMORIES,261,8.42,410.72,13.25,30
22391,PAPERWEIGHT HOME SWEET HOME,146,8.11,186.06,10.34,18
22393,PAPERWEIGHT VINTAGE COLLAGE,487,9.74,617.38,12.35,49
22394,PAPERWEIGHT KINGS CHOICE ,160,10.0,190.8,11.92,16
22395,PAPERWEIGHT VINTAGE PAISLEY,134,8.93,130.26,8.68,15
22396,MAGNETS PACK OF 4 RETRO PHOTO,1182,10.55,572.82,5.11,107
22398,MAGNETS PACK OF 4 SWALLOWS,2545,10.97,1528.68,6.59,228
22399,MAGNETS PACK OF 4 CHILDHOOD MEMORY,1130,12.99,1309.9,15.06,87
22400,MAGNETS PACK OF 4 HOME SWEET HOME,1393,9.16,714.6,4.7,143
22402,MAGNETS PACK OF 4 VINTAGE COLLAGE,1705,11.44,1008.14,6.77,144
22403,MAGNETS PACK OF 4 VINTAGE LABELS ,1223,14.22,569.75,6.62,85
22405,MONEY BOX POCKET MONEY DESIGN,347,6.2,351.19,6.27,54
22406,MONEY BOX KINGS CHOICE DESIGN,319,4.98,336.89,5.26,64
22407,MONEY BOX FIRST ADE DESIGN,94,3.92,98.07,4.09,23
22408,MONEY BOX CONFECTIONERY DESIGN,137,5.96,141.5,6.15,22
22409,MONEY BOX BISCUITS DESIGN,216,4.8,270.0,6.0,45
22410,MONEY BOX HOUSEKEEPING DESIGN,223,4.85,212.88,4.63,46
22411,JUMBO SHOPPER VINTAGE RED PAISLEY,10518,13.1,20174.23,25.12,790
22412,METAL SIGN NEIGHBOURHOOD WITCH ,877,7.5,1784.7,15.25,113
22413,METAL SIGN TAKE IT OR LEAVE IT ,2286,6.4,6786.3,19.01,350
22414,DOORMAT NEIGHBOURHOOD WITCH ,253,3.61,1645.67,23.51,70
22415,WHITE TISSUE REAM,19,1.46,151.05,11.62,13
22416,SET OF 36 DOILIES SPACEBOY DESIGN ,850,13.49,1174.9,18.65,63
22417,PACK OF 60 SPACEBOY CAKE CASES,8103,19.29,4131.69,9.84,407
22418,10 COLOUR SPACEBOY PEN,6267,25.79,5209.17,21.44,242
22419,LIPSTICK PEN RED,2812,16.94,1236.12,7.45,157
22420,LIPSTICK PEN BABY PINK,1199,13.78,500.33,5.75,84
22421,LIPSTICK PEN FUSCHIA,1925,15.65,795.2,6.47,120
22422,TOOTHPASTE TUBE PEN,971,12.61,397.25,5.16,73
22423,REGENCY CAKESTAND 3 TIER,10294,6.03,119510.35,70.01,1687
22424,ENAMEL BREAD BIN CREAM,713,2.17,8519.0,25.97,326
22425,ENAMEL COLANDER CREAM,434,3.08,2086.11,14.8,141
22426,ENAMEL WASH BOWL CREAM,660,4.52,2231.8,15.29,144
22427,ENAMEL FLOWER JUG CREAM,1995,4.46,11444.93,25.6,441
22428,ENAMEL FIRE BUCKET CREAM,221,2.4,1528.73,16.62,92
22429,ENAMEL MEASURING JUG CREAM,1193,3.67,4954.29,15.24,315
22430,ENAMEL WATERING CAN CREAM,544,3.28,2646.6,15.94,161
22431,WATERING CAN BLUE ELEPHANT,1981,7.1,3686.65,13.21,275
22432,WATERING CAN PINK BUNNY,1648,6.87,3100.58,12.92,234
22433,WATERING CAN GREEN DINOSAUR,1341,7.02,2487.53,13.02,189
22434,BALLOON PUMP WITH 10 BALLOONS,779,6.72,1521.23,13.11,112
22435,SET OF 9 HEART SHAPED BALLOONS,2680,12.13,3257.04,14.74,213
22436,12 COLOURED PARTY BALLOONS,2110,14.55,1373.3,9.47,139
22437,SET OF 9 BLACK SKULL BALLOONS,2727,15.49,2263.35,12.86,173
22438,BALLOON ART MAKE YOUR OWN FLOWERS,900,12.16,825.24,11.15,68
22439,6 ROCKET BALLOONS ,1768,10.85,1176.8,7.22,156
22440,BALLOON WATER BOMB PACK OF 35,5897,40.39,2254.14,15.44,138
22441,GROW YOUR OWN BASIL IN ENAMEL MUG,994,5.75,2069.4,11.96,167
22442,GROW YOUR OWN FLOWERS SET OF 3,292,3.95,1177.8,15.92,74
22443,GROW YOUR OWN HERBS SET OF 3,153,1.89,1216.35,15.02,80
22444,GROW YOUR OWN PLANT IN A CAN ,763,22.44,935.51,27.52,33
22445,PENCIL CASE LIFE IS BEAUTIFUL,472,4.72,1368.2,13.68,93
22446,PIN CUSHION BABUSHKA PINK,161,3.93,432.99,10.56,38
22447,PIN CUSHION BABUSHKA BLUE,75,4.69,223.95,14.0,16
22448,PIN CUSHION BABUSHKA RED,187,5.5,576.31,16.95,34
22449,SILK PURSE BABUSHKA PINK,365,4.1,1217.68,13.68,87
22450,SILK PURSE BABUSHKA BLUE,184,3.41,614.0,11.37,52
22451,SILK PURSE BABUSHKA RED,202,5.18,657.5,16.86,38
22452,MEASURING TAPE BABUSHKA PINK,388,5.71,1094.8,16.1,66
22453,MEASURING TAPE BABUSHKA BLUE,334,7.11,951.7,20.25,46
22454,MEASURING TAPE BABUSHKA RED,228,6.0,639.0,16.82,37
22456,NATURAL SLATE CHALKBOARD LARGE ,1452,4.75,6833.2,22.33,303
22457,NATURAL SLATE HEART CHALKBOARD ,7860,8.03,22664.52,23.15,966
22458,CAST IRON HOOK GARDEN FORK,513,36.64,1371.43,97.96,14
22459,CAST IRON HOOK GARDEN TROWEL,375,25.0,962.73,64.18,15
22460,EMBOSSED GLASS TEALIGHT HOLDER,2381,14.52,2871.84,17.51,162
22461,SAVOY ART DECO CLOCK,231,5.13,1251.25,27.81,45
22464,HANGING METAL HEART LANTERN,3200,11.23,4823.5,16.92,277
22465,HANGING METAL STAR LANTERN,1965,12.06,2839.63,17.42,159
22466,FAIRY TALE COTTAGE NIGHTLIGHT,2929,19.27,5071.95,33.37,150
22467,GUMBALL COAT RACK,7688,13.12,17580.35,30.0,570
22468,BABUSHKA LIGHTS STRING OF 10,467,4.03,3032.39,26.14,116
22469,HEART OF WICKER SMALL,12395,12.66,19775.24,20.2,955
22470,HEART OF WICKER LARGE,6035,7.42,17387.03,21.39,795
22471,TV DINNER TRAY AIR HOSTESS ,360,5.54,1097.68,16.89,64
22472,TV DINNER TRAY DOLLY GIRL,293,3.57,1234.07,15.05,80
22473,TV DINNER TRAY VINTAGE PAISLEY,437,5.53,1239.39,15.69,79
22474,SPACEBOY TV DINNER TRAY,244,2.94,1009.04,12.16,83
22475,SKULL DESIGN TV DINNER TRAY,281,2.51,1225.95,10.95,109
22476,EMPIRE UNION JACK TV DINNER TRAY,211,2.71,980.77,12.57,77
22477,WATERING CAN GARDEN MARKER,1290,18.17,1778.1,25.04,70
22478,BIRDHOUSE GARDEN MARKER ,1417,18.4,1936.85,25.15,76
22479,DAISY GARDEN MARKER,1078,19.96,1513.1,28.02,54
22480,RED TEA TOWEL CLASSIC DESIGN,613,9.01,729.77,10.73,67
22481,BLACK TEA TOWEL CLASSIC DESIGN,694,7.98,608.52,6.99,84
22482,BLUE TEA TOWEL CLASSIC DESIGN,448,9.33,523.52,10.91,48
22483,RED GINGHAM TEDDY BEAR ,726,5.42,2041.78,15.24,130
22485,SET OF 2 WOODEN MARKET CRATES,462,2.8,5652.9,34.26,165
22486,PLASMATRONIC LAMP,52,5.2,288.94,28.89,10
22487,WHITE WOOD GARDEN PLANT LADDER,724,1.91,6778.81,17.84,379
22488,NATURAL SLATE RECTANGLE CHALKBOARD,2911,9.33,4636.91,14.86,309
22489,PACK OF 12 TRADITIONAL CRAYONS,9314,28.93,3754.89,11.66,318
22491,PACK OF 12 COLOURED PENCILS,3910,19.26,3130.84,15.42,200
22492,MINI PAINT SET VINTAGE ,26076,80.23,16039.24,49.35,325
22493,PAINT YOUR OWN CANVAS SET,2354,13.08,3740.58,20.78,176
22494,EMERGENCY FIRST AID TIN ,890,7.48,1102.64,9.27,119
22495,SET OF 2 ROUND TINS CAMEMBERT ,242,3.67,515.18,7.81,65
22496,SET OF 2 ROUND TINS DUTCH CHEESE,243,3.47,477.09,6.82,69
22497,SET OF 2 TINS VINTAGE BATHROOM ,178,2.97,756.5,12.61,59
22498,WOODEN REGATTA BUNTING,229,2.36,1362.55,14.05,96
22499,WOODEN UNION JACK BUNTING,1734,5.8,9928.83,33.21,296
22500,SET OF 2 TINS JARDIN DE PROVENCE,240,2.67,840.2,9.34,85
22501,PICNIC BASKET WICKER LARGE,994,3.85,9118.9,35.34,256
22502,PICNIC BASKET WICKER SMALL,1428,6.0,8396.2,35.28,233
22503,CABIN BAG VINTAGE PAISLEY,64,4.0,1279.2,79.95,16
22504,CABIN BAG VINTAGE RETROSPOT,160,4.1,3012.4,77.24,39
22505,MEMO BOARD COTTAGE DESIGN,1365,5.09,6306.19,23.53,262
22507,MEMO BOARD RETROSPOT  DESIGN,2066,5.97,9119.02,26.36,346
22508,DOORSTOP RETROSPOT HEART,772,3.23,2902.69,12.15,235
22509,SEWING BOX RETROSPOT DESIGN ,205,2.5,1931.75,23.56,80
22510,GINGHAM BABUSHKA DOORSTOP,210,5.0,404.62,9.63,41
22511,RETROSPOT BABUSHKA DOORSTOP,245,5.1,455.87,9.5,48
22512,DOORSTOP RACING CAR DESIGN,118,3.58,236.0,7.15,32
22513,DOORSTOP FOOTBALL DESIGN,135,2.6,408.73,7.86,51
22514,CHILDS GARDEN SPADE BLUE,261,3.43,539.1,7.09,75
22515,CHILDS GARDEN SPADE PINK,237,3.76,488.7,7.76,63
22516,CHILDS GARDEN RAKE BLUE,171,3.89,350.1,7.96,41
22517,CHILDS GARDEN RAKE PINK,186,3.21,381.6,6.58,54
22518,CHILDS GARDEN BRUSH BLUE,333,5.84,663.3,11.64,57
22519,CHILDS GARDEN BRUSH PINK,370,5.69,741.0,11.4,65
22520,CHILDS GARDEN TROWEL BLUE ,705,6.59,599.25,5.6,105
22521,CHILDS GARDEN TROWEL PINK,607,6.07,515.95,5.16,94
22522,CHILDS GARDEN FORK BLUE ,923,7.44,759.59,6.13,120
22523,CHILDS GARDEN FORK PINK,844,7.09,717.4,6.03,118
22524,CHILDRENS GARDEN GLOVES BLUE,592,8.97,721.0,10.92,65
22525,CHILDRENS GARDEN GLOVES PINK,458,8.81,553.5,10.64,52
22526,WHEELBARROW FOR CHILDREN ,112,1.67,1406.4,20.99,67
22529,MAGIC DRAWING SLATE GO TO THE FAIR ,816,13.16,329.76,5.32,61
22530,MAGIC DRAWING SLATE DOLLY GIRL ,3514,18.89,1431.96,7.7,181
22531,MAGIC DRAWING SLATE CIRCUS PARADE  ,3293,19.84,1348.5,8.12,163
22532,MAGIC DRAWING SLATE LEAP FROG ,1063,15.63,360.06,5.3,66
22533,MAGIC DRAWING SLATE BAKE A CAKE ,1745,22.09,607.62,7.69,78
22534,MAGIC DRAWING SLATE SPACEBOY ,4331,20.92,1735.5,8.38,202
22535,MAGIC DRAWING SLATE BUNNIES ,1716,15.19,631.44,5.59,110
22536,MAGIC DRAWING SLATE PURDEY,4721,31.9,1782.18,12.04,144
22537,MAGIC DRAWING SLATE DINOSAUR,1818,13.17,763.56,5.53,135
22538,MINI JIGSAW GO TO THE FAIR,387,14.33,151.5,5.61,26
22539,MINI JIGSAW DOLLY GIRL,2824,31.38,1050.41,11.67,85
22540,MINI JIGSAW CIRCUS PARADE ,2451,37.71,915.78,14.09,65
22541,MINI JIGSAW LEAP FROG,466,21.18,181.04,8.23,21
22543,MINI JIGSAW BAKE A CAKE ,1436,35.02,516.61,12.6,39
22544,MINI JIGSAW SPACEBOY,4414,34.48,1628.3,12.72,124
22545,MINI JIGSAW BUNNIES,1089,22.69,391.11,8.15,47
22546,MINI JIGSAW PURDEY,2065,34.42,767.83,12.8,59
22547,MINI JIGSAW DINOSAUR ,738,14.47,279.51,5.48,50
22548,HEADS AND TAILS SPORTING FUN,1873,10.18,2097.96,11.4,179
22549,PICTURE DOMINOES,2992,11.97,4237.04,16.95,244
22550,HOLIDAY FUN LUDO,1102,6.26,3810.71,21.65,176
22551,PLASTERS IN TIN SPACEBOY,7664,12.9,12151.8,20.46,579
22553,PLASTERS IN TIN SKULLS,4036,8.7,6505.8,14.02,439
22554,PLASTERS IN TIN WOODLAND ANIMALS,7307,12.08,11637.43,19.24,587
22555,PLASTERS IN TIN STRONGMAN,5885,12.77,9462.29,20.53,449
22556,PLASTERS IN TIN CIRCUS PARADE ,5952,11.21,9596.96,18.07,521
22557,PLASTERS IN TIN VINTAGE PAISLEY ,4573,9.18,7346.69,14.75,480
22558,CLOTHES PEGS RETROSPOT PACK 24 ,8418,12.99,12545.38,19.36,639
22559,SEASIDE FLYING DISC,387,9.92,472.77,12.12,39
22560,TRADITIONAL MODELLING CLAY,8014,23.78,9311.47,27.63,336
22561,WOODEN SCHOOL COLOURING SET,5695,13.96,9072.87,22.24,395
22562,MONSTERS STENCIL CRAFT,1398,7.13,1720.42,8.78,190
22563,HAPPY STENCIL CRAFT,2785,10.63,3254.6,12.42,252
22564,ALPHABET STENCIL CRAFT,2673,15.72,3005.44,17.68,165
22565,FELTCRAFT HAIRBANDS PINK AND WHITE ,818,7.44,712.46,6.48,108
22566,FELTCRAFT HAIRBAND PINK AND PURPLE,834,6.73,721.38,5.82,118
22567,20 DOLLY PEGS RETROSPOT,2368,12.33,3048.2,15.88,182
22568,FELTCRAFT CUSHION OWL,3284,7.71,11783.05,27.66,417
22569,FELTCRAFT CUSHION BUTTERFLY,2458,8.19,8755.48,29.18,293
22570,FELTCRAFT CUSHION RABBIT,3018,9.06,10694.81,32.12,324
22571,ROCKING HORSE RED CHRISTMAS ,2207,11.93,1813.55,9.8,176
22572,ROCKING HORSE GREEN CHRISTMAS ,1265,9.51,1050.29,7.9,126
22573,STAR WOODEN CHRISTMAS DECORATION,2445,15.67,2040.81,13.08,154
22574,HEART WOODEN CHRISTMAS DECORATION,2124,13.28,1854.54,11.59,157
22575,METAL MERRY CHRISTMAS WREATH,622,7.87,1160.1,14.68,76
22576,SWALLOW WOODEN CHRISTMAS DECORATION,1419,10.92,1218.63,9.37,125
22577,WOODEN HEART CHRISTMAS SCANDINAVIAN,9784,20.38,3416.48,7.12,463
22578,WOODEN STAR CHRISTMAS SCANDINAVIAN,9630,21.26,3165.22,6.99,433
22579,WOODEN TREE CHRISTMAS SCANDINAVIAN,4808,16.69,1665.16,5.78,276
22580,ADVENT CALENDAR GINGHAM SACK,836,4.98,4787.68,28.5,166
22581,WOOD STOCKING CHRISTMAS SCANDISPOT,1090,10.48,705.72,6.79,98
22582,PACK OF 6 SWEETIE GIFT BOXES,1029,13.03,2496.76,31.6,77
22583,PACK OF 6 HANDBAG GIFT BOXES,529,6.7,1348.95,17.08,77
22584,PACK OF 6 PANNETONE GIFT BOXES,2241,14.37,5496.59,35.23,153
22585,PACK OF 6 BIRDY GIFT TAGS,6062,17.83,7149.7,21.03,319
22586,FELTCRAFT HAIRBAND PINK AND BLUE,796,6.75,676.6,5.73,117
22587,FELTCRAFT HAIRBAND RED AND BLUE,845,6.81,718.25,5.79,120
22588,CARD HOLDER GINGHAM HEART,605,4.42,1732.41,12.65,135
22589,CARDHOLDER GINGHAM STAR,323,5.57,940.49,16.22,57
22591,CARDHOLDER GINGHAM CHRISTMAS TREE,374,5.94,1250.84,19.85,63
22592,CARDHOLDER HOLLY WREATH METAL,506,5.56,1886.08,20.73,91
22593,CHRISTMAS GINGHAM STAR,2049,14.43,1736.97,12.23,138
22594,CHRISTMAS GINGHAM TREE,1744,13.84,1480.06,11.75,125
22595,CHRISTMAS GINGHAM HEART,4788,12.98,4034.7,10.93,360
22596,CHRISTMAS STAR WISH LIST CHALKBOARD,3290,13.71,3567.7,14.87,234
22597,CHRISTMAS MUSICAL ZINC HEART ,2534,20.6,973.68,7.92,118
22598,CHRISTMAS MUSICAL ZINC TREE,815,15.09,291.33,5.4,51
22599,CHRISTMAS MUSICAL ZINC STAR,1489,20.97,528.21,7.44,70
22600,CHRISTMAS RETROSPOT STAR WOOD,1540,10.62,1303.54,8.99,143
22601,CHRISTMAS RETROSPOT ANGEL WOOD,2238,14.53,1827.42,11.87,150
22602,CHRISTMAS RETROSPOT HEART WOOD,1962,10.84,1647.42,9.1,174
22603,CHRISTMAS RETROSPOT TREE WOOD,1295,9.89,1089.83,8.32,125
22604,SET OF 4 NAPKIN CHARMS CUTLERY,1173,10.29,2647.96,23.23,108
22605,WOODEN CROQUET GARDEN SET,709,2.94,9555.98,39.65,240
22606,WOODEN SKITTLES GARDEN SET,305,2.26,4336.75,32.12,132
22607,WOODEN ROUNDERS GARDEN SET ,1269,4.13,11601.14,37.79,303
22608,PENS ASSORTED FUNKY JEWELED ,4933,58.04,984.73,11.59,84
22609,PENS ASSORTED SPACEBALL,5636,46.58,1219.88,10.08,118
22610,PENS ASSORTED FUNNY FACE,9146,52.87,2320.58,13.41,171
22611,VINTAGE UNION JACK SHOPPING BAG,219,5.34,1016.85,24.8,40
22613,PACK OF 20 SPACEBOY NAPKINS,1488,12.94,1150.38,10.0,114
22614,PACK OF 12 SPACEBOY TISSUES,2957,16.9,961.29,5.49,170
22615,PACK OF 12 CIRCUS PARADE TISSUES ,2024,28.91,618.42,8.83,69
22616,PACK OF 12 LONDON TISSUES ,25345,63.84,7266.71,18.3,382
22617,BAKING SET SPACEBOY DESIGN,1937,4.55,9292.89,21.81,423
22618,COOKING SET RETROSPOT,66,2.64,621.66,24.87,25
22619,SET OF 6 SOLDIER SKITTLES,2297,6.64,8597.5,24.85,339
22620,4 TRADITIONAL SPINNING TOPS,4491,11.94,5960.08,15.85,364
22621,TRADITIONAL KNITTING NANCY,5895,11.31,9297.87,17.85,509
22622,BOX OF VINTAGE ALPHABET BLOCKS,1139,4.95,11709.66,50.91,230
22623,BOX OF VINTAGE JIGSAW BLOCKS ,920,4.16,5031.57,22.77,219
22624,IVORY KITCHEN SCALES,1783,2.81,14788.33,23.29,620
22625,RED KITCHEN SCALES,1476,3.24,11895.73,26.14,448
22626,BLACK KITCHEN SCALES,504,2.71,4159.53,22.36,183
22627,MINT KITCHEN SCALES,792,2.58,6599.79,21.5,304
22628,PICNIC BOXES SET OF 3 RETROSPOT ,775,6.46,3612.25,30.1,118
22629,SPACEBOY LUNCH BOX ,13279,18.47,23638.59,32.88,703
22630,DOLLY GIRL LUNCH BOX,10696,16.84,19073.44,30.04,615
22631,CIRCUS PARADE LUNCH BOX ,3375,12.88,6122.63,23.37,256
22632,HAND WARMER RED POLKA DOT,4394,11.81,8751.12,23.52,359
22633,HAND WARMER UNION JACK,4746,10.1,9550.56,20.32,441
22634,CHILDS BREAKFAST SET SPACEBOY ,731,3.51,6681.85,32.12,203
22635,CHILDS BREAKFAST SET DOLLY GIRL ,657,3.61,6063.0,33.31,180
22636,CHILDS BREAKFAST SET CIRCUS PARADE,565,3.1,4656.3,25.58,182
22637,PIGGY BANK RETROSPOT ,1875,7.08,4448.57,16.79,261
22638,SET OF 4 NAPKIN CHARMS CROWNS ,255,6.71,394.42,10.38,38
22639,SET OF 4 NAPKIN CHARMS HEARTS,763,5.82,1733.37,13.23,127
22640,SET OF 4 NAPKIN CHARMS 3 KEYS ,186,4.43,344.22,8.2,41
22641,SET OF 4 NAPKIN CHARMS INSTRUMENT,112,4.67,225.92,9.41,24
22642,SET OF 4 NAPKIN CHARMS STARS   ,253,5.62,516.8,11.48,43
22643,SET OF 4 NAPKIN CHARMS LEAVES   ,185,5.78,334.63,10.46,30
22644,CERAMIC CHERRY CAKE MONEY BANK,2052,10.8,2328.78,12.26,188
22645,CERAMIC HEART FAIRY CAKE MONEY BANK,1757,7.41,2255.93,9.52,233
22646,CERAMIC STRAWBERRY CAKE MONEY BANK,3927,13.83,4756.91,16.75,279
22647,CERAMIC LOVE HEART MONEY BANK,721,20.03,429.85,11.94,36
22649,STRAWBERRY FAIRY CAKE TEAPOT,751,4.5,3653.75,21.88,160
22650,CERAMIC PIRATE CHEST MONEY BANK,800,7.41,1136.0,10.52,106
22651,GENTLEMAN SHIRT REPAIR KIT ,1992,21.19,1602.72,17.05,94
22652,TRAVEL SEWING KIT,4864,12.19,7787.36,19.52,394
22653,BUTTON BOX ,1072,8.79,2022.66,16.58,118
22654,DELUXE SEWING KIT ,1058,4.72,5974.62,26.67,222
22655,VINTAGE RED KITCHEN CABINET,60,1.58,8125.0,213.82,38
22656,VINTAGE BLUE KITCHEN CABINET,26,1.3,3685.0,184.25,20
22659,LUNCH BOX I LOVE LONDON,11094,20.97,19353.22,36.58,504
22660,DOORMAT I LOVE LONDON,327,4.74,2157.33,31.27,69
22661,CHARLOTTE BAG DOLLY GIRL DESIGN,5085,14.57,4028.19,11.54,343
22662,LUNCH BAG DOLLY GIRL DESIGN,6545,10.66,10360.69,16.87,598
22663,JUMBO BAG DOLLY GIRL DESIGN,3097,9.74,6008.41,18.89,317
22664,TOY TIDY DOLLY GIRL DESIGN,642,6.29,1178.18,11.55,102
22665,RECIPE BOX BLUE SKETCHBOOK DESIGN,1219,5.25,3425.01,14.76,231
22666,RECIPE BOX PANTRY YELLOW DESIGN,6465,7.69,18055.67,21.47,826
22667,RECIPE BOX RETROSPOT ,2462,5.43,6912.5,15.26,440
22668,PINK BABY BUNTING,1965,9.49,5448.11,26.32,204
22669,RED BABY BUNTING ,1027,6.15,2969.65,17.78,167
22670,FRENCH WC SIGN BLUE METAL,1754,8.31,2193.99,10.4,208
22671,FRENCH LAUNDRY SIGN BLUE METAL,919,8.84,1465.31,14.09,103
22672,FRENCH BATHROOM SIGN BLUE METAL,1382,8.64,2227.62,13.92,158
22673,FRENCH GARDEN SIGN BLUE METAL,772,6.83,960.58,8.5,110
22674,FRENCH TOILET SIGN BLUE METAL,1274,8.61,1536.71,10.38,144
22675,FRENCH KITCHEN SIGN BLUE METAL,1176,9.19,1423.89,11.12,123
22676,FRENCH BLUE METAL DOOR SIGN 1,1040,7.43,1303.64,9.31,138
22677,FRENCH BLUE METAL DOOR SIGN 2,874,7.73,1092.51,9.67,113
22678,FRENCH BLUE METAL DOOR SIGN 3,751,7.29,941.18,9.14,102
22679,FRENCH BLUE METAL DOOR SIGN 4,647,7.03,810.57,8.81,91
22680,FRENCH BLUE METAL DOOR SIGN 5,745,7.23,932.47,9.05,100
22681,FRENCH BLUE METAL DOOR SIGN 6,627,7.55,785.57,9.46,81
22682,FRENCH BLUE METAL DOOR SIGN 7,618,7.72,773.11,9.66,79
22683,FRENCH BLUE METAL DOOR SIGN 8,575,7.19,720.57,9.01,80
22684,FRENCH BLUE METAL DOOR SIGN 9,464,7.61,579.4,9.5,60
22685,FRENCH BLUE METAL DOOR SIGN 0,543,7.76,678.15,9.69,70
22686,FRENCH BLUE METAL DOOR SIGN No,859,11.77,997.2,13.66,73
22687,DOORMAT CHRISTMAS VILLAGE,118,3.47,930.7,27.37,34
22688,DOORMAT PEACE ON EARTH BLUE,100,3.85,694.04,26.69,26
22689,DOORMAT MERRY CHRISTMAS RED ,414,3.7,3424.44,30.58,111
22690,DOORMAT HOME SWEET HOME BLUE ,897,3.44,6429.89,24.64,258
22691,DOORMAT WELCOME SUNRISE,344,3.58,2268.64,23.63,95
22692,DOORMAT WELCOME TO OUR HOME,1078,3.18,8094.08,23.88,337
22693,GROW A FLYTRAP OR SUNFLOWER IN TIN,8164,34.89,9559.64,40.85,234
22694,WICKER STAR ,1612,5.17,3337.2,10.7,303
22695,WICKER WREATH SMALL,695,7.09,850.87,8.68,96
22696,WICKER WREATH LARGE,694,5.34,1307.36,10.06,123
22697,GREEN REGENCY TEACUP AND SAUCER,6430,8.94,17806.34,24.77,691
22698,PINK REGENCY TEACUP AND SAUCER,5343,9.15,14769.49,25.29,556
22699,ROSES REGENCY TEACUP AND SAUCER ,8364,10.46,22907.2,28.63,782
22700,BLACK AND WHITE DOG BOWL,642,13.38,796.2,16.59,47
22701,PINK DOG BOWL,436,8.23,613.24,11.57,52
22702,BLACK AND WHITE CAT BOWL,469,11.17,530.7,12.64,42
22703,PINK CAT BOWL,168,4.2,249.42,6.24,40
22704,WRAP RED APPLES ,5275,30.32,2167.5,12.46,173
22705,WRAP GREEN PEARS ,1900,25.33,798.0,10.64,74
22706,WRAP COWBOYS  ,2050,29.71,845.0,12.25,69
22707,WRAP MONSTER FUN ,1250,26.6,525.0,11.17,47
22708,WRAP DOLLY GIRL,2775,28.03,1149.5,11.61,99
22709,WRAP WEDDING DAY,1325,33.97,528.5,13.55,39
22710,WRAP I LOVE LONDON ,4425,44.25,1742.5,17.42,100
22711,WRAP CIRCUS PARADE,2852,28.24,1181.84,11.7,100
22712,CARD DOLLY GIRL ,4319,20.0,1721.37,7.97,213
22713,CARD I LOVE LONDON ,3309,21.35,1312.12,8.47,149
22714,CARD BIRTHDAY COWBOY,3367,21.72,1324.89,8.55,155
22715,CARD WEDDING DAY,1506,15.37,615.24,6.28,98
22716,CARD CIRCUS PARADE,3088,14.36,1272.27,5.92,214
22717,CARD DOG AND BALL ,1170,13.45,487.08,5.6,87
22718,CARD CAT AND TREE ,1560,14.72,646.56,6.1,104
22719,GUMBALL MONOCHROME COAT RACK,463,13.62,508.07,14.94,34
22720,SET OF 3 CAKE TINS PANTRY DESIGN ,6168,5.33,29157.64,25.2,1144
22721,SET OF 3 CAKE TINS SKETCHBOOK,910,3.65,3949.72,15.86,246
22722,SET OF 6 SPICE TINS PANTRY DESIGN,4046,6.03,15105.7,22.51,650
22723,SET OF 6 HERB TINS SKETCHBOOK,1059,4.36,3705.89,15.25,235
22725,ALARM CLOCK BAKELIKE CHOCOLATE,1776,5.41,6574.26,20.04,322
22726,ALARM CLOCK BAKELIKE GREEN,5341,6.62,19863.4,24.61,788
22727,ALARM CLOCK BAKELIKE RED ,5301,5.92,19664.4,21.97,873
22728,ALARM CLOCK BAKELIKE PINK,3552,5.76,13256.33,21.49,609
22729,ALARM CLOCK BAKELIKE ORANGE,1882,5.14,6978.63,19.07,358
22730,ALARM CLOCK BAKELIKE IVORY,2478,5.21,9265.61,19.47,467
22731,3D CHRISTMAS STAMPS STICKERS ,1075,10.14,1361.95,12.85,105
22732,3D VINTAGE CHRISTMAS STICKERS ,1522,11.98,1930.38,15.2,126
22733,3D TRADITIONAL CHRISTMAS STICKERS,1471,10.22,1882.31,13.07,141
22734,SET OF 6 RIBBONS VINTAGE CHRISTMAS,2843,8.29,8051.83,23.47,329
22735,RIBBON REEL SOCKS AND MITTENS,673,7.56,1106.13,12.43,86
22736,RIBBON REEL MAKING SNOWMEN ,1102,7.11,1825.46,11.78,152
22737,RIBBON REEL CHRISTMAS PRESENT ,1227,6.46,2075.39,10.92,187
22738,RIBBON REEL SNOWY VILLAGE,2007,11.09,3219.43,17.79,176
22739,RIBBON REEL CHRISTMAS SOCK BAUBLE,1588,7.49,2704.44,12.76,204
22740,POLKADOT PEN,6625,61.92,5475.25,51.17,107
22741,FUNKY DIVA PEN,8328,53.73,7010.94,45.23,155
22742,MAKE YOUR OWN PLAYTIME CARD KIT,628,6.9,1245.88,13.69,88
22743,MAKE YOUR OWN FLOWERPOWER CARD KIT,867,5.7,2030.61,13.36,148
22744,MAKE YOUR OWN MONSOON CARD KIT,833,5.55,1898.83,12.66,146
22745,POPPY'S PLAYHOUSE BEDROOM ,1788,5.48,3689.95,11.32,316
22746,POPPY'S PLAYHOUSE LIVINGROOM ,1319,5.13,2733.02,10.63,252
22747,POPPY'S PLAYHOUSE BATHROOM,879,5.05,1800.9,10.35,169
22748,POPPY'S PLAYHOUSE KITCHEN,1895,5.31,3933.71,11.02,346
22749,FELTCRAFT PRINCESS CHARLOTTE DOLL,2223,5.28,8071.51,19.17,401
22750,FELTCRAFT PRINCESS LOLA DOLL,1964,5.02,7166.94,18.33,378
22751,FELTCRAFT PRINCESS OLIVIA DOLL,1514,5.94,5446.1,21.36,251
22752,SET 7 BABUSHKA NESTING BOXES,1654,5.5,12665.29,42.08,297
22753,SMALL YELLOW BABUSHKA NOTEBOOK ,918,5.46,614.63,3.66,166
22754,SMALL RED BABUSHKA NOTEBOOK ,1802,9.19,1106.44,5.65,194
22755,SMALL PURPLE BABUSHKA NOTEBOOK ,1577,7.96,1012.78,5.12,193
22756,LARGE YELLOW BABUSHKA NOTEBOOK ,554,5.96,546.88,5.88,93
22757,LARGE RED BABUSHKA NOTEBOOK ,1009,8.85,950.46,8.34,113
22758,LARGE PURPLE BABUSHKA NOTEBOOK  ,1122,8.63,942.02,7.25,127
22759,SET OF 3 NOTEBOOKS IN PARCEL,4535,13.54,7309.35,21.82,318
22760,"TRAY, BREAKFAST IN BED",259,3.92,3089.85,46.82,66
22761,CHEST 7 DRAWER MA CAMPAGNE,34,1.42,821.3,34.22,24
22762,CUPBOARD 3 DRAWER MA CAMPAGNE,145,1.67,2070.95,23.8,87
22763,KEY CABINET MA CAMPAGNE,191,2.03,1865.65,19.85,93
22764,"RUSTIC WOODEN CABINET, GLASS DOORS",3,1.5,74.85,37.42,2
22765,NEWSPAPER STAND,25,8.33,257.37,85.79,3
22766,PHOTO FRAME CORNICE,2790,6.0,8034.58,17.28,453
22767,TRIPLE PHOTO FRAME CORNICE ,761,3.66,6932.83,33.33,208
22768,FAMILY PHOTO FRAME CORNICE,837,3.56,7646.84,32.54,233
22769,CHALKBOARD KITCHEN ORGANISER,6,2.0,137.7,45.9,3
22770,MIRROR CORNICE,83,1.51,1223.25,22.24,55
22771,CLEAR DRAWER KNOB ACRYLIC EDWARDIAN,5753,17.22,6923.17,20.73,321
22772,PINK DRAWER KNOB ACRYLIC EDWARDIAN,3345,18.9,3926.72,22.18,170
22773,GREEN DRAWER KNOB ACRYLIC EDWARDIAN,1852,12.35,2242.52,14.95,145
22774,RED DRAWER KNOB ACRYLIC EDWARDIAN,2007,20.07,2322.27,23.22,97
22775,PURPLE DRAWERKNOB ACRYLIC EDWARDIAN,2614,16.24,3169.87,19.69,145
22776,SWEETHEART CAKESTAND 3 TIER,1116,2.47,10570.6,23.44,449
22777,GLASS BELL JAR LARGE,331,7.88,2598.45,61.87,42
22778,GLASS CLOCHE SMALL,757,6.76,2743.75,24.5,107
22779,WOODEN OWLS LIGHT GARLAND ,1535,10.1,5781.35,38.04,147
22780,LIGHT GARLAND BUTTERFILES PINK,1340,10.15,5018.84,38.02,130
22781,GUMBALL MAGAZINE RACK,533,3.31,3916.79,24.33,160
22782,SET 3 WICKER STORAGE BASKETS ,241,3.26,3399.95,45.95,74
22783,SET 3 WICKER OVAL BASKETS W LIDS,108,3.72,1146.6,39.54,29
22784,LANTERN CREAM GAZEBO ,1214,4.51,5721.42,21.27,259
22785,SQUARECUSHION COVER PINK UNION FLAG,212,3.93,797.44,14.77,54
22786,CUSHION COVER PINK UNION JACK,108,2.92,576.64,15.58,37
22788,BROCANTE COAT RACK,205,4.46,1734.05,37.7,46
22789,T-LIGHT HOLDER SWEETHEART HANGING,838,6.4,1605.84,12.26,126
22791,T-LIGHT GLASS FLUTED ANTIQUE,7336,27.58,8378.89,31.5,260
22792,FLUTED ANTIQUE CANDLE HOLDER,2313,17.79,1888.31,14.53,128
22794,SWEETHEART WIRE MAGAZINE RACK,300,1.91,2373.0,15.11,157
22795,SWEETHEART RECIPE BOOK STAND,1099,3.78,7084.65,24.35,287
22796,PHOTO FRAME 3 CLASSIC HANGING,554,2.58,5377.45,25.01,212
22797,CHEST OF DRAWERS GINGHAM HEART ,146,1.85,2459.04,31.13,79
22798,ANTIQUE GLASS DRESSING TABLE POT,1643,8.69,4687.01,24.8,188
22799,SWEETHEART WIRE FRUIT BOWL,198,2.48,1497.8,18.72,79
22800,ANTIQUE TALL SWIRLGLASS TRINKET POT,765,5.5,2817.13,20.27,138
22801,ANTIQUE GLASS PEDESTAL BOWL,890,5.39,3223.35,19.54,159
22802,FAUX FUR CHOCOLATE THROW,66,1.89,1055.7,30.16,34
22803,IVORY EMBROIDERED QUILT ,46,1.84,1715.9,68.64,25
22804,CANDLEHOLDER PINK HANGING HEART,2869,6.81,7247.91,17.22,409
22805,BLUE DRAWER KNOB ACRYLIC EDWARDIAN,1574,12.59,1924.18,15.39,122
22806,SET OF 6 T-LIGHTS WEDDING CAKE ,243,8.68,595.65,21.27,28
22807,SET OF 6 T-LIGHTS TOADSTOOLS,676,6.09,1796.64,16.19,107
22808,SET OF 6 T-LIGHTS EASTER CHICKS,320,5.93,899.8,16.66,54
22809,SET OF 6 T-LIGHTS SANTA,1198,6.69,3517.66,19.65,173
22810,SET OF 6 T-LIGHTS SNOWMEN,908,6.44,2792.08,19.8,137
22811,SET OF 6 T-LIGHTS CACTI ,775,13.84,1987.93,35.5,55
22812,PACK 3 BOXES CHRISTMAS PANNETONE,1571,12.37,2964.77,23.34,122
22813,PACK 3 BOXES BIRD PANNETONE ,2265,14.71,4203.33,27.29,154
22814,CARD PARTY GAMES ,1581,16.47,633.78,6.6,95
22815,CARD PSYCHEDELIC APPLES,1810,15.88,747.24,6.55,113
22816,CARD MOTORBIKE SANTA,3438,19.1,1420.2,7.89,176
22817,CARD SUKI BIRTHDAY,1858,14.75,763.08,6.06,126
22818,CARD CHRISTMAS VILLAGE,3162,19.28,1319.4,8.05,162
22819,"BIRTHDAY CARD, RETRO SPOT",1848,14.67,758.88,6.02,126
22820,GIFT BAG BIRTHDAY,761,16.54,494.83,10.76,45
22821,GIFT BAG PSYCHEDELIC APPLES,834,12.45,542.46,8.1,66
22822,CREAM WALL PLANTER HEART SHAPED,417,2.88,2402.66,16.57,144
22823,CHEST NATURAL WOOD 20 DRAWERS,24,1.85,2745.0,211.15,13
22824,3 TIER SWEETHEART GARDEN SHELF,55,1.28,1938.25,45.08,43
22825,DECORATIVE PLANT POT WITH FRIEZE,70,2.8,544.5,21.78,25
22826,LOVE SEAT ANTIQUE WHITE METAL,58,1.41,6210.0,151.46,41
22827,RUSTIC  SEVENTEEN DRAWER SIDEBOARD,35,1.35,5415.0,208.27,26
22828,REGENCY MIRROR WITH SHUTTERS,10,1.43,1530.0,218.57,7
22829,SWEETHEART WIRE WALL TIDY,215,2.17,2066.75,20.88,97
22830,UTILTY CABINET WITH HOOKS,35,7.0,696.05,139.21,5
22831,WHITE BROCANTE SOAP DISH,684,6.45,1960.2,18.49,104
22832,BROCANTE SHELF WITH HOOKS,155,2.25,1645.45,23.85,69
22833,HALL CABINET WITH 3 DRAWERS,3,1.0,149.85,49.95,3
22834,HAND WARMER BABUSHKA DESIGN,4633,15.49,6149.33,20.57,288
22835,HOT WATER BOTTLE I AM SO POORLY,2660,5.15,12521.28,24.22,504
22837,HOT WATER BOTTLE BABUSHKA ,992,7.29,4479.2,32.94,134
22838,3 TIER CAKE TIN RED AND CREAM,460,3.43,6289.78,46.94,134
22839,3 TIER CAKE TIN GREEN AND CREAM,364,2.62,4954.56,35.64,136
22840,ROUND CAKE TIN VINTAGE RED,747,2.96,5599.93,22.22,249
22841,ROUND CAKE TIN VINTAGE GREEN,516,2.58,3895.48,19.48,199
22842,BISCUIT TIN VINTAGE RED,572,3.92,3609.8,24.72,146
22843,BISCUIT TIN VINTAGE GREEN,434,3.77,2691.88,23.41,114
22844,VINTAGE CREAM DOG FOOD CONTAINER,826,2.79,6779.35,22.9,292
22845,VINTAGE CREAM CAT FOOD CONTAINER,704,2.97,4208.09,17.76,235
22846,BREAD BIN DINER STYLE RED ,626,2.51,9597.31,38.54,249
22847,BREAD BIN DINER STYLE IVORY,851,2.49,13191.69,38.57,342
22848,BREAD BIN DINER STYLE PINK,302,2.7,4598.35,41.06,111
22849,BREAD BIN DINER STYLE MINT,308,2.55,4706.36,38.9,119
22851,SET 20 NAPKINS FAIRY CAKES DESIGN ,2609,8.78,2148.23,7.23,286
22852,DOG BOWL VINTAGE CREAM,354,3.28,1507.92,13.96,108
22853,CAT BOWL VINTAGE CREAM,431,4.27,1396.95,13.83,101
22854,CREAM SWEETHEART EGG HOLDER,750,5.03,3547.3,23.81,147
22855,FINE WICKER HEART ,2508,13.93,2984.52,16.58,179
22856,ASSORTED EASTER DECORATIONS  BELLS,564,25.64,650.28,29.56,22
22857,ASSORTED EASTER GIFT TAGS,1156,18.95,945.16,15.49,58
22858,EASTER TIN KEEPSAKE,1081,9.57,1718.85,15.21,110
22859,EASTER TIN BUNNY BOUQUET,1150,8.85,1832.7,14.1,127
22860,EASTER TIN CHICKS PINK DAISY,567,6.52,935.55,10.75,85
22861,EASTER TIN CHICKS IN GARDEN,292,7.68,481.8,12.68,38
22862,LOVE HEART NAPKIN BOX ,143,3.11,607.75,13.21,45
22863,SOAP DISH BROCANTE,693,7.29,1948.35,20.51,93
22865,HAND WARMER OWL DESIGN,7635,12.88,15349.63,25.88,571
22866,HAND WARMER SCOTTY DOG DESIGN,6118,12.19,12248.76,24.4,471
22867,HAND WARMER BIRD DESIGN,6001,12.3,12081.43,24.76,474
22868,NUMBER TILE COTTAGE GARDEN 0 ,54,4.91,105.3,9.57,10
22869,NUMBER TILE COTTAGE GARDEN 1,69,3.63,134.55,7.08,19
22870,NUMBER TILE COTTAGE GARDEN 2,67,3.94,130.65,7.69,15
22871,NUMBER TILE COTTAGE GARDEN 3 ,52,5.2,101.4,10.14,10
22872,NUMBER TILE COTTAGE GARDEN 4,55,4.23,107.25,8.25,13
22873,NUMBER TILE COTTAGE GARDEN 5,47,3.62,91.65,7.05,13
22874,NUMBER TILE COTTAGE GARDEN 6,54,4.5,105.3,8.78,11
22875,NUMBER TILE COTTAGE GARDEN 7,51,3.64,99.45,7.1,14
22876,NUMBER TILE COTTAGE GARDEN 8,52,4.73,101.4,9.22,11
22877,NUMBER TILE COTTAGE GARDEN 9,56,4.31,109.2,8.4,13
22878,NUMBER TILE COTTAGE GARDEN No,52,4.73,109.2,9.93,11
22879,NUMBER TILE VINTAGE FONT 0,62,7.75,69.34,8.67,8
22880,NUMBER TILE VINTAGE FONT 1,72,6.0,88.84,7.4,11
22881,NUMBER TILE VINTAGE FONT 2,79,6.08,102.49,7.88,13
22882,NUMBER TILE VINTAGE FONT 3,83,4.15,110.29,5.51,20
22883,NUMBER TILE VINTAGE FONT 4,78,7.09,100.54,9.14,11
22884,NUMBER TILE VINTAGE FONT 5,75,4.69,94.69,5.92,16
22885,NUMBER TILE VINTAGE FONT 6 ,79,6.58,102.49,8.54,12
22886,NUMBER TILE VINTAGE FONT 7,74,5.69,92.74,7.13,13
22887,NUMBER TILE VINTAGE FONT 8,66,6.0,77.14,7.01,11
22888,NUMBER TILE VINTAGE FONT 9 ,63,7.88,71.29,8.91,8
22889,NUMBER TILE VINTAGE FONT No ,147,16.33,164.58,18.29,7
22890,NOVELTY BISCUITS CAKE STAND 3 TIER,366,2.46,3505.12,23.52,143
22891,TEA FOR ONE POLKADOT,345,3.19,1519.01,14.06,104
22892,SET OF SALT AND PEPPER TOADSTOOLS,2461,12.49,3007.85,15.27,196
22893,MINI CAKE STAND T-LIGHT HOLDER,1464,22.18,591.84,8.97,65
22894,TABLECLOTH RED APPLES DESIGN ,291,2.65,2821.95,25.65,109
22895,SET OF 2 TEA TOWELS APPLE AND PEARS,1980,8.08,5855.24,23.9,238
22896,PEG BAG APPLES DESIGN,1498,6.63,3566.77,15.78,221
22897,OVEN MITT APPLES DESIGN,1298,7.46,1850.66,10.64,172
22898,CHILDRENS APRON APPLES DESIGN,2201,7.75,4120.85,14.51,277
22899,CHILDREN'S APRON DOLLY GIRL ,1982,7.56,3986.88,15.22,259
22900, SET 2 TEA TOWELS I LOVE LONDON ,3980,10.28,11676.2,30.17,367
22902,TOTE BAG I LOVE LONDON,1212,12.62,2306.58,24.03,94
22903,CALENDAR FAMILY FAVOURITES,153,4.78,427.43,13.36,32
22904,CALENDAR PAPER CUT DESIGN,1768,7.34,5072.64,21.05,234
22905,CALENDAR IN SEASON DESIGN,478,6.93,1225.49,17.76,67
22906,12 MESSAGE CARDS WITH ENVELOPES,1628,8.14,2590.2,12.95,187
22907,PACK OF 20 NAPKINS PANTRY DESIGN,6102,10.8,4966.32,8.79,533
22908,PACK OF 20 NAPKINS RED APPLES,4234,13.07,3330.64,10.28,313
22909,SET OF 20 VINTAGE CHRISTMAS NAPKINS,8122,15.89,6530.26,12.78,489
22910,PAPER CHAIN KIT VINTAGE CHRISTMAS,9433,13.23,25669.27,36.0,697
22911,PAPER CHAIN KIT LONDON,438,5.34,1246.94,15.21,81
22912,YELLOW COAT RACK PARIS FASHION,270,2.97,1222.74,13.44,90
22913,RED COAT RACK PARIS FASHION,327,3.44,1479.69,15.58,95
22914,BLUE COAT RACK PARIS FASHION,428,3.15,1979.64,14.56,134
22915,ASSORTED BOTTLE TOP  MAGNETS ,2928,21.85,1104.36,8.24,133
22916,HERB MARKER THYME,1819,9.38,1170.35,6.03,186
22917,HERB MARKER ROSEMARY,1858,9.38,1195.7,6.04,190
22918,HERB MARKER PARSLEY,1776,9.11,1122.4,5.76,187
22919,HERB MARKER MINT,1669,8.43,1072.85,5.42,191
22920,HERB MARKER BASIL,3329,17.16,2000.35,10.31,188
22921,HERB MARKER CHIVES ,1648,9.58,1059.2,6.16,166
22922,FRIDGE MAGNETS US DINER ASSORTED,1482,16.84,1226.4,13.94,88
22923,FRIDGE MAGNETS LES ENFANTS ASSORTED,1281,16.86,1042.05,13.71,75
22924,FRIDGE MAGNETS LA VIE EN ROSE,1188,15.63,978.6,12.88,74
22925,BLUE GIANT GARDEN THERMOMETER,427,2.6,2517.67,15.35,162
22926,IVORY GIANT GARDEN THERMOMETER,569,3.06,3313.55,17.81,182
22927,GREEN GIANT GARDEN THERMOMETER,395,3.06,2278.25,17.66,129
22928,YELLOW GIANT GARDEN THERMOMETER,251,2.85,1535.57,17.45,88
22929,SCHOOL DESK AND CHAIR ,19,1.46,1199.75,92.29,13
22930,BAKING MOULD HEART MILK CHOCOLATE,1041,7.08,2515.67,17.11,145
22931,BAKING MOULD HEART WHITE CHOCOLATE,794,7.03,1878.61,16.62,110
22932,BAKING MOULD TOFFEE CUP CHOCOLATE,872,13.62,1950.9,30.48,64
22933,BAKING MOULD EASTER EGG MILK CHOC,876,9.52,2272.2,24.7,91
22934,BAKING MOULD EASTER EGG WHITE CHOC,560,8.12,1527.2,22.13,69
22935,BAKING MOULD ROSE MILK CHOCOLATE,673,12.94,1964.25,37.77,52
22936,BAKING MOULD ROSE WHITE CHOCOLATE,258,7.37,766.88,21.91,33
22937,BAKING MOULD CHOCOLATE CUPCAKES,941,6.67,2425.19,17.2,136
22938,CUPCAKE LACE PAPER SET 6,2321,13.49,4355.33,25.32,170
22939,APRON APPLE DELIGHT,448,4.31,2188.48,21.04,102
22940,FELTCRAFT CHRISTMAS FAIRY,1560,4.97,6462.68,20.58,301
22941,CHRISTMAS LIGHTS 10 REINDEER,1188,4.68,9654.0,38.01,252
22942,CHRISTMAS LIGHTS 10 SANTAS ,581,4.4,4108.75,31.13,131
22943,CHRISTMAS LIGHTS 10 VINTAGE BAUBLES,1280,7.95,5968.98,37.07,159
22944,CHRISTMAS METAL POSTCARD WITH BELLS,2704,45.07,1125.94,18.77,57
22945,CHRISTMAS METAL TAGS ASSORTED ,2863,20.45,2401.03,17.15,136
22946,WOODEN ADVENT CALENDAR CREAM,370,4.07,5340.0,58.68,89
22947,WOODEN ADVENT CALENDAR RED,536,5.15,5047.6,48.53,104
22948,METAL DECORATION NAUGHTY CHILDREN ,1456,13.74,1286.56,12.14,98
22949,36 DOILIES DOLLY GIRL,947,10.89,1373.15,15.78,86
22950,36 DOILIES VINTAGE CHRISTMAS,5180,31.02,7045.4,42.19,166
22951,60 CAKE CASES DOLLY GIRL DESIGN,7247,19.64,3755.41,10.18,354
22952,60 CAKE CASES VINTAGE CHRISTMAS,14759,29.76,7431.05,14.98,467
22953,BIRTHDAY PARTY CORDON BARRIER TAPE,460,5.54,578.63,6.97,82
22954,HEN PARTY CORDON BARRIER TAPE,165,5.69,206.25,7.11,28
22955,36 FOIL STAR CAKE CASES ,1005,9.05,1929.14,17.38,106
22956,36 FOIL HEART CAKE CASES,2003,11.25,3823.56,21.48,170
22957,SET 3 PAPER VINTAGE CHICK PAPER EGG,1749,8.7,4881.15,24.28,196
22959,WRAP CHRISTMAS VILLAGE,4876,34.83,2003.92,14.31,140
22960,JAM MAKING SET WITH JARS,7921,8.94,31604.97,35.67,877
22961,JAM MAKING SET PRINTED,15055,17.21,21170.75,24.2,868
22962,JAM JAR WITH PINK LID,3681,14.9,2952.57,11.95,246
22963,JAM JAR WITH GREEN LID,3071,14.55,2452.01,11.62,210
22964,3 PIECE SPACEBOY COOKIE CUTTER SET,2514,8.32,5034.64,16.67,296
22965,3 TRADITIONAL COOKIE CUTTERS  SET,1318,6.31,2726.42,13.05,206
22966,GINGERBREAD MAN COOKIE CUTTER,7204,12.59,8625.13,15.08,554
22967,SET 3 SONG BIRD PAPER EGGS ASSORTED,1161,8.8,3230.55,24.47,131
22968,ROSE COTTAGE KEEPSAKE BOX ,729,5.03,6574.95,45.34,144
22969,HOMEMADE JAM SCENTED CANDLES,9968,19.28,13910.8,26.91,516
22970,LONDON BUS COFFEE MUG,3784,13.37,8696.1,30.73,275
22971,QUEENS GUARD COFFEE MUG,2365,10.06,5603.57,23.84,233
22972,CHILDREN'S SPACEBOY MUG,1715,9.32,2790.71,15.17,180
22973,CHILDREN'S CIRCUS PARADE MUG,1192,10.64,1924.48,17.18,110
22974,CHILDRENS DOLLY GIRL MUG,1523,9.4,2457.99,15.17,157
22975,SPACEBOY CHILDRENS EGG CUP,1118,7.76,1405.97,9.76,142
22976,CIRCUS PARADE CHILDRENS EGG CUP ,1047,9.03,1313.59,11.32,112
22977,DOLLY GIRL CHILDRENS EGG CUP,905,8.01,1132.46,10.02,111
22978,PANTRY ROLLING PIN,1699,8.62,6224.84,31.6,196
22979,PANTRY WASHING UP BRUSH,3254,10.43,4663.66,14.95,303
22980,PANTRY SCRUBBING BRUSH,2289,9.27,3661.89,14.83,242
22981,PANTRY APPLE CORER,436,5.74,603.4,7.94,72
22982,PANTRY PASTRY BRUSH,1045,7.11,1308.3,8.9,146
22983,CARD BILLBOARD FONT,5038,15.13,2072.79,6.22,332
22984,CARD GINGHAM ROSE ,2678,18.86,1073.74,7.56,140
22985,"WRAP, BILLBOARD FONTS DESIGN",3750,39.06,1487.0,15.49,96
22986,GINGHAM ROSE WRAP,4101,26.63,1710.42,11.11,154
22987,WRAP SUMMER ROSE DESIGN,100,25.0,42.0,10.5,4
22988,SOLDIERS EGG CUP ,8821,26.1,10150.22,30.03,327
22989,SET 2 PANTRY DESIGN TEA TOWELS,2337,7.37,7142.37,22.53,310
22990,COTTON APRON PANTRY DESIGN,607,4.22,2695.29,18.72,140
22991,GIRAFFE WOODEN RULER,3710,15.39,6820.74,28.3,234
22992,REVOLVER WOODEN RULER ,4917,16.61,8950.29,30.24,285
22993,SET OF 4 PANTRY JELLY MOULDS,11792,13.2,14180.17,15.88,866
22994,TRAVEL CARD WALLET RETROSPOT,2107,12.93,883.5,5.42,160
22995,TRAVEL CARD WALLET SUKI,2236,11.96,936.24,5.01,183
22996,TRAVEL CARD WALLET VINTAGE TICKET,4552,15.12,1880.16,6.25,292
22997,TRAVEL CARD WALLET UNION JACK,2527,13.59,1059.9,5.7,181
22998,TRAVEL CARD WALLET KEEP CALM,11769,26.27,4693.4,10.48,437
22999,TRAVEL CARD WALLET RETRO PETALS,2875,14.9,1206.06,6.25,185
23000,TRAVEL CARD WALLET TRANSPORT,3044,14.63,1275.6,6.13,205
23002,TRAVEL CARD WALLET SKULLS,2078,14.33,871.32,6.01,140
23003,TRAVEL CARD WALLET VINTAGE ROSE ,541,10.21,225.78,4.26,52
23004,TRAVEL CARD WALLET PANTRY,1862,14.43,783.68,6.08,123
23005,TRAVEL CARD WALLET I LOVE LONDON,4396,24.15,1788.72,9.83,175
23006,TRAVEL CARD WALLET FLOWER MEADOW,1699,12.97,712.14,5.44,130
23007, SPACEBOY BABY GIFT SET,450,3.15,7065.5,49.41,142
23008,DOLLY GIRL BABY GIFT SET,421,3.45,6567.95,53.84,120
23009,I LOVE LONDON BABY GIFT SET,209,3.43,3262.55,53.48,61
23010,CIRCUS PARADE BABY GIFT SET,285,3.2,4444.75,49.94,89
23012,GLASS APOTHECARY BOTTLE PERFUME,1017,5.01,3775.49,18.6,198
23013,GLASS APOTHECARY BOTTLE TONIC,866,4.76,3215.04,17.67,180
23014,GLASS APOTHECARY BOTTLE ELIXIR,800,4.88,2959.68,18.05,160
23015,CORDIAL GLASS JUG,37,2.18,305.25,17.96,15
23016,GLASS TWIST BON BON JAR,69,3.63,512.85,26.99,19
23017,APOTHECARY MEASURING JAR,64,3.05,751.4,35.78,21
23018,LARGE APOTHECARY MEASURING JAR ,50,2.5,587.2,29.36,20
23019,SMALL APOTHECARY MEASURING JAR ,81,2.89,629.05,22.47,28
23020,GLASS  SONGBIRD STORAGE JAR,176,2.44,2092.0,29.06,72
23021,GLASS BONNE JAM JAR,118,4.54,480.1,18.47,25
23022,SMALL BONNE JAM JAR  T-LIGHT HOLDER,416,18.09,795.68,34.59,21
23023,RIDGED BONNE JAM JAR T-LIGHT HOLDER,272,10.88,431.24,17.25,23
23024,LARGE BONNE JAM JAR  T-LIGHT HOLDER,254,25.4,662.06,66.21,10
23025,DRAWER KNOB VINTAGE GLASS BALL,317,6.89,669.61,14.56,46
23026,DRAWER KNOB VINTAGE GLASS STAR,504,9.0,1019.05,18.2,53
23027,DRAWER KNOB VINTAGE GLASS HEXAGON,287,10.63,596.96,22.11,27
23028,DRAWER KNOB CRACKLE GLAZE BLUE,1247,10.75,2000.19,17.24,114
23029,DRAWER KNOB CRACKLE GLAZE GREEN,1284,9.3,2080.2,15.07,138
23031,DRAWER KNOB CRACKLE GLAZE PINK,1246,8.9,2017.5,14.41,138
23032,DRAWER KNOB CRACKLE GLAZE IVORY,2264,11.92,3630.0,19.11,182
23033,DRAWER KNOB CERAMIC RED,685,11.42,952.45,15.87,59
23034,DRAWER KNOB CERAMIC BLACK,947,11.55,1332.35,16.25,78
23035,DRAWER KNOB CERAMIC IVORY,2089,12.29,2941.69,17.3,166
23036,T-LIGHT HOLDER SILVER PETIT FOUR ,183,11.44,228.75,14.3,15
23037,CANDLE HOLDER SILVER MADELINE,193,10.72,315.29,17.52,18
23038,T-LIGHT HOLDER SILVER SAUCER,41,6.83,38.03,6.34,6
23039,T-LIGHT HOLDER SILVER HEART HANDLE,192,8.35,370.8,16.12,22
23040,PAPER LANTERN 9 POINT SNOW STAR ,246,6.47,1318.5,34.7,36
23041,PAPER LANTERN 9 POINT SNOW STAR,260,5.42,1079.0,22.48,48
23042,PAPER LANTERN 7 POINT SNOW STAR,99,3.96,658.35,26.33,25
23043,PAPER LANTERN 9 POINT HOLLY STAR 40,75,3.95,468.75,24.67,19
23044,PAPER LANTERN 9 POINT HOLLY STAR S,103,3.81,427.45,15.83,24
23045,PAPER LANTERN 5 POINT STAR MOON 30,116,5.04,481.4,20.93,23
23046,PAPER LANTERN 9 POINT DELUXE STAR,107,3.24,711.55,21.56,33
23047,PAPER LANTERN 5 POINT SEQUIN STAR,58,2.23,333.5,12.83,25
23048,SET OF 10 LANTERNS FAIRY LIGHT STAR,564,6.13,2264.74,24.62,85
23049,RECYCLED ACAPULCO MAT RED,435,2.57,3572.75,21.14,169
23050,RECYCLED ACAPULCO MAT GREEN,459,2.61,3763.55,21.38,176
23051,RECYCLED ACAPULCO MAT BLUE,335,2.52,2741.35,20.61,133
23052,RECYCLED ACAPULCO MAT TURQUOISE,571,2.58,4694.75,21.24,221
23053,RECYCLED ACAPULCO MAT PINK,319,2.45,2598.15,19.99,129
23054,RECYCLED ACAPULCO MAT LAVENDER,268,2.44,2206.2,20.06,109
23055,IVORY CHANDELIER T-LIGHT HOLDER,561,14.38,1292.97,33.15,36
23056,FLOWERS CHANDELIER T-LIGHT HOLDER,629,15.72,1514.81,37.87,36
23057,GEMSTONE CHANDELIER T-LIGHT HOLDER,677,15.39,1660.99,37.75,41
23058,CHRISTMAS HANGING SNOWFLAKE,486,11.05,421.02,9.57,44
23060,HEART BEADED TRELLIS DECORATION,244,5.95,507.52,12.38,39
23061,VINTAGE EMBOSSED HEART,964,10.59,1199.96,13.19,88
23064,CINDERELLA CHANDELIER ,120,5.71,2617.6,124.65,21
23065,LARGE DECO JEWELLERY STAND,257,2.76,3115.3,33.5,92
23066,SMALL DECO JEWELLERY STAND,245,3.22,1963.65,25.84,76
23067,HANGING ENGRAVED METAL HEART,277,3.55,1149.55,14.74,71
23068,ALUMINIUM STAMPED HEART,805,6.05,1937.21,14.57,130
23069,EDWARDIAN PHOTO FRAME,89,2.78,556.25,17.38,31
23070,EDWARDIAN HEART PHOTO FRAME,147,4.45,610.05,18.49,33
23071,MARIE ANTOIENETT TRINKET BOX GOLD,317,14.41,1230.1,55.91,17
23072,MARIE ANTOINETTE TRINKET BOX SILVER,326,14.82,1099.0,49.95,22
23073,GEORGIAN TRINKET BOX,142,2.37,1694.0,28.23,59
23074,EMBOSSED HEART TRINKET BOX,225,6.25,452.34,12.57,35
23075,DOUBLE CERAMIC PARLOUR HOOK,470,5.88,1931.3,24.14,77
23076,ICE CREAM SUNDAE LIP GLOSS,7920,31.81,9668.16,38.83,248
23077,DOUGHNUT LIP GLOSS ,9662,31.27,11640.7,37.67,308
23078,ICE CREAM PEN LIP GLOSS ,6607,31.02,8077.31,37.92,213
23079,TOADSTOOL BEDSIDE LIGHT ,250,2.34,2216.5,20.71,104
23080,RED METAL BOX TOP SECRET,1003,4.4,7962.03,34.92,221
23081,GREEN METAL BOX ARMY SUPPLIES,454,3.91,3614.64,31.16,115
23082,SET 6 PAPER TABLE LANTERN HEARTS ,2265,8.3,8129.43,29.78,263
23083,SET 6 PAPER TABLE LANTERN STARS ,1860,8.73,6739.63,31.64,209
23084,RABBIT NIGHT LIGHT,18010,21.57,34057.32,40.79,794
23085,ANTIQUE SILVER BAUBLE LAMP  ,374,4.62,3489.7,43.08,72
23086,ZINC  STAR T-LIGHT HOLDER ,1194,32.27,1371.54,37.07,36
23087,ZINC  HEART T-LIGHT HOLDER,830,16.94,997.18,20.35,49
23088,ZINC HEART FLOWER T-LIGHT HOLDER,760,13.33,947.18,16.62,57
23089,GLASS BON BON JAR,2136,15.48,3497.22,25.34,134
23090,VINTAGE GLASS T-LIGHT HOLDER,2130,16.9,1723.62,13.68,122
23091,ZINC HERB GARDEN CONTAINER,570,2.85,3488.25,17.44,192
23092,LARGE ANTIQUE WHITE PHOTO FRAME,509,4.04,3584.06,28.44,125
23093,SMALL PARISIENNE HEART PHOTO FRAME ,916,7.39,2125.16,17.14,123
23094,LE GRAND TRAY CHIC SET,147,1.99,1837.5,24.83,74
23096,PETIT TRAY CHIC,1007,8.46,1629.83,13.7,117
23099,FRENCH CARRIAGE LANTERN,132,2.4,858.9,15.62,54
23100,SILVER BELLS TABLE DECORATION,2093,9.43,2565.85,11.56,213
23101,SILVER STARS TABLE DECORATION,1948,9.94,1574.6,8.03,190
23102,SILVER HEARTS TABLE DECORATION,1245,8.65,1006.95,6.99,139
23103,BELL HEART DECORATION,3939,11.79,6456.15,19.33,316
23104,IVORY PANTRY HANGING LAMP ,116,2.64,1355.5,30.81,44
23106,ZINC HEARTS PLANT POT HOLDER,283,5.66,769.27,15.39,50
23107,WHITE WIRE PLANT POT HOLDER,340,5.57,919.8,15.08,61
23108,SET OF 10 LED DOLLY LIGHTS,1778,5.04,10281.23,29.13,350
23109,LED TEA LIGHTS,2325,9.81,6528.25,27.55,228
23110,PARISIENNE KEY CABINET ,664,3.0,3685.2,16.68,219
23111,PARISIENNE SEWING BOX,296,2.37,3464.8,27.72,124
23112,PARISIENNE CURIO CABINET,472,2.57,3444.8,18.72,183
23113,PANTRY CHOPPING BOARD,196,4.78,912.6,22.26,41
23114,VINTAGE LEAF CHOPPING BOARD  ,144,3.51,684.0,16.68,41
23115,RED APPLES CHOPPING BOARD   ,147,3.68,698.85,17.47,38
23116,VEGETABLE GARDEN CHOPPING BOARD,72,4.0,327.6,18.2,17
23117,POPPY FIELDS CHOPPING BOARD,85,2.18,420.75,10.79,39
23118,PARISIENNE JEWELLERY DRAWER ,765,3.4,5399.02,24.0,225
23119,PACK OF 6 LARGE FRUIT STRAWS ,2156,18.43,1276.33,10.91,116
23120,PACK OF 6 SMALL FRUIT STRAWS,1648,17.91,657.6,7.15,79
23121,PACK OF 6 COCKTAIL PARASOL STRAWS,2465,25.68,960.42,10.0,87
23122,PARTY CHARMS 50 PIECES,2093,21.14,1554.31,15.7,94
23123,COCKTAIL SWORDS 50 PIECES,900,13.04,706.08,10.23,68
23124,18PC WOODEN CUTLERY SET DISPOSABLE,503,20.96,595.15,24.8,24
23125,6PC WOOD PLATE SET DISPOSABLE,405,25.31,443.25,27.7,16
23126,DOLLCRAFT GIRL AMELIE KIT,1089,3.92,5297.03,19.05,271
23127,DOLLCRAFT GIRL NICOLE,714,3.86,3511.34,18.98,182
23128,FELTCRAFT BOY JEAN-PAUL KIT,436,3.3,2109.88,15.98,129
23129,HEART SHAPED HOLLY WREATH,942,5.71,3933.18,23.84,165
23130,MISTLETOE HEART WREATH GREEN,918,5.5,3748.42,22.45,167
23131,MISTLETOE HEART WREATH CREAM,654,6.0,2640.78,24.23,107
23132,SMALL IVORY HEART WALL ORGANISER,1022,7.1,5069.58,35.21,141
23133,LARGE IVORY HEART WALL ORGANISER,759,5.66,5142.91,38.38,134
23134,LARGE ZINC HEART WALL ORGANISER,304,8.94,1945.68,57.23,34
23135,SMALL ZINC HEART WALL ORGANISER,530,13.59,2032.24,52.11,39
23136,IVORY WIRE SWEETHEART LETTER TRAY,127,2.89,467.05,10.61,44
23137,ZINC WIRE SWEETHEART LETTER TRAY,80,4.0,253.24,12.66,20
23138,SINGLE WIRE HOOK IVORY HEART,875,10.94,1209.15,15.11,75
23139,SINGLE WIRE HOOK PINK HEART,407,16.96,503.83,20.99,22
23140,TRIPLE WIRE HOOK IVORY HEART,160,4.57,658.54,18.82,35
23141,TRIPLE WIRE HOOK PINK HEART,68,3.78,215.0,11.94,18
23142,IVORY WIRE KITCHEN ORGANISER,116,3.22,1137.65,31.6,36
23143,ZINC WIRE KITCHEN ORGANISER,25,2.08,156.8,13.07,12
23144,ZINC T-LIGHT HOLDER STARS SMALL,4894,20.56,3879.98,16.3,237
23145,ZINC T-LIGHT HOLDER STAR LARGE,2054,13.6,1919.34,12.71,150
23146,TRIPLE HOOK ANTIQUE IVORY ROSE,781,3.6,2535.89,11.69,211
23147,SINGLE ANTIQUE ROSE HOOK IVORY,1845,7.24,2672.85,10.48,250
23148,MINIATURE ANTIQUE ROSE HOOK IVORY,2118,8.68,1756.5,7.2,234
23149,ANTIQUE IVORY WIRE BOWL SMALL,97,5.11,241.53,12.71,19
23150,IVORY SWEETHEART SOAP DISH,139,3.48,346.11,8.65,40
23151,ZINC SWEETHEART SOAP DISH,60,3.0,106.9,5.35,19
23152,IVORY SWEETHEART WIRE LETTER RACK ,545,3.59,2013.51,13.25,149
23153,ZINC SWEETHEART WIRE LETTER RACK,248,3.18,923.63,11.84,78
23154,SET OF 4 JAM JAR MAGNETS,2472,10.84,4986.49,21.87,214
23155,KNICKERBOCKERGLORY MAGNET ASSORTED ,2106,18.64,1679.34,14.86,111
23156,SET OF 5 MINI GROCERY MAGNETS,1638,8.58,3311.78,17.34,184
23157,SET OF 6 NATIVITY MAGNETS ,2543,16.62,5058.59,33.06,145
23158,SET OF 5 LUCKY CAT MAGNETS ,2538,13.43,5121.48,27.1,187
23159,SET OF 5 PANCAKE DAY MAGNETS,2283,11.3,4620.97,22.88,195
23160,REGENCY TEA SPOON,1404,23.02,1666.8,27.32,60
23161,REGENCY CAKE FORK,1608,23.65,1896.6,27.89,68
23162,REGENCY TEA STRAINER,1362,9.59,4789.24,33.73,142
23163,REGENCY SUGAR TONGS,1714,12.79,3949.7,29.48,134
23164,REGENCY CAKE SLICE,564,7.05,2579.21,32.24,80
23165,LARGE CERAMIC TOP STORAGE JAR,2954,13.13,4624.5,20.55,220
23166,MEDIUM CERAMIC TOP STORAGE JAR,3701,18.79,4233.13,21.49,194
23167,SMALL CERAMIC TOP STORAGE JAR ,4316,23.58,3252.68,17.77,176
23168,CLASSIC SUGAR DISPENSER,2850,12.78,3285.67,14.73,220
23169,CLASSIC GLASS SWEET JAR,1453,5.48,5837.95,22.03,262
23170,REGENCY TEA PLATE ROSES ,5855,17.85,9146.79,27.89,327
23171,REGENCY TEA PLATE GREEN ,5198,19.25,8071.3,29.89,270
23172,REGENCY TEA PLATE PINK,3688,16.46,5793.28,25.86,224
23173,REGENCY TEAPOT ROSES ,1742,4.85,15542.72,43.29,352
23174,REGENCY SUGAR BOWL GREEN,1876,7.03,7525.54,28.19,266
23175,REGENCY MILK JUG PINK ,1986,7.33,6038.0,22.28,270
23176,ABC TREASURE BOOK BOX ,2090,11.06,4377.76,23.16,186
23177,TREASURE ISLAND BOOK BOX,1941,8.86,4081.05,18.63,213
23178,JAM CLOCK MAGNET,312,5.47,845.5,14.83,55
23179,CLOCK MAGNET MUM'S KITCHEN,304,7.6,837.88,20.95,40
23180,MUM'S KITCHEN CLOCK,104,2.89,471.9,13.11,36
23181,BULL DOG BOTTLE TOP WALL CLOCK,185,2.68,1484.25,21.51,69
23182,TOILET SIGN OCCUPIED OR VACANT,3414,12.79,2837.57,10.63,254
23183,MOTHER'S KITCHEN SPOON REST ,178,3.02,690.71,11.71,58
23184,BULL DOG BOTTLE OPENER,778,3.91,3749.5,18.84,197
23185,FRENCH STYLE STORAGE JAR JAM,323,10.09,116.59,3.64,30
23186,FRENCH STYLE STORAGE JAR CAFE ,1982,27.92,819.46,11.54,70
23187,FRENCH STYLE STORAGE JAR BONBONS,2338,31.17,695.06,9.27,74
23188,VINTAGE  2 METER FOLDING RULER,3098,10.76,5103.46,17.72,282
23189,SET OF 12 FORK CANDLES,1215,10.66,3319.35,29.12,113
23190,BUNDLE OF 3 SCHOOL EXERCISE BOOKS  ,1678,9.32,2691.14,14.95,179
23191,BUNDLE OF 3 RETRO NOTE BOOKS,2176,8.47,3520.4,13.7,245
23192,BUNDLE OF 3 ALPHABET EXERCISE BOOKS,3286,10.14,5225.22,16.13,312
23193,BUFFALO BILL TREASURE BOOK BOX,1855,12.97,3768.57,26.35,137
23194,GYMKHANNA TREASURE BOOK BOX,1754,9.91,3688.67,20.84,170
23196,RETRO LEAVES MAGNETIC NOTEPAD,1760,7.24,2484.8,10.23,233
23197,SKETCHBOOK MAGNETIC SHOPPING LIST,1368,7.35,1971.04,10.6,183
23198,PANTRY MAGNETIC  SHOPPING LIST,3067,7.95,4346.99,11.26,374
23199,JUMBO BAG APPLES,13887,19.13,26451.26,36.43,718
23200,JUMBO BAG PEARS,6733,14.12,13043.24,27.34,470
23201,JUMBO BAG ALPHABET,12540,16.48,24175.0,31.77,752
23202,JUMBO BAG VINTAGE LEAF,10716,13.7,20963.93,26.81,772
23203,JUMBO BAG DOILEY PATTERNS,19516,17.77,37684.38,34.32,1080
23204,CHARLOTTE BAG APPLES DESIGN,7039,16.48,5632.15,13.19,425
23205,CHARLOTTE BAG VINTAGE ALPHABET ,5152,14.76,4106.72,11.77,345
23206,LUNCH BAG APPLE DESIGN,11565,12.92,18278.25,20.42,866
23207,LUNCH BAG ALPHABET DESIGN,7554,11.26,12029.06,17.93,647
23208,LUNCH BAG VINTAGE LEAF DESIGN,6225,10.12,10006.45,16.27,597
23209,LUNCH BAG DOILEY PATTERN ,13004,12.64,20817.56,20.23,1006
23210,WHITE ROCKING HORSE HAND PAINTED,2803,16.59,3377.75,19.99,154
23211,RED ROCKING HORSE HAND PAINTED,2208,18.4,2634.0,21.95,116
23212,HEART WREATH DECORATION WITH BELL,2179,14.15,2582.63,16.77,145
23213,STAR WREATH DECORATION WITH BELL,1595,12.76,1923.19,15.39,121
23214,JINGLE BELL HEART ANTIQUE GOLD,777,7.93,1635.23,16.69,92
23215,JINGLE BELL HEART ANTIQUE SILVER,2971,14.71,5931.0,29.36,196
23216,LAUREL HEART ANTIQUE GOLD,518,12.63,613.51,14.96,40
23217,LAUREL HEART ANTIQUE SILVER,1290,15.0,1567.0,18.22,84
23218,LAUREL STAR ANTIQUE GOLD,372,11.27,465.81,14.12,33
23219,LAUREL STAR ANTIQUE SILVER ,404,7.77,504.6,9.7,49
23220,REINDEER HEART DECORATION GOLD,930,11.77,775.26,9.81,77
23221,REINDEER HEART DECORATION SILVER,1461,12.82,1241.59,10.89,110
23222,CHRISTMAS TREE HANGING GOLD,776,11.76,690.64,10.46,64
23223,CHRISTMAS TREE HANGING SILVER ,747,10.67,671.77,9.6,67
23224,CHERUB HEART DECORATION GOLD,719,12.19,620.45,10.52,59
23225,CHERUB HEART DECORATION SILVER ,1297,18.53,1090.43,15.58,69
23226,FILIGREE HEART DAISY WHITE,1199,16.65,1478.59,20.54,71
23227,FILIGREE HEART BUTTERFLY WHITE ,1592,18.3,1947.06,22.38,87
23228,FILIGREE HEART BIRD WHITE ,1397,17.68,1726.3,21.85,78
23229,VINTAGE DONKEY TAIL GAME ,1804,8.24,6336.43,28.93,219
23230,WRAP ALPHABET DESIGN,7950,34.12,3207.0,13.76,232
23231,WRAP DOILEY DESIGN,7225,28.11,2986.5,11.62,257
23232,WRAP VINTAGE PETALS  DESIGN,8626,35.5,3478.92,14.32,238
23233,WRAP POPPIES  DESIGN,5175,32.55,2105.5,13.24,158
23234,BISCUIT TIN VINTAGE CHRISTMAS,1635,6.96,4576.05,19.47,232
23235,STORAGE TIN VINTAGE LEAF,729,7.36,1902.69,19.22,96
23236,DOILEY STORAGE TIN,2459,8.31,6828.31,23.07,284
23237,SET OF 4 KNICK KNACK TINS LEAVES ,1044,6.14,4212.2,24.78,169
23238,SET OF 4 KNICK KNACK TINS LONDON ,1788,7.33,7170.6,29.39,233
23239,SET OF 4 KNICK KNACK TINS POPPIES,823,5.05,3188.05,19.56,155
23240,SET OF 4 KNICK KNACK TINS DOILEY ,3863,7.77,15532.25,31.25,484
23241,TREASURE TIN GYMKHANA DESIGN,2024,6.86,4099.52,13.9,284
23242,TREASURE TIN BUFFALO BILL ,1436,7.33,2898.56,14.79,187
23243,SET OF TEA COFFEE SUGAR TINS PANTRY,2659,6.89,12180.31,31.56,382
23244,ROUND STORAGE TIN VINTAGE LEAF,925,8.81,1692.91,16.12,105
23245,SET OF 3 REGENCY CAKE TINS,4800,6.63,22243.28,30.72,715
23247,BISCUIT TIN 50'S CHRISTMAS,2060,7.44,5795.2,20.92,271
23249,VINTAGE RED ENAMEL TRIM PLATE,802,11.62,1294.5,18.76,68
23250,VINTAGE RED TRIM ENAMEL BOWL ,1103,12.39,1358.59,15.27,89
23251,VINTAGE RED ENAMEL TRIM MUG ,1646,15.98,1956.7,19.0,102
23252,VINTAGE RED ENAMEL TRIM JUG ,590,4.61,2168.34,16.94,125
23253,16 PIECE CUTLERY SET PANTRY DESIGN,214,4.55,3082.1,65.58,47
23254,CHILDRENS CUTLERY DOLLY GIRL ,1664,5.86,6704.0,23.61,276
23255,CHILDRENS CUTLERY CIRCUS PARADE,963,6.69,3856.59,26.78,143
23256,CHILDRENS CUTLERY SPACEBOY ,2018,6.12,8123.78,24.62,324
23263,SET OF 3 WOODEN HEART DECORATIONS,3747,8.69,4829.08,11.2,389
23264,SET OF 3 WOODEN SLEIGH DECORATIONS,1845,6.91,2400.45,8.99,249
23265,SET OF 3 WOODEN TREE DECORATIONS,1680,6.22,2172.46,8.05,246
23266,SET OF 3 WOODEN STOCKING DECORATION,1975,6.65,2543.39,8.56,274
23267,SET OF 4 SANTA PLACE SETTINGS,1158,12.32,1427.34,15.18,91
23268,SET OF 2 CERAMIC CHRISTMAS REINDEER,1435,18.16,1981.63,25.08,78
23269,SET OF 2 CERAMIC CHRISTMAS TREES,755,9.56,1075.55,13.61,76
23270,SET OF 2 CERAMIC PAINTED HEARTS ,1166,9.33,1625.9,13.01,118
23271,CHRISTMAS TABLE CANDLE SILVER SPIKE,1622,20.79,1316.82,16.88,75
23272,TREE T-LIGHT HOLDER WILLIE WINKIE,352,10.06,522.74,14.94,35
23273,HEART T-LIGHT HOLDER WILLIE WINKIE,928,9.47,1533.84,15.65,97
23274,STAR T-LIGHT HOLDER WILLIE WINKIE,1142,11.2,1875.06,18.38,98
23275,SET OF 3 HANGING OWLS OLLIE BEAK,3642,12.78,4327.42,15.18,270
23280,FOLDING BUTTERFLY MIRROR HOT PINK ,1995,14.78,1546.91,11.46,133
23281,FOLDING BUTTERFLY MIRROR RED  ,1270,13.51,976.22,10.39,91
23282,FOLDING BUTTERFLY MIRROR IVORY ,753,7.24,612.72,5.89,102
23283,DOORMAT VINTAGE LEAVES DESIGN ,967,4.63,6600.27,31.58,209
23284,DOORMAT KEEP CALM AND COME IN,3592,5.54,26523.85,40.93,641
23285,PINK VINTAGE SPOT BEAKER,2735,20.88,2285.31,17.45,131
23286,BLUE VINTAGE SPOT BEAKER,3023,18.55,2500.05,15.34,163
23287,RED VINTAGE SPOT BEAKER,1782,11.96,1452.3,9.75,146
23288,GREEN VINTAGE SPOT BEAKER,2561,19.11,2162.37,16.14,133
23289,DOLLY GIRL CHILDRENS BOWL,1553,10.94,1854.85,13.06,141
23290,SPACEBOY CHILDRENS BOWL,2367,13.6,2757.15,15.85,174
23291,DOLLY GIRL CHILDRENS CUP,1549,10.61,1881.39,12.89,144
23292,SPACE BOY CHILDRENS CUP,2082,12.54,2487.62,14.99,164
23293,SET OF 12 FAIRY CAKE BAKING CASES,8243,17.35,6469.45,13.62,465
23294,SET OF 6 SNACK LOAF BAKING CASES,4292,14.21,3360.18,11.13,291
23295,SET OF 12 MINI LOAF BAKING CASES,5963,16.12,4675.61,12.64,359
23296,SET OF 6 TEA TIME BAKING CASES,4879,15.06,5687.15,17.55,319
23297,SET 40 HEART SHAPE PETIT FOUR CASES,4260,30.0,6677.0,47.02,140
23298,SPOTTY BUNTING,7785,7.6,36173.95,35.33,1009
23299,FOOD COVER WITH BEADS SET 2 ,983,7.93,3567.67,28.77,122
23300,GARDENERS KNEELING PAD CUP OF TEA ,5583,8.62,8919.39,13.76,634
23301,GARDENERS KNEELING PAD KEEP CALM ,7740,10.08,12493.48,16.27,756
23302,KNEELING MAT HOUSEWORK  DESIGN,1481,7.67,1993.91,10.33,187
23303,SET 4 PICNIC CUTLERY FONDANT,65,10.83,126.75,21.12,6
23304,SET 4 PICNIC CUTLERY CHERRY ,71,7.89,138.45,15.38,9
23305,SET 4 PICNIC CUTLERY BLUEBERRY,82,9.11,159.9,17.77,9
23306,SET OF 36 DOILIES PANTRY DESIGN,2692,12.76,3819.94,18.1,209
23307,SET OF 60 PANTRY DESIGN CAKE CASES ,11675,22.07,5982.09,11.31,504
23308,SET OF 60 VINTAGE LEAF CAKE CASES ,5967,18.82,3098.21,9.77,305
23309,SET OF 60 I LOVE LONDON CAKE CASES ,7727,24.53,3729.05,11.84,294
23310,BUBBLEGUM RING ASSORTED,11891,55.57,4894.83,22.87,213
23311,VINTAGE CHRISTMAS STOCKING ,2199,7.74,5564.25,19.59,281
23312,VINTAGE CHRISTMAS GIFT SACK,1365,6.89,5527.15,27.91,193
23313,VINTAGE CHRISTMAS BUNTING,2755,7.43,12994.77,35.03,359
23314,VINTAGE CHRISTMAS TABLECLOTH,293,2.79,3624.52,34.52,103
23315,IVORY REFECTORY CLOCK,202,2.66,1894.7,24.93,76
23316,RED REFECTORY CLOCK ,236,2.46,2222.2,23.15,95
23317,BLUE REFECTORY CLOCK ,162,2.28,1557.9,21.94,70
23318,BOX OF 6 MINI VINTAGE CRACKERS,3647,10.82,8350.41,24.78,329
23319,BOX OF 6 MINI 50'S CRACKERS,3539,9.29,8216.79,21.57,365
23320,GIANT 50'S CHRISTMAS CRACKER,2635,8.21,6926.11,21.58,310
23321,SMALL WHITE HEART OF WICKER,4283,7.08,6832.83,11.29,582
23322,LARGE WHITE HEART OF WICKER,2908,5.51,8184.7,15.5,511
23323,WHITE WICKER STAR ,1426,5.06,2963.1,10.51,270
23324,RUSTIC STRAWBERRY JAMPOT LARGE ,381,9.77,770.4,19.75,39
23325,RUSTIC STRAWBERRY JAMPOT SMALL,444,14.8,701.4,23.38,30
23326,HANGING MINI COLOURED BOTTLES,3370,60.18,2000.22,35.72,55
23327,HANGING CLEAR MINI BOTTLE,1710,48.86,1012.02,28.91,34
23328,SET 6 SCHOOL MILK BOTTLES IN CRATE,2067,7.15,7510.29,25.99,281
23329,DECORATIVE WICKER HEART LARGE,1712,7.05,2812.8,11.58,215
23330,DECORATIVE WICKER HEART MEDIUM,1761,8.39,2193.69,10.45,195
23331,DECORATIVE WICKER HEART SMALL,1492,17.35,932.28,10.84,81
23332,IVORY WICKER HEART LARGE,1996,7.1,3283.8,11.69,267
23333,IVORY WICKER HEART MEDIUM,2030,8.75,2524.9,10.88,216
23334,IVORY WICKER HEART SMALL,2154,21.33,1345.5,13.32,95
23335,EGG FRYING PAN IVORY ,359,4.33,724.64,8.73,81
23336,EGG FRYING PAN PINK ,200,3.08,418.05,6.43,63
23337,EGG FRYING PAN MINT ,169,2.82,351.52,5.86,60
23338,EGG FRYING PAN RED ,405,4.45,820.32,9.01,91
23339,EGG FRYING PAN BLUE ,150,2.59,312.0,5.38,58
23340,VINTAGE CHRISTMAS CAKE FRILL,2465,19.88,3899.25,31.45,122
23341,PINK DINER WALL CLOCK,282,2.85,2325.6,23.49,98
23342,MINT DINER WALL CLOCK,367,2.34,3068.5,19.54,155
23343,JUMBO BAG VINTAGE CHRISTMAS ,4908,12.39,9748.34,24.62,385
23344,JUMBO BAG 50'S CHRISTMAS ,8954,14.87,17679.72,29.37,586
23345, DOLLY GIRL BEAKER,2398,17.38,2759.5,20.0,133
23346,SPACEBOY BEAKER,2571,18.11,2975.75,20.96,138
23347,I LOVE LONDON BEAKER,827,11.65,999.75,14.08,70
23348,CHILDRENS TOY COOKING UTENSIL SET,680,5.35,1371.48,10.8,122
23349,ROLL WRAP VINTAGE CHRISTMAS,2857,11.12,3462.89,13.47,246
23350,ROLL WRAP VINTAGE SPOT ,2593,10.17,3165.65,12.41,246
23351,ROLL WRAP 50'S CHRISTMAS,3058,11.0,3699.02,13.31,271
23352,ROLL WRAP 50'S RED CHRISTMAS ,1596,9.67,1964.76,11.91,162
23353,6 GIFT TAGS VINTAGE CHRISTMAS ,3735,14.31,3076.29,11.79,253
23354,6 GIFT TAGS 50'S CHRISTMAS ,3346,12.35,2753.42,10.16,261
23355,HOT WATER BOTTLE KEEP CALM,4738,6.42,21936.3,29.72,717
23356,LOVE HOT WATER BOTTLE,2088,4.42,11808.6,25.02,448
23357,HOT WATER BOTTLE SEX BOMB,435,4.78,1843.55,20.26,88
23358,HOT STUFF HOT WATER BOTTLE,528,7.76,1689.9,24.85,67
23359,SET OF 12 T-LIGHTS VINTAGE DOILEY,979,12.71,1840.65,23.9,76
23360,SET 8 CANDLES VINTAGE DOILEY,1151,10.28,2158.05,19.27,107
23365,SET 12 COLOUR PENCILS LOVE LONDON,1531,11.51,992.75,7.46,128
23366,SET 12 COLOURING PENCILS DOILY,1923,13.26,1211.55,8.36,141
23367,SET 12 COLOUR PENCILS SPACEBOY ,2785,11.7,1807.85,7.6,231
23368,SET 12 COLOUR PENCILS DOLLY GIRL ,2155,11.65,1398.35,7.56,178
23369,SET 36 COLOUR PENCILS LOVE LONDON,901,9.19,1053.29,10.75,95
23370,SET 36 COLOUR PENCILS DOILEY,1359,12.03,1650.11,14.6,106
23371,SET 36 COLOUR PENCILS SPACEBOY ,1505,10.75,1783.97,12.74,133
23372,SET 36 COLOUR PENCILS DOLLY GIRL,1296,12.34,1522.72,14.5,99
23373,VINTAGE CHRISTMAS PAPER GIFT BAG,1563,17.76,1241.66,14.11,88
23374,RED SPOT PAPER GIFT BAG,2444,20.03,1944.08,15.94,122
23375,50'S CHRISTMAS PAPER GIFT BAG,1327,14.91,1068.14,12.0,88
23376,PACK OF 12 VINTAGE CHRISTMAS TISSUE,2642,22.39,1000.14,8.48,113
23377,PACK OF 12 DOLLY GIRL TISSUES,1203,14.32,469.17,5.59,80
23378,PACK OF 12 50'S CHRISTMAS TISSUES,3419,21.92,1272.93,8.16,144
23379,PACK OF 12 RED APPLE TISSUES,1175,23.04,428.01,8.39,50
23380,PACK OF 12 VINTAGE DOILY TISSUES,2159,22.49,811.77,8.46,94
23381,PACK OF 12 VINTAGE LEAF TISSUES ,1487,22.19,549.69,8.2,64
23382,BOX OF 6 CHRISTMAS CAKE DECORATIONS,1472,9.03,5255.04,32.24,162
23388,WOODLAND MINI BACKPACK,793,5.75,3170.95,22.98,135
23389,SPACEBOY MINI BACKPACK,1050,4.95,4217.5,19.89,205
23390,DOLLY GIRL MINI BACKPACK,725,4.74,2888.75,18.88,146
23391, I LOVE LONDON MINI BACKPACK,361,5.08,1458.15,20.54,69
23392,SPACEBOY ROCKET LOLLY MAKERS,592,7.13,1175.68,14.16,78
23393,HOME SWEET HOME CUSHION COVER ,769,3.7,2883.75,13.86,201
23394,POSTE FRANCE CUSHION COVER,395,3.19,1481.25,11.95,119
23395,BELLE JARDINIERE CUSHION COVER,696,3.76,2604.48,14.08,175
23396,BUTTERFLY CUSHION COVER,616,3.52,2304.48,13.17,164
23397,FOOT STOOL HOME SWEET HOME ,434,2.47,4069.9,23.12,176
23398,HANGING HEART BONHEUR,591,8.95,499.23,7.56,57
23399,HOME SWEET HOME HANGING HEART,1823,9.54,1546.43,8.1,176
23400,SHELF WITH 4 HOOKS HOME SWEET HOME,448,4.67,2247.36,23.41,95
23401,RUSTIC MIRROR WITH LACE HEART,443,6.33,2155.51,30.79,70
23402,HOME SWEEET HOME 3 PEG HANGER ,281,5.02,1031.67,18.42,55
23403,LETTER HOLDER HOME SWEET HOME,596,5.32,1984.06,17.71,110
23404,HOME SWEET HOME BLACKBOARD,969,7.12,4108.58,30.21,136
23405,HOME SWEET HOME 2 DRAWER CABINET,237,3.95,1137.95,18.97,57
23406,HOME SWEET HOME KEY HOLDER,435,4.58,2154.79,22.68,94
23407,SET OF 2 TRAYS HOME SWEET HOME,250,2.1,2446.62,20.56,118
23408,PHOTO FRAME LINEN AND LACE SMALL,310,5.25,644.8,10.93,59
23409,PHOTO FRAME LINEN AND LACE LARGE,208,5.07,771.72,18.82,41
23410,CURIO CABINET LINEN AND LACE ,36,2.0,290.1,16.12,18
23411, TRELLIS COAT RACK,217,4.62,1016.55,21.63,46
23412,HEART MIRROR ANTIQUE WHITE,351,4.88,2269.14,31.52,71
23413,VINTAGE COFFEE GRINDER BOX,160,3.56,763.2,16.96,43
23414,ZINC BOX SIGN HOME,139,2.24,1348.01,21.74,62
23415,HOME SWEET HOME HOOK,326,7.24,405.6,9.01,45
23416,CHAMBRE HOOK,123,6.83,155.07,8.62,18
23417,BATHROOM HOOK,140,6.36,137.76,6.26,21
23418,LAVENDER TOILETTE BOTTLE,534,8.75,1068.96,17.52,60
23419,HOME SWEET HOME BOTTLE ,438,7.06,897.12,14.47,61
23420,PANTRY HOOK TEA STRAINER ,160,5.52,332.8,11.48,28
23421,PANTRY HOOK SPATULA,154,5.7,320.32,11.86,26
23422,PANTRY HOOK BALLOON WHISK ,196,6.32,407.68,13.15,31
23423,PANTRY 3 HOOK ROLLING PIN HANGER,202,3.96,757.5,14.85,51
23424,GINGHAM RECIPE BOOK BOX,413,3.97,1986.75,19.1,103
23425,STORAGE TIN HOME SWEET HOME,237,6.77,435.43,12.44,35
23426,METAL SIGN DROP YOUR PANTS,1232,7.04,3192.56,18.24,171
23427,STOOL HOME SWEET HOME ,228,2.11,2648.4,24.52,106
23428,IVORY RETRO KITCHEN WALL CLOCK,70,2.69,559.5,21.52,26
23429,RED RETRO KITCHEN WALL CLOCK,44,2.2,358.6,17.93,20
23430,BLUE RETRO KITCHEN WALL CLOCK,35,2.06,285.25,16.78,17
23431,NATURAL HANGING QUILTED HEARTS ,1432,19.89,1117.28,15.52,67
23432,PRETTY HANGING QUILTED HEARTS,1274,17.69,1046.86,14.54,70
23433,HANGING QUILTED PATCHWORK APPLES,1215,14.82,1003.17,12.23,82
23434,3 RAFFIA RIBBONS 50'S CHRISTMAS ,1792,13.18,1632.4,12.0,134
23435,3 RAFFIA RIBBONS VINTAGE CHRISTMAS,679,15.09,608.65,13.53,44
23436,GIFT BAG LARGE VINTAGE CHRISTMAS,1929,20.97,2251.65,24.47,92
23437, 50'S CHRISTMAS GIFT BAG LARGE,1909,17.2,2302.25,20.74,111
23438, RED SPOT GIFT BAG LARGE,1796,17.96,2161.0,21.61,98
23439,HAND WARMER RED LOVE HEART,3762,9.43,7660.2,19.2,371
23440,PAINT YOUR OWN EGGS IN CRATE,164,32.8,299.36,59.87,5
23441,HAND PAINTED HANGING EASTER EGG,22,7.33,9.24,3.08,3
23442,12 HANGING EGGS HAND PAINTED,42,4.2,87.36,8.74,7
23444,Next Day Carriage,79,1.0,1200.0,15.19,79
23445,ICE CREAM BUBBLES,2667,27.78,2147.61,22.37,94
23446,BLUE BUNNY EASTER EGG BASKET,157,52.33,230.25,76.75,3
23447,PINK BUNNY EASTER EGG BASKET,158,39.5,231.9,57.98,4
23448,CREAM BUNNY EASTER EGG BASKET,25,8.33,41.25,13.75,3
23449,SET OF 6 EASTER RAINBOW CHICKS,12,12.0,15.0,15.0,1
23451,SQUARE MINI PORTRAIT FRAME,269,5.85,520.95,11.32,44
23452,HEART MINI PORTRAIT FRAME,510,6.3,990.9,12.23,81
23453,OVAL  MINI PORTRAIT FRAME,323,6.46,627.45,12.55,46
23454,SET OF 3 MINI HANGING PORTRAITS,166,3.13,679.3,12.82,46
23455,SMALL PARLOUR PICTURE FRAME,206,5.89,566.54,16.19,34
23456,MEDIUM PARLOUR PICTURE FRAME ,158,4.39,634.1,17.61,36
23457,LARGE PARLOUR PICTURE FRAME,105,3.5,503.55,16.78,29
23458,DOLLY CABINET 3 DRAWERS ,51,1.7,762.45,25.42,30
23459,DOLLY CABINET 2 DRAWERS ,33,1.74,412.5,21.71,19
23460,SWEETHEART WALL TIDY ,108,2.51,1007.08,23.42,43
23461,SWEETHEART BIRD HOUSE,219,2.31,904.05,9.52,82
23462,ROCOCO WALL MIRROR WHITE,77,1.75,1482.15,33.69,44
23463,VINTAGE ZINC WATERING CAN,12,1.71,119.4,17.06,7
23464,VINTAGE ZINC WATERING CAN SMALL,16,2.67,79.2,13.2,6
23465,TUSCAN VILLA FEEDING STATION,28,1.87,231.0,15.4,15
23466,TUSCAN VILLA DOVECOTE,49,2.33,398.25,18.96,21
23467,VINTAGE ZINC PLANTER  ,23,4.6,75.67,15.13,5
23468,TUSCAN VILLA BIRD TABLE ,19,1.73,156.75,14.25,11
23469,CARD HOLDER LOVE BIRD SMALL,320,5.08,1255.76,19.93,63
23470,CARD HOLDER LOVE BIRD LARGE ,220,2.93,1323.4,17.65,75
23471,SIX DRAWER OFFICE TIDY,65,2.41,605.95,22.44,26
23472, NINE DRAWER OFFICE TIDY,55,1.77,792.85,25.58,30
23473,WOODLAND SMALL RED FELT HEART,666,15.14,531.66,12.08,43
23474,WOODLAND SMALL BLUE FELT HEART,297,10.61,246.51,8.8,27
23475,WOODLAND SMALL PINK FELT HEART,280,10.77,232.4,8.94,26
23476,WOODLAND LARGE RED FELT HEART,198,11.0,247.5,13.75,18
23477,WOODLAND LARGE BLUE FELT HEART,85,10.62,106.25,13.28,8
23478,WOODLAND LARGE PINK FELT HEART,278,27.8,307.18,30.72,10
23479,WIRE EGG BASKET ,110,2.68,827.5,20.18,40
23480,MINI LIGHTS WOODLAND MUSHROOMS,1719,9.66,6126.09,34.42,173
23481,PEARLISED IVORY HEART SMALL ,217,7.23,266.21,8.87,27
23482,PEARLISED IVORY HEART LARGE ,415,11.53,651.15,18.09,36
23483,HANGING  BUTTERFLY T-LIGHT HOLDER,1322,19.16,1541.62,22.34,66
23484,HEART TRELLISTRIPLE T-LIGHT HOLDER,174,6.69,483.66,18.6,25
23485,BOTANICAL GARDENS WALL CLOCK ,139,1.76,3223.0,40.8,79
23486,ANTIQUE HEART SHELF UNIT,117,1.75,1876.65,28.01,67
23487,SWEET HEART CAKE CARRIER,78,1.86,754.0,17.95,42
23489,"GARLAND, VINTAGE BELLS",876,6.13,2512.44,17.57,137
23490,T-LIGHT HOLDER HANGING LOVE BIRD,539,5.61,1988.13,20.71,95
23491,VINTAGE JINGLE BELLS HEART,226,2.94,1864.5,24.21,76
23492,VINTAGE JINGLE BELLS WREATH,74,2.85,610.5,23.48,26
23493,VINTAGE DOILY TRAVEL SEWING KIT,3522,9.68,6747.9,18.54,349
23494,VINTAGE DOILY DELUXE SEWING KIT ,726,4.06,4218.7,23.57,176
23495,SET OF 3 PANTRY WOODEN SPOONS,192,8.0,240.0,10.0,24
23496,PANTRY KITCHEN THERMOMETER ,88,4.0,110.0,5.0,22
23497,CLASSIC CHROME BICYCLE BELL ,2514,14.04,3513.1,19.63,172
23498,CLASSIC BICYCLE CLIPS ,1591,17.11,2205.95,23.72,86
23499,SET 12 VINTAGE DOILY CHALK ,1247,12.72,523.74,5.34,93
23500,KEY RING BASEBALL BOOT ASSORTED ,1585,17.04,1935.05,20.81,84
23501,KEY RING BASEBALL BOOT UNION JACK,1772,19.91,2105.8,23.66,85
23502,PLAYING CARDS VINTAGE DOILEY ,690,7.84,838.98,9.53,87
23503,PLAYING CARDS KEEP CALM & CARRY ON,3435,10.19,4246.71,12.6,327
23504,PLAYING CARDS JUBILEE UNION JACK,1668,8.22,2082.48,10.26,190
23505,PLAYING CARDS I LOVE LONDON ,1065,9.59,1247.25,11.24,104
23506,MINI PLAYING CARDS SPACEBOY ,2718,19.84,1116.36,8.15,127
23507,MINI PLAYING CARDS BUFFALO BILL ,2841,25.59,1129.02,10.17,101
23508,MINI PLAYING CARDS DOLLY GIRL ,2476,20.98,1014.72,8.6,106
23509,MINI PLAYING CARDS FUN FAIR ,1043,18.3,434.46,7.62,54
23510,MINI PLAYING CARDS GYMKHANA,2298,22.75,902.16,8.93,95
23511,EMBROIDERED RIBBON REEL EMILY ,526,5.98,1050.58,11.94,85
23512,EMBROIDERED RIBBON REEL ROSIE,485,9.7,923.54,18.47,49
23513,EMBROIDERED RIBBON REEL SUSIE ,556,8.97,1072.96,17.31,62
23514,EMBROIDERED RIBBON REEL SALLY ,458,7.39,909.14,14.66,62
23515,EMBROIDERED RIBBON REEL DAISY ,558,9.3,1075.38,17.92,59
23516,EMBROIDERED RIBBON REEL SOPHIE  ,292,6.79,1028.76,23.92,40
23517,EMBROIDERED RIBBON REEL REBECCA ,312,6.12,860.88,16.88,51
23518,EMBROIDERED RIBBON REEL RACHEL ,358,8.52,957.82,22.81,41
23519,EMBROIDERED RIBBON REEL CLAIRE,219,11.53,755.01,39.74,19
23520,EMBROIDERED RIBBON REEL RUBY ,166,5.35,589.38,19.01,30
23521,CAT AND BIRD WALL ART,388,17.64,648.62,29.48,22
23522,DOG AND BALL WALL ART,341,16.24,652.17,31.06,21
23523,TREASURE AHOY WALL ART,357,9.39,1151.43,30.3,38
23524,HORSE & PONY WALL ART,465,9.12,1441.98,28.27,51
23525,BUFFALO BILL WALL ART ,568,12.62,1781.64,39.59,44
23526,DOG LICENCE WALL ART,702,7.71,3383.82,37.18,90
23527,ANIMALS AND NATURE WALL ART,416,9.45,1398.72,31.79,43
23528,SPACEBOY WALL ART,462,13.59,1381.38,40.63,34
23529,DOLLY GIRL WALL ART,629,20.97,1952.31,65.08,30
23530,WALL ART ONLY ONE PERSON ,1043,13.91,4270.95,56.95,74
23531,WALL ART BIG LOVE ,963,9.73,5340.21,53.94,97
23532,WALL ART WORK REST AND PLAY  ,205,7.88,853.47,32.83,26
23533,WALL ART GARDEN HAVEN ,210,6.77,936.34,30.2,31
23534,STOP FOR TEA WALL ART,1027,5.27,5363.83,27.51,193
23535,BICYCLE SAFTEY WALL ART,948,5.71,4965.36,29.91,161
23536,VILLAGE SHOW WALL ART,433,5.93,2311.03,31.66,73
23537,I LOVE LONDON WALL ART,98,4.67,446.7,21.27,21
23538,WALL ART VINTAGE HEART,327,11.68,1278.87,45.67,27
23539,WALL ART LOVES' SECRET ,237,6.77,1129.71,32.28,35
23540,WALL ART THE MAGIC FOREST ,146,14.6,890.54,89.05,10
23541,WALL ART CLASSIC PUDDINGS ,709,5.96,5260.69,44.21,119
23542,70'S ALPHABET WALL ART,484,6.91,3442.68,49.18,70
23543,KEEP CALM WALL ART ,350,3.68,2640.02,27.79,92
23544,WALL ART MID CENTURY MODERN ,164,8.2,1015.78,50.79,20
23545,WRAP RED DOILEY,2475,29.46,1023.5,12.18,83
23546,WRAP PAISLEY PARK ,3275,27.07,1375.5,11.37,120
23547,WRAP FLOWER SHOP  ,1575,25.4,661.5,10.67,62
23548,WRAP MAGIC FOREST ,1075,25.0,451.5,10.5,43
23549,WRAP BIRD GARDEN ,1300,25.49,546.0,10.71,51
23550,WRAP ALPHABET POSTER  ,1850,29.37,761.0,12.08,63
23551,PACK OF 12 PAISLEY PARK TISSUES ,1617,16.17,630.63,6.31,95
23552,BICYCLE PUNCTURE REPAIR KIT ,1111,10.1,2185.6,19.87,102
23553,LANDMARK FRAME CAMDEN TOWN ,138,2.26,1658.35,27.19,60
23554,LANDMARK FRAME OXFORD STREET,121,2.2,1470.65,26.74,53
23555,LANDMARK FRAME NOTTING HILL ,122,2.39,1483.15,29.08,47
23556,LANDMARK FRAME COVENT GARDEN ,138,2.56,1664.55,30.82,51
23557,LANDMARK FRAME BAKER STREET ,47,1.68,582.85,20.82,28
23558,LANDMARK FRAME LONDON BRIDGE ,113,2.31,1356.7,27.69,46
23559,WOODLAND BUNNIES LOLLY MAKERS,566,7.26,1135.52,14.56,75
23560,SET OF 6 RIBBONS COUNTRY STYLE,164,7.81,449.96,21.43,20
23561,SET OF 6 RIBBONS PARTY,167,12.85,458.63,35.28,13
23562,SET OF 6 RIBBONS PERFECTLY PRETTY  ,245,6.28,684.05,17.54,37
23564,EGG CUP MILKMAID INGRID,587,13.98,703.51,16.75,42
23565,EGG CUP MILKMAID HELGA ,348,11.23,435.0,14.03,31
23566,EGG CUP MILKMAID HEIDI,786,16.72,922.02,19.62,46
23567,EGG CUP HENRIETTA HEN PINK,187,9.84,233.75,12.3,18
23568,EGG CUP HENRIETTA HEN CREAM ,580,20.71,664.52,23.73,28
23569,TRADTIONAL ALPHABET STAMP SET,933,5.07,4531.95,24.63,174
23570,TRADITIONAL PICK UP STICKS GAME ,1846,7.44,2307.5,9.3,231
23571,TRADITIONAL NAUGHTS & CROSSES,2036,8.97,3330.6,14.67,216
23574,PACKING CHARGE,14,1.0,105.0,7.5,14
23575,SNACK TRAY PAISLEY PARK,164,6.83,305.4,12.72,22
23576,SNACK TRAY RED VINTAGE DOILY,185,6.17,346.35,11.54,29
23578,SNACK TRAY RED GINGHAM,56,5.09,109.2,9.93,11
23579,SNACK TRAY I LOVE LONDON,151,5.81,280.05,10.77,24
23580,SNACK TRAY HAPPY FOREST  ,111,5.05,216.45,9.84,21
23581,JUMBO BAG PAISLEY PARK,4373,13.88,8529.24,27.08,302
23582,VINTAGE DOILY JUMBO BAG RED ,2947,12.28,5850.26,24.38,233
23583,LUNCH BAG PAISLEY PARK  ,3315,10.66,5267.75,16.94,298
23597,PAPER BUNTING PAISLEY PARK,248,8.27,667.6,22.25,28
23598,PAPER BUNTING VINTAGE PARTY,421,9.79,1177.95,27.39,42
23630,SET 10 CARDS HANGING BAUBLES 17080,1,1.0,2.99,2.99,1
23660,HENRIETTA HEN MUG ,293,9.45,483.45,15.6,31
23661,MILK MAIDS MUG ,204,8.5,336.6,14.02,23
23664,FLOWER SHOP DESIGN MUG,1,1.0,1.65,1.65,1
23681,LUNCH BAG RED VINTAGE DOILY,1548,12.9,2434.2,20.28,118
23691,KEEP CALM BIRTHDAY WRAP,1175,30.92,481.5,12.67,38
23692,WRAP A PRETTY THANK YOU,50,25.0,21.0,10.5,2
23694,PAISLEY PARK CARD,348,14.5,141.84,5.91,24
23695,DOILY THANK YOU CARD,727,15.8,296.7,6.45,44
23697,A PRETTY THANK YOU CARD,438,16.22,179.64,6.65,26
23702,High Resolution Image,4,1.33,27.0,9.0,3
35001G,HAND OPEN SHAPE GOLD,157,5.81,510.83,18.92,24
35001W,HAND OPEN SHAPE DECO.WHITE,92,18.4,270.02,54.0,5
35004B,SET OF 3 BLACK FLYING DUCKS,475,9.9,2251.15,46.9,47
35004C,SET OF 3 COLOURED  FLYING DUCKS,393,10.34,1882.65,49.54,38
35004G,SET OF 3 GOLD FLYING DUCKS,126,6.3,448.3,22.42,20
35004P,SET OF 3 PINK FLYING DUCKS,1,1.0,5.45,5.45,1
35095A,BLUE VICTORIAN FABRIC OVAL BOX,811,23.85,293.82,8.64,34
35095B,RED VICTORIAN FABRIC OVAL BOX,772,18.83,277.44,6.77,41
35241,ENAMEL BLUE RIM BISCUIT BIN,89,2.97,413.95,13.8,30
35265,COLOURFUL FLOWER FRUIT BOWL,16,1.45,50.25,4.57,11
35271S,GOLD PRINT PAPER BAG,19,9.5,3.61,1.81,2
35400,WOODEN BOX ADVENT CALENDAR ,10,2.0,89.5,17.9,5
35443,RASTA IN BATH W SPLIFF ASHTRAY,7,1.4,5.95,1.19,5
35471D,SET OF 3 BIRD LIGHT PINK FEATHER ,1668,11.27,695.46,4.7,137
35591T,TURQUOISE CHRISTMAS TREE ,5,1.25,6.25,1.56,4
35597A,DUSTY PINK CHRISTMAS TREE 30CM,1,1.0,1.25,1.25,1
35597B,BLACKCHRISTMAS TREE 30CM,1,1.0,1.25,1.25,1
35597D,PINK/WHITE CHRISTMAS TREE 30CM,46,23.0,17.48,8.74,2
35598A,DUSTY PINK CHRISTMAS TREE 60CM,9,4.5,26.55,13.28,2
35598B,BLACK CHRISTMAS TREE 60CM,554,25.18,433.7,19.71,22
35598C,WHITE CHRISTMAS TREE 60CM,2,1.0,5.9,2.95,2
35598D,PINK/WHITE CHRISTMAS TREE 60CM,660,27.5,433.22,18.05,24
35599B,BLACK CHRISTMAS TREE 120CM,209,9.09,503.85,21.91,23
35599D,PINK AND WHITE CHRISTMAS TREE 120CM,186,9.79,465.38,24.49,19
35607A,PINK FLUFFY CHRISTMAS DECORATION,24,24.0,4.56,4.56,1
35607B,BLACK FEATHER CHRISTMAS DECORATION,96,13.71,18.24,2.61,7
35610A,PINK CHRISTMAS FLOCK DROPLET ,8,8.0,10.0,10.0,1
35610B,BLACK CHRISTMAS FLOCK DROPLET ,24,24.0,30.0,30.0,1
35610C,WHITE CHRISTMAS FLOCK DROPLET ,24,24.0,30.0,30.0,1
35637A,IVORY STRING CURTAIN WITH POLE ,166,6.92,363.7,15.15,24
35637C,PINK STRING CURTAIN WITH POLE,28,4.0,62.6,8.94,7
35638A,PINK AND BLACK STRING CURTAIN,38,7.6,82.1,16.42,5
35638B,PINK/BLUE STRING CURTAIN ,56,14.0,109.2,27.3,4
35645,VINTAGE BEAD PINK JEWEL BOX,4,1.33,17.0,5.67,3
35646,VINTAGE BEAD PINK EVENING BAG,513,11.15,668.88,14.54,44
35647,VINTAGE BEAD PINK SHADE ,13,6.5,16.25,8.12,2
35648,VINTAGE BEAD PINK PURSE ,814,12.72,776.42,12.13,60
35649,VINTAGE BEAD COSMETIC BAG ,16,2.29,51.82,7.4,6
35650,VINTAGE BEAD PINK JEWEL STAND,1,1.0,4.95,4.95,1
35651,VINTAGE BEAD PINK SCARF ,330,9.71,557.1,16.39,33
35653,VINTAGE BEAD NOTEBOOK,47,2.76,138.65,8.16,17
35809A,ENAMEL PINK TEA CONTAINER,389,9.26,374.94,8.93,40
35809B,ENAMEL BLUE RIM TEA CONTAINER,8,2.67,9.18,3.06,3
35810A,ENAMEL PINK COFFEE CONTAINER,603,11.17,546.21,10.12,52
35810B,ENAMEL BLUE RIM COFFEE CONTAINER,147,7.0,155.03,7.38,21
35815P,"ACRYLIC JEWEL SNOWFLAKE, PINK",162,32.4,63.28,12.66,5
35816P,"ACRYLIC JEWEL ANGEL,PINK",78,39.0,29.64,14.82,2
35817P,"ACRYLIC JEWEL SNOWFLAKE,PINK",18,9.0,19.86,9.93,2
35818B,"ACRYLIC JEWEL ICICLE, BLUE",31,10.33,11.78,3.93,3
35818P,"ACRYLIC JEWEL ICICLE, PINK",264,14.67,100.32,5.57,17
35819B,"ACRYLIC HANGING JEWEL,BLUE",268,9.93,101.84,3.77,22
35819P,"ACRYLIC HANGING JEWEL,PINK",95,13.57,66.55,9.51,7
35833P,4 PINK FLOCK CHRISTMAS BALLS,37,3.08,46.25,3.85,11
35909A,RABBIT EASTER DECORATION,8,2.67,23.6,7.87,3
35909B,PINK FLOWERS RABBIT EASTER,8,4.0,23.6,11.8,2
35910A,MULTICOLOUR EASTER RABBIT ,20,5.0,39.0,9.75,4
35910B,PINK FLOWERS RABBIT EASTER,13,4.33,25.35,8.45,3
35911A,MULTICOLOUR RABBIT EGG WARMER,205,8.2,194.15,7.77,25
35911B,PINK/FLOWER RABBIT EGG WARMER ,17,4.25,35.7,8.93,4
35912B,WHITE/PINK CHICK DECORATION,249,13.83,283.89,15.77,18
35913B,WHITE/PINK CHICK EASTER DECORATION,35,3.5,29.75,2.98,9
35914,PINK CHICK EGG WARMER + EGG CUP,136,7.16,163.1,8.58,18
35915B,BLUE KNITTED HEN ,91,6.5,150.15,10.72,14
35915C,PEACH KNITTED HEN ,49,6.12,80.85,10.11,8
35916A,YELLOW FELT HANGING HEART W FLOWER,20,6.67,17.0,5.67,3
35916B,BLUE FELT HANGING HEART WITH FLOWER,6,6.0,5.1,5.1,1
35916C,PINK FELT HANGING HEART W FLOWER,54,10.8,45.9,9.18,5
35920,FOUR RABBIT EASTER DECORATIONS,67,6.09,83.75,7.61,11
35921,EASTER BUNNY HANGING GARLAND,54,4.91,67.5,6.14,11
35922,EASTER BUNNY WREATH,28,2.8,138.6,13.86,10
35923,CANDY HEART HANGING DECORATION,1265,30.12,631.71,15.04,41
35924,HANGING FAIRY CAKE DECORATION,724,21.94,1262.1,38.25,31
35933,PINK STOCKING CHRISTMAS DECORATION,222,13.88,84.36,5.27,16
35953,FOLKART STAR CHRISTMAS DECORATIONS,3017,33.9,1282.41,14.41,85
35954,SMALL FOLKART STAR CHRISTMAS DEC,1124,33.06,253.35,7.45,32
35957,SMALLFOLKART BAUBLE CHRISTMAS DEC,558,79.71,146.04,20.86,7
35958,FOLKART ZINC STAR CHRISTMAS DEC,12,4.0,10.2,3.4,3
35961,FOLKART ZINC HEART CHRISTMAS DEC,2692,16.93,2138.44,13.45,153
35964,FOLKART CLIP ON STARS,624,15.6,246.78,6.17,37
35965,FOLKART HEART NAPKIN RINGS,181,6.46,181.87,6.5,28
35966,FOLKART CHRISTMAS TREE T-LIGHT HOLD,27,13.5,10.26,5.13,2
35967,FOLK ART METAL STAR T-LIGHT HOLDER,381,13.14,150.54,5.19,29
35968,FOLK ART METAL HEART T-LIGHT HOLDER,145,8.06,52.76,2.93,18
35970,ZINC FOLKART SLEIGH BELLS,4647,13.32,7665.11,21.96,339
35971,ROSE FOLKART HEART DECORATIONS,423,7.55,504.64,9.01,53
35972,DAISY FOLKART HEART DECORATION,96,5.65,120.0,7.06,16
37327,ASSTD MULTICOLOUR CIRCLES MUG,1375,28.65,548.37,11.42,45
37330,BIG POLKADOT MUG,6,6.0,2.34,2.34,1
37333,"RETRO ""TEA FOR ONE"" ",14,1.27,54.3,4.94,11
37340,MULTICOLOUR SPRING FLOWER MUG,2042,31.91,803.74,12.56,63
37342,POLKADOT COFFEE CUP & SAUCER PINK,1435,22.42,1142.29,17.85,63
37343,POLKADOT MUG PINK ,62,7.75,89.7,11.21,8
37351,ORANGE FLOWER MUG ,4,4.0,1.56,1.56,1
37370,RETRO COFFEE MUGS ASSORTED,2508,20.9,2835.08,23.63,113
37379A,PINK CHERRY BLOSSOM CUP & SAUCER,6,6.0,7.5,7.5,1
37413,ICON MUG REVOLUTIONARY,701,8.65,283.71,3.5,79
37423,WHITE WITH BLACK CATS PLATE,78,26.0,33.18,11.06,3
37444A,YELLOW BREAKFAST CUP AND SAUCER,49,3.06,31.91,1.99,14
37444B,BLUE BREAKFAST CUP AND SAUCER ,4,1.33,11.8,3.93,3
37444C,PINK BREAKFAST CUP AND SAUCER ,21,2.33,31.23,3.47,7
37446,MINI CAKE STAND WITH HANGING CAKES,1297,8.16,1775.05,11.16,148
37447,CERAMIC CAKE DESIGN SPOTTED PLATE,757,9.96,1104.89,14.54,76
37448,CERAMIC CAKE DESIGN SPOTTED MUG,1404,8.72,2043.0,12.69,154
37449,CERAMIC CAKE STAND + HANGING CAKES,562,3.67,5084.78,33.23,152
37450,CERAMIC CAKE BOWL + HANGING CAKES,668,6.49,1841.0,17.87,98
37461,FUNKY MONKEY MUG,1,1.0,1.25,1.25,1
37462E,"PET MUG, GOLDFISH",27,6.75,5.59,1.4,4
37464,ROBOT MUG IN DISPLAY BOX,3,1.5,3.75,1.88,2
37467,PIG MUG IN TWO COLOUR DESIGNS,128,11.64,60.04,5.46,11
37468,HARDMAN MUG 3 ASSORTED,64,4.92,24.96,1.92,12
37471,MULTICOLOUR POLKADOT PLATE,12,12.0,10.2,10.2,1
37475,SET/4 COLOURFUL MIXING BOWLS,57,1.9,532.11,17.74,29
37476,CONDIMENT TRAY 4 BOWLS AND 4 SPOONS,17,1.89,160.39,17.82,9
37479B,CUBIC MUG FLOCK BLUE ON BROWN,127,7.47,60.33,3.55,17
37479P,CUBIC MUG FLOCK PINK ON BROWN,130,5.65,57.18,2.49,20
37482P,CUBIC MUG PINK POLKADOT,489,13.22,220.95,5.97,34
37487B,YELLOW/ORANGE FLOWER DESIGN PLATE,68,34.0,19.72,9.86,2
37488A,YELLOW PINK FLOWER DESIGN BIG BOWL,28,9.33,10.92,3.64,3
37489A,YELLOW/PINK FLOWER DESIGN BIG MUG,33,2.2,14.43,0.96,14
37489B,BLUE/YELLOW FLOWER DESIGN BIG MUG,31,2.58,16.77,1.4,12
37489C,GREEN/BLUE FLOWER DESIGN BIG MUG,23,2.88,13.65,1.71,8
37489D,PINK/GREEN FLOWER DESIGN BIG MUG,40,2.35,17.16,1.01,16
37491B,BLUE/YELLOW CERAMIC CANDLE HOLDER,4,4.0,6.6,6.6,1
37491C,GREEN/BLUE CERAMIC CANDLE HOLDER,8,8.0,13.2,13.2,1
37491D,PURPLE/BLUE CERAMIC CANDLE HOLDER,2,2.0,3.3,3.3,1
37495,FAIRY CAKE BIRTHDAY CANDLE SET,428,5.1,1547.4,18.42,84
37500,TEA TIME TEAPOT IN GIFT BOX,338,4.22,1972.46,24.66,80
37501,TEA TIME TEA SET IN GIFT BOX,102,3.52,708.9,24.44,29
37509,NEW ENGLAND MUG W GIFT BOX,2,1.0,5.1,2.55,2
40001,WHITE BAMBOO RIBS LAMPSHADE,755,21.57,573.71,16.39,35
40003,WHITE BAMBOO RIBS LAMPSHADE,147,13.36,154.95,14.09,11
40005B,BLUE ORGANDY ROUND LAMPSHADE W BEA,12,3.0,10.2,2.55,4
40016,CHINESE DRAGON PAPER LANTERNS,5524,73.65,1870.7,24.94,75
40046A,RED DAISY PAPER LAMPSHADE,50,8.33,62.5,10.42,6
44089A,PINK GAUZE BUTTERFLY LAMPSHADE,15,3.75,6.3,1.58,4
44089C,LILAC GAUZE BUTTERFLY LAMPSHADE,24,4.0,10.08,1.68,6
44091A,BLUE CRUSOE CHECK LAMPSHADE,9,3.0,3.78,1.26,3
44092B,BLUE WHITE PLASTIC RINGS LAMPSHADE,14,2.8,11.9,2.38,5
44092C,PURPLE/COPPER HANGING LAMPSHADE,20,2.5,17.0,2.12,6
44228,CANNABIS LEAF BEAD CURTAIN,36,18.0,30.6,15.3,2
44234,ASSORTED CIRCULAR MOBILE,645,28.04,121.05,5.26,19
44235,ASS COL CIRCLE MOBILE ,539,33.69,200.46,12.53,13
44236,PINK/PURPLE CIRCLE CURTAIN,52,7.43,56.52,8.07,6
44242A,LILAC FEATHERS CURTAIN,12,12.0,9.48,9.48,1
44242B,PINK FEATHERS CURTAIN,52,17.33,50.28,16.76,3
44265,M/COLOUR POM-POM CURTAIN,2,2.0,8.5,8.5,1
45013,FOLDING SHOE TIDY,3,1.5,8.85,4.43,2
46000M,POLYESTER FILLER PAD 45x45cm,1008,7.52,1562.4,11.66,133
46000P,POLYESTER FILLER PAD 65CMx65CM,17,3.4,72.25,14.45,5
46000R,POLYESTER FILLER PAD 45x30cm,101,2.73,146.45,3.96,37
46000S,POLYESTER FILLER PAD 40x40cm,1551,8.52,2248.95,12.36,182
46000U,POLYESTER FILLER PAD 30CMx30CM,107,4.12,133.75,5.14,26
46115B,GREEN POP ART MAO CUSHION COVER ,12,6.0,2.28,1.14,2
46118,FUNKY MONKEY CUSHION COVER,193,10.72,164.05,9.11,18
46126A,ELVIS WALLHANGING / CURTAIN,48,8.0,60.0,10.0,6
46138B,BLUE CHENILLE SHAGGY CUSHION COVER ,43,3.58,43.15,3.6,12
46775D,SUNSET COLOUR CHUNKY KNITTED THROW,24,1.85,406.8,31.29,13
46776A,WOVEN BUBBLE GUM CUSHION COVER,14,2.33,69.3,11.55,6
46776B,WOVEN BERRIES CUSHION COVER ,15,2.14,74.25,10.61,7
46776C,WOVEN FROST CUSHION COVER,11,1.83,54.45,9.08,6
46776D,WOVEN SUNSET CUSHION COVER ,12,4.0,59.4,19.8,3
46776E,WOVEN CANDY CUSHION COVER ,14,2.8,69.3,13.86,5
46776F,WOVEN ROSE GARDEN CUSHION COVER ,19,2.38,94.05,11.76,8
47013A,WINE BOTTLE DRESSING LT.BLUE,14,3.5,3.04,0.76,4
47013C,WINE BOTTLE DRESSING DARK BLUE,43,6.14,5.5,0.79,7
47016,LIGHT DECORATION BATTERY OPERATED,2,2.0,4.2,4.2,1
47021G,SET/6 BEAD COASTERS GAUZE BAG GOLD,518,34.53,230.4,15.36,15
47310M,"SMALL POP BOX,FUNKY MONKEY",265,5.52,326.73,6.81,47
47341A,FUSCHIA TABLE RUN FLOWER ,27,5.4,38.75,7.75,5
47341B,BLUE TABLE RUN FLOWER,45,4.09,56.25,5.11,11
47343A,FUSCHIA FLOWER PURSE WITH BEADS,159,11.36,145.17,10.37,14
47344B,BLUE FLOWER DES PURSE,44,7.33,43.66,7.28,6
47348A,FUSCHIA VOILE POINTY SHOE DEC,97,6.47,50.31,3.35,15
47351B,BLUE  VOILE LAMPSHADE,86,9.56,234.5,26.06,9
47367B,PAIR PADDED HANGERS PINK CHECK,57,5.18,194.55,17.69,11
47369A,PINK GREEN EMBROIDERY COSMETIC BAG,8,1.33,23.6,3.93,6
47369B,BLUE GREEN EMBROIDERY COSMETIC BAG,3,1.0,11.69,3.9,3
47420,ASSORTED COLOUR SUCTION CUP HOOK,202,10.63,38.38,2.02,13
47421,ASSORTED COLOUR LIZARD SUCTION HOOK,975,15.48,385.02,6.11,54
47422,ASSORTED MONKEY SUCTION CUP HOOK,555,10.09,220.14,4.0,42
47469,ASSORTED SHAPES PHOTO CLIP SILVER ,359,21.12,167.11,9.83,11
47471,RAINBOW PEGS PHOTO CLIP STRING,264,10.15,150.18,5.78,24
47480,HANGING PHOTO CLIP ROPE LADDER,692,12.81,1092.88,20.24,52
47481,50CM METAL STRING WITH  7 CLIPS,222,11.1,164.22,8.21,19
47503A,ASS FLORAL PRINT MULTI SCREWDRIVER,2754,16.39,1261.69,7.51,161
47503H,ASS FLORAL PRINT SPIRIT LEVEL ,96,2.67,92.08,2.56,32
47503J,SET/3 FLORAL GARDEN TOOLS IN BAG,1,1.0,7.95,7.95,1
47504H,ENGLISH ROSE SPIRIT LEVEL ,948,10.3,860.88,9.36,92
47504K,ENGLISH ROSE GARDEN SECATEURS,1958,10.94,1826.78,10.21,174
47518F,ICON PLACEMAT POP ART ELVIS,827,29.54,113.64,4.06,28
47559B,TEA TIME OVEN GLOVE,2004,8.15,2416.67,9.82,241
47563A,RETRO LONGBOARD IRONING BOARD COVER,199,4.33,251.25,5.46,45
47566,PARTY BUNTING,15291,10.95,68844.33,49.32,1379
47566B,TEA TIME PARTY BUNTING,2291,7.23,10445.25,32.95,313
47567B,TEA TIME KITCHEN APRON,592,4.62,3289.72,25.7,120
47570B,TEA TIME TABLE CLOTH,180,6.92,1642.68,63.18,26
47574A,ENGLISH ROSE SCENTED HANGING FLOWER,423,8.13,366.25,7.04,50
47574B,ENGLISH ROSE SCENTED HANGING HEART,4,2.0,17.0,8.5,2
47578A,ENGLISH ROSE SMALL SCENTED FLOWER,198,6.39,168.3,5.43,27
47579,TEA TIME BREAKFAST BASKET,1,1.0,2.1,2.1,1
47580,TEA TIME DES TEA COSY,330,4.23,818.71,10.5,76
47585A,PINK FAIRY CAKE CUSHION COVER,102,3.78,382.5,14.17,27
47586A,PINK FAIRY CAKE CUSHION COVER,21,2.62,53.55,6.69,8
47589,CONGRATULATIONS BUNTING,13,4.33,70.85,23.62,3
47590A,BLUE HAPPY BIRTHDAY BUNTING,1950,5.48,10107.52,28.39,355
47590B,PINK HAPPY BIRTHDAY BUNTING,2287,6.3,11688.15,32.2,359
47591B,SCOTTIES CHILDRENS APRON,38,3.8,62.7,6.27,10
47591D,PINK FAIRY CAKE CHILDRENS APRON,3144,7.84,5823.36,14.52,397
47593A,CAROUSEL PONIES BABY BIB,33,2.54,14.37,1.11,12
47593B,SCOTTIE DOGS BABY BIB,1663,17.32,676.39,7.05,94
47594A,CAROUSEL DESIGN WASHBAG,52,2.0,101.4,3.9,26
47594B,SCOTTIES DESIGN WASHBAG,91,3.03,177.45,5.92,30
47599A,PINK PARTY BAGS,2409,16.5,4481.62,30.7,144
47599B,BLUE PARTY BAGS ,1451,13.44,2728.94,25.27,108
48111,DOORMAT 3 SMILEY CATS,607,3.45,4425.25,25.14,173
48116,DOORMAT MULTICOLOUR STRIPE,719,5.14,4847.22,34.62,139
48129,DOORMAT TOPIARY,580,3.19,4270.46,23.46,181
48138,DOORMAT UNION FLAG,2625,5.08,19117.99,36.98,513
48173C,DOORMAT BLACK FLOCK ,787,4.58,5242.2,30.48,169
48184,DOORMAT ENGLISH ROSE ,1625,4.55,11867.95,33.24,355
48185,DOORMAT FAIRY CAKE,1089,4.56,7830.69,32.76,236
48187,DOORMAT NEW ENGLAND,2221,4.17,16098.25,30.26,526
48188,DOORMAT WELCOME PUPPIES,1028,4.13,6964.2,27.97,248
48194,DOORMAT HEARTS,1771,3.7,13078.81,27.3,475
51008,AFGHAN SLIPPER SOCK PAIR,511,26.89,1662.95,87.52,19
51014A,"FEATHER PEN,HOT PINK",3621,22.49,1777.61,11.04,157
51014C,"FEATHER PEN,COAL BLACK",2462,21.79,1180.26,10.44,110
51014L,"FEATHER PEN,LIGHT PINK",1936,18.09,951.54,8.89,105
51020A,SUMMER FUN DESIGN SHOWER CAP,325,18.06,116.33,6.46,18
51020B,STRIPY DESIGN SHOWER CAP,197,13.13,70.57,4.7,15
62018,SOMBRERO ,3402,58.66,4441.5,76.58,58
62043B,BLUE CHECK BAG W HANDLE 34X20CM,17,3.4,14.11,2.82,5
62074B,ELEPHANT CLIP W SUCTION CUP,16,4.0,6.72,1.68,4
62086A,PINK RETRO BIG FLOWER BAG,86,6.62,167.7,12.9,13
62094B,TURQ ICE CREAM BUM BAG ,13,4.33,33.15,11.05,3
62096A,PINK/YELLOW FLOWERS HANDBAG,106,13.25,132.5,16.56,8
62096B,PURPLE/TURQ FLOWERS HANDBAG,2,2.0,2.5,2.5,1
62097B,BLUE STRIPES SHOULDER BAG,9,3.0,7.47,2.49,3
70006,LOVE HEART POCKET WARMER,2620,32.35,1657.7,20.47,78
70007,HI TEC ALPINE HAND WARMER,732,12.62,639.36,11.02,53
71038,WHITE HANGING BEADS CANDLE HOLDER,239,4.88,1244.95,25.41,47
71050,SMALL SINGLE FLAME CANDLE HOLDER,33,5.5,11.55,1.92,6
71053,WHITE METAL LANTERN,1639,6.23,5915.95,22.49,250
71101E,STANDING FAIRY POLE SUPPORT ,348,15.13,280.2,12.18,22
71143,SILVER BOOK MARK WITH BEADS,10,10.0,8.5,8.5,1
71215,METAL BASE FOR CANDLES,11,5.5,4.62,2.31,2
71270,PHOTO CLIP LINE,207,5.91,259.96,7.43,31
71279,PINK GLASS CANDLEHOLDER,156,5.38,450.6,15.54,27
71403,"PINK/WHITE ""KEEP CLEAN"" BULLET BIN",54,3.86,159.3,11.38,13
71406C,BLACK ORANGE SQUEEZER,138,6.57,57.96,2.76,21
71459,HANGING JAM JAR T-LIGHT HOLDER,12941,34.06,10031.45,26.4,379
71477,COLOUR GLASS. STAR T-LIGHT HOLDER,4820,18.26,15011.12,56.86,260
71495A,CD WALL TIDY BLUE OFFICE,96,48.0,34.56,17.28,2
71495B,CD WALL TIDY RED FLOWERS,160,32.0,58.56,11.71,5
71496A,A4 WALL TIDY BLUE OFFICE,114,22.8,61.86,12.37,5
71496B,A4 WALL TIDY RED FLOWERS,13,3.25,7.37,1.84,4
71510,SQUARE METAL CANDLEHOLDER BASE,52,6.5,36.52,4.56,8
72024U,LILAC VOTIVE CANDLE,72,24.0,15.12,5.04,3
72051S,BAG OF SILVER STONES,46,7.67,19.32,3.22,5
72122,COFFEE SCENT PILLAR CANDLE,292,6.35,277.4,6.03,44
72127,COLUMBIAN CANDLE ROUND ,168,5.6,208.1,6.94,29
72128,COLUMBIAN CANDLE ROUND,189,5.73,145.53,4.41,33
72130,COLUMBIAN CANDLE ROUND,215,8.6,126.79,5.07,24
72131,COLUMBIAN CANDLE RECTANGLE,137,7.21,238.35,12.54,18
72132,COLUMBIAN CUBE CANDLE,28,2.33,54.6,4.55,12
72133,COLUMBIAN CANDLE RECTANGLE,39,2.79,48.75,3.48,13
72134,COLUMBIAN  CUBE CANDLE ,98,12.25,47.18,5.9,8
72140E,BEST DAD CANDLE LETTERS,31,3.88,26.35,3.29,8
72225C,LAVENDER SCENT CAKE CANDLE,600,37.5,158.64,9.91,16
72232,FENG SHUI PILLAR CANDLE,3317,50.26,630.23,9.55,65
72349B,SET/6 PURPLE BUTTERFLY T-LIGHTS,689,7.25,1318.98,13.88,91
72351A,SET/6 TURQUOISE BUTTERFLY T-LIGHTS,1248,8.98,2414.16,17.37,133
72351B,SET/6 PINK  BUTTERFLY T-LIGHTS,2060,12.96,3860.24,24.28,156
72369A,PINK CLEAR GLASS CANDLE PLATE,28,7.0,35.0,8.75,3
72586,SET OF 6 HALLOWEEN GHOST T-LIGHTS,626,16.47,262.92,6.92,37
72598,SET/12 TAPER CANDLES,459,10.67,364.95,8.49,41
72709,IVORY SCULPTED RND CANDLE ,44,6.29,37.4,5.34,7
72741,GRAND CHOCOLATECANDLE,5801,23.11,7785.05,31.02,249
72760B,VINTAGE CREAM 3 BASKET CAKE STAND,386,2.84,3677.18,27.04,135
72780,BLACK SILOUETTE CANDLE PLATE,137,6.85,116.45,5.82,20
72783,BLACK SIL'T SQU CANDLE PLATE ,16,8.0,33.6,16.8,2
72798C,SET/4 GARDEN ROSE DINNER CANDLE,7,2.33,11.55,3.85,3
72799C,PINK PILLAR CANDLE SILVER FLOCK,80,4.44,123.68,6.87,18
72799E,IVORY PILLAR CANDLE SILVER FLOCK,394,7.88,728.14,14.56,48
72799F,IVORY PILLAR CANDLE GOLD FLOCK,128,5.82,368.0,16.73,21
72800B, 4 PURPLE FLOCK DINNER CANDLES,140,3.59,270.76,6.94,36
72800C,4 PINK DINNER CANDLE SILVER FLOCK,126,3.94,235.06,7.35,30
72800D,4 BLUE DINNER CANDLES SILVER FLOCK,86,2.87,219.3,7.31,29
72800E,4 IVORY DINNER CANDLES SILVER FLOCK,453,4.44,921.39,9.03,96
72801C,4 ROSE PINK DINNER CANDLES,138,9.86,163.38,11.67,14
72801D,4 SKY BLUE DINNER CANDLES,58,4.83,72.5,6.04,12
72801G,4 BURGUNDY WINE DINNER CANDLES,55,4.58,68.75,5.73,11
72802A,ROSE SCENT CANDLE IN JEWELLED BOX,316,5.54,1275.92,22.38,55
72802B,OCEAN SCENT CANDLE IN JEWELLED BOX,968,12.91,1749.94,23.33,75
72802C,VANILLA SCENT CANDLE JEWELLED BOX,1375,15.11,2545.37,27.97,88
72803A,ROSE SCENT CANDLE JEWELLED DRAWER,530,12.93,722.5,17.62,40
72807A,SET/3 ROSE CANDLE IN JEWELLED BOX,340,5.0,1406.28,20.68,66
72807B,SET/3 OCEAN SCENT CANDLE JEWEL BOX,350,4.27,1443.5,17.6,78
72807C,SET/3 VANILLA SCENTED CANDLE IN BOX,669,5.97,2727.97,24.36,112
72811,SMALL ZINC/GLASS CANDLEHOLDER,49,8.17,67.25,11.21,6
72812,LARGE ZINC GLASS CANDLEHOLDER,18,4.5,49.98,12.5,4
72815,3 WICK CHRISTMAS BRIAR CANDLE ,2,2.0,7.5,7.5,1
72816,SET/3 CHRISTMAS DECOUPAGE CANDLES,827,25.84,842.51,26.33,31
72817,SET OF 2 CHRISTMAS DECOUPAGE CANDLE,1048,10.92,961.4,10.01,94
72818,CHRISTMAS DECOUPAGE CANDLE,1821,28.02,782.77,12.04,63
72819,CUPID DESIGN SCENTED CANDLES,208,6.93,436.4,14.55,30
72821,CUPID SCENTED CANDLE IN GLASS,11,2.75,18.15,4.54,4
75011,BLUE DAISY MOBILE,172,14.33,138.76,11.56,12
75013B,"STRING OF 8 BUTTERFLIES,PINK",25,3.57,41.25,5.89,6
75049L,LARGE CIRCULAR MIRROR MOBILE,6821,55.01,6107.05,49.25,118
75131,METAL TUBE CHIME ON BAMBOO,488,37.54,522.56,40.2,13
75172,PAINTED SEA SHELL METAL WINDCHIME,93,11.62,85.31,10.66,8
75178,ASSTD COL BUTTERFLY/CRYSTAL W/CHIME,455,50.56,210.19,23.35,9
77079,DOLPHIN WINDMILL,1,1.0,2.12,2.12,1
77101A,UNION FLAG WINDSOCK,386,18.38,423.22,20.15,20
78033,FLAG OF ST GEORGE CHAIR,37,5.29,179.35,25.62,7
78034B,BLUE NETTING STORAGE HANGER,8,1.14,15.6,2.23,6
78124,MAGAZINE RACK GEBRA ASSORTED ,191,10.61,247.75,13.76,17
79000,MOROCCAN TEA GLASS,3808,39.26,2761.6,28.47,95
79026B,"S/4 ICON COASTER,ELVIS LIVES",25,2.78,10.61,1.18,9
79030D,"TUMBLER, BAROQUE",462,14.9,217.98,7.03,30
79030G,"TUMBLER, NEW ENGLAND",1364,25.74,610.08,11.51,52
79051A,SMOKEY GREY COLOUR D.O.F. GLASS,791,19.77,265.39,6.63,37
79062D,"RETRO TIN ASHTRAY,REVOLUTIONARY",52,13.0,19.4,4.85,4
79063C,"RETRO PILL BOX KEY CHAIN,THE KING",235,16.79,43.65,3.12,14
79063D,"RETRO PILL BOX , REVOLUTIONARY",189,17.18,34.91,3.17,10
79066K,RETRO MOD TRAY,739,6.72,618.13,5.62,110
79067,CORONA MEXICAN TRAY,143,7.94,496.25,27.57,18
79071B,ENGLISH ROSE METAL WASTE BIN,20,1.82,59.0,5.36,11
79144B,PAINTED LIGHTBULB STAR+ MOON,108,6.75,42.96,2.68,15
79144C,PAINTED LIGHTBULB RAINBOW DESIGN,64,9.14,24.48,3.5,6
79149B,SILICON STAR BULB  BLUE,18,2.25,7.56,0.94,8
79151B,"SILICON CUBE 25W, BLUE",11,5.5,4.62,2.31,2
79157B,UBO-LIGHT TRIOBASE BLUE,4,2.0,3.4,1.7,2
79157V,UBO-LIGHT TRIOBASE PURPLE,5,1.67,4.25,1.42,3
79160,HEART SHAPE WIRELESS DOORBELL,446,8.26,798.84,14.79,48
79161A,ST GEORGE SET OF 10 PARTY LIGHTS,2,1.0,5.9,2.95,2
79163,BLACK CHAMPAGNE GLASS,1517,45.97,621.87,18.84,33
79164,BLACK WINE GLASS,1672,79.62,699.96,33.33,19
79190A,RETRO PLASTIC 70'S TRAY,340,10.0,142.8,4.2,34
79190B,RETRO PLASTIC POLKA TRAY,655,18.71,245.1,7.0,35
79190D,RETRO PLASTIC DAISY TRAY,227,9.08,95.34,3.81,25
79191B,RETRO PLASTIC POLKA TRAY,154,5.92,130.9,5.03,26
79191C,RETRO PLASTIC ELEPHANT TRAY,1105,17.0,812.53,12.5,65
79191D,RETRO PLASTIC DAISY TRAY,25,3.57,21.25,3.04,7
79192A,RETRO PLASTIC 70'S TRAY,3,1.5,3.75,1.88,2
79302M,"ART LIGHTS,FUNK MONKEY",355,7.4,950.45,19.8,47
79321,CHILLI LIGHTS,8018,15.42,38961.71,74.93,515
79323B,BLACK CHERRY LIGHTS,8,8.0,54.0,54.0,1
79323P,PINK CHERRY LIGHTS,4,4.0,27.0,27.0,1
79329,PINK FLOCK GLASS CANDLEHOLDER,12,6.0,12.18,6.09,2
79331,PINK FLOCK GLASS CANDLEHOLDER,26,8.67,17.5,5.83,3
79336,LIGHT PINK FLOCK GLASS CANDLEHOLDER,36,12.0,13.68,4.56,3
79337,BLUE FLOCK GLASS CANDLEHOLDER,644,64.4,259.96,26.0,10
79403,FROSTED WHITE BASE ,89,8.09,75.65,6.88,11
79406,FROSTED WHITE BASE ,140,23.33,30.8,5.13,6
81950B,FLOWER BLUE CLOCK WITH SUCKER,117,11.7,33.93,3.39,8
81950V,FLOWER PURPLE CLOCK W/SUCKER,21,3.0,8.89,1.27,6
81952B,ROUND BLUE CLOCK WITH SUCKER,200,22.22,38.0,4.22,9
81952V,ROUND PURPLE CLOCK WITH SUCKER,367,13.59,69.73,2.58,24
81953B,ROUND BLUE CLOCK WITH SUCKER,11,2.2,2.09,0.42,3
81953P,ROUND ARTICULATED PINK CLOCK W/SUCK,28,9.33,5.32,1.77,3
82001S,VINYL RECORD FRAME SILVER,1508,14.23,5231.08,49.35,105
82011A,"BATHROOM SCALES, TROPICAL BEACH",16,1.6,60.0,6.0,10
82011B,BATHROOM SCALES RUBBER DUCKS,41,2.16,139.35,7.33,19
82011C,BATHROOM SCALES FOOTPRINTS IN SAND,51,2.55,172.05,8.6,20
82095,HEART BUTTONS JEWELLERY BOX,7,1.75,53.55,13.39,4
82482,WOODEN PICTURE FRAME WHITE FINISH,8276,9.33,20001.65,22.55,876
82483,WOOD 2 DRAWER CABINET WHITE FINISH,2341,4.49,14689.87,28.2,509
82484,WOOD BLACK BOARD ANT WHITE FINISH,3497,5.85,22878.09,38.26,596
82486,WOOD S/3 CABINET ANT WHITE FINISH,2085,3.66,17590.63,30.91,559
82494L,WOODEN FRAME ANTIQUE WHITE ,6282,7.66,17625.07,21.49,811
82551,LAUNDRY 15C METAL SIGN,2791,10.95,4229.72,16.59,253
82552,WASHROOM METAL SIGN,2922,9.77,4462.37,14.92,292
82567,"AIRLINE LOUNGE,METAL SIGN",497,3.29,1011.41,6.7,149
82578,KITCHEN METAL SIGN,1956,8.73,1088.56,4.86,220
82580,BATHROOM METAL SIGN,5505,14.19,3018.05,7.78,383
82581,TOILET METAL SIGN,3749,12.37,1997.13,6.59,302
82582,AREA PATROLLED METAL SIGN,4290,11.35,8552.22,22.62,374
82583,HOT BATHS METAL SIGN,5887,14.61,11570.22,28.71,384
82599,FANNY'S REST STOPMETAL SIGN,421,4.84,879.18,10.11,85
82600,NO SINGING METAL SIGN,5449,12.91,11171.94,26.47,418
82605,OLD DOC RUSSEL METAL SIGN,14,4.67,29.4,9.8,3
82613A,"METAL SIGN,CUPCAKE SINGLE HOOK",67,4.47,83.75,5.58,14
82613B,"METAL SIGN,CUPCAKE SINGLE HOOK",401,8.72,268.85,5.84,45
82613C,"METAL SIGN,CUPCAKE SINGLE HOOK",361,9.5,235.45,6.2,37
82613D,METAL SIGN CUPCAKE SINGLE HOOK,470,9.22,272.1,5.34,50
82615,PINK MARSHMALLOW SCARF KNITTING KIT,36,36.0,91.8,91.8,1
82616B,FRAPPUCINO SCARF KNITTING KIT,308,6.16,416.78,8.34,47
82616C,MIDNIGHT GLAMOUR SCARF KNITTING KIT,277,5.33,385.52,7.41,52
84006,MAGIC TREE -PAPER FLOWERS,832,10.67,707.2,9.07,77
84012,MAGIC SHEEP WOOL GROWING FROM PAPER,1212,12.76,1190.0,12.53,94
84016,FLAG OF ST GEORGE CAR FLAG,25,25.0,10.5,10.5,1
84029E,RED WOOLLY HOTTIE WHITE HEART.,2915,8.94,10914.59,33.48,319
84029G,KNITTED UNION FLAG HOT WATER BOTTLE,2469,7.57,9329.17,28.62,319
84030E,ENGLISH ROSE HOT WATER BOTTLE,1423,4.96,5767.91,20.1,277
84031A,CHARLIE+LOLA RED HOT WATER BOTTLE ,174,3.48,499.78,10.0,49
84031B,CHARLIE LOLA BLUE HOT WATER BOTTLE ,94,2.47,342.74,9.02,37
84032A,CHARLIE+LOLA PINK HOT WATER BOTTLE,449,4.16,1112.91,10.3,105
84032B,CHARLIE + LOLA RED HOT WATER BOTTLE,654,4.92,1342.0,10.09,130
84033,FLAG OF ST GEORGE ,23,3.29,37.95,5.42,7
84050,PINK HEART SHAPE EGG FRYING PAN,3139,15.24,4379.03,21.26,200
84051,ASS COLOUR GLOWING TIARAS,280,10.77,212.8,8.18,24
84077,WORLD WAR 2 GLIDERS ASSTD DESIGNS,49615,105.12,12578.25,26.65,471
84078A,SET/4 WHITE RETRO STORAGE CUBES ,357,3.37,13007.15,122.71,106
84086B,YELLOW/BLUE RETRO RADIO,16,2.0,47.2,5.9,7
84086C,PINK/PURPLE RETRO RADIO,140,6.67,413.0,19.67,19
84192,ASSORTED COLOUR METAL CAT ,115,4.11,143.75,5.13,25
84199,GLOW IN DARK DOLPHINS,129,4.3,27.09,0.9,28
84201B,HAPPY BIRTHDAY CARD STRIPEY TEDDY,13,6.5,2.47,1.23,2
84201C,HAPPY BIRTHDAY CARD TEDDY/CAKE,5,5.0,0.95,0.95,1
84206A,3 BLACK CATS W HEARTS BLANK CARD,24,8.0,4.56,1.52,3
84206B,CAT WITH SUNGLASSES BLANK CARD,5,5.0,0.95,0.95,1
84206C,CHAMPAGNE TRAY BLANK CARD,8,4.0,1.52,0.76,2
84212,"ASSORTED FLOWER COLOUR ""LEIS""",10297,99.97,4871.45,47.3,103
84218,BOX/12 CHICK & EGG IN BASKET,122,3.05,222.3,5.56,40
84226,HEN HOUSE W FAMILY IN BARN & NEST,49,5.44,34.51,3.83,9
84227,HEN HOUSE W CHICK IN NEST,1,1.0,0.42,0.42,1
84228,HEN HOUSE W CHICK STANDING,284,14.95,113.28,5.96,19
84231,EASTER BUNNY WITH BASKET ON BACK,105,5.53,68.25,3.59,18
84247E,PACK/12 XMAS FUN CARD,83,3.19,244.85,9.42,23
84247G,"DECOUPAGE,GREETING CARD,",336,14.61,141.12,6.14,23
84247K,"FOLK ART GREETING CARD,pack/12",23,2.3,67.85,6.79,9
84247L,FAWN AND MUSHROOM GREETING CARD,108,13.5,45.36,5.67,8
84247N,PACK/12 BLUE FOLKART CARDS,22,1.22,64.9,3.61,18
84249A,"GREETING CARD,SQUARE, DOUGHNUTS",160,12.31,68.84,5.3,13
84251B,"GREETING CARD, STICKY GORDON",157,11.21,29.83,2.13,14
84251C,"GREETING CARD, TWO SISTERS.",24,12.0,4.56,2.28,2
84251G,"GREETING CARD, OVERCROWDED POOL.",180,12.0,34.2,2.28,15
84279B,CHERRY BLOSSOM DECORATIVE FLASK,182,3.03,678.18,11.3,57
84279P,CHERRY BLOSSOM  DECORATIVE FLASK,339,3.46,1253.97,12.8,94
84306,S/3 PINK SQUARE PLANTERS ROSES,2,1.0,21.9,10.95,2
84313B,BLUE TV TRAY TABLE ,76,5.85,175.8,13.52,13
84313C,ORANGE TV TRAY TABLE ,461,19.21,908.15,37.84,24
84341B,SMALL PINK MAGIC CHRISTMAS TREE,618,18.18,252.23,7.42,33
84347,ROTATING SILVER ANGELS T-LIGHT HLDR,6227,19.22,14602.12,45.07,302
84352,SILVER CHRISTMAS TREE BAUBLE STAND ,33,1.5,543.35,24.7,22
84356,POMPOM CURTAIN,337,7.33,1570.15,34.13,46
84358,FLOOR LAMP SHADE WOOD BASE,32,2.67,287.74,23.98,12
84360,TABLE LAMP WHITE SHADE WOOD BASE,74,4.35,388.3,22.84,17
84375,SET OF 20 KIDS COOKIE CUTTERS,4149,9.69,8697.27,20.32,416
84378,SET OF 3 HEART COOKIE CUTTERS,5245,9.88,6774.34,12.76,520
84380,SET OF 3 BUTTERFLY COOKIE CUTTERS,5293,10.42,6718.9,13.23,498
84387A,BIRD ON BRANCH CANVAS SCREEN,11,11.0,21.45,21.45,1
84388,WISE MAN STAR SHAPE EGG PAN,24,4.0,13.14,2.19,6
84402B,PURPLE DRESS JEWELLERY STAND,61,20.33,48.19,16.06,3
84406B,CREAM CUPID HEARTS COAT HANGER,1918,7.86,7125.38,29.2,241
84415A,PINK FLOCK SUEDE CUSHION COVER ,12,6.0,15.0,7.5,2
84415B,BLUE FLOCK CUSHION COVER ,6,3.0,12.5,6.25,2
84422,PINK/BLUE DISC/MIRROR STRING,551,68.88,220.41,27.55,8
84429A,MEDIUM PINK BUDDHA HEAD ,47,3.13,138.65,9.24,14
84452,METAL RABBIT LADDER EASTER ,74,4.62,62.9,3.93,16
84457,SET/3 RABBITS FLOWER SKIPPPING ROPE,120,5.22,102.0,4.43,21
84459A,PINK METAL CHICKEN HEART ,671,11.77,907.63,15.92,53
84459B,YELLOW METAL CHICKEN HEART ,676,11.08,938.12,15.38,60
84461,12 PINK HEN+CHICKS IN BASKET,41,2.93,104.55,7.47,14
84462,3 PINK HEN+CHICKS IN BASKET,12,2.0,15.0,2.5,6
84465,15 PINK FLUFFY CHICKS IN BOX,10,1.43,29.5,4.21,7
84466,TOP SECRET PEN SET,46,4.6,57.5,5.75,10
84497,BUTTONS AND STRIPES NOTEBOOK ,13,1.86,48.75,6.96,7
84499,BLACK FLOWER CANDLE PLATE,7,3.5,5.95,2.97,2
84507B,STRIPES DESIGN MONKEY DOLL,31,2.21,79.05,5.65,14
84507C,BLUE CIRCLES DESIGN MONKEY DOLL,63,2.42,160.65,6.18,25
84508A,CAMOUFLAGE DESIGN TEDDY,1630,46.57,3445.5,98.44,35
84508B,STRIPES DESIGN TEDDY,57,1.84,145.35,4.69,30
84508C,BLUE CIRCLES DESIGN TEDDY,52,2.48,132.6,6.31,20
84509A,SET OF 4 ENGLISH ROSE PLACEMATS,612,4.4,2194.64,15.79,139
84509B,SET OF 4 FAIRY CAKE PLACEMATS,156,3.18,585.0,11.94,48
84509C,SET OF 4 POLKADOT PLACEMATS ,78,3.25,273.3,11.39,23
84509E,SET OF 4 CAROUSEL PLACEMATS ,70,8.75,101.06,12.63,8
84509G,SET OF 4 FAIRY CAKE PLACEMATS ,491,10.67,856.25,18.61,46
84510A,SET OF 4 ENGLISH ROSE COASTERS,1063,7.04,1295.59,8.58,144
84510C,SET OF 4 POLKADOT COASTERS,98,2.88,124.92,3.67,32
84510E,SET OF 4 GREEN CAROUSEL COASTERS,25,2.78,26.05,2.89,9
84519A,TOMATO CHARLIE+LOLA COASTER SET,477,7.82,739.19,12.12,61
84519B,CARROT CHARLIE+LOLA COASTER SET,426,4.58,547.24,5.88,91
84520B,PACK 20 ENGLISH ROSE PAPER NAPKINS,481,8.75,388.69,7.07,54
84522,PINK PARTY SUNGLASSES,12,2.0,23.4,3.9,6
84527,FLAMES SUNGLASSES PINK LENSES,47,7.83,84.45,14.08,6
84531A,PINK KNITTED EGG COSY,140,5.38,71.76,2.76,25
84531B,BLUE KNITTED EGG COSY,150,5.77,83.46,3.21,25
84534B,FAIRY CAKE NOTEBOOK A5 SIZE,46,9.2,39.1,7.82,5
84535A,ENGLISH ROSE NOTEBOOK A6 SIZE,398,19.9,185.1,9.25,20
84535B,FAIRY CAKES NOTEBOOK A6 SIZE,1272,11.67,762.99,7.0,108
84536A,ENGLISH ROSE NOTEBOOK A7 SIZE,2729,12.13,1147.0,5.1,221
84536B,FAIRY CAKES NOTEBOOK A7 SIZE,1684,16.84,655.34,6.55,99
84539,KNITTED RABBIT DOLL ,16,16.0,26.4,26.4,1
84548,CROCHET BEAR RED/BLUE  KEYRING,15,3.75,24.75,6.19,3
84549,CROCHET WHITE RABBIT KEYRING ,31,10.33,46.35,15.45,3
84550,CROCHET LILAC/RED BEAR KEYRING,1,1.0,1.65,1.65,1
84551,CROCHET DOG KEYRING,1,1.0,1.65,1.65,1
84558A,3D DOG PICTURE PLAYING CARDS,293,4.58,864.35,13.51,60
84559A,3D SHEET OF DOG STICKERS,272,6.48,231.98,5.52,42
84559B,3D SHEET OF CAT STICKERS,216,4.91,183.6,4.17,43
84562A,PINK/WHITE RIBBED MELAMINE JUG,2,1.0,15.9,7.95,2
84563A,PINK & WHITE BREAKFAST TRAY,59,4.21,198.05,14.15,14
84563B,BLUE & WHITE BREAKFAST TRAY,73,3.04,221.35,9.22,21
84568,GIRLS ALPHABET IRON ON PATCHES ,12480,520.0,2332.8,97.2,23
84569A,PACK 3 IRON ON DOG PATCHES,191,7.35,239.96,9.23,26
84569B,PACK 3 FIRE ENGINE/CAR PATCHES,76,6.33,95.0,7.92,11
84569C,PACK 4 FLOWER/BUTTERFLY PATCHES,1,1.0,1.25,1.25,1
84569D,PACK 6 HEART/ICE-CREAM PATCHES,269,7.69,338.67,9.68,34
84575A,PINK DOG CANNISTER,14,3.5,39.3,9.82,4
84576,BLUE CAT BISCUIT BARREL PINK HEART,57,6.33,111.15,12.35,9
84580,MOUSE TOY WITH PINK T-SHIRT,335,2.72,1260.05,10.24,120
84581,DOG TOY WITH PINK CROCHET SKIRT,166,2.34,623.26,8.78,70
84584,PINK GINGHAM CAT WITH SCARF,83,4.61,211.65,11.76,18
84592,CROCHET ROSE PURSE WITH SUEDE BACK,70,4.12,206.5,12.15,17
84593,CROCHET ROSE DES CLOTHES HANGER,5,2.5,14.75,7.38,1
84595E,LARGE TORTILLA DESIGN RED BOWL,64,7.11,109.8,12.2,9
84596B,SMALL DOLLY MIX DESIGN ORANGE BOWL,4491,11.85,2063.29,5.44,361
84596E,SMALL LICORICE DES PINK BOWL,392,10.89,253.05,7.03,35
84596F,SMALL MARSHMALLOWS PINK BOWL,3301,10.86,1561.63,5.14,288
84596G,SMALL CHOCOLATES PINK BOWL,1662,10.26,775.02,4.78,158
84596J,MIXED NUTS LIGHT GREEN BOWL,469,17.37,205.28,7.6,27
84596L,BISCUITS SMALL BOWL LIGHT BLUE,1039,12.99,441.36,5.52,79
84597B,RETRO BROWN BALL ASHTRAY ,41,8.2,51.25,10.25,5
84597C,RETRO PINK BALL ASHTRAY ,46,3.54,57.5,4.42,13
84598,BOYS ALPHABET IRON ON PATCHES,1248,249.6,262.08,52.42,5
84600,NEW BAROQUE JEWELLERY BOX ,48,2.4,367.6,18.38,20
84609,TALL ROCOCO CANDLE HOLDER,90,5.29,720.0,42.35,17
84613A,PINK NEW BAROQUE FLOCK CANDLESTICK,6,2.0,27.9,9.3,3
84613C,BLUE NEW BAROQUE FLOCK CANDLESTICK,1,1.0,4.65,4.65,1
84614A,PINK BAROQUE FLOCK CANDLE HOLDER,2,2.0,11.9,11.9,1
84616,SILVER ROCCOCO CHANDELIER,11,1.83,329.45,54.91,6
84617,NEW BAROQUE BLACK BOXES,3,1.0,38.25,12.75,3
84620,BLUE GINGHAM ROSE CUSHION COVER,2,2.0,11.9,11.9,1
84625A,PINK NEW BAROQUECANDLESTICK CANDLE,455,14.68,470.75,15.19,31
84625C,BLUE NEW BAROQUE CANDLESTICK CANDLE,439,15.68,478.15,17.08,28
84629,WHITE 3 FRAME BIRDS AND TREE ,20,2.0,150.0,15.0,10
84631,FRUIT TREE AND BIRDS WALL PLAQUE,17,1.7,135.15,13.52,9
84632,DECORATIVE HANGING SHELVING UNIT,6,1.2,359.7,71.94,5
84637,KITCHEN FLOWER POTS WALL PLAQUE,29,2.23,172.55,13.27,13
84638,SMALL KITCHEN FLOWER POTS PLAQUE,19,1.58,132.05,11.0,12
84658,WHITE STITCHED CUSHION COVER,46,2.56,322.38,17.91,16
84659A,WHITE TRAVEL ALARM CLOCK,134,6.09,314.31,14.29,22
84660A,WHITE STITCHED WALL CLOCK,837,23.25,761.9,21.16,36
84660B,BLACK STITCHED WALL CLOCK,697,23.23,686.23,22.87,29
84660C,PINK STITCHED WALL CLOCK,639,23.67,590.57,21.87,27
84661A,WHITE SQUARE TABLE CLOCK,94,8.55,132.99,12.09,11
84661B,BLACK SQUARE TABLE CLOCK,95,7.92,225.49,18.79,12
84661C,PINK SQUARE TABLE CLOCK,62,12.4,70.1,14.02,5
84663A,GRASS HOPPER WOODEN WALL CLOCK ,260,10.4,324.04,12.96,25
84665,SQUARE CHERRY BLOSSOM CABINET,105,6.18,624.75,36.75,17
84666,SQUARE CHERRY BLOSSOM CABINET,24,6.0,94.8,23.7,4
84673A,PINK FLY SWAT,63,2.42,40.95,1.58,25
84673B,BLUE FLY SWAT,135,3.21,114.21,2.72,42
84674,FLYING PIG WATERING CAN,187,4.45,429.25,10.22,40
84675,FROG KING WATERING CAN,9,4.5,26.55,13.28,2
84678,CLASSICAL ROSE SMALL VASE,138,13.8,227.1,22.71,10
84679,CLASSICAL ROSE TABLE LAMP,6,3.0,55.7,27.85,2
84683,CLASSICAL ROSE CANDLESTAND,187,26.71,147.35,21.05,7
84685,BEACH HUT KEY CABINET,21,2.33,78.75,8.75,9
84686,BEACH HUT MIRROR,49,6.12,66.39,8.3,8
84687,BEACH HUT SHELF W 3 DRAWERS,70,3.5,376.5,18.82,20
84688,BEACH HUT DESIGN BLACKBOARD,34,4.25,144.5,18.06,8
84689,S/2 BEACH HUT TREASURE CHESTS,3,1.5,9.95,4.97,2
84691,PACK 20 DOLLY PEGS,242,60.5,174.5,43.62,4
84692,BOX OF 24 COCKTAIL PARASOLS,6808,18.15,2810.67,7.5,364
84705C,PINK FLOCK PHOTO FRAME ,12,12.0,15.0,15.0,1
84706D,CHERRY BLOSSOM TABLE CLOCK ,6,2.0,25.7,8.57,3
84706F,RED PEONY TABLE CLOCK,16,1.6,47.2,4.72,10
84707A,SILVER JEWELLED MIRROR TRINKET TRAY,66,2.64,440.74,17.63,25
84707B,PINK JEWELLED MIRROR TRINKET TRAY,29,2.23,178.56,13.74,13
84708B,PINK JEWELLED PHOTO FRAME ,53,3.79,256.75,18.34,14
84709B,PINK OVAL JEWELLED MIRROR,20,1.82,119.0,10.82,11
84711A,SILVER OVAL SHAPE TRINKET BOX,14,2.0,139.3,19.9,7
84711B,PINK OVAL SHAPE TRINKET BOX,15,1.88,149.25,18.66,8
84712B,PINK JEWELLED PHOTO FRAME,19,1.73,147.87,13.44,11
84715,SET OF 6 ICE CREAM SKITTLES,16,5.33,47.2,15.73,3
84723,CHERRY BLOSSOM CANVAS ART PICTURE,41,6.83,97.95,16.32,6
84725,FREESTYLE CANVAS ART PICTURE,41,2.28,39.65,2.2,18
84731,3 BIRDS CANVAS SCREEN,2,1.0,2.04,1.02,2
84732B,CUTE BIRD CEATURE SCREEN,22,11.0,8.58,4.29,2
84732D,CUTE RABBIT CEATURE SCREEN ,11,5.5,4.29,2.14,2
84741C,CITRUS GARLAND FELT FLOWERS ,60,4.29,117.0,8.36,14
84743C,ORANGE FELT VASE + FLOWERS,1,1.0,1.25,1.25,1
84744,S/6 SEW ON CROCHET FLOWERS,108,6.0,135.0,7.5,18
84745A,PINK HANGING GINGHAM EASTER HEN,32,6.4,13.44,2.69,5
84745B,BLUE HANGING GINGHAM EASTER HEN,32,6.4,13.44,2.69,5
84746,PINK EASTER HENS+FLOWER,3,3.0,11.25,11.25,1
84748,FOLK FELT HANGING MULTICOL GARLAND,28,2.55,105.0,9.55,8
84750A,PINK SMALL GLASS CAKE STAND,24,24.0,46.8,46.8,1
84750B,BLACK SMALL GLASS CAKE STAND,61,5.08,54.99,4.58,12
84751B,BLACK MEDIUM GLASS CAKE STAND,19,2.11,38.69,4.3,8
84754,S/15 SILVER GLASS BAUBLES IN BAG,502,13.57,586.46,15.85,36
84755,COLOUR GLASS T-LIGHT HOLDER HANGING,15611,29.12,9597.71,17.91,529
84760S,SMALL HANGING GLASS+ZINC LANTERN,43,4.78,62.35,6.93,8
84763,ZINC FINISH 15CM PLANTER POTS,573,11.69,679.01,13.86,49
84766,SILVER ROCOCO CANDLE STICK,146,10.43,340.7,24.34,14
84773,RED ROSE AND LACE C/COVER,3,3.0,8.85,8.85,1
84789,ENCHANTED BIRD PLANT CAGE,181,4.11,599.55,13.63,43
84792,ENCHANTED BIRD COATHANGER 5 HOOK,775,4.02,3475.19,18.01,190
84795B,SUNSET CHECK HAMMOCK,167,4.18,1249.65,31.24,40
84795C,OCEAN STRIPE HAMMOCK ,2,2.0,15.9,15.9,1
84796A,PINK HAWAIIAN PICNIC HAMPER FOR 2,14,1.4,178.5,17.85,10
84796B,BLUE SAVANNAH PICNIC HAMPER FOR 2,69,4.06,793.35,46.67,17
84798A,PINK FOXGLOVE ARTIIFCIAL FLOWER,14,4.67,35.7,11.9,3
84798B,PURPLE FOXGLOVE ARTIIFCIAL FLOWER,7,3.5,17.85,8.93,2
84799,SPRIG LAVENDER ARTIFICIAL FLOWER,220,24.44,155.48,17.28,9
84800L,LARGE WHITE/PINK ROSE ART FLOWER,360,16.36,639.36,29.06,22
84800M,MEDIUM WHITE/PINK ROSE ART FLOWER,127,11.55,174.31,15.85,11
84800S,SMALL WHITE/PINK ROSE ART FLOWER,113,11.3,127.57,12.76,9
84801A,PINK HYDRANGEA ART FLOWER,46,9.2,96.6,19.32,5
84801B,WHITE HYDRANGEA ART FLOWER,22,7.33,46.2,15.4,3
84802A,WHITE ANEMONE ARTIFICIAL FLOWER,2,2.0,3.38,3.38,1
84802B,PURPLE ANEMONE ARTIFICIAL FLOWER,4,4.0,6.76,6.76,1
84803B,WHITE ALLIUM  ARTIFICIAL FLOWER,15,5.0,25.35,8.45,3
84804A,CREAM DELPHINIUM ARTIFICIAL FLOWER,70,8.75,180.58,22.57,8
84804B,BLUE DELPHINIUM ARTIFICIAL FLOWER,99,16.5,188.37,31.4,6
84805A,CREAM CLIMBING HYDRANGA ART FLOWER,30,10.0,52.5,17.5,3
84805B,BLUE CLIMBING HYDRANGA ART FLOWER,38,12.67,52.5,17.5,3
84806A,PINK CANDYSTUFT ARTIFICIAL FLOWER,137,12.45,96.89,8.81,11
84806B,WHITE CANDYSTUFT ARTIFICIAL FLOWER,296,15.58,394.16,20.75,19
84809A,WHITE CHRYSANTHEMUMS ART FLOWER,38,7.6,79.8,15.96,5
84809B,PINK CHRYSANTHEMUMS ART FLOWER,18,18.0,37.8,37.8,1
84813,SET OF 4 DIAMOND NAPKIN RINGS,145,6.59,1146.97,52.14,22
84816,DANISH ROSE BEDSIDE CABINET,13,1.3,519.35,51.94,10
84817,DANISH ROSE DECORATIVE PLATE,951,16.98,710.64,12.69,55
84818,DANISH ROSE PHOTO FRAME,1424,14.24,1461.6,14.62,99
84819,DANISH ROSE ROUND SEWING BOX,811,13.08,951.79,15.35,62
84820,DANISH ROSE TRINKET TRAYS,261,8.16,484.63,15.14,31
84821,DANISH ROSE DELUXE COASTER,947,22.55,417.35,9.94,40
84823,DANISH ROSE FOLDING CHAIR,112,4.48,890.4,35.62,25
84824,DANISH ROSE UMBRELLA STAND,2,1.0,31.9,15.95,2
84826,ASSTD DESIGN 3D PAPER STICKERS,1162,33.2,389.38,11.13,30
84827,ASS DES PHONE SPONGE CRAFT STICKER,511,28.39,154.39,8.58,14
84828,JUNGLE POPSICLES ICE LOLLY HOLDERS,954,8.15,1192.41,10.19,111
84832,ZINC WILLIE WINKIE  CANDLE STICK,2607,13.58,2176.95,11.34,188
84836,ZINC METAL HEART DECORATION,5757,11.73,7108.68,14.48,476
84840,SWEETHEART CARRY-ALL BASKET,3,1.0,25.5,8.5,3
84842,HELLO SAILOR BATHROOM SET,14,1.56,52.5,5.83,9
84843,WHITE SOAP RACK WITH 2 BOTTLES,161,3.83,864.35,20.58,41
84846A,SCENTED CANDLE IN DIGITALIS TIN,53,4.82,111.3,10.12,10
84847,FLORAL BATHROOM SET,21,1.75,78.75,6.56,11
84849A,HELLO SAILOR BLUE SOAP HOLDER,155,5.0,261.95,8.45,31
84849B,FAIRY SOAP SOAP HOLDER,232,4.07,392.08,6.88,57
84849D,HOT BATHS SOAP HOLDER,479,4.65,809.51,7.86,102
84854,GIRLY PINK TOOL SET,5,5.0,24.75,24.75,1
84857B,BLUE MONTE CARLO HANDBAG,24,24.0,46.8,46.8,1
84857C,PINK MONTE CARLO HANDBAG,95,11.88,198.35,24.79,8
84858C,PINK RIVIERA HANDBAG,185,37.0,250.05,50.01,5
84859A,SILVER DISCO HANDBAG,123,3.97,248.21,8.01,30
84859B,BLUE DISCO HANDBAG,31,2.82,62.63,5.69,10
84859C,PINK DISCO HANDBAG,83,3.95,176.39,8.4,21
84865,NEW BAROQUE BLACK PHOTO ALBUM,26,2.17,115.55,9.63,11
84870B,BLUE GEISHA GIRL ,20,2.0,75.0,7.5,10
84870C,GREEN GEISHA GIRL ,20,2.0,75.0,7.5,10
84872A,TEATIME FUNKY FLOWER BACKPACK FOR 2,3,1.0,50.85,16.95,3
84873A,FUNKY FLOWER PICNIC BAG FOR 4,2,1.0,33.9,16.95,2
84874B,BLUE TRAVEL FIRST AID KIT,34,4.86,56.1,8.01,7
84875B,GREEN SQUARE COMPACT MIRROR,125,8.33,168.75,11.25,15
84875D,BLUE SQUARE COMPACT MIRROR,51,6.38,63.75,7.97,8
84876B,GREEN HEART COMPACT MIRROR,203,8.83,253.75,11.03,20
84876D,BLUE HEART COMPACT MIRROR,125,9.62,191.25,14.71,12
84877A,PINK ROUND COMPACT MIRROR,12,12.0,15.0,15.0,1
84877B,GREEN ROUND COMPACT MIRROR,126,14.0,157.5,17.5,9
84877D,BLUE ROUND COMPACT MIRROR,88,7.33,122.5,10.21,11
84879,ASSORTED COLOUR BIRD ORNAMENT,30314,21.58,49260.74,35.06,1372
84880,WHITE WIRE EGG HOLDER,303,4.46,1896.15,27.88,65
84881,BLUE WIRE SPIRAL CANDLE HOLDER,11,2.2,69.85,13.97,5
84882,GREEN WIRE STANDING CANDLE HOLDER,34,2.27,127.5,8.5,15
84884A,ANT WHITE WIRE HEART SPIRAL,286,4.47,1076.66,16.82,64
84898F,YELLOW FLOWERS FELT HANDBAG KIT,45,2.5,94.5,5.25,18
84905,PINK BUTTERFLY CUSHION COVER ,12,6.0,59.4,29.7,2
84906,PINK B'FLY C/COVER W BOBBLES,28,2.8,98.6,9.86,10
84907,PINK YELLOW PATCH CUSHION COVER,5,1.67,38.25,12.75,3
84910A,PINK PAISLEY CUSHION COVER ,10,1.67,59.5,9.92,6
84912A,PINK ROSE WASHBAG,103,2.71,386.25,10.16,38
84912B,GREEN ROSE WASHBAG,149,3.04,558.75,11.4,46
84913A,SOFT PINK ROSE TOWEL ,37,3.7,172.05,17.21,10
84913B,MINT GREEN ROSE TOWEL,70,3.5,325.5,16.27,20
84915,HAND TOWEL PINK FLOWER AND DAISY,199,18.09,281.95,25.63,11
84916,HAND TOWEL PALE BLUE W FLOWERS,212,11.78,407.4,22.63,18
84917,WHITE HAND TOWEL WITH BUTTERFLY,170,12.14,400.5,28.61,14
84919,BLUE CUSHION COVER WITH FLOWER,29,3.22,201.55,22.39,9
84920,PINK FLOWER FABRIC PONY,73,2.7,273.75,10.14,26
84921,CREAM AND PINK FLOWERS PONY ,11,2.2,41.25,8.25,5
84922,PINK BUTTERFLY WASHBAG,8,1.6,34.0,6.8,5
84924A,WAKE UP COCKEREL CALENDAR SIGN ,72,3.0,281.13,11.71,24
84924F,PSYCHEDELIC METAL SIGN CALENDAR,10,3.33,7.9,2.63,3
84925D,LA PALMIERA WALL THERMOMETER,15,1.5,38.25,3.82,10
84925F,PSYCHEDELIC WALL THERMOMETER,80,5.33,112.48,7.5,14
84926A,WAKE UP COCKEREL TILE COASTER,597,19.26,198.09,6.39,31
84926D,LA PALMIERA TILE COASTER,705,22.03,266.64,8.33,31
84926E,FLOWERS TILE COASTER,990,26.05,329.84,8.68,37
84926F,PSYCHEDELIC TILE COASTER,423,18.39,178.0,7.74,23
84927A,WAKE UP COCKEREL TILE HOOK,46,3.29,53.85,3.85,14
84927D,LA PALMIERA TILE HOOK,45,3.75,39.78,3.32,11
84927E,FLOWERS TILE HOOK,57,4.75,71.82,5.98,11
84927F,PSYCHEDELIC TILE HOOK,295,7.02,166.35,3.96,40
84929,ASSTD FRUIT+FLOWERS FRIDGE MAGNETS,2244,36.19,545.16,8.79,62
84931A,PINK SCOTTIE DOG W FLOWER PATTERN,84,3.65,214.2,9.31,22
84931B,BLUE SCOTTIE DOG W FLOWER PATTERN,134,4.96,341.7,12.66,25
84944,SET OF 6 KASHMIR FOLKART BAUBLES,564,7.73,1016.4,13.92,71
84945,MULTI COLOUR SILVER T-LIGHT HOLDER,10279,32.95,8269.45,26.5,306
84946,ANTIQUE SILVER TEA GLASS ETCHED,16473,23.91,19239.42,27.92,677
84947,ANTIQUE SILVER TEA GLASS ENGRAVED,8273,28.33,9339.34,31.98,278
84949,SILVER HANGING T-LIGHT HOLDER,4665,18.37,7193.25,28.32,250
84950,ASSORTED COLOUR T-LIGHT HOLDER,1537,17.47,987.77,11.22,86
84951A,SET OF 4 PISTACHIO LOVEBIRD COASTER,363,10.68,315.06,9.27,33
84951B,SET OF 4 BLACK LOVEBIRD COASTERS,334,10.44,318.44,9.95,31
84952A,CLEAR LOVE BIRD T-LIGHT HOLDER,38,6.33,146.21,24.37,6
84952B,BLACK LOVE BIRD T-LIGHT HOLDER,145,11.15,247.46,19.04,13
84952C,MIRROR LOVE BIRD T-LIGHT HOLDER,140,14.0,225.0,22.5,9
84963A,PINK PAINTED KASHMIRI CHAIR,4,4.0,171.8,171.8,1
84963B,BLUE PAINTED KASHMIRI CHAIR,3,3.0,149.85,149.85,1
84968A,SET OF 16 VINTAGE ROSE CUTLERY,147,3.0,1787.85,36.49,48
84968B,SET OF 16 VINTAGE IVORY CUTLERY,2,1.0,25.5,12.75,2
84968C,SET OF 16 VINTAGE PISTACHIO CUTLERY,94,1.96,1198.5,24.97,48
84968D,SET OF 16 VINTAGE RED CUTLERY,62,2.0,814.92,26.29,31
84968E,SET OF 16 VINTAGE BLACK CUTLERY,87,3.95,1035.06,47.05,22
84968F,SET OF 16 VINTAGE SKY BLUE CUTLERY,78,2.6,951.3,31.71,30
84969,BOX OF 6 ASSORTED COLOUR TEASPOONS,295,4.04,1267.99,17.37,73
84970L,SINGLE HEART ZINC T-LIGHT HOLDER,5700,16.86,5664.78,16.76,336
84970S,HANGING HEART ZINC T-LIGHT HOLDER,8470,20.41,6830.59,16.46,412
84971S,SMALL HEART FLOWERS HOOK ,1679,14.35,1386.75,11.85,114
84974,S/2 ZINC HEART DESIGN PLANTERS,40,1.38,398.0,13.72,28
84975,HEART SHAPED MIRROR,5,2.5,8.45,4.22,2
84976,RECTANGULAR SHAPED MIRROR,502,17.31,420.68,14.51,29
84978,HANGING HEART JAR T-LIGHT HOLDER,10980,18.9,12674.72,21.82,572
84984A,GREEN PEONY CUSHION COVER,19,3.17,88.35,14.72,6
84984B,RED PEONY CUSHION COVER ,17,3.4,79.05,15.81,5
84984D,ORIENTAL RED CUSHION COVER ,13,3.25,60.45,15.11,4
84985A,SET OF 72 GREEN PAPER DOILIES,42,2.1,60.9,3.04,18
84987,SET OF 36 TEATIME PAPER DOILIES,2928,12.1,4078.68,16.85,240
84988,SET OF 72 PINK HEART PAPER DOILIES,3954,12.8,5566.68,18.02,307
84989A,75 GREEN FAIRY CAKE CASES,28,1.56,15.4,0.86,17
84990,60 GOLD AND SILVER FAIRY CAKE CASES,2,1.0,1.1,0.55,2
84991,60 TEATIME FAIRY CAKE CASES,17689,25.6,8618.37,12.47,657
84992,72 SWEETHEART FAIRY CAKE CASES,13070,24.61,6274.9,11.82,501
84993A,75 GREEN PETIT FOUR CASES,305,9.24,128.1,3.88,33
84993B,75 BLACK PETIT FOUR CASES,57,3.35,23.94,1.41,17
84997A,GREEN 3 PIECE POLKADOT CUTLERY SET,2525,10.79,9618.29,41.1,234
84997B,RED 3 PIECE RETROSPOT CUTLERY SET,3747,11.39,14182.49,43.11,325
84997C,BLUE 3 PIECE POLKADOT CUTLERY SET,2686,8.78,10394.34,33.97,305
84997D,PINK 3 PIECE POLKADOT CUTLERY SET,3842,9.02,14886.6,34.95,421
85006,SET 4 NURSERY DES ROUND BOXES,55,6.11,57.25,6.36,9
85008,SET OF 3 CONEY ISLAND OVAL BOXES,12,1.71,55.95,7.99,7
85014A,BLACK/BLUE POLKADOT UMBRELLA,1133,4.41,6367.94,24.78,256
85014B,RED RETROSPOT UMBRELLA,1846,6.03,10247.47,33.49,303
85015,SET OF 12  VINTAGE POSTCARD SET,2130,18.52,1591.42,13.84,113
85016,SET OF 6 VINTAGE NOTELETS KIT,522,20.88,459.0,18.36,25
85017A,ENVELOPE 50 ROMANTIC IMAGES,6,2.0,5.1,1.7,2
85017B,ENVELOPE 50 BLOSSOM IMAGES,947,12.63,491.55,6.55,74
85017C,ENVELOPE 50 CURIOUS IMAGES,50,4.17,27.02,2.25,10
85018D,YULETIDE IMAGES S/6 PAPER BOXES,12,1.71,30.6,4.37,7
85019A,ROMANTIC IMAGES NOTEBOOK SET,409,14.61,547.25,19.54,28
85019B,BLOSSOM  IMAGES NOTEBOOK SET,498,19.92,640.5,25.62,25
85019C,CURIOUS  IMAGES NOTEBOOK SET,181,18.1,262.25,26.22,10
85020,ROUND PINK HEART MIRROR,78,4.88,163.8,10.24,16
85023B,EAU DE NILE JEWELLED PHOTOFRAME,104,8.67,232.8,19.4,12
85024B,EAU DE NILE JEWELLED PHOTOFRAME,193,16.08,289.65,24.14,12
85024C,PINK SMALL JEWELLED PHOTOFRAME,12,1.33,19.8,2.2,9
85025B,EAU DE NILE HEART SHAPE PHOTO FRAME,305,13.86,474.45,21.57,21
85025C,PINK HEART SHAPE PHOTO FRAME,308,10.27,478.0,15.93,28
85026B,EAU DE NILE JEWELLED T-LIGHT HOLDER,75,8.33,63.75,7.08,9
85027L,FRENCH CHATEAU LARGE PLATTER ,70,3.89,160.5,8.92,18
85028L,FRENCH CHATEAU LARGE FRUIT BOWL ,10,2.5,19.5,4.88,4
85028S,FRENCH CHATEAU SMALL FRUITBOWL,24,3.0,51.6,6.45,8
85030,FRENCH CHATEAU OVAL PLATTER,15,2.5,29.25,4.88,6
85031A,ROMANTIC IMAGES SCRAP BOOK SET,16,2.29,45.9,6.56,7
85031B,BLOSSOM IMAGES SCRAP BOOK SET,1,1.0,4.95,4.95,1
85031C,CURIOUS IMAGES SCRAP BOOK SET,3,3.0,14.85,14.85,1
85032A,ROMANTIC IMAGES GIFT WRAP SET,738,7.61,679.8,7.01,96
85032B,BLOSSOM IMAGES GIFT WRAP SET,751,7.99,663.6,7.06,93
85032C,CURIOUS IMAGES GIFT WRAP SET,597,6.86,566.4,6.51,84
85032D,YULETIDE IMAGES GIFT WRAP SET,630,10.68,467.5,7.92,58
85034A,3 GARDENIA MORRIS BOXED CANDLES,492,6.47,844.04,11.11,67
85034B,3 WHITE CHOC MORRIS BOXED CANDLES,884,9.4,1362.44,14.49,90
85034C,3 ROSE MORRIS BOXED CANDLES,1072,7.55,1560.64,10.99,131
85035A,GARDENIA 3 WICK MORRIS BOXED CANDLE,263,3.42,689.79,8.96,71
85035B,CHOCOLATE 3 WICK MORRIS BOX CANDLE,558,12.68,820.5,18.65,43
85035C,ROSE 3 WICK MORRIS BOX CANDLE,1105,9.69,1611.45,14.14,107
85036A,GARDENIA 1 WICK MORRIS BOXED CANDLE,211,3.4,676.03,10.9,52
85036B,CHOCOLATE 1 WICK MORRIS BOX CANDLE,360,8.0,581.58,12.92,42
85036C,ROSE 1 WICK MORRIS BOXED CANDLE,742,8.83,1051.52,12.52,76
85038,6 CHOCOLATE LOVE HEART T-LIGHTS,1018,8.7,1994.26,17.04,110
85039A,SET/4 RED MINI ROSE CANDLE IN BOWL,445,10.6,586.55,13.97,40
85039B,S/4 IVORY MINI ROSE CANDLE IN BOWL,491,9.44,669.91,12.88,51
85039C,S/4 BLACK MINI ROSE CANDLE IN BOWL,222,18.5,129.94,10.83,12
85040A,S/4 PINK FLOWER CANDLES IN BOWL,807,6.11,1348.19,10.21,125
85040B,SET/4 BLUE FLOWER CANDLES IN BOWL,135,3.86,222.75,6.36,34
85045,GREEN CHRISTMAS TREE STRING 20LIGHT,41,4.1,186.15,18.62,10
85047,WHITE BEADED GARLAND STRING 20LIGHT,3,1.5,19.05,9.52,2
85048,15CM CHRISTMAS GLASS BALL 20 LIGHTS,1266,5.86,9374.7,43.4,214
85049A,TRADITIONAL CHRISTMAS RIBBONS,2907,10.61,3607.8,13.17,266
85049B,LUSH GREENS RIBBONS,54,4.15,67.5,5.19,13
85049C,ROMANTIC PINKS RIBBONS ,1198,5.65,1471.35,6.94,205
85049D,BRIGHT BLUES RIBBONS ,539,5.08,673.75,6.36,102
85049E,SCANDINAVIAN REDS RIBBONS,2747,7.92,3499.7,10.09,335
85049F,BABY BOOM RIBBONS ,374,4.25,467.5,5.31,85
85049G,CHOCOLATE BOX RIBBONS ,1580,6.48,1926.33,7.89,227
85049H,URBAN BLACK RIBBONS ,448,5.82,520.47,6.76,73
85053,FRENCH ENAMEL CANDLEHOLDER,1549,6.3,3104.32,12.62,233
85054,FRENCH ENAMEL POT W LID,551,6.12,1233.31,13.7,87
85055,FRENCH ENAMEL UTENSIL HOLDER,37,3.7,122.75,12.28,10
85059,FRENCH ENAMEL WATER BASIN,290,3.62,771.21,9.64,79
85061W,WHITE JEWELLED HEART DECORATION,1986,16.41,1609.8,13.3,108
85062,PEARL CRYSTAL PUMPKIN T-LIGHT HLDR,1380,10.22,2234.67,16.55,132
85064,CREAM SWEETHEART LETTER RACK,205,8.91,866.05,37.65,23
85066,CREAM SWEETHEART MINI CHEST,1449,3.2,17434.92,38.49,443
85067,CREAM SWEETHEART WALL CABINET,7,1.4,126.65,25.33,5
85071A,BLUE CHARLIE+LOLA PERSONAL DOORSIGN,976,10.61,512.8,5.57,90
85071B,RED CHARLIE+LOLA PERSONAL DOORSIGN,1256,11.42,622.64,5.66,103
85071C,"CHARLIE+LOLA""EXTREMELY BUSY"" SIGN",607,8.32,313.78,4.3,72
85071D,CHARLIE+LOLA MY ROOM DOOR SIGN,362,5.48,205.98,3.12,64
85078,SCANDINAVIAN 3 HEARTS NAPKIN RING,1746,26.86,376.5,5.79,65
85084,HOLLY TOP CHRISTMAS STOCKING,17,2.83,14.45,2.41,6
85086A,CANDY SPOT HEART DECORATION,45,5.62,38.25,4.78,8
85087,CANDY SPOT CUSHION COVER,40,5.71,119.36,17.05,7
85088,CANDY SPOT HAND BAG,188,8.95,385.27,18.35,20
85089,CANDY SPOT BUNNY,14,2.33,41.3,6.88,5
85092,CANDY SPOT TEA COSY,27,13.5,40.05,20.02,2
85093,CANDY SPOT EGG WARMER HARE,451,21.48,227.49,10.83,20
85094,CANDY SPOT EGG WARMER RABBIT,502,16.19,122.94,3.97,30
85095,THREE CANVAS LUGGAGE TAGS,66,6.6,128.26,12.83,10
85096,HILDA CANDY SPOT RABBIT,20,1.67,75.0,6.25,11
85099B,JUMBO BAG RED RETROSPOT,42981,26.61,79660.78,49.33,1597
85099C,JUMBO  BAG BAROQUE BLACK WHITE,12793,19.41,23675.04,35.93,649
85099F,JUMBO BAG STRAWBERRY,15307,23.12,28085.2,42.42,652
85103,SILVER T-LIGHT SETTING,91,15.17,545.45,90.91,6
85104,SILVER GLASS T-LIGHT SET,196,14.0,502.48,35.89,14
85106,CUT GLASS HEXAGON T-LIGHT HOLDER,530,53.0,918.06,91.81,9
85107,CUT GLASS T-LIGHT HOLDER OCTAGON,243,8.38,516.45,17.81,25
85109,PINK BOUDOIR T-LIGHT HOLDER,12,12.0,10.2,10.2,1
85111,SILVER GLITTER FLOWER VOTIVE HOLDER,1407,26.06,419.55,7.77,51
85114A,BLACK ENCHANTED FOREST PLACEMAT,585,13.93,893.25,21.27,42
85114B,IVORY ENCHANTED FOREST PLACEMAT,394,7.58,626.1,12.04,51
85114C,RED ENCHANTED FOREST PLACEMAT,457,7.25,730.05,11.59,60
85116,BLACK CANDELABRA T-LIGHT HOLDER,694,18.26,702.8,18.49,37
85118,HEART T-LIGHT HOLDER,142,23.67,135.74,22.62,6
85123A,WHITE HANGING HEART T-LIGHT HOLDER,28100,13.88,76453.48,37.75,1968
85124B,BLUE JUICY FRUIT PHOTO FRAME,82,2.83,209.1,7.21,29
85124C,GREEN JUICY FRUIT PHOTO FRAME,84,2.71,214.2,6.91,31
85125,SMALL ROUND CUT GLASS CANDLESTICK,129,6.79,584.65,30.77,18
85127,SMALL SQUARE CUT GLASS CANDLESTICK,80,4.0,396.0,19.8,19
85129B,BEADED CRYSTAL HEART GREEN SMALL,101,6.31,124.11,7.76,16
85129C,BEADED CRYSTAL HEART BLUE SMALL,77,6.42,99.88,8.32,12
85129D,BEADED CRYSTAL HEART PINK SMALL,166,4.74,241.38,6.9,34
85130A,BEADED PEARL HEART WHITE LARGE,77,7.7,127.05,12.7,10
85130B,BEADED CRYSTAL HEART GREEN LARGE,816,16.32,707.7,14.15,50
85130C,BEADED CRYSTAL HEART BLUE  LARGE,479,10.64,425.71,9.46,43
85130D,BEADED CRYSTAL HEART PINK LARGE,552,10.62,526.38,10.12,51
85131A,BEADED PEARL HEART WHITE ON STICK,469,18.76,462.17,18.49,25
85131B,BEADED CRYSTAL HEART GREEN ON STICK,142,10.92,120.38,9.26,13
85131C,BEADED CRYSTAL HEART BLUE ON STICK,73,6.64,78.71,7.16,11
85131D,BEADED CRYSTAL HEART PINK ON STICK,115,9.58,113.09,9.42,12
85132A,CHARLIE + LOLA BISCUITS TINS,455,8.75,967.25,18.6,51
85132B,CHARLIE AND LOLA TABLE TINS,513,8.55,1048.35,17.47,60
85132C,CHARLIE AND LOLA FIGURES TINS,1404,11.06,2817.8,22.19,126
85135A,YELLOW DRAGONFLY HELICOPTER,15,2.5,119.25,19.88,6
85135B,BLUE DRAGONFLY HELICOPTER,47,1.34,373.65,10.68,34
85135C,RED DRAGONFLY HELICOPTER,78,1.56,620.1,12.4,49
85136A,YELLOW SHARK HELICOPTER,51,1.31,405.45,10.4,37
85136B,BLUE SHARK HELICOPTER,2,1.0,15.9,7.95,2
85136C,RED SHARK HELICOPTER,35,1.4,278.25,11.13,25
85141,JARDIN ETCHED GLASS FRUITBOWL,123,2.93,627.45,14.94,38
85144,JARDIN ETCHED GLASS BUTTER DISH,222,5.05,586.6,13.33,41
85145,JARDIN ETCHED GLASS LARGE BELL JAR,38,2.71,167.7,11.98,13
85146,JARDIN ETCHED GLASS SMALL BELL JAR,43,4.78,147.85,16.43,8
85150,LADIES & GENTLEMEN METAL SIGN,3899,10.57,8699.13,23.57,367
85152,HAND OVER THE CHOCOLATE   SIGN ,7544,12.68,14348.71,24.12,589
85159A,"BLACK TEA,COFFEE,SUGAR JARS",451,10.02,779.45,17.32,45
85159B,"WHITE TEA,COFFEE,SUGAR JARS",622,10.54,1134.5,19.23,59
85160B,BLACK BIRD GARDEN DESIGN MUG,105,6.56,46.11,2.88,15
85161,ACRYLIC GEOMETRIC LAMP,12,1.33,221.4,24.6,9
85163A,WHITE BAROQUE WALL CLOCK ,45,2.5,349.95,19.44,18
85163B,BLACK BAROQUE WALL CLOCK ,44,3.14,333.6,23.83,14
85167B,BLACK GRAND BAROQUE PHOTO FRAME,48,6.86,93.0,13.29,7
85168B,BLACK BAROQUE CARRIAGE CLOCK,17,2.43,149.67,21.38,7
85169A,IVORY LOVE BIRD CANDLE,502,10.24,496.72,10.14,48
85169B,BLACK LOVE BIRD CANDLE,201,8.04,191.49,7.66,25
85169C,EAU DE NIL LOVE BIRD CANDLE,336,16.0,353.72,16.84,21
85169D,PINK LOVE BIRD CANDLE,232,10.55,236.48,10.75,22
85170A,SET/6 IVORY BIRD T-LIGHT CANDLES,1,1.0,2.1,2.1,1
85170B,SET/6 BLACK BIRD T-LIGHT CANDLES,179,7.78,195.9,8.52,23
85170C,SET/6 EAU DE NIL BIRD T-LIGHTS,252,8.69,366.23,12.63,29
85170D,SET/6 PINK BIRD T-LIGHT CANDLES,355,6.96,497.21,9.75,51
85172,HYACINTH BULB T-LIGHT CANDLES,1328,30.18,557.76,12.68,40
85173,SET/6 FROG PRINCE T-LIGHT CANDLES,434,8.68,628.47,12.57,49
85174,S/4 CACTI CANDLES,497,5.92,1985.67,23.64,80
85175,CACTI T-LIGHT CANDLES,5217,39.82,2078.66,15.87,130
85176,SEWING SUSAN 21 NEEDLE SET,626,8.35,542.24,7.23,75
85177,BASKET OF FLOWERS SEWING KIT,775,18.02,600.61,13.97,42
85178,VICTORIAN SEWING KIT,2371,23.71,2642.19,26.42,98
85179A,GREEN BITTY LIGHT CHAIN,119,7.0,188.31,11.08,17
85179C,PINK BITTY LIGHT CHAIN,69,9.86,89.65,12.81,7
85180A,RED HEARTS LIGHT CHAIN ,434,11.42,844.34,22.22,37
85180B,PINK HEARTS LIGHT CHAIN ,196,9.33,381.0,18.14,21
85183A,CHARLIE & LOLA WASTEPAPER BIN BLUE,657,7.92,805.75,9.71,81
85183B,CHARLIE & LOLA WASTEPAPER BIN FLORA,977,9.13,1228.25,11.48,106
85184C,S/4 VALENTINE DECOUPAGE HEART BOX,1523,10.88,2478.43,17.7,136
85185B,PINK HORSE SOCK PUPPET,291,4.28,839.25,12.34,59
85185D,FROG SOCK PUPPET,15,1.88,44.25,5.53,8
85186A,EASTER BUNNY GARLAND OF FLOWERS,525,13.46,220.5,5.65,37
85186C,BUNNY EGG GARLAND,413,12.15,173.46,5.1,33
85187,S/12 MINI RABBIT EASTER,324,5.4,515.4,8.59,58
85188A,GREEN METAL SWINGING BUNNY,302,8.88,256.7,7.55,34
85188B,PINK METAL SWINGING BUNNY,75,9.38,63.75,7.97,8
85189,HANGING BUTTERFLY  EGG,9,2.25,7.65,1.91,3
85194L,HANGING SPRING FLOWER EGG LARGE,901,15.81,747.13,13.11,56
85194S,HANGING SPRING FLOWER EGG SMALL,1163,21.15,447.75,8.14,55
85195,HANGING HEART BASKET,11,3.67,23.1,7.7,3
85197,SET OF 12 MINI BUNNIES IN A BUCKET,33,1.74,69.3,3.65,18
85198,ASSORTED FARMYARD ANIMALS IN BUCKET,86,14.33,68.06,11.34,6
85199L,LARGE HANGING IVORY & RED WOOD BIRD,925,14.23,598.37,9.21,65
85199S,SMALL HANGING IVORY/RED WOOD BIRD,2234,13.14,946.07,5.57,157
85200,BUNNY EGG BOX,183,6.78,228.75,8.47,26
85202,HANGING WOOD AND FELT HEART,300,6.12,126.0,2.57,39
85203,HANGING WOOD AND FELT BUTTERFLY ,570,10.36,237.96,4.33,49
85204,HANGING WOOD AND FELT FLOWER,1876,42.64,249.48,5.67,42
85205B,PINK FELT EASTER RABBIT GARLAND,116,4.64,295.8,11.83,24
85206A,CREAM FELT EASTER EGG BASKET,916,8.64,1450.2,13.68,103
85206B,PINK FELT EASTER EGG BASKET,14,3.5,23.1,5.78,4
85208,SET/12 FUNKY FELT FLOWER PEG IN BAG,161,6.44,298.74,11.95,24
85211,S/4 GROOVY CAT MAGNETS,142,7.47,151.92,8.0,17
85212,MINI PAINTED GARDEN DECORATION ,2452,33.59,723.72,9.91,70
85213,MINI  ZINC GARDEN DECORATIONS ,821,32.84,301.37,12.05,24
85214,TUB 24 PINK FLOWER PEGS,103,2.4,169.95,3.95,43
85215,ASSORTED CHEESE FRIDGE MAGNETS,163,20.38,105.95,13.24,8
85216,ASSORTED CAKES FRIDGE MAGNETS,55,6.88,35.75,4.47,8
85224,ASSORTED COLOUR SILK GLASSES CASE,3,3.0,6.3,6.3,1
85225,BLING KEY RING STAND,6,2.0,6.25,2.08,3
85227,SET OF 6 3D KIT CARDS FOR KIDS,1322,8.31,1107.08,6.96,147
85230A,OPIUM SCENTED VOTIVE CANDLE,840,46.67,203.28,11.29,18
85230B,CINNAMON SCENTED VOTIVE CANDLE,1264,33.26,326.24,8.59,38
85230E,STRAWBRY SCENTED VOTIVE CANDLE,1101,45.88,267.45,11.14,24
85230F,JASMINE VOTIVE CANDLE,338,28.17,90.34,7.53,12
85230G,ORANGE VOTIVE CANDLE,1032,41.28,257.04,10.28,25
85231B,CINAMMON SET OF 9 T-LIGHTS,798,7.19,672.06,6.05,108
85231G,ORANGE SCENTED SET/9 T-LIGHTS,573,8.55,471.45,7.04,66
85232A,SET/3 POLKADOT STACKING TINS,74,2.96,349.5,13.98,25
85232B,SET OF 3 BABUSHKA STACKING TINS,28,3.11,138.6,15.4,8
85232D,SET/3 DECOUPAGE STACKING TINS,175,3.24,832.65,15.42,53
90000A,RASPBERRY ANT COPPER FLOWER NECKLAC,11,1.83,65.45,10.91,6
90000B,MIDNIGHT BLUE COPPER FLOWER NECKLAC,3,1.5,17.85,8.93,2
90000D,COPPER/OLIVE GREEN FLOWER NECKLACE,6,1.5,35.7,8.93,4
90001A,ANTIQUE RASPBERRY FLOWER EARRINGS,2,2.0,8.5,8.5,1
90001B,ANTIQUE MID BLUE FLOWER EARRINGS,4,2.0,17.0,8.5,2
90001C,ANTIQUE OPAL WHITE FLOWER EARRINGS,2,1.0,8.5,4.25,2
90001D,ANTIQUE OLIVE GREEN FLOWER EARRINGS,5,1.67,21.25,7.08,3
90002D,FLOWER BURST SILVER RING CRYSTAL,10,1.67,37.5,6.25,6
90003B,ROSE COLOUR PAIR HEART HAIR SLIDES,6,2.0,22.5,7.5,3
90003C,MIDNIGHT BLUE PAIR HEART HAIR SLIDE,12,2.4,45.0,9.0,5
90003D,CRYSTAL PAIR HEART HAIR SLIDES,18,2.57,67.5,9.64,7
90003E,GREEN PAIR HEART HAIR SLIDES,8,4.0,30.0,15.0,2
90010A,MIDNIGHT BLUE GLASS/SILVER BRACELET,7,1.4,62.65,12.53,5
90010B,BLACK/WHITE GLASS/SILVER BRACELET,7,2.33,62.65,20.88,3
90010E,AMBER GLASS/SILVER BRACELET,10,1.43,89.5,12.79,7
90011A,MIDNIGHT BLUE CRYSTAL DROP EARRINGS,1,1.0,2.95,2.95,1
90011B,BLACK CRYSTAL DROP EARRINGS,7,3.5,20.65,10.32,2
90012A,MIDNIGHT BLUE DROP CRYSTAL NECKLACE,8,4.0,23.6,11.8,2
90012B,BLACK DROP CRYSTAL NECKLACE,12,6.0,35.4,17.7,2
90013A,MIDNIGHT BLUE VINTAGE EARRINGS,16,5.33,60.0,20.0,3
90013C,GREEN VINTAGE EARRINGS ,11,2.75,41.25,10.31,4
90014A,SILVER/MOP ORBIT NECKLACE,16,1.6,103.2,10.32,10
90014B,GOLD M PEARL  ORBIT NECKLACE,10,1.25,85.5,10.69,8
90014C,SILVER/BLACK ORBIT NECKLACE,4,1.33,32.8,10.93,3
90016A,SILVER/M.O.P PENDANT ORBIT NECKLACE,14,3.5,80.75,20.19,4
90016B,GOLD/M.O.P PENDANT ORBIT NECKLACE,9,1.12,76.5,9.56,8
90018A,SILVER M.O.P ORBIT DROP EARRINGS,17,1.89,72.25,8.03,9
90018B,GOLD M.O.P ORBIT DROP EARRINGS,8,1.6,34.0,6.8,5
90018C,SILVER BLACK ORBIT DROP EARRINGS,6,2.0,25.5,8.5,3
90019A,SILVER M.O.P ORBIT BRACELET,18,2.0,89.1,9.9,9
90019B,GOLD M.O.P ORBIT BRACELET,2,1.0,9.9,4.95,2
90019C,SILVER BLACK ORBIT BRACELET,4,1.33,19.8,6.6,3
90021,LASER CUT MULTI STRAND NECKLACE,1,1.0,11.95,11.95,1
90022,EDWARDIAN DROP EARRINGS JET BLACK,8,2.0,30.0,7.5,4
90023,FILIGREE DIAMANTE EARRINGS,8,2.0,34.0,8.5,4
90024B,NEW BAROQUE B'FLY NECKLACE RED,4,2.0,34.0,17.0,2
90024C,NEW BAROQUE B'FLY NECKLACE GREEN,2,2.0,17.0,17.0,1
90024D,NEW BAROQUE B'FLY NECKLACE PINK,1,1.0,8.5,8.5,1
90024F,NEW BAROQUE B'FLY NECKLACE CRYSTAL,2,2.0,17.0,17.0,1
90025A,BAROQUE BUTTERFLY EARRINGS BLACK,2,1.0,7.5,3.75,2
90025F,BAROQUE BUTTERFLY EARRINGS CRYSTAL,1,1.0,3.75,3.75,1
90026A,GLASS BEAD HOOP NECKLACE BLACK,2,2.0,17.0,17.0,1
90026B,GLASS BEAD HOOP NECKLACE MONTANA,2,1.0,17.0,8.5,2
90026C,GLASS BEAD HOOP NECKLACE GREEN,3,1.5,25.5,12.75,2
90026D,GLASS BEAD HOOP NECKLACE AMETHYST,3,1.0,25.5,8.5,3
90027A,GLASS BEAD HOOP EARRINGS BLACK,4,4.0,11.8,11.8,1
90027D,GLASS BEAD HOOP EARRINGS AMETHYST,4,4.0,11.8,11.8,1
90028,NEW BAROQUE LARGE NECKLACE BLK/WHIT,2,2.0,17.0,17.0,1
90029,NEW BAROQUE SMALL NECKLACE BLACK,3,1.5,25.5,12.75,2
90030A,SPOTTED WHITE NATURAL SEED NECKLACE,72,10.29,72.0,10.29,7
90030B,RED KUKUI COCONUT SEED NECKLACE,112,7.47,131.8,8.79,15
90030C,BROWN KUKUI COCONUT SEED NECKLACE,74,9.25,74.0,9.25,8
90031,BILI NUT AND WOOD NECKLACE,48,9.6,48.0,9.6,5
90032,IVORY SHELL HEART NECKLACE,19,3.17,90.67,15.11,6
90033,IVORY SHELL HEART EARRINGS,2,2.0,5.1,5.1,1
90035A,"PEARL & SHELL 42""NECKL. GREEN",4,2.0,43.0,21.5,2
90035C,"PEARL & SHELL 42""NECKL. IVORY",2,2.0,21.5,21.5,1
90036A,FLOWER GARLAND NECKLACE RED,6,1.5,47.7,11.92,4
90036B,"FLOWER GLASS GARLAND NECKL.36""GREEN",4,2.0,31.8,15.9,2
90036C,"FLOWER GLASS GARLAND NECKL.36""BLUE",6,3.0,47.7,23.85,2
90036D,"FLOWER GLASS GARLAND NECKL.36""BLACK",11,2.75,87.45,21.86,4
90036E,"FLOWER GLASS GARLD NECKL36""AMETHYST",7,1.4,55.65,11.13,5
90036F,"FLOWER GLASS GARLD NECKL36""TURQUOIS",4,4.0,31.8,31.8,1
90037B,TINY CRYSTAL BRACELET GREEN,6,6.0,15.3,15.3,1
90038A,GLASS AND PAINTED BEADS BRACELET TO,6,6.0,22.5,22.5,1
90038B,GLASS AND PAINTED BEADS BRACELET OL,6,6.0,22.5,22.5,1
90038C,GLASS AND BEADS BRACELET IVORY,6,6.0,22.5,22.5,1
90039A,FIRE POLISHED GLASS BRACELET RED,6,6.0,22.5,22.5,1
90039B,FIRE POLISHED GLASS BRACELET MONTAN,6,6.0,22.5,22.5,1
90039C,FIRE POLISHED GLASS BRACELET BLACK,1,1.0,3.75,3.75,1
90039D,FIRE POLISHED GLASS BRACELET GREEN,14,7.0,52.5,26.25,2
90040A,MURANO STYLE GLASS BRACELET RED,6,3.0,21.0,10.5,2
90040B,MURANO STYLE GLASS BRACELET BLACK,4,2.0,14.0,7.0,2
90040C,MURANO STYLE GLASS BRACELET GOLD,7,2.33,24.5,8.17,3
90041,PEARL AND CHERRY QUARTZ BRACLET,2,2.0,7.0,7.0,1
90042A,FRESHWATER PEARL BRACELET GOLD,3,1.5,7.65,3.82,2
90043,COPPER AND BRASS BAG CHARM,4,2.0,24.81,12.4,2
90046,WHITE WITH METAL BAG CHARM,3,3.0,14.85,14.85,1
90048,GREEN WITH METAL BAG CHARM,3,3.0,14.85,14.85,1
90049,IVORY GOLD METAL BAG CHARM,5,1.67,34.77,11.59,3
90050,CRACKED GLAZE NECKLACE IVORY,6,3.0,41.7,20.85,2
90051,CRACKED GLAZE NECKLACE RED,6,2.0,41.7,13.9,3
90054,CRACKED GLAZE EARRINGS RED,1,1.0,2.55,2.55,1
90055,CRACKED GLAZE EARRINGS BROWN,1,1.0,2.55,2.55,1
90057,DIAMANTE RING ASSORTED IN BOX.,1008,45.82,1311.36,59.61,22
90058A,CRYSTAL STUD EARRINGS CLEAR DISPLAY,324,46.29,123.12,17.59,7
90058B,CRYSTAL STUD EARRINGS ASSORTED COL ,612,40.8,232.56,15.5,15
90059A,DIAMANTE HAIR GRIP PACK/2 CRYSTAL,6,6.0,9.9,9.9,1
90059B,DIAMANTE HAIR GRIP PACK/2 BLACK DIA,9,3.0,14.85,4.95,3
90059C,DIAMANTE HAIR GRIP PACK/2 MONTANA,8,2.67,13.2,4.4,3
90059D,DIAMANTE HAIR GRIP PACK/2 PERIDOT,6,6.0,9.9,9.9,1
90059E,DIAMANTE HAIR GRIP PACK/2 RUBY,10,3.33,16.5,5.5,3
90059F,DIAMANTE HAIR GRIP PACK/2 LT ROSE,9,3.0,14.85,4.95,3
90060B,FIRE POLISHED GLASS NECKL GOLD,1,1.0,5.95,5.95,1
90060D,FIRE POLISHED GLASS NECKL BRONZE,3,1.0,17.85,5.95,3
90062,CARNIVAL BRACELET,20,3.33,255.0,42.5,6
90063A,WHITE VINT ART DECO CRYSTAL NECKLAC,11,1.57,93.5,13.36,7
90063B,BLACK VINT ART DEC CRYSTAL NECKLACE,8,1.6,68.0,13.6,5
90064A,WHITE VINTAGE CRYSTAL EARRINGS,7,2.33,26.25,8.75,3
90064B,BLACK VINTAGE  CRYSTAL EARRINGS,11,1.83,41.25,6.88,6
90065A,WHITE VINTAGE CRYSTAL BRACELET,8,2.0,54.0,13.5,3
90065B,BLACK VINT ART DEC CRYSTAL BRACELET,1,1.0,6.75,6.75,1
90067A,PINK VINTAGE VICTORIAN EARRINGS,10,3.33,29.5,9.83,3
90069,RUBY GLASS CLUSTER NECKLACE,2,2.0,15.0,15.0,1
90070,RUBY GLASS CLUSTER BRACELET,8,2.67,47.6,15.87,3
90071,RUBY GLASS CLUSTER EARRINGS,1,1.0,1.25,1.25,1
90072,RUBY DROP CHANDELIER EARRINGS,10,3.33,37.5,12.5,3
90073,VINTAGE ENAMEL & CRYSTAL EARRINGS,13,3.25,64.35,16.09,4
90074,BLACK DIAMOND CLUSTER NECKLACE,2,2.0,17.9,17.9,1
90076,MONTANA DIAMOND CLUSTER EARRINGS,6,6.0,15.3,15.3,1
90078,PINK/WHITE GLASS DEMI CHOKER,2,2.0,15.0,15.0,1
90079,VINTAGE ENAMEL & CRYSTAL NECKLACE,5,2.5,24.75,12.38,2
90081A,LILY BROOCH AMETHYST COLOUR,15,1.88,74.25,9.28,8
90081C,LILY BROOCH OLIVE COLOUR,11,1.83,54.45,9.08,6
90082A,DIAMANTE BOW BROOCH GREEN COLOUR,21,2.1,133.35,13.34,10
90082B,DIAMANTE BOW BROOCH RED COLOUR,27,2.25,171.45,14.29,10
90082D,DIAMANTE BOW BROOCH BLACK COLOUR,8,1.6,50.8,10.16,4
90083,CRYSTAL CZECH CROSS PHONE CHARM,19,4.75,13.69,3.42,4
90084,PINK CRYSTAL GUITAR PHONE CHARM,1,1.0,0.85,0.85,1
90085,CRYSTAL STILETTO PHONE CHARM,24,12.0,20.4,10.2,2
90086,CRYSTAL FROG PHONE CHARM,85,7.73,49.93,4.54,11
90087,CRYSTAL SEA HORSE PHONE CHARM,90,11.25,33.66,4.21,8
90089,PINK CRYSTAL SKULL PHONE CHARM,25,8.33,4.75,1.58,2
90093,CLEAR CRYSTAL STAR PHONE CHARM,47,7.83,20.39,3.4,6
90094,NECKLACE+BRACELET SET FRUIT SALAD ,13,1.08,33.15,2.76,12
90096,NECKLACE+BRACELET SET BLUE BLOSSOM,8,2.67,20.4,6.8,3
90098,NECKLACE+BRACELET PINK BUTTERFLY,28,3.11,71.4,7.93,9
90099,NECKLACE+BRACELET SET BLUE HIBISCUS,20,1.54,51.0,3.92,13
90100,NECKLACE+BRACELET SET PINK DAISY,1,1.0,2.55,2.55,1
90101,WHITE FRANGIPANI NECKLACE,15,3.75,38.25,9.56,4
90102,WHITE FRANGIPANI HAIR CLIP,10,10.0,8.5,8.5,1
90103,PURPLE FRANGIPANI NECKLACE,8,4.0,20.4,10.2,2
90104,PURPLE FRANGIPANI HAIRCLIP,1,1.0,0.85,0.85,1
90108,BLUE BLOSSOM HAIR CLIP,64,10.67,67.2,11.2,6
90114,SUMMER DAISIES BAG CHARM,66,6.0,168.3,15.3,11
90116,FRUIT SALAD BAG CHARM,16,5.33,27.04,9.01,3
90118,PINK DAISY BAG CHARM,6,6.0,15.3,15.3,1
90119,METALIC LEAVES BAG CHARMS,60,3.75,148.32,9.27,15
90120B,BLUE MURANO TWIST BRACELET,20,4.0,85.0,17.0,5
90120C,GREEN MURANO TWIST BRACELET,31,4.43,131.75,18.82,7
90120D,WHITE MURANO TWIST BRACELET,2,1.0,8.5,4.25,2
90122A,PINK CRYSTAL+GLASS BRACELET,8,2.67,39.6,13.2,3
90122B,JADE CRYSTAL+GLASS BRACELET,1,1.0,4.95,4.95,1
90122C,TURQUOISE CRYSTAL+GLASS BRACELET,17,3.4,84.15,16.83,5
90123A,PINK HEART OF GLASS BRACELET,14,1.75,83.3,10.41,8
90123B,TURQUOISE HEART OF GLASS BRACELET,8,2.0,47.6,11.9,4
90123C,GREEN HEART OF GLASS BRACELET,13,2.6,77.35,15.47,5
90123D,WHITE HEART OF GLASS BRACELET,3,1.5,17.85,8.93,2
90124A,PINK MURANO TWIST NECKLACE,6,1.5,59.7,14.92,4
90124B,BLUE MURANO TWIST NECKLACE,4,1.33,39.8,13.27,3
90124C,GREEN MURANO TWIST NECKLACE,7,1.75,69.65,17.41,4
90125A,PINK BERTIE GLASS BEAD BAG CHARM,109,18.17,93.9,15.65,6
90125B,AQUA BERTIE GLASS BEAD BAG CHARM,19,6.33,24.9,8.3,3
90125C,TURQUOISE BERTIE GLASS BEAD CHARM,73,24.33,63.3,21.1,3
90125D,PURPLE BERTIE GLASS BEAD BAG CHARM,74,14.8,65.4,13.08,5
90125E,AMBER BERTIE GLASS BEAD BAG CHARM,1,1.0,2.1,2.1,1
90128B,BLUE LEAVES AND BEADS PHONE CHARM,1,1.0,1.25,1.25,1
90129A,PINK GLASS TASSLE BAG CHARM ,7,2.33,20.65,6.88,3
90129B,TURQUOISE GLASS TASSLE BAG CHARM ,21,3.5,61.95,10.32,6
90129C,GREEN GLASS TASSLE BAG CHARM,17,2.83,50.15,8.36,6
90129D,AMBER GLASS TASSLE BAG CHARM,8,4.0,23.6,11.8,2
90129E,PURPLE GLASS TASSLE BAG CHARM,6,6.0,17.7,17.7,1
90129F,RED GLASS TASSLE BAG CHARM,16,3.2,47.2,9.44,5
90130A,WHITE STONE/CRYSTAL EARRINGS,1,1.0,2.95,2.95,1
90130B,TURQ STONE/CRYSTAL EARRINGS,9,3.0,26.55,8.85,3
90131,PINK/AMETHYST/GOLD NECKLACE,4,4.0,27.8,27.8,1
90133,TEAL/FUSCHIA COL BEAD NECKLACE,9,3.0,44.55,14.85,3
90135,ORANGE/WHT/FUSCHIA STONES NECKLACE,6,6.0,29.7,29.7,1
90136,PALE PINK/AMETHYST STONE NECKLACE,3,1.5,29.85,14.92,2
90138,WHITE/PINK MINI CRYSTALS NECKLACE,4,4.0,19.8,19.8,1
90141A,GREEN PENDANT TRIPLE SHELL NECKLACE,4,2.0,19.8,9.9,2
90141B,IVORY PENDANT TRIPLE SHELL NECKLACE,6,3.0,29.7,14.85,2
90141C,TURQ PENDANT TRIPLE SHELL NECKLACE,4,2.0,19.8,9.9,2
90141D,ROSE PENDANT TRIPLE SHELL NECKLACE,3,3.0,14.85,14.85,1
90141E,ORANGE PENDANT TRIPLE SHELL NECKLAC,3,3.0,14.85,14.85,1
90142D,MOP PENDANT SHELL NECKLACE,9,3.0,44.55,14.85,3
90143,SILVER BRACELET W PASTEL FLOWER,19,2.38,142.5,17.81,7
90144,SILVER DROP EARRINGS WITH FLOWER,7,2.33,26.25,8.75,3
90145,SILVER HOOP EARRINGS WITH FLOWER,21,1.91,124.95,11.36,11
90146,FINE SILVER NECKLACE W PASTEL FLOWE,13,4.33,63.75,21.25,3
90147,CHUNKY SILVER NECKLACE PASTEL FLOWE,21,1.75,208.95,17.41,12
90148,LONG SILVER NECKLACE PASTEL FLOWER,8,1.33,102.0,17.0,5
90149,SILVER FLOWR PINK SHELL NECKLACE,52,17.33,335.28,111.76,3
90151,SILVER/NATURAL SHELL NECKLACE,8,2.0,68.0,17.0,4
90152A,SILVER/NAT SHELL NECKLACE W PENDANT,3,1.0,17.85,5.95,3
90152B,BLUE/GREEN SHELL NECKLACE W PENDANT,1,1.0,5.95,5.95,1
90152C,BLUE/NAT SHELL NECKLACE W PENDANT,1,1.0,5.95,5.95,1
90154,LAZER CUT NECKLACE W PASTEL BEADS,57,11.4,421.75,84.35,5
90155,RESIN NECKLACE W PASTEL BEADS,6,1.5,45.0,11.25,4
90156,RESIN BRACELET W PASTEL BEADS,3,1.5,14.85,7.43,2
90157,RIVIERA NECKLACE,7,3.5,34.65,17.32,2
90158,ST TROPEZ NECKLACE,14,2.33,69.3,11.55,6
90159,COTE D'AZURE NECKLACE,3,1.5,14.85,7.43,2
90160A,PURPLE BOUDICCA LARGE BRACELET,31,2.82,215.45,19.59,11
90160B,RED BOUDICCA LARGE BRACELET,21,2.62,145.95,18.24,8
90160C,TURQ+RED BOUDICCA LARGE BRACELET,41,2.56,284.95,17.81,16
90160D,PINK BOUDICCA LARGE BRACELET,32,3.56,222.4,24.71,9
90161A,ANT COPPER RED BOUDICCA BRACELET,9,1.5,44.55,7.42,6
90161B,ANT COPPER TURQ BOUDICCA BRACELET,45,3.75,222.75,18.56,12
90161C,ANT COPPER LIME BOUDICCA BRACELET,45,3.0,222.75,14.85,15
90161D,ANT COPPER PINK BOUDICCA BRACELET,31,3.44,153.45,17.05,9
90162A,ANT SILVER TURQUOISE BOUDICCA RING,6,6.0,17.7,17.7,1
90162B,ANT SILVER LIME GREEN BOUDICCA RING,27,2.7,79.65,7.97,10
90162C,ANT SILVER FUSCHIA BOUDICCA RING,14,2.0,41.3,5.9,7
90162D,ANT SILVER PURPLE BOUDICCA RING,10,2.0,29.5,5.9,5
90163A,PINK ROSEBUD & PEARL NECKLACE,4,2.0,30.0,15.0,2
90163B,WHITE ROSEBUD & PEARL NECKLACE,2,2.0,15.0,15.0,1
90164A,PINK ROSEBUD PEARL BRACELET,19,3.17,70.35,11.72,6
90164B,WHITE  ROSEBUD PEARL BRACELET,28,4.0,65.7,9.39,7
90165B,WHITE ROSEBUD  PEARL EARRINGS,1,1.0,2.55,2.55,1
90166,PINK & WHITE ROSEBUD RING,14,1.75,58.9,7.36,8
90167,BEADED LOVE HEART JEWELLERY SET,10,10.0,8.5,8.5,1
90168,2 DAISIES HAIR COMB,6,6.0,17.7,17.7,1
90169,DAISY HAIR COMB,6,6.0,15.3,15.3,1
90170,DAISY HAIR BAND,46,7.67,75.9,12.65,6
90173,PAIR BUTTERFLY HAIR CLIPS,16,5.33,60.0,20.0,3
90174,BUTTERFLY HAIR BAND,16,4.0,40.8,10.2,4
90175A,WHITE GLASS CHUNKY CHARM BRACELET,9,1.12,80.55,10.07,8
90175C,BLUE GLASS CHUNKY CHARM BRACELET,9,1.5,80.55,13.42,6
90175D,TIGRIS EYE CHUNKY CHARM BRACELET,3,1.5,26.85,13.42,2
90176A,CLASSIC DIAMANTE NECKLACE JET,2,2.0,15.0,15.0,1
90176B,DIAMANTE NECKLACE BLACK ,2,2.0,15.0,15.0,1
90176C,DIAMANTE NECKLACE,2,2.0,15.0,15.0,1
90176D,DIAMANTE NECKLACE PURPLE,7,1.75,52.5,13.12,4
90176E,DIAMANTE NECKLACE GREEN,3,1.5,22.5,11.25,2
90177A,CLASSIC DIAMANTE EARRINGS JET,6,6.0,17.7,17.7,1
90177B,DROP DIAMANTE EARRINGS BLACK DIAMON,7,3.5,20.65,10.32,2
90177C,DROP DIAMANTE EARRINGS CRYSTAL,13,4.33,38.35,12.78,3
90177D,DROP DIAMANTE EARRINGS PURPLE,17,2.83,50.15,8.36,6
90177E,DROP DIAMANTE EARRINGS GREEN,6,6.0,17.7,17.7,1
90178A,AMBER CHUNKY GLASS+BEAD NECKLACE,6,1.0,71.7,11.95,6
90178B,PURPLE CHUNKY GLASS+BEAD NECKLACE,1,1.0,11.95,11.95,1
90179A,AMBER FINE BEAD NECKLACE W TASSEL,3,1.5,17.85,8.93,2
90179C,BLACK FINE BEAD NECKLACE W TASSEL,1,1.0,5.95,5.95,1
90180A,BLACK+WHITE NECKLACE W TASSEL,13,2.6,87.35,17.47,5
90180B,PURPLE AMETHYST NECKLACE W TASSEL,3,1.0,29.85,9.95,3
90181A,AMBER GLASS/SHELL/PEARL NECKLACE,1,1.0,8.95,8.95,1
90182C,BLACK 3 BEAD DROP EARRINGS,6,6.0,17.7,17.7,1
90183A,AMBER DROP EARRINGS W LONG BEADS,20,4.0,59.0,11.8,5
90183C,BLACK DROP EARRINGS W LONG BEADS,1,1.0,2.95,2.95,1
90184A,AMBER CHUNKY BEAD BRACELET W STRAP,8,2.0,71.6,17.9,4
90184B,AMETHYST CHUNKY BEAD BRACELET W STR,21,1.91,187.95,17.09,11
90184C,BLACK CHUNKY BEAD BRACELET W STRAP,11,1.57,98.45,14.06,7
90185A,AMBER DIAMANTE EXPANDABLE RING,22,4.4,93.5,18.7,5
90185B,AMETHYST DIAMANTE EXPANDABLE RING,13,4.33,55.25,18.42,3
90185C,BLACK DIAMANTE EXPANDABLE RING,21,4.2,89.25,17.85,5
90185D,CRYSTAL DIAMANTE EXPANDABLE RING,32,4.0,136.0,17.0,8
90186A,AMETHYST HOOP EARRING FLORAL LEAF,5,1.25,14.75,3.69,3
90186B,CRYSTAL HOOP EARRING FLORAL LEAF,12,2.0,35.4,5.9,6
90187B,GREEN DROP EARRINGS W BEAD CLUSTER,4,4.0,13.4,13.4,1
90188,DROP EARRINGS W FLOWER & LEAF,3,1.0,7.65,2.55,2
90189A,SILVER 2 STRAND NECKLACE-LEAF CHARM,2,1.0,15.0,7.5,2
90190A,SILVER/CRYSTAL DROP EARRINGS W LEAF,6,6.0,17.7,17.7,1
90190B,GOLD/AMBER DROP EARRINGS W LEAF,6,6.0,17.7,17.7,1
90190C,SILVER/AMETHYST DROP EARRINGS LEAF,5,1.25,14.75,3.69,4
90191,SILVER LARIAT 40CM,22,3.14,113.9,16.27,7
90192,JADE DROP EARRINGS W FILIGREE,23,2.88,113.85,14.23,8
90194,SILVER LARIAT BLACK STONE EARRINGS,12,2.0,51.0,8.5,6
90195A,PURPLE GEMSTONE BRACELET,16,2.29,95.2,13.6,7
90195B,BLACK GEMSTONE BRACELET,3,1.0,20.85,6.95,3
90196A,PURPLE GEMSTONE NECKLACE 45CM,8,1.6,102.0,20.4,5
90196B,BLACK GEMSTONE NECKLACE 45CM,4,1.0,51.0,12.75,4
90197B,BLACK GLASS BRACELET W HEART CHARMS,3,3.0,14.85,14.85,1
90198A,VINTAGE ROSE BEAD BRACELET RASPBERR,34,3.4,144.5,14.45,10
90198B,VINTAGE ROSE BEAD BRACELET BLACK,30,2.73,127.5,11.59,11
90199A,5 STRAND GLASS NECKLACE BLACK,8,2.67,50.8,16.93,3
90199B,5 STRAND GLASS NECKLACE AMETHYST,2,2.0,12.7,12.7,1
90199C,5 STRAND GLASS NECKLACE CRYSTAL,17,1.7,107.95,10.79,7
90199D,5 STRAND GLASS NECKLACE AMBER,2,1.0,12.7,6.35,2
90200A,PURPLE SWEETHEART BRACELET,41,2.56,174.25,10.89,16
90200B,BLACK SWEETHEART BRACELET,67,2.79,284.75,11.86,24
90200C,BLUE SWEETHEART BRACELET,20,2.86,85.0,12.14,6
90200D,PINK SWEETHEART BRACELET,99,3.96,408.75,16.35,24
90200E,GREEN SWEETHEART BRACELET,76,4.22,311.0,17.28,18
90201A,PURPLE ENAMEL FLOWER RING,47,4.27,138.65,12.6,11
90201B,BLACK ENAMEL FLOWER RING,64,6.4,188.8,18.88,10
90201C,RED ENAMEL FLOWER RING,52,4.33,153.4,12.78,12
90201D,GREEN ENAMEL FLOWER RING,46,5.11,135.7,15.08,9
90202A,PURPLE ENAMEL FLOWER HAIR TIE,6,6.0,17.7,17.7,1
90202B,WHITE ENAMEL FLOWER HAIR TIE,7,3.5,20.65,10.32,2
90202C,GREEN ENAMEL FLOWER HAIR TIE,7,3.5,20.65,10.32,2
90202D,PINK ENAMEL FLOWER HAIR TIE,12,6.0,35.4,17.7,2
90204,PAIR OF ENAMEL BUTTERFLY HAIRCLIP,17,2.12,56.95,7.12,8
90205A,LARGE MINT DIAMANTE HAIRSLIDE,16,2.67,26.4,4.4,6
90205C,LARGE CRYSTAL DIAMANTE HAIRSLIDE,6,2.0,9.9,3.3,3
90206A,GOLD DIAMANTE STAR BROOCH,6,2.0,29.7,9.9,3
90206C,CRYSTAL DIAMANTE STAR BROOCH,13,1.62,64.35,8.04,7
90208,PAIR OF PINK FLOWER CLUSTER SLIDE,10,2.5,25.5,6.38,4
90209A,PURPLE ENAMEL+GLASS HAIR COMB,84,21.0,163.8,40.95,4
90209B,GREEN ENAMEL+GLASS HAIR COMB,105,8.08,191.1,14.7,11
90209C,PINK ENAMEL+GLASS HAIR COMB,231,19.25,413.7,34.48,12
90210A,GREY ACRYLIC FACETED BANGLE,26,8.67,35.9,11.97,3
90210B,CLEAR ACRYLIC FACETED BANGLE,40,6.67,58.6,9.77,6
90210C,RED   ACRYLIC FACETED BANGLE,94,18.8,115.9,23.18,5
90210D,PURPLE ACRYLIC FACETED BANGLE,104,20.8,125.0,25.0,5
90211A,DIAMOND LAS VEGAS NECKLACE 45CM,5,1.67,29.75,9.92,3
90211B,JET BLACK LAS VEGAS NECKLACE 45CM,4,2.0,23.8,11.9,2
90212B,JET BLACK LAS VEGAS BRACELET ROUND,3,3.0,11.25,11.25,1
90212C,PURPLE LAS VEGAS BRACELET ROUND,6,3.0,22.5,11.25,2
90214A,"LETTER ""A"" BLING KEY RING",63,4.5,55.71,3.98,14
90214B,"LETTER ""B"" BLING KEY RING",13,6.5,4.73,2.36,2
90214C,"LETTER ""C"" BLING KEY RING",52,5.78,40.04,4.45,9
90214D,"LETTER ""D"" BLING KEY RING",39,5.57,25.71,3.67,7
90214E,"LETTER ""E"" BLING KEY RING",41,5.12,27.25,3.41,8
90214F,"LETTER ""F"" BLING KEY RING",13,6.5,3.77,1.88,2
90214G,"LETTER ""G"" BLING KEY RING",34,4.86,18.5,2.64,7
90214H,"LETTER ""H"" BLING KEY RING",22,3.67,15.02,2.5,6
90214I,"LETTER ""I"" BLING KEY RING",25,8.33,18.77,6.26,3
90214J,"LETTER ""J"" BLING KEY RING",23,4.6,17.23,3.45,5
90214K,"LETTER ""K"" BLING KEY RING",47,3.92,34.75,2.9,12
90214L,"LETTER ""L"" BLING KEY RING",51,10.2,29.19,5.84,5
90214M,"LETTER ""M"" BLING KEY RING",27,5.4,22.23,4.45,5
90214N,"LETTER ""N"" BLING KEY RING",18,3.6,10.02,2.0,5
90214O,"LETTER ""O"" BLING KEY RING",12,12.0,3.48,3.48,1
90214P,"LETTER ""P"" BLING KEY RING",28,4.67,11.0,1.83,6
90214R,"LETTER ""R"" BLING KEY RING",15,3.75,6.27,1.57,4
90214S,"LETTER ""S"" BLING KEY RING",40,6.67,26.0,4.33,6
90214T,"LETTER ""T"" BLING KEY RING",12,12.0,3.48,3.48,1
90214U,"LETTER ""U"" BLING KEY RING",12,12.0,3.48,3.48,1
90214V,"LETTER ""V"" BLING KEY RING",14,4.67,5.98,1.99,3
90214W,"LETTER ""W"" BLING KEY RING",12,12.0,3.48,3.48,1
90214Y,"LETTER ""Y"" BLING KEY RING",61,20.33,18.65,6.22,3
90214Z,"LETTER ""Z"" BLING KEY RING",12,12.0,3.48,3.48,1
BANK CHARGES,Bank Charges,12,1.0,165.0,13.75,11
C2,CARRIAGE,134,1.01,6686.0,50.27,133
DOT,DOTCOM POSTAGE,9,1.0,3321.63,369.07,9
M,Manual,7157,26.71,17149.3,63.99,240
PADS,PADS TO MATCH ALL CUSHIONS,3,1.0,0.0,0.0,3
POST,POSTAGE,3119,2.84,69661.21,63.44,1098
